{"propagationData":{"1.211099118E12":347,"1.211063725E12":224,"1.211061425E12":210,"1.211050424E12":112,"1.211072403E12":274,"1.211044636E12":36,"1.211043235E12":25,"1.211065765E12":243,"1.211043299E12":27,"1.211042227E12":22,"1.211168502E12":362,"1.211050671E12":117,"1.211100825E12":349,"1.211087826E12":327,"1.211061954E12":212,"1.211048711E12":75,"1.211086337E12":320,"1.211085343E12":313,"1.211050167E12":108,"1.211053536E12":147,"1.211048915E12":81,"1.211045366E12":41,"1.21106561E12":240,"1.211049867E12":99,"1.211044577E12":34,"1.211060079E12":197,"1.211057285E12":178,"1.211053886E12":149,"1.211087848E12":328,"1.211062958E12":221,"1.211044976E12":39,"1.211047529E12":62,"1.211404245E12":369,"1.211085755E12":316,"1.211059952E12":196,"1.211043856E12":31,"1.211247867E12":364,"1.211050473E12":113,"1.211070596E12":262,"1.211049724E12":94,"1.211049305E12":86,"1.211043674E12":28,"1.211049393E12":91,"1.211041728E12":16,"1.211098203E12":342,"1.211047629E12":63,"1.211058008E12":184,"1.211085409E12":314,"1.211049085E12":83,"1.211057958E12":183,"1.211077619E12":293,"1.211072652E12":276,"1.211071893E12":272,"1.211064667E12":233,"1.211050597E12":116,"1.211056668E12":167,"1.211059787E12":194,"1.211050155E12":105,"1.211086651E12":323,"1.211046095E12":48,"1.211085657E12":315,"1.211049367E12":89,"1.211047698E12":65,"1.211047193E12":58,"1.211400001E12":368,"1.211071403E12":267,"1.211083519E12":308,"1.211052383E12":132,"1.211065493E12":239,"1.211054969E12":155,"1.211059637E12":192,"1.211098804E12":343,"1.211064702E12":234,"1.211048313E12":68,"1.211054598E12":153,"1.211060696E12":203,"1.211092742E12":334,"1.211066996E12":250,"1.21104752E12":61,"1.211087121E12":324,"1.211050578E12":115,"1.211072754E12":277,"1.211087493E12":325,"1.211029973E12":5,"1.211070177E12":259,"1.211049827E12":97,"1.211098869E12":344,"1.211143162E12":358,"1.211070864E12":265,"1.211051057E12":123,"1.211049372E12":90,"1.211043972E12":32,"1.211167562E12":360,"1.211053005E12":138,"1.211086067E12":319,"1.211051052E12":122,"1.21104475E12":37,"1.21105879E12":186,"1.211055082E12":157,"1.211025645E12":2,"1.211056745E12":170,"1.211050674E12":118,"1.211102732E12":350,"1.211053205E12":140,"1.211092523E12":333,"1.211085258E12":312,"1.211048643E12":73,"1.21105674E12":169,"1.211048688E12":74,"1.211061813E12":211,"1.211047087E12":56,"1.211077626E12":294,"1.21106928E12":257,"1.211049707E12":93,"1.21105691E12":172,"1.211060351E12":199,"1.21106416E12":230,"1.2110648E12":236,"1.211062588E12":217,"1.211053528E12":145,"1.211053509E12":144,"1.211061189E12":209,"1.211071971E12":273,"1.211064062E12":228,"1.211078146E12":295,"1.21140455E12":371,"1.211085193E12":311,"1.211045977E12":47,"1.21105919E12":190,"1.211055697E12":163,"1.2110526E12":133,"1.21105917E12":189,"1.21104973E12":95,"1.211081651E12":306,"1.211068781E12":255,"1.211079948E12":301,"1.211073522E12":281,"1.211064167E12":231,"1.211065212E12":238,"1.211018404E12":1,"1.211080246E12":304,"1.211081385E12":305,"1.211048404E12":69,"1.211058138E12":185,"1.211062281E12":216,"1.211083355E12":307,"1.211066882E12":249,"1.211063946E12":227,"1.21107138E12":266,"1.211045688E12":44,"1.21104378E12":30,"1.211041745E12":17,"1.211049959E12":100,"1.211048787E12":79,"1.211054988E12":156,"1.211062036E12":213,"1.211050341E12":109,"1.211051983E12":129,"1.211052972E12":136,"1.211058942E12":187,"1.211084471E12":310,"1.211041834E12":18,"1.211045755E12":46,"1.21106288E12":220,"1.211050535E12":114,"1.211060413E12":200,"1.211049604E12":92,"1.211044799E12":38,"1.211049358E12":87,"1.211048627E12":71,"1.211145248E12":359,"1.211070749E12":263,"1.211049993E12":101,"1.211055797E12":164,"1.211047914E12":67,"1.211404284E12":370,"1.21106375E12":225,"1.21109314E12":337,"1.211102734E12":351,"1.211076348E12":285,"1.211073966E12":284,"1.211112397E12":356,"1.211049274E12":84,"1.211057691E12":180,"1.211093143E12":338,"1.211053357E12":141,"1.211052988E12":137,"1.211057074E12":176,"1.211048777E12":78,"1.211062099E12":214,"1.211090691E12":330,"1.211062591E12":218,"1.211051334E12":125,"1.211042064E12":19,"1.21104729E12":60,"1.211051937E12":127,"1.211054505E12":151,"1.211056933E12":175,"1.211066512E12":248,"1.211053749E12":148,"1.211046779E12":54,"1.211052789E12":135,"1.211076695E12":289,"1.211044464E12":33,"1.211073222E12":278,"1.211049299E12":85,"1.211045385E12":42,"1.211048737E12":76,"1.211050421E12":111,"1.211060103E12":198,"1.211073459E12":280,"1.211051193E12":124,"1.211076532E12":286,"1.211072422E12":275,"1.211028847E12":4,"1.211059114E12":188,"1.211079167E12":298,"1.2110665E12":247,"1.211060545E12":202,"1.211098165E12":341,"1.211070294E12":261,"1.211059259E12":191,"1.211053532E12":146,"1.211066349E12":246,"1.211050162E12":106,"1.211092799E12":336,"1.211068779E12":254,"1.211046192E12":49,"1.211054441E12":150,"1.211042399E12":23,"1.211055412E12":159,"1.211092425E12":332,"1.211070181E12":260,"1.211047794E12":66,"1.211056897E12":171,"1.211056448E12":165,"1.21108579E12":317,"1.211065177E12":237,"1.211069219E12":256,"1.211060801E12":204,"1.211052354E12":131,"1.211404754E12":372,"1.211046678E12":53,"1.211041388E12":14,"1.211057302E12":179,"1.211046339E12":52,"1.211056926E12":174,"1.211077574E12":291,"1.211059791E12":195,"1.211041351E12":13,"1.211046319E12":50,"1.211076985E12":290,"1.211048532E12":70,"1.21103218E12":7,"1.211099029E12":345,"1.211399096E12":366,"1.211055604E12":160,"1.21105095E12":119,"1.211041335E12":12,"1.211071687E12":270,"1.211049362E12":88,"1.211049008E12":82,"1.211247824E12":363,"1.211057109E12":177,"1.211054517E12":152,"1.211040824E12":8,"1.211045176E12":40,"1.211050402E12":110,"1.211048793E12":80,"1.211043268E12":26,"1.211060499E12":201,"1.211063851E12":226,"1.211399741E12":367,"1.211076536E12":287,"1.211053369E12":143,"1.211073893E12":283,"1.211090586E12":329,"1.21104165E12":15,"1.211106083E12":355,"1.211065762E12":242,"1.21102728E12":3,"1.211043691E12":29,"1.211073449E12":279,"1.211041252E12":10,"1.211062654E12":219,"1.211104743E12":352,"1.211062126E12":215,"1.211098007E12":340,"1.211057709E12":181,"1.211099364E12":348,"1.211067365E12":252,"1.211085823E12":318,"1.211066165E12":245,"1.211099117E12":346,"1.211078589E12":297,"1.211071669E12":269,"1.211059667E12":193,"1.211030151E12":6,"1.211105172E12":353,"1.211065734E12":241,"1.211041289E12":11,"1.211067149E12":251,"1.211064205E12":232,"1.211048759E12":77,"1.211079886E12":300,"1.211077586E12":292,"1.211063593E12":223,"1.211051964E12":128,"1.211054928E12":154,"1.211057889E12":182,"1.211073765E12":282,"1.21107174E12":271,"1.211080042E12":302,"1.211070815E12":264,"1.21105654E12":166,"1.211042163E12":20,"1.211049861E12":98,"1.211055328E12":158,"1.211106008E12":354,"1.21105015E12":104,"1.211053362E12":142,"1.211045747E12":45,"1.211040847E12":9,"1.211048635E12":72,"1.211080245E12":303,"1.211046813E12":55,"1.211049742E12":96,"1.211055642E12":162,"1.211050991E12":121,"1.211051559E12":126,"1.211055624E12":161,"1.211142796E12":357,"1.211381854E12":365,"1.211062966E12":222,"1.211076638E12":288,"1.211046324E12":51,"1.211045465E12":43,"1.211070003E12":258,"1.211052175E12":130,"1.211079801E12":299,"1.211042441E12":24,"1.211086353E12":321,"1.211087803E12":326,"1.21108652E12":322,"1.211056921E12":173,"1.21106872E12":253,"1.2110933E12":339,"1.211168134E12":361,"1.211084287E12":309,"1.211050166E12":107,"1.211061184E12":208,"1.211053071E12":139,"1.211044626E12":35,"1.211052707E12":134,"1.21106101E12":206,"1.211047659E12":64,"1.211042223E12":21,"1.211047274E12":59,"1.211065834E12":244,"1.211056708E12":168,"1.21109237E12":331,"1.211092774E12":335,"1.211050014E12":102,"1.211061021E12":207,"1.211047192E12":57,"1.211050985E12":120,"1.211064159E12":229,"1.211078168E12":296,"1.211064765E12":235,"1.211050135E12":103,"1.211060913E12":205},"NUMBER_OF_PEOPLE":400,"minTimeSeen":1.211018404E12,"maxTimeSeen":1.211558405E12,"NEIGHBORHOOD_RADIUS":20.0,"ENCOUNTER_CHANCE":0.05,"priority":1.0,"duration":540001.0,"minutesDuration":9000.016666666666,"hoursDuration":150.00027777777777,"daysDuration":6.250011574074073}
