{"propagationData":{"1.211087119E12":63,"1.211088466E12":91,"1.211131679E12":322,"1.211208846E12":379,"1.211084576E12":26,"1.2110952E12":209,"1.211092088E12":158,"1.211139164E12":337,"1.21109791E12":233,"1.211105015E12":274,"1.211095566E12":211,"1.211101786E12":257,"1.211106047E12":282,"1.211098164E12":235,"1.211092545E12":169,"1.211090183E12":126,"1.211098837E12":240,"1.21108786E12":81,"1.211129928E12":317,"1.211085128E12":32,"1.211085711E12":41,"1.211122341E12":307,"1.211085541E12":39,"1.211089767E12":117,"1.211256031E12":383,"1.211244889E12":381,"1.211094156E12":192,"1.211091285E12":138,"1.211088262E12":85,"1.211091949E12":154,"1.21109996E12":245,"1.211105357E12":279,"1.211021615E12":2,"1.21108217E12":5,"1.211087399E12":70,"1.211336381E12":388,"1.211104095E12":269,"1.21120398E12":377,"1.211258145E12":384,"1.211088287E12":86,"1.211088955E12":107,"1.211094468E12":198,"1.211090169E12":125,"1.211090118E12":124,"1.211093655E12":188,"1.211088828E12":102,"1.211092844E12":174,"1.21110746E12":287,"1.21109161E12":143,"1.211091769E12":149,"1.211138473E12":335,"1.211099826E12":244,"1.211171379E12":369,"1.211097887E12":232,"1.211093092E12":183,"1.211140377E12":340,"1.211097266E12":227,"1.211112239E12":292,"1.211091656E12":145,"1.211083702E12":15,"1.211088326E12":87,"1.211101697E12":255,"1.21108977E12":118,"1.211136239E12":331,"1.211131558E12":320,"1.211182201E12":375,"1.211127652E12":315,"1.211083266E12":8,"1.211102244E12":263,"1.211089466E12":112,"1.211119075E12":299,"1.211117654E12":296,"1.211093328E12":184,"1.211095983E12":216,"1.211105144E12":277,"1.211088777E12":100,"1.211088403E12":90,"1.211086251E12":49,"1.211084165E12":22,"1.211087204E12":66,"1.211018404E12":1,"1.211086867E12":58,"1.211088801E12":101,"1.211103774E12":268,"1.211120026E12":300,"1.211089651E12":115,"1.211084319E12":24,"1.211088027E12":82,"1.211103651E12":267,"1.211088361E12":89,"1.21110419E12":270,"1.211092717E12":172,"1.211086639E12":54,"1.21110523E12":278,"1.211260595E12":385,"1.21109823E12":236,"1.211104727E12":272,"1.211087683E12":77,"1.211095718E12":214,"1.21109007E12":121,"1.211088892E12":105,"1.211091547E12":142,"1.211138735E12":336,"1.211093081E12":181,"1.211087596E12":75,"1.211121403E12":304,"1.211092314E12":165,"1.211088752E12":99,"1.211095733E12":215,"1.211085718E12":42,"1.211134695E12":327,"1.21109066E12":131,"1.211147294E12":354,"1.211089164E12":110,"1.211086086E12":45,"1.211085286E12":34,"1.211087554E12":72,"1.211141747E12":344,"1.211081398E12":3,"1.211115609E12":293,"1.211169583E12":368,"1.211142437E12":346,"1.211102665E12":265,"1.211083731E12":18,"1.211086969E12":61,"1.211151661E12":358,"1.211087144E12":64,"1.211147563E12":356,"1.21109309E12":182,"1.211091676E12":146,"1.211091451E12":141,"1.211175492E12":373,"1.211121261E12":303,"1.211084169E12":23,"1.211116109E12":295,"1.211087201E12":65,"1.211089596E12":113,"1.211088207E12":84,"1.211158234E12":361,"1.211091801E12":150,"1.211147823E12":357,"1.211102234E12":262,"1.2111727E12":370,"1.211092568E12":170,"1.211101948E12":258,"1.211165555E12":367,"1.21110074E12":250,"1.211104561E12":271,"1.211175709E12":374,"1.211086436E12":53,"1.211086167E12":46,"1.211092885E12":177,"1.211090391E12":129,"1.211092125E12":159,"1.211161526E12":363,"1.211105412E12":280,"1.211091159E12":136,"1.211096663E12":219,"1.211100282E12":247,"1.211165056E12":365,"1.211147439E12":355,"1.211102294E12":264,"1.211250478E12":382,"1.211128521E12":316,"1.211145165E12":353,"1.211124603E12":311,"1.211088992E12":108,"1.211100062E12":246,"1.211083539E12":13,"1.211163876E12":364,"1.211084932E12":30,"1.21108833E12":88,"1.21108333E12":10,"1.211094434E12":196,"1.21108724E12":67,"1.211090483E12":130,"1.211091758E12":148,"1.21128875E12":387,"1.211092597E12":171,"1.211183419E12":376,"1.211133251E12":324,"1.211089608E12":114,"1.211083258E12":7,"1.211093365E12":185,"1.211084531E12":25,"1.211096782E12":220,"1.211087682E12":76,"1.21110078E12":251,"1.211094386E12":195,"1.211088667E12":96,"1.211134624E12":326,"1.211094108E12":191,"1.211092862E12":175,"1.211097013E12":224,"1.211093648E12":187,"1.211136609E12":333,"1.211088838E12":103,"1.211092882E12":176,"1.211125177E12":313,"1.211141269E12":342,"1.211090995E12":135,"1.211097486E12":229,"1.211094331E12":194,"1.211086791E12":56,"1.211109763E12":291,"1.211098964E12":241,"1.21108664E12":55,"1.211087403E12":71,"1.211087692E12":79,"1.211092257E12":163,"1.211107284E12":286,"1.211088682E12":97,"1.211107175E12":285,"1.211097145E12":225,"1.211094648E12":200,"1.211135343E12":329,"1.211086168E12":47,"1.211083425E12":12,"1.211267961E12":386,"1.21115194E12":359,"1.211088692E12":98,"1.211090992E12":134,"1.211087573E12":73,"1.211120689E12":301,"1.211142977E12":348,"1.211103361E12":266,"1.211135512E12":330,"1.211090251E12":127,"1.211131741E12":323,"1.211107034E12":284,"1.211091323E12":139,"1.211088946E12":106,"1.211088506E12":93,"1.211090662E12":132,"1.211088648E12":94,"1.211105142E12":276,"1.21113162E12":321,"1.211109098E12":289,"1.211083714E12":17,"1.211165399E12":366,"1.211156401E12":360,"1.211101693E12":254,"1.211101309E12":253,"1.211087691E12":78,"1.211086171E12":48,"1.211098829E12":238,"1.211087257E12":68,"1.211094864E12":204,"1.211091855E12":151,"1.211097213E12":226,"1.211143155E12":349,"1.211095099E12":208,"1.211088878E12":104,"1.211090366E12":128,"1.211094574E12":199,"1.211084815E12":28,"1.211092162E12":162,"1.21116107E12":362,"1.211087294E12":69,"1.211101734E12":256,"1.211096177E12":217,"1.211092399E12":167,"1.211142496E12":347,"1.211090717E12":133,"1.211089144E12":109,"1.21108383E12":19,"1.21109683E12":223,"1.211098162E12":234,"1.211104862E12":273,"1.211120891E12":302,"1.211108282E12":288,"1.211099136E12":242,"1.211094464E12":197,"1.211094783E12":202,"1.211084698E12":27,"1.211093768E12":189,"1.211121434E12":305,"1.211143313E12":351,"1.211088167E12":83,"1.211105113E12":275,"1.211092275E12":164,"1.211175044E12":372,"1.211125608E12":314,"1.21108371E12":16,"1.21108628E12":51,"1.211096808E12":221,"1.211140217E12":339,"1.211095299E12":210,"1.211094719E12":201,"1.211100906E12":252,"1.211091909E12":152,"1.211095093E12":207,"1.211083289E12":9,"1.211091699E12":147,"1.211102113E12":259,"1.211091401E12":140,"1.211085135E12":33,"1.211094814E12":203,"1.211098832E12":239,"1.21109247E12":168,"1.211085435E12":37,"1.21109291E12":180,"1.211100325E12":248,"1.211089169E12":111,"1.211097641E12":231,"1.211102193E12":261,"1.211089949E12":120,"1.211118445E12":298,"1.211092027E12":155,"1.211095577E12":212,"1.211094973E12":206,"1.211124377E12":310,"1.211085379E12":35,"1.211086269E12":50,"1.211105489E12":281,"1.211122582E12":308,"1.211207045E12":378,"1.211086003E12":43,"1.211097635E12":230,"1.211136438E12":332,"1.211122679E12":309,"1.211131113E12":319,"1.211086359E12":52,"1.211140158E12":338,"1.211092062E12":156,"1.21108978E12":119,"1.211106902E12":283,"1.21117406E12":371,"1.211093621E12":186,"1.211122143E12":306,"1.211098465E12":237,"1.211109545E12":290,"1.211135206E12":328,"1.211085555E12":40,"1.211090103E12":123,"1.211087704E12":80,"1.211086937E12":59,"1.211102119E12":260,"1.211091276E12":137,"1.211094165E12":193,"1.211091637E12":144,"1.211100354E12":249,"1.211092066E12":157,"1.211096188E12":218,"1.211141831E12":345,"1.211083884E12":20,"1.211143376E12":352,"1.211088662E12":95,"1.211081563E12":4,"1.211092887E12":178,"1.211083694E12":14,"1.211082243E12":6,"1.21109276E12":173,"1.211086956E12":60,"1.211138242E12":334,"1.211086801E12":57,"1.211143211E12":350,"1.21112507E12":312,"1.211092144E12":160,"1.211083418E12":11,"1.21114161E12":343,"1.211090091E12":122,"1.211115827E12":294,"1.211118416E12":297,"1.211084095E12":21,"1.21113383E12":325,"1.211085515E12":38,"1.211093974E12":190,"1.211091947E12":153,"1.211087587E12":74,"1.211092151E12":161,"1.211087076E12":62,"1.211129968E12":318,"1.211089701E12":116,"1.211084891E12":29,"1.211096809E12":222,"1.211092395E12":166,"1.211140863E12":341,"1.211095687E12":213,"1.211217253E12":380,"1.211097454E12":228,"1.211084971E12":31,"1.211094897E12":205,"1.211088472E12":92,"1.211099234E12":243},"NUMBER_OF_PEOPLE":400,