{"propagationData":{"1.211042974E12":232,"1.211018465E12":6,"1.211035368E12":154,"1.211061307E12":301,"1.21102881E12":65,"1.21118852E12":377,"1.211104235E12":359,"1.211143422E12":370,"1.21103373E12":129,"1.211133947E12":363,"1.211046877E12":253,"1.21103549E12":156,"1.211050637E12":274,"1.211021987E12":43,"1.21103794E12":183,"1.211175484E12":374,"1.211092702E12":347,"1.211061366E12":302,"1.21103083E12":88,"1.211019571E12":35,"1.211038808E12":200,"1.211030342E12":76,"1.211066422E12":310,"1.211028817E12":67,"1.211030474E12":80,"1.211032407E12":113,"1.21105218E12":281,"1.211095865E12":351,"1.211031816E12":102,"1.211019666E12":38,"1.211031279E12":97,"1.211073995E12":317,"1.211047291E12":258,"1.211018607E12":15,"1.211033333E12":127,"1.211018604E12":11,"1.211032747E12":118,"1.211034831E12":145,"1.211054847E12":288,"1.211041596E12":227,"1.211035013E12":147,"1.211037146E12":174,"1.211031615E12":100,"1.211032341E12":110,"1.21103311E12":125,"1.211038539E12":195,"1.211066036E12":309,"1.211052186E12":282,"1.211030379E12":77,"1.21103822E12":186,"1.211141772E12":368,"1.211031628E12":101,"1.211032614E12":116,"1.211074216E12":320,"1.211038217E12":185,"1.211079537E12":328,"1.211077916E12":326,"1.211037192E12":176,"1.21104496E12":240,"1.211260592E12":386,"1.211018615E12":18,"1.211048365E12":267,"1.211031329E12":98,"1.211141821E12":369,"1.211040007E12":207,"1.211036166E12":163,"1.211034304E12":141,"1.211018699E12":22,"1.211019223E12":30,"1.21103391E12":131,"1.211046914E12":254,"1.211032986E12":123,"1.211037567E12":182,"1.211026E12":52,"1.211046586E12":249,"1.211058944E12":298,"1.211086767E12":343,"1.211019638E12":36,"1.211036588E12":168,"1.211084984E12":332,"1.211034207E12":139,"1.211073093E12":312,"1.211019147E12":28,"1.211035384E12":155,"1.211095157E12":349,"1.211040095E12":208,"1.211034052E12":134,"1.211033439E12":128,"1.211037516E12":180,"1.21104717E12":256,"1.211036104E12":161,"1.211063836E12":305,"1.211131833E12":362,"1.21103583E12":159,"1.211047149E12":255,"1.211044319E12":235,"1.211032558E12":114,"1.211033971E12":133,"1.211041297E12":221,"1.211019477E12":34,"1.211192809E12":378,"1.211018611E12":17,"1.211028583E12":62,"1.2110732E12":313,"1.211263814E12":387,"1.211054866E12":289,"1.211044645E12":237,"1.211041468E12":224,"1.211139591E12":366,"1.211028814E12":66,"1.211057894E12":295,"1.211050674E12":275,"1.211046583E12":248,"1.211089197E12":345,"1.21105733E12":294,"1.211038504E12":190,"1.211019665E12":37,"1.211103709E12":358,"1.211038616E12":196,"1.211038253E12":187,"1.211101184E12":356,"1.21103663E12":171,"1.211058194E12":296,"1.211054873E12":291,"1.211043133E12":233,"1.211075191E12":322,"1.211085303E12":335,"1.211031037E12":94,"1.211025707E12":49,"1.211038268E12":188,"1.211018722E12":23,"1.211025632E12":48,"1.21102635E12":53,"1.211029481E12":70,"1.211018473E12":7,"1.211086082E12":340,"1.21103688E12":173,"1.21102199E12":44,"1.211032342E12":111,"1.211034181E12":137,"1.211032834E12":120,"1.21104015E12":209,"1.211114503E12":361,"1.211051761E12":279,"1.211032268E12":107,"1.21103852E12":194,"1.211032722E12":117,"1.211153399E12":372,"1.211074141E12":318,"1.211045316E12":241,"1.211030798E12":86,"1.211140139E12":367,"1.211032868E12":121,"1.211042832E12":229,"1.211028808E12":64,"1.211018404E12":1,"1.211036596E12":169,"1.211036643E12":172,"1.211034069E12":135,"1.211042969E12":231,"1.211236775E12":383,"1.21103851E12":193,"1.211051723E12":278,"1.21103202E12":104,"1.211035212E12":151,"1.211095158E12":350,"1.211050084E12":271,"1.211025849E12":51,"1.211034558E12":142,"1.21103377E12":130,"1.211085112E12":333,"1.211073421E12":314,"1.211086229E12":341,"1.211030428E12":78,"1.211046611E12":251,"1.211030839E12":89,"1.211042844E12":230,"1.211018441E12":5,"1.211026499E12":54,"1.211033148E12":126,"1.211030898E12":91,"1.211018815E12":25,"1.211021356E12":41,"1.211036615E12":170,"1.211046589E12":250,"1.211037564E12":181,"1.211053766E12":286,"1.211047412E12":260,"1.211028774E12":63,"1.211018605E12":12,"1.2110186E12":8,"1.211034975E12":146,"1.211085496E12":336,"1.21104631E12":244,"1.211019673E12":40,"1.21109822E12":355,"1.211040248E12":211,"1.211035181E12":150,"1.211087964E12":344,"1.211019667E12":39,"1.211077642E12":325,"1.211041504E12":225,"1.211018411E12":3,"1.211037328E12":178,"1.211035068E12":149,"1.211047343E12":259,"1.21123607E12":382,"1.211061773E12":304,"1.211027554E12":58,"1.211075724E12":323,"1.211034192E12":138,"1.211030924E12":92,"1.211096046E12":352,"1.21102209E12":45,"1.211054872E12":290,"1.211050106E12":272,"1.211032198E12":106,"1.211039371E12":204,"1.211036243E12":166,"1.211030663E12":84,"1.211050398E12":273,"1.211048395E12":269,"1.211046764E12":252,"1.211038505E12":191,"1.211046377E12":245,"1.211052576E12":285,"1.211153633E12":373,"1.211038914E12":202,"1.211037353E12":179,"1.211045385E12":243,"1.211030624E12":83,"1.211047426E12":261,"1.211040859E12":220,"1.211059283E12":300,"1.211215295E12":381,"1.211066552E12":311,"1.211032092E12":105,"1.211047467E12":263,"1.211027689E12":60,"1.211096587E12":353,"1.211085663E12":337,"1.211041366E12":222,"1.211079251E12":327,"1.211018638E12":21,"1.211035535E12":157,"1.21101861E12":16,"1.211138094E12":364,"1.211030801E12":87,"1.21109493E12":348,"1.211019198E12":29,"1.21107343E12":315,"1.211038657E12":197,"1.211292246E12":388,"1.211021718E12":42,"1.211034806E12":143,"1.211035065E12":148,"1.211046415E12":246,"1.211035553E12":158,"1.211030841E12":90,"1.211038039E12":184,"1.21103942E12":206,"1.211026718E12":56,"1.211058882E12":297,"1.211031189E12":96,"1.211044635E12":236,"1.211052218E12":284,"1.211041402E12":223,"1.211031927E12":103,"1.211018603E12":9,"1.211041682E12":228,"1.211065455E12":306,"1.21106174E12":303,"1.211059009E12":299,"1.211044702E12":239,"1.21104035E12":213,"1.211030674E12":85,"1.211259278E12":385,"1.211030433E12":79,"1.211085147E12":334,"1.211040225E12":210,"1.211049114E12":270,"1.211038465E12":189,"1.211039349E12":203,"1.211022204E12":46,"1.211114042E12":360,"1.211018791E12":24,"1.211040713E12":217,"1.211066011E12":308,"1.211040371E12":214,"1.211037207E12":177,"1.211034257E12":140,"1.211026567E12":55,"1.211019355E12":31,"1.211054958E12":292,"1.211211288E12":380,"1.211031168E12":95,"1.211051975E12":280,"1.211035275E12":153,"1.211056886E12":293,"1.211032316E12":108,"1.21103879E12":199,"1.211026797E12":57,"1.211079842E12":329,"1.211030927E12":93,"1.211036173E12":165,"1.211038886E12":201,"1.211032383E12":112,"1.211040748E12":218,"1.211036533E12":167,"1.211074521E12":321,"1.211050737E12":277,"1.211023464E12":47,"1.211149688E12":371,"1.211085859E12":338,"1.211031593E12":99,"1.211030303E12":73,"1.211035868E12":160,"1.211065613E12":307,"1.21117713E12":375,"1.211029588E12":71,"1.211034124E12":136,"1.211029412E12":69,"1.211138475E12":365,"1.211040763E12":219,"1.211052197E12":283,"1.211047172E12":257,"1.211036137E12":162,"1.211033926E12":132,"1.21108971E12":346,"1.211032781E12":119,"1.211043412E12":234,"1.211054419E12":287,"1.211028401E12":61,"1.21103295E12":122,"1.211018634E12":20,"1.211028965E12":68,"1.211050697E12":276,"1.211179083E12":376,"1.211047858E12":265,"1.211027567E12":59,"1.211085899E12":339,"1.211080005E12":330,"1.21103234E12":109,"1.211101531E12":357,"1.211039403E12":205,"1.211030515E12":81,"1.211046542E12":247,"1.21103715E12":175,"1.21109819E12":354,"1.211018606E12":14,"1.21108029E12":331,"1.211040308E12":212,"1.211030307E12":74,"1.211045322E12":242,"1.211041559E12":226,"1.211018436E12":4,"1.211074147E12":319,"1.211047898E12":266,"1.211038706E12":198,"1.211040382E12":215,"1.211030297E12":72,"1.211019029E12":27,"1.211019461E12":33,"1.21103303E12":124,"1.211019373E12":32,"1.21101883E12":26,"1.211044697E12":238,"1.21121092E12":379,"1.211040404E12":216,"1.211073494E12":316,"1.211018407E12":2,"1.211077343E12":324,"1.211025767E12":50,"1.211254967E12":384,"1.211034808E12":144,"1.211030587E12":82,"1.211032573E12":115,"1.21108624E12":342,"1.211035272E12":152},"NUMBER_OF_PEOPLE":400,"minTimeSeen":1.211018404E12,"maxTimeSeen":1.211558405E12,"NEIGHBORHOOD_RADIUS":20.0,"ENCOUNTER_CHANCE":0.05,"priority":1.0,"duration":540001.0,