{"propagationData":{"1.211076865E12":10,"1.211075234E12":8,"1.211187958E12":37,"1.211038945E12":4,"1.211077004E12":16,"1.211088802E12":27,"1.211361893E12":44,"1.211361794E12":43,"1.211018404E12":1,"1.211187952E12":36,"1.211076961E12":15,"1.211075197E12":5,"1.2110769E12":13,"1.211076908E12":14,"1.211090364E12":29,"1.211036501E12":3,"1.211085714E12":22,"1.211336291E12":41,"1.211086377E12":24,"1.211187268E12":35,"1.211172605E12":31,"1.211086077E12":23,"1.211087232E12":26,"1.211173927E12":34,"1.211332224E12":39,"1.211035327E12":2,"1.211079201E12":17,"1.211081066E12":20,"1.211081061E12":18,"1.211192129E12":38,"1.211173399E12":33,"1.211081063E12":19,"1.211075216E12":7,"1.211085508E12":21,"1.211172661E12":32,"1.211076868E12":11,"1.211075211E12":6,"1.211076319E12":9,"1.211170027E12":30,"1.211336301E12":42,"1.211086965E12":25,"1.211332296E12":40,"1.211088828E12":28,"1.211076891E12":12},"NUMBER_OF_PEOPLE":400,"minTimeSeen":1.211018404E12,"maxTimeSeen":1.211558405E12,"NEIGHBORHOOD_RADIUS":20.0,"ENCOUNTER_CHANCE":0.05,"priority":1.0,"duration":540001.0,"minutesDuration":9000.016666666666,"hoursDuration":150.00027777777777,"daysDuration":6.250011574074073}
