{"propagationData":{"1.211025264E12":56,"1.211032142E12":143,"1.211035258E12":178,"1.211075364E12":319,"1.21102881E12":103,"1.211037262E12":190,"1.211044636E12":257,"1.211123722E12":342,"1.211029742E12":114,"1.211037676E12":198,"1.211032058E12":142,"1.211051097E12":284,"1.211031046E12":135,"1.211038528E12":208,"1.211025633E12":67,"1.211032424E12":148,"1.211039874E12":223,"1.211039862E12":222,"1.211024913E12":44,"1.211034995E12":175,"1.211044039E12":251,"1.211026837E12":85,"1.211024912E12":43,"1.211033721E12":164,"1.21103596E12":185,"1.211077125E12":321,"1.211026124E12":74,"1.211134606E12":346,"1.211039209E12":217,"1.211023425E12":30,"1.211047147E12":270,"1.211023723E12":33,"1.211025763E12":69,"1.211032625E12":153,"1.211383546E12":350,"1.211024303E12":37,"1.211030814E12":133,"1.211024952E12":48,"1.21103072E12":129,"1.211028524E12":99,"1.211035708E12":180,"1.211048439E12":274,"1.211115086E12":331,"1.211021329E12":22,"1.211020714E12":14,"1.211025061E12":52,"1.211039184E12":216,"1.211031372E12":138,"1.211030771E12":130,"1.211058292E12":312,"1.211048484E12":275,"1.211024467E12":39,"1.211038536E12":209,"1.211038247E12":205,"1.211025205E12":54,"1.211051082E12":283,"1.21102775E12":92,"1.211052383E12":288,"1.211033735E12":165,"1.211020776E12":15,"1.211075459E12":320,"1.211166304E12":348,"1.211027228E12":89,"1.211058064E12":309,"1.211042393E12":245,"1.211022537E12":27,"1.211036838E12":188,"1.211037152E12":189,"1.211044123E12":252,"1.211056137E12":293,"1.211033408E12":161,"1.211039508E12":219,"1.211030385E12":126,"1.211074948E12":317,"1.211080171E12":327,"1.211027403E12":91,"1.211032329E12":147,"1.211058083E12":310,"1.211029877E12":115,"1.211034596E12":168,"1.211023199E12":28,"1.211020836E12":17,"1.211123569E12":341,"1.211119169E12":339,"1.211048493E12":276,"1.211079509E12":325,"1.21102817E12":95,"1.211021648E12":23,"1.211026943E12":87,"1.211040226E12":224,"1.211032194E12":145,"1.211037573E12":196,"1.211030262E12":123,"1.211019055E12":7,"1.211040819E12":229,"1.211035016E12":177,"1.211079946E12":326,"1.211130228E12":343,"1.21104877E12":280,"1.211040332E12":226,"1.211020698E12":13,"1.211034991E12":174,"1.21104606E12":261,"1.21103249E12":150,"1.211032425E12":149,"1.211040853E12":230,"1.21102524E12":55,"1.211041986E12":240,"1.21104064E12":228,"1.211130797E12":344,"1.211045139E12":258,"1.211030051E12":118,"1.211120704E12":340,"1.211028839E12":105,"1.21102468E12":40,"1.211046294E12":264,"1.211040982E12":234,"1.211032144E12":144,"1.211042099E12":241,"1.211033717E12":163,"1.211046537E12":269,"1.211020878E12":18,"1.21103328E12":157,"1.211033328E12":158,"1.211386938E12":351,"1.211031343E12":137,"1.211075107E12":318,"1.211030222E12":121,"1.211032632E12":154,"1.211034547E12":167,"1.211047864E12":271,"1.211025454E12":64,"1.211025389E12":59,"1.211115948E12":336,"1.211058262E12":311,"1.211026342E12":78,"1.21103054E12":128,"1.211029492E12":110,"1.211051495E12":286,"1.211057491E12":303,"1.211042116E12":243,"1.211042104E12":242,"1.211051058E12":282,"1.211118229E12":338,"1.211030195E12":120,"1.211046419E12":266,"1.211018404E12":1,"1.211057974E12":308,"1.211028199E12":97,"1.211027861E12":93,"1.211079194E12":323,"1.211041974E12":239,"1.211054394E12":290,"1.211039853E12":220,"1.211039458E12":218,"1.211021288E12":21,"1.211023499E12":32,"1.21102486E12":42,"1.211387932E12":352,"1.211035926E12":184,"1.211048676E12":279,"1.211038272E12":206,"1.211037611E12":197,"1.211038582E12":211,"1.211019501E12":9,"1.211018441E12":2,"1.211026542E12":82,"1.211025085E12":53,"1.211038094E12":202,"1.211034896E12":171,"1.211025905E12":70,"1.21101948E12":8,"1.211035858E12":181,"1.211024284E12":36,"1.21102537E12":58,"1.211115499E12":332,"1.211044586E12":256,"1.211041421E12":235,"1.211029359E12":107,"1.211047959E12":273,"1.211025461E12":65,"1.211041927E12":238,"1.211035921E12":183,"1.211056457E12":298,"1.211024995E12":50,"1.211035003E12":176,"1.211113897E12":330,"1.211032497E12":151,"1.211023459E12":31,"1.211026759E12":83,"1.21103111E12":136,"1.211026272E12":77,"1.211030237E12":122,"1.211034841E12":170,"1.211132673E12":345,"1.211021002E12":19,"1.211056052E12":292,"1.211033258E12":156,"1.211028813E12":104,"1.211030274E12":124,"1.211388518E12":353,"1.211038815E12":213,"1.211030386E12":127,"1.211047951E12":272,"1.211028219E12":98,"1.211032622E12":152,"1.211057478E12":302,"1.211029332E12":106,"1.211042415E12":247,"1.211038565E12":210,"1.211027257E12":90,"1.211037427E12":192,"1.211030365E12":125,"1.211046421E12":267,"1.211048603E12":278,"1.211040924E12":233,"1.2111138E12":329,"1.211115887E12":334,"1.211021713E12":24,"1.211033447E12":162,"1.211024377E12":38,"1.211022372E12":26,"1.211043032E12":249,"1.211037726E12":199,"1.211166226E12":347,"1.211116508E12":337,"1.211040902E12":232,"1.211034474E12":166,"1.211020819E12":16,"1.211030094E12":119,"1.211032776E12":155,"1.211056764E12":300,"1.211032313E12":146,"1.211024965E12":49,"1.211079243E12":324,"1.211042417E12":248,"1.211025421E12":63,"1.211026453E12":81,"1.211042402E12":246,"1.211037942E12":201,"1.211020361E12":10,"1.211024928E12":47,"1.211056167E12":294,"1.211115896E12":335,"1.21105771E12":305,"1.211037313E12":191,"1.211034944E12":173,"1.211021973E12":25,"1.211057727E12":306,"1.211029616E12":113,"1.211035884E12":182,"1.211044127E12":253,"1.21102534E12":57,"1.211045282E12":259,"1.211046399E12":265,"1.211026138E12":75,"1.211025683E12":68,"1.211051098E12":285,"1.211023423E12":29,"1.211032006E12":140,"1.211034755E12":169,"1.211050998E12":281,"1.211037823E12":200,"1.211056181E12":295,"1.21102474E12":41,"1.21103082E12":134,"1.211115542E12":333,"1.211032013E12":141,"1.211048518E12":277,"1.211025613E12":66,"1.211018856E12":6,"1.211034912E12":172,"1.211059148E12":316,"1.211018442E12":3,"1.211036542E12":187,"1.211027208E12":88,"1.211021283E12":20,"1.211029955E12":117,"1.211026899E12":86,"1.211056766E12":301,"1.211037448E12":193,"1.211029919E12":116,"1.211029391E12":108,"1.211029506E12":111,"1.211052259E12":287,"1.211043067E12":250,"1.211025034E12":51,"1.211037563E12":195,"1.211024181E12":35,"1.211020694E12":12,"1.211038178E12":204,"1.211030811E12":132,"1.211383389E12":349,"1.211056714E12":299,"1.211040531E12":227,"1.211040238E12":225,"1.211028197E12":96,"1.211036078E12":186,"1.211056417E12":296,"1.211028575E12":100,"1.211018837E12":5,"1.211041874E12":236,"1.211046451E12":268,"1.211029467E12":109,"1.211027997E12":94,"1.21102627E12":76,"1.2110241E12":34,"1.211044557E12":254,"1.211037536E12":194,"1.211033376E12":159,"1.211046173E12":263,"1.211026766E12":84,"1.21102863E12":102,"1.211026086E12":73,"1.211033406E12":160,"1.211038884E12":214,"1.211026073E12":72,"1.211025924E12":71,"1.211038145E12":203,"1.211046099E12":262,"1.211038752E12":212,"1.211026403E12":79,"1.211024917E12":45,"1.211045692E12":260,"1.211028591E12":101,"1.21105796E12":307,"1.211035284E12":179,"1.21102642E12":80,"1.211107369E12":328,"1.211018649E12":4,"1.211059076E12":315,"1.211057543E12":304,"1.211041906E12":237,"1.211058878E12":314,"1.211038405E12":207,"1.21103897E12":215,"1.211030782E12":131,"1.211054239E12":289,"1.211020598E12":11,"1.211058677E12":313,"1.211039854E12":221,"1.211024926E12":46,"1.211078758E12":322,"1.211040883E12":231,"1.211042374E12":244,"1.211029542E12":112,"1.211044567E12":255,"1.21103198E12":139,"1.211056003E12":291},"NUMBER_OF_PEOPLE":400,"minTimeSeen":1.211018404E12,"maxTimeSeen":1.211558405E12,"NEIGHBORHOOD_RADIUS":20.0,"ENCOUNTER_CHANCE":0.05,"priority":1.0,"duration":540001.0,"minutesDuration":9000.016666666666,"hoursDuration":150.00027777777777,"daysDuration":6.250011574074073}
