{"propagationData":{"1.211057286E12":100,"1.21105292E12":82,"1.211045121E12":15,"1.211050644E12":65,"1.211057465E12":104,"1.211057477E12":106,"1.211049314E12":49,"1.21104763E12":26,"1.211028829E12":5,"1.211050355E12":59,"1.211046398E12":20,"1.211049068E12":44,"1.211050668E12":67,"1.211059627E12":111,"1.211051026E12":69,"1.211049311E12":48,"1.211050161E12":57,"1.211052279E12":77,"1.211045365E12":18,"1.211046447E12":22,"1.211053513E12":89,"1.211060623E12":120,"1.211061216E12":123,"1.211025348E12":4,"1.211044166E12":10,"1.211060103E12":118,"1.211057412E12":103,"1.211037268E12":6,"1.211057314E12":102,"1.21104733E12":25,"1.211048998E12":43,"1.211050658E12":66,"1.21104524E12":17,"1.211050597E12":64,"1.211044455E12":12,"1.211057689E12":107,"1.211022885E12":2,"1.211048041E12":33,"1.211049529E12":51,"1.211048637E12":40,"1.211059806E12":112,"1.211044593E12":13,"1.211048207E12":35,"1.211048409E12":36,"1.211050591E12":63,"1.211059939E12":115,"1.211049169E12":47,"1.211053592E12":90,"1.211050115E12":56,"1.211060041E12":117,"1.211059427E12":110,"1.211058218E12":109,"1.211047003E12":24,"1.211046405E12":21,"1.211050568E12":62,"1.211050105E12":55,"1.211053251E12":84,"1.211058021E12":108,"1.211051088E12":71,"1.211059907E12":114,"1.211061654E12":124,"1.211051057E12":70,"1.211051101E12":72,"1.211055721E12":94,"1.211050891E12":68,"1.211060016E12":116,"1.211024994E12":3,"1.211062058E12":125,"1.211046608E12":23,"1.211045603E12":19,"1.21104792E12":29,"1.211055811E12":96,"1.211057475E12":105,"1.211042263E12":9,"1.21103882E12":7,"1.211051961E12":75,"1.211056922E12":98,"1.211048129E12":34,"1.211057288E12":101,"1.2110538E12":91,"1.211044421E12":11,"1.211053488E12":87,"1.211055799E12":95,"1.21104909E12":45,"1.211045129E12":16,"1.211048524E12":39,"1.21105502E12":92,"1.211049665E12":52,"1.211049315E12":50,"1.211044868E12":14,"1.211050425E12":60,"1.211052478E12":78,"1.211048781E12":42,"1.211049143E12":46,"1.21105291E12":81,"1.211056918E12":97,"1.211048494E12":38,"1.211050283E12":58,"1.211048751E12":41,"1.211051109E12":73,"1.211018404E12":1,"1.211049927E12":54,"1.21104795E12":31,"1.211060894E12":121,"1.211053292E12":86,"1.211057283E12":99,"1.211059862E12":113,"1.211047728E12":27,"1.211055029E12":93,"1.211049823E12":53,"1.211060301E12":119,"1.211048463E12":37,"1.211053497E12":88,"1.211047774E12":28,"1.211052154E12":76,"1.211051112E12":74,"1.211053236E12":83,"1.211047934E12":30,"1.211039931E12":8,"1.211048E12":32,"1.211052579E12":79,"1.211052685E12":80,"1.211060913E12":122},"NUMBER_OF_PEOPLE":400,"minTimeSeen":1.211018404E12,"maxTimeSeen":1.211558405E12,"NEIGHBORHOOD_RADIUS":20.0,"ENCOUNTER_CHANCE":0.05,"priority":1.0,"duration":540001.0,"minutesDuration":9000.016666666666,"hoursDuration":150.00027777777777,"daysDuration":6.250011574074073}
