{"propagationData":{"1.211023181E12":82,"1.211060343E12":317,"1.211055142E12":307,"1.211024081E12":98,"1.211040411E12":270,"1.21102881E12":156,"1.211084115E12":369,"1.211070886E12":340,"1.211032227E12":204,"1.211023363E12":88,"1.21103028E12":175,"1.21102982E12":169,"1.211039419E12":264,"1.211029742E12":167,"1.211083575E12":367,"1.211047099E12":299,"1.211021987E12":58,"1.211021249E12":50,"1.211069483E12":337,"1.211021098E12":49,"1.21104114E12":277,"1.211023939E12":97,"1.211025583E12":120,"1.211034148E12":221,"1.211031293E12":193,"1.21108027E12":355,"1.211078302E12":348,"1.211024385E12":104,"1.211020079E12":39,"1.211157017E12":382,"1.211022677E12":68,"1.211031725E12":197,"1.211027602E12":140,"1.211037077E12":245,"1.211026121E12":130,"1.21101949E12":32,"1.211038295E12":254,"1.211029312E12":162,"1.211031106E12":191,"1.211021849E12":55,"1.211028261E12":146,"1.211079904E12":352,"1.211022819E12":72,"1.211028119E12":145,"1.211076684E12":347,"1.211032744E12":212,"1.211018542E12":23,"1.211029843E12":170,"1.211060093E12":315,"1.211039771E12":267,"1.211075641E12":345,"1.211032614E12":207,"1.211041387E12":278,"1.211063159E12":327,"1.211032768E12":213,"1.211019377E12":30,"1.211029857E12":171,"1.211036062E12":233,"1.211040661E12":273,"1.211039544E12":266,"1.211039434E12":265,"1.211020874E12":48,"1.211023673E12":93,"1.211046497E12":292,"1.211018433E12":19,"1.211183839E12":385,"1.211021508E12":54,"1.211041886E12":282,"1.211020277E12":40,"1.211019223E12":29,"1.211026017E12":127,"1.211046467E12":291,"1.211024383E12":103,"1.211071031E12":341,"1.211028632E12":151,"1.211099468E12":377,"1.211047232E12":301,"1.211023128E12":81,"1.211018412E12":11,"1.211080459E12":356,"1.211032672E12":209,"1.211019513E12":34,"1.211029538E12":166,"1.211046526E12":293,"1.211036912E12":242,"1.211040524E12":271,"1.21102785E12":143,"1.211023777E12":96,"1.211085134E12":372,"1.211038494E12":257,"1.211042413E12":283,"1.211081054E12":359,"1.211037502E12":248,"1.211020061E12":38,"1.211064031E12":329,"1.211036082E12":234,"1.211024399E12":105,"1.211023199E12":85,"1.211031663E12":196,"1.211027373E12":135,"1.211067117E12":332,"1.211030354E12":178,"1.211034738E12":224,"1.211026046E12":128,"1.21126472E12":388,"1.211064708E12":331,"1.211033162E12":215,"1.211023072E12":76,"1.211031111E12":192,"1.211029277E12":161,"1.211070067E12":339,"1.211028733E12":153,"1.211020463E12":46,"1.211020299E12":44,"1.211018414E12":12,"1.211061777E12":322,"1.211037544E12":249,"1.211018406E12":7,"1.211047152E12":300,"1.211037075E12":243,"1.211037555E12":250,"1.211029035E12":159,"1.211049083E12":303,"1.211024838E12":111,"1.211027792E12":142,"1.211040884E12":275,"1.211024192E12":99,"1.211037629E12":251,"1.211022815E12":71,"1.211081063E12":360,"1.211049196E12":305,"1.211024226E12":100,"1.211082693E12":366,"1.211074784E12":342,"1.211040846E12":274,"1.211141972E12":381,"1.211025806E12":123,"1.211060382E12":318,"1.211024875E12":114,"1.211040326E12":269,"1.211022663E12":66,"1.211084203E12":370,"1.211046567E12":296,"1.211025741E12":121,"1.21103642E12":236,"1.211018453E12":21,"1.211021983E12":57,"1.211023197E12":84,"1.211021282E12":51,"1.211099324E12":376,"1.211042502E12":284,"1.211037666E12":252,"1.211028577E12":149,"1.211026356E12":134,"1.211023183E12":83,"1.211098193E12":375,"1.211018404E12":3,"1.211028615E12":150,"1.211024795E12":110,"1.211023118E12":79,"1.211027388E12":137,"1.211028078E12":144,"1.211028819E12":157,"1.211040892E12":276,"1.211031751E12":199,"1.211046128E12":290,"1.211040591E12":272,"1.211034702E12":223,"1.211192178E12":386,"1.211036792E12":239,"1.211024872E12":113,"1.211034188E12":222,"1.211019507E12":33,"1.211018521E12":22,"1.211031744E12":198,"1.211018429E12":17,"1.211018441E12":20,"1.211025091E12":115,"1.211028721E12":152,"1.211022206E12":61,"1.211032979E12":214,"1.211022991E12":75,"1.211068739E12":336,"1.211028352E12":147,"1.211023676E12":94,"1.211064416E12":330,"1.211020859E12":47,"1.211060095E12":316,"1.21104462E12":287,"1.211032645E12":208,"1.21103152E12":195,"1.211034975E12":227,"1.211032377E12":205,"1.211030569E12":188,"1.211024655E12":108,"1.211068613E12":335,"1.211025101E12":116,"1.211037088E12":246,"1.2110187E12":26,"1.211080478E12":357,"1.211030383E12":181,"1.211026302E12":132,"1.211018411E12":10,"1.211022665E12":67,"1.211028776E12":155,"1.211047067E12":298,"1.211038932E12":262,"1.211075625E12":344,"1.211018421E12":15,"1.211076397E12":346,"1.211046557E12":294,"1.211022192E12":60,"1.21104665E12":297,"1.211044709E12":288,"1.21101874E12":28,"1.211062681E12":324,"1.211162126E12":383,"1.211056588E12":314,"1.211069575E12":338,"1.211107403E12":380,"1.211027464E12":138,"1.211029118E12":160,"1.211024865E12":112,"1.211067896E12":333,"1.211019378E12":31,"1.21108068E12":358,"1.211025758E12":122,"1.211029447E12":165,"1.211028748E12":154,"1.211040278E12":268,"1.211024436E12":106,"1.211023583E12":90,"1.211038241E12":253,"1.211021304E12":52,"1.21108185E12":361,"1.21103221E12":203,"1.211023084E12":77,"1.211037076E12":244,"1.211092098E12":373,"1.211079926E12":353,"1.211074935E12":343,"1.211020314E12":45,"1.211019948E12":36,"1.211022708E12":69,"1.211033509E12":216,"1.211028427E12":148,"1.211044482E12":285,"1.211038363E12":256,"1.211022854E12":73,"1.211025943E12":126,"1.211038657E12":260,"1.211023125E12":80,"1.211023509E12":89,"1.211032721E12":210,"1.211024542E12":107,"1.21105522E12":308,"1.211025865E12":124,"1.211020294E12":43,"1.211030359E12":179,"1.211104251E12":379,"1.211022041E12":59,"1.211027625E12":141,"1.211055465E12":312,"1.211029818E12":168,"1.211030436E12":183,"1.211023341E12":86,"1.211038618E12":258,"1.211031778E12":201,"1.211031316E12":194,"1.211061191E12":320,"1.211037479E12":247,"1.211082336E12":364,"1.211038722E12":261,"1.211018735E12":27,"1.211055344E12":310,"1.211079001E12":350,"1.211030674E12":189,"1.211021953E12":56,"1.211060514E12":319,"1.211025254E12":119,"1.211035847E12":231,"1.211030343E12":177,"1.211038627E12":259,"1.211018415E12":14,"1.21108363E12":368,"1.211030424E12":182,"1.211031796E12":202,"1.211018432E12":18,"1.211019704E12":35,"1.211093644E12":374,"1.211078337E12":349,"1.211041846E12":281,"1.211030015E12":172,"1.21105561E12":313,"1.211030471E12":184,"1.211021313E12":53,"1.211055388E12":311,"1.211022626E12":64,"1.211061264E12":321,"1.211032383E12":206,"1.211030522E12":185,"1.211029446E12":164,"1.211046564E12":295,"1.211018563E12":24,"1.211022731E12":70,"1.211026119E12":129,"1.211026349E12":133,"1.211024271E12":101,"1.211047779E12":302,"1.211035423E12":230,"1.211034087E12":220,"1.211030525E12":186,"1.211035033E12":228,"1.21117549E12":384,"1.211030173E12":174,"1.21102376E12":95,"1.211068179E12":334,"1.211063176E12":328,"1.211031764E12":200,"1.211230997E12":387,"1.211022629E12":65,"1.211025122E12":117,"1.211049119E12":304,"1.211036911E12":241,"1.211034966E12":226,"1.211022907E12":74,"1.211063074E12":325,"1.211033751E12":218,"1.211063124E12":326,"1.211044759E12":289,"1.211032742E12":211,"1.211030559E12":187,"1.211020289E12":42,"1.211038299E12":255,"1.211022221E12":62,"1.211023652E12":91,"1.211036882E12":240,"1.211081921E12":362,"1.211025939E12":125,"1.211034746E12":225,"1.21102028E12":41,"1.21103619E12":235,"1.21102617E12":131,"1.211029367E12":163,"1.211030702E12":190,"1.211102069E12":378,"1.211084262E12":371,"1.211079891E12":351,"1.211041409E12":279,"1.211035952E12":232,"1.211024298E12":102,"1.21105533E12":309,"1.211030091E12":173,"1.211038978E12":263,"1.211082192E12":363,"1.211061908E12":323,"1.211036775E12":238,"1.211033689E12":217,"1.211035151E12":229,"1.211022573E12":63,"1.211041619E12":280,"1.211020002E12":37,"1.21102738E12":136,"1.211036586E12":237,"1.211034044E12":219,"1.211030323E12":176,"1.211018407E12":8,"1.211023092E12":78,"1.211024687E12":109,"1.211027488E12":139,"1.211082556E12":365,"1.211049198E12":306,"1.211023344E12":87,"1.211023654E12":92,"1.211030367E12":180,"1.211044567E12":286,"1.211028967E12":158},"NUMBER_OF_PEOPLE":400,"minTimeSeen":1.211018404E12,"maxTimeSeen":1.211558405E12,"NEIGHBORHOOD_RADIUS":20.0,"ENCOUNTER_CHANCE":0.05,"priority":1.0,"duration":540001.0,