{"propagationData":{"1.21107474E12":348,"1.21102276E12":54,"1.21102881E12":75,"1.211029764E12":93,"1.211072365E12":345,"1.211028987E12":85,"1.211034663E12":184,"1.211018975E12":21,"1.211047566E12":291,"1.21106154E12":319,"1.211043444E12":273,"1.211084644E12":359,"1.211019406E12":37,"1.211066928E12":336,"1.211084793E12":360,"1.211069216E12":341,"1.211025636E12":70,"1.211052157E12":310,"1.211084824E12":361,"1.211048681E12":303,"1.211048167E12":294,"1.211018416E12":12,"1.211040649E12":243,"1.211040821E12":247,"1.211019666E12":40,"1.211037396E12":210,"1.211030835E12":120,"1.211034822E12":185,"1.211041661E12":254,"1.211030012E12":97,"1.211042497E12":263,"1.211031397E12":132,"1.211018409E12":9,"1.211019262E12":30,"1.211038658E12":231,"1.211044176E12":279,"1.211044128E12":278,"1.211041397E12":252,"1.211029649E12":90,"1.211041831E12":257,"1.211019073E12":23,"1.211019897E12":41,"1.211032806E12":166,"1.211034119E12":180,"1.211102253E12":370,"1.211028812E12":76,"1.211217004E12":384,"1.211029389E12":87,"1.211032374E12":155,"1.211031329E12":129,"1.211103951E12":373,"1.211031742E12":138,"1.21103034E12":111,"1.211030657E12":114,"1.211018598E12":14,"1.211019604E12":39,"1.211065185E12":331,"1.2110421E12":261,"1.211038699E12":233,"1.211037279E12":208,"1.211034284E12":183,"1.211031785E12":139,"1.211032091E12":148,"1.211019363E12":35,"1.211038675E12":232,"1.21108013E12":350,"1.211025164E12":63,"1.211030912E12":123,"1.21104749E12":290,"1.211019076E12":24,"1.211033417E12":176,"1.211028842E12":80,"1.211031998E12":143,"1.211029968E12":95,"1.211022154E12":52,"1.211048399E12":295,"1.211023311E12":56,"1.211052025E12":309,"1.211041194E12":249,"1.211042523E12":264,"1.211048449E12":297,"1.211030212E12":105,"1.211020006E12":43,"1.211048701E12":304,"1.211035155E12":192,"1.211018778E12":20,"1.211031396E12":131,"1.211030272E12":108,"1.211030673E12":116,"1.211031887E12":141,"1.211099006E12":368,"1.211099605E12":369,"1.211029755E12":91,"1.211071331E12":344,"1.211029385E12":86,"1.21123488E12":387,"1.211035005E12":186,"1.211030849E12":121,"1.211032741E12":163,"1.211131829E12":377,"1.211036502E12":204,"1.211018589E12":13,"1.211020715E12":46,"1.211048445E12":296,"1.211032885E12":167,"1.211043532E12":274,"1.211031848E12":140,"1.211032914E12":168,"1.211037648E12":216,"1.211022008E12":50,"1.211022101E12":51,"1.21116262E12":381,"1.211043827E12":276,"1.211030207E12":104,"1.211045466E12":284,"1.211041341E12":251,"1.211122604E12":375,"1.211035955E12":197,"1.211066916E12":335,"1.211041246E12":250,"1.211420564E12":388,"1.211042679E12":265,"1.211039259E12":239,"1.211032974E12":169,"1.211040585E12":242,"1.211021819E12":48,"1.21102532E12":64,"1.211033143E12":173,"1.211084156E12":357,"1.211044194E12":281,"1.211028981E12":84,"1.211035996E12":198,"1.2111271E12":376,"1.211020209E12":45,"1.211043839E12":277,"1.211031016E12":126,"1.211032141E12":150,"1.211031991E12":142,"1.211065145E12":330,"1.211038078E12":223,"1.211018404E12":7,"1.211082436E12":354,"1.211028913E12":83,"1.211042186E12":262,"1.211052461E12":313,"1.211038974E12":237,"1.211019286E12":31,"1.211031624E12":136,"1.211084559E12":358,"1.21106186E12":321,"1.211033245E12":174,"1.211037916E12":219,"1.211033086E12":171,"1.211030178E12":101,"1.211024344E12":59,"1.211035911E12":196,"1.211038034E12":220,"1.211030921E12":125,"1.211038448E12":227,"1.211030054E12":98,"1.211042694E12":266,"1.211035064E12":188,"1.211037639E12":215,"1.211030305E12":109,"1.21105665E12":317,"1.211019099E12":26,"1.211048655E12":302,"1.211038937E12":236,"1.211018605E12":15,"1.211036411E12":202,"1.211031575E12":134,"1.211083371E12":355,"1.211032279E12":153,"1.211062189E12":323,"1.211062573E12":325,"1.211019297E12":32,"1.211080199E12":351,"1.211048594E12":300,"1.211031722E12":137,"1.211064098E12":327,"1.21110313E12":372,"1.211036215E12":201,"1.211025334E12":65,"1.211032066E12":145,"1.211067542E12":337,"1.211035133E12":191,"1.211030625E12":113,"1.211026653E12":74,"1.21103233E12":154,"1.211052897E12":315,"1.211018408E12":8,"1.211033979E12":178,"1.211040704E12":244,"1.211022773E12":55,"1.211102539E12":371,"1.211032585E12":159,"1.211035008E12":187,"1.211028841E12":79,"1.211032629E12":161,"1.211032801E12":165,"1.211037915E12":218,"1.211076922E12":349,"1.211065022E12":329,"1.21103661E12":205,"1.211074504E12":347,"1.211044936E12":282,"1.21105248E12":314,"1.211030663E12":115,"1.211028813E12":77,"1.211042086E12":259,"1.211030386E12":112,"1.211062948E12":326,"1.211064127E12":328,"1.211019945E12":42,"1.211031373E12":130,"1.211038373E12":226,"1.211069517E12":342,"1.211036412E12":203,"1.211032148E12":151,"1.211022341E12":53,"1.211019126E12":28,"1.211042727E12":267,"1.21105143E12":308,"1.211087096E12":364,"1.211068178E12":338,"1.211080333E12":352,"1.211029756E12":92,"1.211038054E12":221,"1.211032423E12":158,"1.211074475E12":346,"1.211051281E12":307,"1.211042807E12":269,"1.211038553E12":229,"1.211019189E12":29,"1.211045506E12":285,"1.211037381E12":209,"1.211032069E12":146,"1.211034215E12":181,"1.211040871E12":248,"1.211035065E12":189,"1.21103925E12":238,"1.211029477E12":88,"1.211036731E12":206,"1.211019101E12":27,"1.21104857E12":299,"1.21104368E12":275,"1.211030197E12":103,"1.211028852E12":81,"1.211033332E12":175,"1.211047936E12":292,"1.211043306E12":272,"1.211040253E12":241,"1.211041691E12":255,"1.211041587E12":253,"1.211031189E12":127,"1.211029818E12":94,"1.211035082E12":190,"1.211062459E12":324,"1.211055081E12":316,"1.211038141E12":224,"1.211034058E12":179,"1.211167617E12":382,"1.211031316E12":128,"1.211025347E12":66,"1.211032992E12":170,"1.211153051E12":380,"1.211025436E12":67,"1.211024654E12":61,"1.21122576E12":386,"1.211043303E12":271,"1.211030823E12":119,"1.211068432E12":339,"1.211040747E12":246,"1.211178676E12":383,"1.211018415E12":11,"1.21106592E12":333,"1.211030309E12":110,"1.211032105E12":149,"1.211037577E12":214,"1.211024135E12":58,"1.211068512E12":340,"1.211032256E12":152,"1.211030772E12":118,"1.211032613E12":160,"1.211030247E12":106,"1.21102389E12":57,"1.211037738E12":217,"1.211026584E12":73,"1.211030176E12":100,"1.211032383E12":157,"1.211030136E12":99,"1.211042754E12":268,"1.211024417E12":60,"1.211044191E12":280,"1.211520204E12":389,"1.211052437E12":312,"1.21104642E12":288,"1.211018714E12":16,"1.211030897E12":122,"1.211069525E12":343,"1.211220065E12":385,"1.211048615E12":301,"1.211025154E12":62,"1.211038165E12":225,"1.211038923E12":235,"1.211038066E12":222,"1.211025996E12":71,"1.211029607E12":89,"1.211098897E12":367,"1.211026536E12":72,"1.211030755E12":117,"1.211019426E12":38,"1.21103521E12":193,"1.211031582E12":135,"1.211036078E12":199,"1.211091715E12":366,"1.211038591E12":230,"1.21101908E12":25,"1.21113753E12":379,"1.211066762E12":334,"1.211038871E12":234,"1.211020187E12":44,"1.211018413E12":10,"1.211035299E12":195,"1.211037536E12":212,"1.211030009E12":96,"1.211049471E12":305,"1.211041959E12":258,"1.211038541E12":228,"1.211047944E12":293,"1.211046341E12":287,"1.211065405E12":332,"1.211046432E12":289,"1.21102549E12":68,"1.211018985E12":22,"1.211034277E12":182,"1.211080395E12":353,"1.211019328E12":34,"1.211021862E12":49,"1.211085596E12":362,"1.211018724E12":17,"1.211037094E12":207,"1.211032765E12":164,"1.211033859E12":177,"1.211019373E12":36,"1.211021466E12":47,"1.211028871E12":82,"1.21104529E12":283,"1.211116956E12":374,"1.211061569E12":320,"1.211041827E12":256,"1.211037561E12":213,"1.211061185E12":318,"1.211036102E12":200,"1.211085689E12":363,"1.211137093E12":378,"1.211052308E12":311,"1.211050673E12":306,"1.211032022E12":144,"1.211035242E12":194,"1.211033093E12":172,"1.211030253E12":107,"1.211040746E12":245,"1.21104328E12":270,"1.21102884E12":78,"1.211030188E12":102,"1.211032698E12":162,"1.211091555E12":365,"1.211061911E12":322,"1.211045778E12":286,"1.211031405E12":133,"1.211083781E12":356,"1.211048511E12":298,"1.211039705E12":240,"1.211025558E12":69,"1.211018761E12":19,"1.211032087E12":147,"1.211037442E12":211,"1.211019325E12":33},"NUMBER_OF_PEOPLE":400,"minTimeSeen":1.211018404E12,"maxTimeSeen":1.211558405E12,"NEIGHBORHOOD_RADIUS":20.0,"ENCOUNTER_CHANCE":0.05,"priority":1.0,