{"propagationData":{"1.211050424E12":74,"1.211049116E12":58,"1.211111528E12":342,"1.211070327E12":249,"1.211229827E12":349,"1.211218519E12":346,"1.211213711E12":345,"1.211071392E12":255,"1.211057814E12":169,"1.211066727E12":234,"1.211066221E12":229,"1.211046809E12":38,"1.211043803E12":22,"1.211050977E12":83,"1.211073209E12":266,"1.211055637E12":141,"1.211057813E12":168,"1.211070897E12":253,"1.211054643E12":129,"1.211411975E12":351,"1.211087044E12":323,"1.211044033E12":24,"1.211046104E12":34,"1.211074985E12":277,"1.211073309E12":267,"1.211054443E12":123,"1.211063165E12":206,"1.21106426E12":220,"1.211063474E12":213,"1.211041332E12":11,"1.211066536E12":230,"1.211051114E12":91,"1.211048173E12":49,"1.211052152E12":106,"1.211057766E12":167,"1.211049218E12":59,"1.21104515E12":26,"1.211042854E12":18,"1.211046447E12":37,"1.21105196E12":102,"1.21104758E12":41,"1.211059771E12":181,"1.211098893E12":339,"1.211050975E12":82,"1.211060415E12":187,"1.211066642E12":232,"1.211080387E12":307,"1.21106332E12":209,"1.211415037E12":357,"1.211056737E12":152,"1.211056808E12":157,"1.211056382E12":146,"1.21108961E12":329,"1.211055487E12":136,"1.211059839E12":183,"1.211046042E12":33,"1.211073474E12":268,"1.211051082E12":88,"1.211047326E12":39,"1.211057402E12":164,"1.211042591E12":16,"1.211053289E12":114,"1.211056821E12":158,"1.211064241E12":219,"1.211055248E12":133,"1.211077097E12":296,"1.211069822E12":245,"1.211098915E12":340,"1.2110398E12":3,"1.211057287E12":161,"1.21106019E12":186,"1.211066573E12":231,"1.211060939E12":193,"1.211094498E12":335,"1.211056784E12":154,"1.211071578E12":256,"1.211065142E12":226,"1.211056592E12":150,"1.211061198E12":195,"1.211062659E12":204,"1.211063734E12":216,"1.211053519E12":115,"1.211072016E12":259,"1.211060444E12":188,"1.21107586E12":286,"1.211076257E12":289,"1.211070013E12":247,"1.211063684E12":215,"1.211055496E12":137,"1.211054557E12":125,"1.211059025E12":176,"1.211062095E12":197,"1.211077911E12":302,"1.211084246E12":317,"1.211056745E12":153,"1.211050947E12":81,"1.211059818E12":182,"1.211067544E12":241,"1.211047943E12":47,"1.211040855E12":8,"1.21105679E12":155,"1.211024381E12":2,"1.211045421E12":28,"1.211076672E12":291,"1.211071024E12":254,"1.211055231E12":132,"1.211048883E12":57,"1.211076255E12":288,"1.211051908E12":101,"1.211054779E12":131,"1.211412977E12":354,"1.211080366E12":306,"1.21105691E12":159,"1.21112441E12":343,"1.21105562E12":140,"1.211048725E12":55,"1.21105948E12":179,"1.211053615E12":118,"1.211048472E12":50,"1.211067305E12":239,"1.211051069E12":87,"1.211045549E12":31,"1.211084208E12":315,"1.211412782E12":353,"1.211075332E12":279,"1.211047807E12":45,"1.21105456E12":126,"1.211087098E12":325,"1.211066851E12":236,"1.211087004E12":322,"1.211072308E12":260,"1.211049281E12":60,"1.211040093E12":5,"1.211227815E12":348,"1.211062812E12":205,"1.211057364E12":162,"1.211086409E12":318,"1.211056583E12":149,"1.211086855E12":320,"1.211084221E12":316,"1.211063469E12":212,"1.211053241E12":112,"1.211057826E12":170,"1.211018404E12":1,"1.211067988E12":242,"1.211047372E12":40,"1.211070006E12":246,"1.211042176E12":15,"1.21105639E12":147,"1.211075653E12":284,"1.211074153E12":272,"1.211064792E12":223,"1.211048522E12":51,"1.211076917E12":293,"1.211043547E12":20,"1.211050353E12":72,"1.211094459E12":334,"1.211067469E12":240,"1.211092717E12":330,"1.21106183E12":196,"1.211041457E12":13,"1.21105175E12":98,"1.211077895E12":301,"1.211066933E12":237,"1.211075527E12":281,"1.211057376E12":163,"1.211059721E12":180,"1.211055514E12":138,"1.211087087E12":324,"1.21107915E12":304,"1.211069819E12":244,"1.211045285E12":27,"1.211092796E12":331,"1.211062496E12":201,"1.2110503E12":71,"1.211055643E12":142,"1.211073205E12":265,"1.211049801E12":63,"1.211043553E12":21,"1.211070748E12":251,"1.211050094E12":68,"1.211050994E12":84,"1.211060508E12":191,"1.211076415E12":290,"1.211108881E12":341,"1.211052636E12":109,"1.211050545E12":77,"1.21104803E12":48,"1.211075292E12":278,"1.21106522E12":227,"1.211055363E12":134,"1.211064447E12":221,"1.21107709E12":295,"1.211079054E12":303,"1.211054535E12":124,"1.211058808E12":174,"1.211412397E12":352,"1.211063346E12":210,"1.211077204E12":298,"1.211063434E12":211,"1.211051667E12":97,"1.211051063E12":86,"1.211054126E12":120,"1.211050085E12":67,"1.211089472E12":327,"1.211080429E12":311,"1.211044032E12":23,"1.211057015E12":160,"1.211057478E12":165,"1.211067183E12":238,"1.211051807E12":100,"1.211060103E12":184,"1.211063489E12":214,"1.211054433E12":122,"1.211074247E12":273,"1.211072668E12":264,"1.211075634E12":283,"1.211058297E12":173,"1.211045444E12":30,"1.211058964E12":175,"1.211074789E12":276,"1.211087E12":321,"1.211055876E12":143,"1.211076203E12":287,"1.211048647E12":53,"1.211074093E12":271,"1.211040902E12":10,"1.211050387E12":73,"1.211060603E12":192,"1.211050236E12":69,"1.211055941E12":144,"1.211041374E12":12,"1.21104088E12":9,"1.211077184E12":297,"1.211050664E12":79,"1.211048881E12":56,"1.211052014E12":103,"1.211065578E12":228,"1.211050517E12":76,"1.211049574E12":61,"1.211054632E12":128,"1.211080892E12":313,"1.211054349E12":121,"1.211056336E12":145,"1.211051533E12":95,"1.211052613E12":108,"1.211045425E12":29,"1.21106505E12":225,"1.211069608E12":243,"1.211050636E12":78,"1.211063833E12":217,"1.211062598E12":202,"1.211047597E12":42,"1.211040682E12":6,"1.21105111E12":90,"1.211077223E12":299,"1.211066793E12":235,"1.211062118E12":198,"1.211080418E12":309,"1.211413003E12":355,"1.211051098E12":89,"1.211073738E12":270,"1.211042146E12":14,"1.211051311E12":92,"1.211062147E12":200,"1.211080427E12":310,"1.211050434E12":75,"1.21106331E12":208,"1.211218578E12":347,"1.211072582E12":262,"1.211055542E12":139,"1.211049581E12":62,"1.21108958E12":328,"1.211039825E12":4,"1.211094508E12":337,"1.211047801E12":43,"1.21106325E12":207,"1.211040766E12":7,"1.211075779E12":285,"1.211044066E12":25,"1.211051479E12":94,"1.21105308E12":111,"1.211094503E12":336,"1.211076999E12":294,"1.211053605E12":117,"1.211051327E12":93,"1.211046025E12":32,"1.211056794E12":156,"1.211058185E12":172,"1.211059061E12":177,"1.211061111E12":194,"1.211411688E12":350,"1.21107753E12":300,"1.211042914E12":19,"1.211073633E12":269,"1.211055374E12":135,"1.211092825E12":332,"1.211075556E12":282,"1.211087101E12":326,"1.211053723E12":119,"1.211212735E12":344,"1.211065028E12":224,"1.211048721E12":54,"1.211070272E12":248,"1.211098872E12":338,"1.211046341E12":36,"1.211051776E12":99,"1.211050744E12":80,"1.211074252E12":274,"1.211052938E12":110,"1.211072588E12":263,"1.211052023E12":104,"1.2110804E12":308,"1.211057901E12":171,"1.211056729E12":151,"1.211047803E12":44,"1.211050005E12":64,"1.211060482E12":190,"1.21105027E12":70,"1.21106045E12":189,"1.211074595E12":275,"1.211052144E12":105,"1.211057737E12":166,"1.211086672E12":319,"1.211093861E12":333,"1.211053286E12":113,"1.211053601E12":116,"1.211056396E12":148,"1.21105155E12":96,"1.211081132E12":314,"1.211063969E12":218,"1.211080664E12":312,"1.211071592E12":257,"1.211059465E12":178,"1.211050073E12":66,"1.21104781E12":46,"1.211062657E12":203,"1.21143169E12":358,"1.211042711E12":17,"1.211051046E12":85,"1.211048579E12":52,"1.211060152E12":185,"1.211072322E12":261,"1.211070575E12":250,"1.21105463E12":127,"1.211050008E12":65,"1.211076824E12":292,"1.211070825E12":252,"1.211064756E12":222,"1.211052395E12":107,"1.211079255E12":305,"1.21107161E12":258,"1.211066661E12":233,"1.211414985E12":356},"NUMBER_OF_PEOPLE":400,"minTimeSeen":1.211018404E12,"maxTimeSeen":1.211558405E12,"NEIGHBORHOOD_RADIUS":20.0,"ENCOUNTER_CHANCE":0.05,"priority":1.0,"duration":540001.0,"minutesDuration":9000.016666666666,"hoursDuration":150.00027777777777,"daysDuration":6.250011574074073}
