{"propagationData":{"1.21104789E12":38,"1.211052826E12":120,"1.211053773E12":135,"1.211122763E12":370,"1.211071499E12":277,"1.211052366E12":112,"1.211082962E12":329,"1.21105076E12":90,"1.211064473E12":244,"1.211136896E12":376,"1.211047536E12":28,"1.211064368E12":243,"1.211048875E12":59,"1.211060974E12":219,"1.211076114E12":300,"1.211054344E12":144,"1.211050986E12":95,"1.211050946E12":93,"1.211055319E12":162,"1.211049768E12":66,"1.211057866E12":192,"1.211075958E12":297,"1.211052718E12":115,"1.211073309E12":284,"1.211065945E12":252,"1.21108004E12":318,"1.21105423E12":141,"1.211093203E12":351,"1.211078701E12":310,"1.21105279E12":119,"1.211064555E12":245,"1.211054362E12":146,"1.211056585E12":180,"1.21105581E12":173,"1.211044916E12":13,"1.211053835E12":136,"1.211041669E12":5,"1.211072725E12":283,"1.211061006E12":220,"1.211049393E12":63,"1.211052423E12":113,"1.211047897E12":39,"1.211079763E12":312,"1.21105878E12":199,"1.211080015E12":317,"1.211141772E12":378,"1.211053389E12":127,"1.211061055E12":221,"1.211050311E12":82,"1.211047344E12":25,"1.211064362E12":242,"1.211050915E12":92,"1.211049886E12":69,"1.211053025E12":122,"1.211059871E12":205,"1.211047557E12":30,"1.211055369E12":164,"1.211064297E12":241,"1.21109233E12":349,"1.211049947E12":71,"1.211051194E12":100,"1.211057232E12":187,"1.211073327E12":285,"1.211069751E12":272,"1.211060856E12":217,"1.211053984E12":139,"1.211066052E12":253,"1.211044941E12":14,"1.211047718E12":32,"1.211063212E12":236,"1.211112404E12":364,"1.211062902E12":235,"1.211050281E12":79,"1.211055572E12":168,"1.211046364E12":21,"1.211061971E12":229,"1.211055711E12":170,"1.2110798E12":313,"1.21108849E12":340,"1.211087662E12":339,"1.211074685E12":289,"1.211045953E12":18,"1.211066772E12":258,"1.211055632E12":169,"1.211095194E12":354,"1.211077994E12":305,"1.211062367E12":233,"1.21105523E12":159,"1.211079932E12":316,"1.211047721E12":33,"1.211156788E12":379,"1.211114876E12":366,"1.211050173E12":78,"1.211106727E12":362,"1.211074697E12":290,"1.211053919E12":137,"1.211050676E12":88,"1.211050665E12":87,"1.211053211E12":123,"1.211051493E12":102,"1.211056571E12":178,"1.21105541E12":166,"1.211068089E12":261,"1.211085177E12":332,"1.211047786E12":34,"1.21105125E12":101,"1.211055485E12":167,"1.211070243E12":273,"1.211053385E12":126,"1.211054451E12":148,"1.211048194E12":49,"1.211087137E12":338,"1.211060726E12":216,"1.211136604E12":375,"1.211059713E12":203,"1.211091533E12":348,"1.211046642E12":22,"1.211089048E12":343,"1.211052934E12":121,"1.211068759E12":266,"1.211063242E12":237,"1.211047972E12":41,"1.211048575E12":54,"1.211086218E12":335,"1.211079072E12":311,"1.211057879E12":193,"1.211050961E12":94,"1.211042997E12":9,"1.21104619E12":20,"1.211056765E12":182,"1.211097652E12":355,"1.211050857E12":91,"1.211042984E12":8,"1.211081388E12":323,"1.211075347E12":295,"1.21103911E12":4,"1.211054917E12":157,"1.211072425E12":280,"1.211071591E12":278,"1.211058009E12":194,"1.211051743E12":105,"1.211055209E12":158,"1.211059251E12":202,"1.21105456E12":154,"1.211050089E12":77,"1.211047499E12":27,"1.211115997E12":367,"1.211061236E12":223,"1.21106053E12":213,"1.211050294E12":80,"1.211055345E12":163,"1.211060354E12":209,"1.211054531E12":152,"1.211081958E12":324,"1.21106542E12":251,"1.21125371E12":385,"1.211052047E12":108,"1.211053772E12":134,"1.211018404E12":1,"1.211072624E12":282,"1.211049812E12":67,"1.211053349E12":125,"1.211078331E12":309,"1.211047155E12":24,"1.211075155E12":294,"1.211063608E12":238,"1.211082746E12":327,"1.211046145E12":19,"1.211055387E12":165,"1.211074771E12":291,"1.211080949E12":321,"1.211074939E12":292,"1.211260595E12":386,"1.211093656E12":353,"1.211053238E12":124,"1.211044663E12":11,"1.211054307E12":143,"1.211063615E12":239,"1.211057017E12":185,"1.211056486E12":177,"1.211068217E12":263,"1.2110777E12":304,"1.211050433E12":84,"1.21105008E12":76,"1.211056467E12":176,"1.211158696E12":380,"1.211133732E12":374,"1.211042319E12":7,"1.211075019E12":293,"1.211070447E12":275,"1.211105789E12":360,"1.211049847E12":68,"1.211047549E12":29,"1.21108676E12":337,"1.211061858E12":228,"1.211084093E12":331,"1.211052597E12":114,"1.211055742E12":172,"1.211078292E12":307,"1.211047812E12":36,"1.211072183E12":279,"1.211060449E12":210,"1.211052149E12":110,"1.21104803E12":43,"1.211057281E12":188,"1.21107386E12":288,"1.211101957E12":358,"1.211085927E12":334,"1.211062078E12":230,"1.211045039E12":15,"1.211048619E12":55,"1.211048136E12":46,"1.211048804E12":58,"1.211057567E12":190,"1.211089958E12":346,"1.211061642E12":226,"1.211052789E12":118,"1.21104805E12":44,"1.211068948E12":267,"1.211052303E12":111,"1.21106011E12":207,"1.211053561E12":130,"1.211075962E12":298,"1.211091366E12":347,"1.211061686E12":227,"1.211054544E12":153,"1.211058674E12":197,"1.211050026E12":72,"1.21108378E12":330,"1.211050416E12":83,"1.211047697E12":31,"1.211041968E12":6,"1.211077999E12":306,"1.211243109E12":384,"1.211056058E12":174,"1.211119847E12":368,"1.211047352E12":26,"1.211052782E12":117,"1.211122899E12":371,"1.211051048E12":96,"1.211186044E12":381,"1.211062254E12":232,"1.211089541E12":345,"1.21105376E12":133,"1.211053927E12":138,"1.211089356E12":344,"1.211066735E12":257,"1.211065026E12":248,"1.211036451E12":3,"1.211048149E12":47,"1.211054766E12":156,"1.211129522E12":372,"1.211052731E12":116,"1.211049931E12":70,"1.211068646E12":264,"1.211113933E12":365,"1.211080793E12":320,"1.211067903E12":259,"1.211058681E12":198,"1.21107735E12":303,"1.211088598E12":341,"1.211057044E12":186,"1.211046864E12":23,"1.211031558E12":2,"1.211056965E12":184,"1.211098819E12":356,"1.211056877E12":183,"1.211405998E12":388,"1.211061565E12":225,"1.211092703E12":350,"1.211051158E12":99,"1.21105993E12":206,"1.211064571E12":246,"1.211058314E12":196,"1.211051098E12":98,"1.211054417E12":147,"1.211060461E12":211,"1.211073333E12":287,"1.211060162E12":208,"1.211050051E12":73,"1.211048505E12":52,"1.211064201E12":240,"1.211054273E12":142,"1.211051727E12":104,"1.21104819E12":48,"1.211054204E12":140,"1.211057453E12":189,"1.21108869E12":342,"1.211070349E12":274,"1.211061179E12":222,"1.21112217E12":369,"1.211054608E12":155,"1.211054517E12":151,"1.211050648E12":86,"1.211054497E12":150,"1.211048215E12":50,"1.211051933E12":107,"1.211052101E12":109,"1.211049533E12":64,"1.211082893E12":328,"1.211059115E12":201,"1.211045243E12":16,"1.211111404E12":363,"1.211053705E12":132,"1.211055731E12":171,"1.211078312E12":308,"1.211068191E12":262,"1.211049182E12":60,"1.211225632E12":383,"1.211072581E12":281,"1.211044744E12":12,"1.211050301E12":81,"1.211051859E12":106,"1.211048124E12":45,"1.211053594E12":131,"1.211045892E12":17,"1.211338837E12":387,"1.211048651E12":56,"1.211061324E12":224,"1.211080626E12":319,"1.211054352E12":145,"1.211105934E12":361,"1.211056581E12":179,"1.211102325E12":359,"1.211044423E12":10,"1.211076124E12":301,"1.211079931E12":315,"1.211056754E12":181,"1.211082695E12":326,"1.211069242E12":270,"1.211069236E12":269,"1.211093583E12":352,"1.211079898E12":314,"1.211141714E12":377,"1.211068745E12":265,"1.211050054E12":74,"1.211057592E12":191,"1.211049764E12":65,"1.2110553E12":161,"1.211058022E12":195,"1.211055268E12":160,"1.211062141E12":231,"1.211130363E12":373,"1.211064821E12":247,"1.211051609E12":103,"1.211059802E12":204,"1.211205005E12":382,"1.211065253E12":250,"1.21107602E12":299,"1.211060482E12":212,"1.2110493E12":62,"1.211101694E12":357,"1.211086498E12":336,"1.211066435E12":255,"1.211065082E12":249,"1.211060544E12":214,"1.21105072E12":89,"1.211069177E12":268,"1.211082192E12":325,"1.211070986E12":276,"1.21104781E12":35,"1.211047901E12":40,"1.211066413E12":254,"1.211056424E12":175,"1.211051059E12":97,"1.211048706E12":57,"1.211060857E12":218,"1.21105348E12":128,"1.211075841E12":296,"1.211062608E12":234,"1.211066627E12":256,"1.211076674E12":302,"1.211060584E12":215,"1.21105889E12":200,"1.211067952E12":260,"1.211081047E12":322,"1.211050499E12":85,"1.211048511E12":53,"1.211047833E12":37,"1.21108526E12":333,"1.211069286E12":271,"1.21104929E12":61,"1.211048444E12":51,"1.21104798E12":42,"1.211053542E12":129},"NUMBER_OF_PEOPLE":400,