{"propagationData":{"1.211042421E12":241,"1.211061703E12":315,"1.211069977E12":324,"1.21102881E12":64,"1.211042106E12":230,"1.21103028E12":80,"1.211069572E12":320,"1.211034405E12":149,"1.21103373E12":140,"1.211029179E12":71,"1.21105414E12":302,"1.211036602E12":184,"1.21103722E12":188,"1.211034663E12":155,"1.211024862E12":44,"1.211031318E12":100,"1.211030706E12":88,"1.211045687E12":264,"1.21104239E12":238,"1.211027748E12":59,"1.211034556E12":153,"1.21102391E12":40,"1.211034522E12":151,"1.211027383E12":56,"1.211052797E12":292,"1.211030905E12":89,"1.211040608E12":217,"1.211029312E12":72,"1.21103254E12":123,"1.211056403E12":309,"1.211040821E12":218,"1.211031106E12":96,"1.211020451E12":11,"1.211033755E12":142,"1.211019241E12":6,"1.211031052E12":94,"1.211026842E12":54,"1.211031075E12":95,"1.211031015E12":90,"1.211053209E12":295,"1.211048297E12":281,"1.211041729E12":227,"1.211031813E12":111,"1.211041123E12":225,"1.211039646E12":211,"1.211020554E12":15,"1.211053083E12":294,"1.211031152E12":99,"1.211020927E12":21,"1.211023771E12":38,"1.211020457E12":12,"1.211030452E12":84,"1.21103292E12":125,"1.211021116E12":23,"1.211036491E12":183,"1.211031583E12":106,"1.211032264E12":115,"1.211032986E12":127,"1.211047603E12":276,"1.211045644E12":262,"1.211047598E12":275,"1.21103796E12":196,"1.211040841E12":220,"1.211045619E12":261,"1.211022415E12":29,"1.211046902E12":272,"1.211020547E12":14,"1.211030685E12":87,"1.211037197E12":187,"1.211050512E12":287,"1.211034129E12":146,"1.211036018E12":176,"1.211027757E12":60,"1.211046917E12":273,"1.211038307E12":198,"1.211039868E12":214,"1.211061251E12":312,"1.211038538E12":200,"1.211032398E12":122,"1.211035812E12":170,"1.211055902E12":307,"1.211034355E12":148,"1.211036056E12":177,"1.211021653E12":27,"1.211031545E12":104,"1.211032183E12":113,"1.211018406E12":4,"1.211035159E12":161,"1.211022592E12":31,"1.21103548E12":163,"1.211033331E12":134,"1.211048333E12":282,"1.211039583E12":209,"1.211032212E12":114,"1.211033671E12":139,"1.211063668E12":318,"1.211053324E12":297,"1.211029577E12":76,"1.211031118E12":97,"1.211033765E12":143,"1.211033381E12":135,"1.211048105E12":280,"1.211035872E12":173,"1.211186937E12":327,"1.211021393E12":24,"1.211033328E12":133,"1.211046269E12":266,"1.211033823E12":144,"1.211205447E12":329,"1.211193708E12":328,"1.211040898E12":221,"1.211035153E12":160,"1.211025389E12":48,"1.211028908E12":68,"1.211054226E12":303,"1.211034541E12":152,"1.21105169E12":291,"1.211021103E12":22,"1.211032308E12":117,"1.21104854E12":283,"1.211042219E12":235,"1.211027745E12":58,"1.211032362E12":119,"1.211044932E12":257,"1.211021449E12":25,"1.211033183E12":131,"1.211045145E12":258,"1.211043707E12":248,"1.211023271E12":34,"1.211023148E12":33,"1.211035514E12":164,"1.211028752E12":63,"1.211018404E12":2,"1.211022652E12":32,"1.211028886E12":67,"1.211044768E12":254,"1.211185824E12":326,"1.21104209E12":229,"1.211039602E12":210,"1.211036427E12":181,"1.211029157E12":70,"1.211021884E12":28,"1.211020602E12":16,"1.211047624E12":277,"1.211042369E12":237,"1.211035091E12":158,"1.211069708E12":322,"1.211028837E12":65,"1.211029628E12":78,"1.211054397E12":306,"1.211029339E12":73,"1.21106999E12":325,"1.211025237E12":46,"1.211044007E12":250,"1.211029591E12":77,"1.211027505E12":57,"1.211025357E12":47,"1.211033564E12":137,"1.211044799E12":256,"1.211046893E12":271,"1.21103217E12":112,"1.211036013E12":175,"1.211020822E12":19,"1.211035181E12":162,"1.211021584E12":26,"1.211031776E12":110,"1.21104257E12":242,"1.21103977E12":213,"1.211046395E12":267,"1.211050071E12":286,"1.211037517E12":191,"1.21103412E12":145,"1.211041747E12":228,"1.211061164E12":311,"1.211032965E12":126,"1.211069578E12":321,"1.211038605E12":201,"1.211030654E12":86,"1.21104765E12":278,"1.211035549E12":166,"1.211039672E12":212,"1.211042394E12":239,"1.211026771E12":53,"1.211020814E12":18,"1.211061354E12":313,"1.21103865E12":202,"1.2110265E12":52,"1.211033385E12":136,"1.211037929E12":195,"1.211052985E12":293,"1.211026234E12":49,"1.211039448E12":208,"1.211041561E12":226,"1.211061018E12":310,"1.211023376E12":35,"1.211024262E12":42,"1.211026484E12":51,"1.211045562E12":260,"1.211045685E12":263,"1.211040552E12":216,"1.211035031E12":156,"1.211035635E12":167,"1.211035936E12":174,"1.211044139E12":252,"1.21104664E12":270,"1.211053448E12":298,"1.211036623E12":185,"1.211046415E12":268,"1.211031552E12":105,"1.211035671E12":168,"1.211031773E12":109,"1.211020349E12":7,"1.211020361E12":8,"1.211033627E12":138,"1.211035816E12":172,"1.211039423E12":206,"1.211024259E12":41,"1.211031035E12":91,"1.211053214E12":296,"1.21104367E12":247,"1.211038332E12":199,"1.211025027E12":45,"1.211042131E12":231,"1.211027265E12":55,"1.211038196E12":197,"1.211053626E12":300,"1.211037182E12":186,"1.211029423E12":75,"1.211047561E12":274,"1.211030254E12":79,"1.211031148E12":98,"1.211043791E12":249,"1.211042405E12":240,"1.211037526E12":192,"1.211033246E12":132,"1.211037577E12":193,"1.211209473E12":331,"1.211056259E12":308,"1.211054273E12":305,"1.211048099E12":279,"1.211039263E12":205,"1.211209254E12":330,"1.211039258E12":204,"1.211031351E12":102,"1.211035148E12":159,"1.211039094E12":203,"1.211044036E12":251,"1.211043418E12":246,"1.211051519E12":290,"1.21103132E12":101,"1.211027767E12":61,"1.211042669E12":243,"1.211040512E12":215,"1.211020604E12":17,"1.211020381E12":9,"1.211031752E12":108,"1.211042367E12":236,"1.211028874E12":66,"1.211037321E12":190,"1.211044782E12":255,"1.21105057E12":289,"1.211049829E12":284,"1.211039427E12":207,"1.211033169E12":129,"1.211049917E12":285,"1.211040921E12":222,"1.211030353E12":82,"1.211045917E12":265,"1.211042214E12":234,"1.211040831E12":219,"1.211043217E12":245,"1.2110264E12":50,"1.211042188E12":233,"1.211035815E12":171,"1.211034354E12":147,"1.211036057E12":178,"1.211020492E12":13,"1.211054252E12":304,"1.211036182E12":179,"1.211063086E12":316,"1.211023725E12":36,"1.211033751E12":141,"1.211035547E12":165,"1.211030441E12":83,"1.211024861E12":43,"1.211031466E12":103,"1.211044661E12":253,"1.211037247E12":189,"1.211029406E12":74,"1.211035763E12":169,"1.211022435E12":30,"1.211037817E12":194,"1.211035052E12":157,"1.211034566E12":154,"1.211036187E12":180,"1.211032635E12":124,"1.211042954E12":244,"1.211028972E12":69,"1.211020828E12":20,"1.21103174E12":107,"1.211036439E12":182,"1.211028591E12":62,"1.21103303E12":128,"1.21101841E12":5,"1.211032376E12":120,"1.211046607E12":269,"1.21104529E12":259,"1.211040945E12":223,"1.211034483E12":150,"1.211069555E12":319,"1.211020403E12":10,"1.211050561E12":288,"1.211069827E12":323,"1.21104217E12":232,"1.211032267E12":116,"1.211030531E12":85,"1.211023896E12":39,"1.211031047E12":92,"1.211033179E12":130,"1.21106142E12":314,"1.211053484E12":299,"1.211054088E12":301,"1.211023748E12":37,"1.211063667E12":317,"1.211030347E12":81},"NUMBER_OF_PEOPLE":400,"minTimeSeen":1.211018404E12,"maxTimeSeen":1.211558405E12,"NEIGHBORHOOD_RADIUS":20.0,"ENCOUNTER_CHANCE":0.05,"priority":1.0,"duration":540001.0,"minutesDuration":9000.016666666666,"hoursDuration":150.00027777777777,"daysDuration":6.250011574074073}
