{"propagationData":{"1.211042974E12":52,"1.211088118E12":345,"1.211066272E12":279,"1.211064356E12":272,"1.211057489E12":226,"1.211046266E12":92,"1.211057908E12":230,"1.211081268E12":333,"1.211041953E12":37,"1.211065109E12":277,"1.211064832E12":275,"1.211069278E12":293,"1.21106016E12":244,"1.211044928E12":76,"1.211058257E12":231,"1.21104311E12":55,"1.2110424E12":49,"1.211060974E12":249,"1.211049842E12":128,"1.21104227E12":48,"1.211042221E12":45,"1.211054392E12":194,"1.211050946E12":157,"1.211139902E12":377,"1.211060262E12":245,"1.211041227E12":24,"1.211044707E12":71,"1.211044659E12":66,"1.21106669E12":281,"1.211047167E12":101,"1.211074224E12":316,"1.21104924E12":119,"1.21106426E12":270,"1.211338834E12":386,"1.211081719E12":334,"1.211067891E12":287,"1.211061901E12":256,"1.211042041E12":41,"1.211044885E12":73,"1.211067484E12":286,"1.211047147E12":100,"1.21104319E12":57,"1.211049878E12":131,"1.211055493E12":209,"1.211071748E12":308,"1.211054229E12":191,"1.211040798E12":13,"1.211107339E12":363,"1.211060415E12":247,"1.211052423E12":173,"1.211041002E12":17,"1.21107199E12":310,"1.211052519E12":174,"1.211055442E12":207,"1.211047651E12":107,"1.211053641E12":185,"1.211054455E12":196,"1.211040651E12":12,"1.211056007E12":212,"1.211062062E12":257,"1.21104143E12":31,"1.211047344E12":104,"1.211050503E12":150,"1.211064428E12":274,"1.211046284E12":94,"1.211040624E12":11,"1.211089684E12":348,"1.211089475E12":346,"1.211074407E12":317,"1.211063927E12":266,"1.211061161E12":252,"1.211041336E12":25,"1.211053527E12":180,"1.211041704E12":34,"1.211116866E12":365,"1.2110626E12":260,"1.211063754E12":265,"1.2110421E12":42,"1.211093629E12":354,"1.211064343E12":271,"1.211046865E12":99,"1.211066383E12":280,"1.211124283E12":366,"1.211054962E12":202,"1.211050117E12":142,"1.211043139E12":56,"1.211039806E12":10,"1.211070255E12":298,"1.211041382E12":30,"1.211041526E12":32,"1.211078297E12":324,"1.21105355E12":181,"1.211056908E12":224,"1.211050105E12":141,"1.211046496E12":97,"1.211051499E12":162,"1.211056113E12":213,"1.211043402E12":59,"1.211096455E12":358,"1.211075725E12":321,"1.211089557E12":347,"1.211131691E12":372,"1.211041362E12":26,"1.211050062E12":138,"1.21109122E12":349,"1.211351993E12":388,"1.211050937E12":156,"1.211053634E12":184,"1.211063292E12":261,"1.21106259E12":259,"1.211080857E12":332,"1.211045531E12":86,"1.21105214E12":169,"1.211037233E12":6,"1.211061526E12":253,"1.211055445E12":208,"1.211044765E12":72,"1.211093238E12":353,"1.211044384E12":63,"1.211058915E12":234,"1.211050158E12":144,"1.211073952E12":315,"1.211064363E12":273,"1.211048339E12":111,"1.21105679E12":222,"1.211062431E12":258,"1.21121657E12":383,"1.211050465E12":149,"1.211056848E12":223,"1.21109476E12":356,"1.211053568E12":182,"1.211052399E12":172,"1.21108419E12":339,"1.211056768E12":221,"1.211050055E12":137,"1.211041059E12":20,"1.21108256E12":336,"1.211169201E12":378,"1.211073752E12":314,"1.211047208E12":102,"1.211175481E12":380,"1.211056347E12":217,"1.211044389E12":64,"1.211045466E12":84,"1.211049266E12":121,"1.211050052E12":136,"1.211045753E12":90,"1.211045374E12":80,"1.211045785E12":91,"1.211050589E12":151,"1.211045381E12":81,"1.211056136E12":214,"1.21105099E12":158,"1.211101879E12":361,"1.211068364E12":291,"1.211053822E12":188,"1.211074766E12":318,"1.211041935E12":36,"1.211056266E12":215,"1.211044932E12":77,"1.211059272E12":237,"1.211046278E12":93,"1.211079153E12":325,"1.211053627E12":183,"1.21104098E12":16,"1.211049772E12":126,"1.211050739E12":154,"1.211056288E12":216,"1.211044504E12":65,"1.211063433E12":263,"1.211049166E12":118,"1.211052047E12":167,"1.211045525E12":85,"1.211047512E12":105,"1.211053729E12":186,"1.211048567E12":113,"1.211057797E12":229,"1.211018404E12":1,"1.211070016E12":296,"1.211059916E12":240,"1.211080297E12":328,"1.21104326E12":58,"1.211083964E12":337,"1.211080835E12":331,"1.211043628E12":60,"1.211059928E12":241,"1.211066223E12":278,"1.21105045E12":148,"1.21105234E12":171,"1.211055243E12":205,"1.211050191E12":145,"1.21105066E12":152,"1.211173039E12":379,"1.211092322E12":351,"1.211085019E12":341,"1.211136329E12":376,"1.211052064E12":168,"1.211036402E12":5,"1.211060345E12":246,"1.211070561E12":300,"1.21106373E12":264,"1.211045728E12":89,"1.211050764E12":155,"1.211072736E12":312,"1.211068313E12":290,"1.211051513E12":163,"1.211049846E12":129,"1.211071001E12":304,"1.211054495E12":197,"1.211042102E12":43,"1.21104868E12":114,"1.211104515E12":362,"1.211086798E12":344,"1.211044337E12":62,"1.211100906E12":360,"1.211060594E12":248,"1.211033997E12":2,"1.211050088E12":140,"1.211045274E12":79,"1.211064092E12":268,"1.211085159E12":342,"1.211047343E12":103,"1.211079847E12":327,"1.21104085E12":15,"1.211057605E12":227,"1.211048777E12":115,"1.211049822E12":127,"1.211040803E12":14,"1.211080799E12":330,"1.211070052E12":297,"1.21104545E12":83,"1.211051297E12":161,"1.21121317E12":381,"1.211053752E12":187,"1.211082118E12":335,"1.211049944E12":134,"1.211059058E12":236,"1.211056744E12":220,"1.211054414E12":195,"1.211052867E12":177,"1.211045552E12":87,"1.211055164E12":204,"1.211100177E12":359,"1.2110431E12":53,"1.21108567E12":343,"1.211067464E12":285,"1.211042261E12":47,"1.211052046E12":166,"1.211053894E12":189,"1.211041366E12":27,"1.211042191E12":44,"1.211046498E12":98,"1.211060057E12":242,"1.211054231E12":192,"1.21104196E12":38,"1.211054886E12":201,"1.211066833E12":282,"1.21104263E12":51,"1.211050687E12":153,"1.211049554E12":125,"1.211130047E12":370,"1.211216002E12":382,"1.211093872E12":355,"1.21107565E12":320,"1.211075535E12":319,"1.21105271E12":176,"1.211053942E12":190,"1.211048119E12":109,"1.211057795E12":228,"1.211131615E12":371,"1.211054655E12":199,"1.211126904E12":368,"1.211059444E12":238,"1.211061735E12":255,"1.211071541E12":307,"1.211055126E12":203,"1.211084188E12":338,"1.21104224E12":46,"1.211041057E12":18,"1.211071088E12":305,"1.211051878E12":165,"1.211055381E12":206,"1.21104468E12":67,"1.211041226E12":23,"1.211059009E12":235,"1.21106116E12":251,"1.211058778E12":232,"1.211050078E12":139,"1.211048203E12":110,"1.211064865E12":276,"1.21107944E12":326,"1.211066948E12":283,"1.211132313E12":373,"1.211035415E12":3,"1.211047561E12":106,"1.211135206E12":375,"1.211060066E12":243,"1.211061025E12":250,"1.211050051E12":135,"1.211044689E12":69,"1.211054273E12":193,"1.211064131E12":269,"1.21104855E12":112,"1.211050148E12":143,"1.211046338E12":96,"1.211125107E12":367,"1.211041983E12":39,"1.211054664E12":200,"1.211049491E12":123,"1.21105036E12":146,"1.211068077E12":288,"1.211073476E12":313,"1.211084788E12":340,"1.211058831E12":233,"1.211339345E12":387,"1.211132578E12":374,"1.211072424E12":311,"1.211049318E12":122,"1.21104121E12":22,"1.211328528E12":385,"1.211042038E12":40,"1.211046335E12":95,"1.211051291E12":160,"1.211070264E12":299,"1.211049891E12":132,"1.211050449E12":147,"1.211080704E12":329,"1.21104985E12":130,"1.211045414E12":82,"1.211051066E12":159,"1.211049943E12":133,"1.211035547E12":4,"1.211038237E12":8,"1.211092144E12":350,"1.211057449E12":225,"1.211076733E12":323,"1.211056357E12":218,"1.211260596E12":384,"1.211111973E12":364,"1.211070987E12":303,"1.211044694E12":70,"1.211067269E12":284,"1.211092348E12":352,"1.211049262E12":120,"1.211045689E12":88,"1.211044901E12":74,"1.211068291E12":289,"1.211076013E12":322,"1.211044945E12":78,"1.211069684E12":294,"1.211095616E12":357,"1.211055642E12":211,"1.211071134E12":306,"1.211056362E12":219,"1.211042403E12":50,"1.211055533E12":210,"1.211061625E12":254,"1.211054633E12":198,"1.211127284E12":369,"1.211070824E12":302,"1.211041091E12":21,"1.211049536E12":124,"1.211037519E12":7,"1.211064063E12":267,"1.211063304E12":262,"1.211044921E12":75,"1.21105178E12":164,"1.211052156E12":170,"1.211071927E12":309,"1.211053309E12":178,"1.211039055E12":9,"1.211070012E12":295,"1.211070615E12":301,"1.211041836E12":35,"1.211052586E12":175,"1.211041539E12":33,"1.211068454E12":292,"1.211059714E12":239,"1.211048112E12":108,"1.211044325E12":61,"1.211048836E12":116,"1.211041375E12":28,"1.211048957E12":117,"1.211053499E12":179},"NUMBER_OF_PEOPLE":400,"minTimeSeen":1.211018404E12,