{"propagationData":{"1.211080236E12":316,"1.211078116E12":303,"1.211055652E12":112,"1.211069265E12":256,"1.211048648E12":33,"1.211060986E12":189,"1.21104928E12":38,"1.211100015E12":357,"1.211096292E12":356,"1.211051114E12":63,"1.211058983E12":163,"1.21106043E12":181,"1.211048439E12":31,"1.211067345E12":248,"1.211154954E12":379,"1.211050498E12":48,"1.211055434E12":108,"1.211090033E12":345,"1.21105383E12":86,"1.211063436E12":219,"1.211063328E12":217,"1.211025294E12":7,"1.21105759E12":144,"1.211051023E12":59,"1.211084632E12":332,"1.211055841E12":114,"1.211077357E12":299,"1.211059417E12":168,"1.211058153E12":152,"1.211085654E12":341,"1.211050727E12":51,"1.211063943E12":227,"1.21108026E12":317,"1.211049885E12":40,"1.211056571E12":125,"1.211076488E12":294,"1.211053692E12":83,"1.211128972E12":372,"1.211085105E12":337,"1.211057276E12":138,"1.211078918E12":305,"1.211060911E12":188,"1.211062539E12":208,"1.211211042E12":384,"1.211072506E12":275,"1.211065113E12":233,"1.211078736E12":304,"1.211046896E12":15,"1.211066657E12":244,"1.211060814E12":186,"1.211062387E12":207,"1.211080738E12":319,"1.211055976E12":117,"1.21105153E12":69,"1.211063923E12":226,"1.211077986E12":301,"1.211142686E12":375,"1.21105821E12":155,"1.21107148E12":270,"1.211018404E12":1,"1.211079657E12":310,"1.211059913E12":174,"1.211085102E12":336,"1.21109272E12":351,"1.211060472E12":182,"1.211054124E12":88,"1.211055204E12":104,"1.211064056E12":228,"1.211048373E12":30,"1.211061897E12":201,"1.211071526E12":271,"1.211058694E12":159,"1.211079837E12":311,"1.211084633E12":333,"1.21105957E12":170,"1.211061441E12":196,"1.211050075E12":43,"1.211055643E12":110,"1.211069759E12":260,"1.211050194E12":45,"1.211072075E12":274,"1.211061005E12":190,"1.211079266E12":308,"1.211260588E12":388,"1.211071418E12":268,"1.211055634E12":109,"1.21107052E12":263,"1.211139466E12":373,"1.211052794E12":76,"1.211085224E12":338,"1.211061262E12":193,"1.21106014E12":178,"1.211076172E12":293,"1.211057067E12":132,"1.211083929E12":330,"1.211077176E12":297,"1.211051355E12":66,"1.211054325E12":91,"1.211057284E12":139,"1.211055846E12":115,"1.211069153E12":255,"1.211062638E12":210,"1.21104821E12":29,"1.211074748E12":284,"1.2110554E12":107,"1.211058919E12":160,"1.211058535E12":157,"1.211080175E12":315,"1.21106202E12":204,"1.211022239E12":2,"1.211083276E12":328,"1.211051272E12":64,"1.211067229E12":246,"1.211061852E12":200,"1.211056132E12":118,"1.211055931E12":116,"1.211070887E12":264,"1.211061948E12":202,"1.211061028E12":191,"1.21115353E12":377,"1.211058521E12":156,"1.211055236E12":106,"1.211056812E12":131,"1.211051832E12":71,"1.211084869E12":334,"1.211060675E12":184,"1.211051098E12":62,"1.211064807E12":230,"1.211063621E12":223,"1.211080049E12":313,"1.211047674E12":22,"1.211056327E12":121,"1.211073358E12":282,"1.21107589E12":288,"1.211025106E12":6,"1.21105515E12":102,"1.21106156E12":197,"1.21117548E12":382,"1.21106631E12":241,"1.211141775E12":374,"1.211117134E12":364,"1.211046875E12":13,"1.211060036E12":176,"1.211050508E12":49,"1.211227243E12":385,"1.21107546E12":287,"1.211050953E12":55,"1.211076072E12":291,"1.211083113E12":327,"1.211057672E12":146,"1.211054726E12":96,"1.211065019E12":231,"1.211163447E12":380,"1.211055157E12":103,"1.211057951E12":151,"1.211051785E12":70,"1.211103953E12":361,"1.211103097E12":360,"1.211061671E12":198,"1.211071439E12":269,"1.211111956E12":363,"1.211024614E12":4,"1.211073015E12":278,"1.211050092E12":44,"1.21102743E12":8,"1.211046487E12":10,"1.211067936E12":251,"1.2110577E12":147,"1.211063331E12":218,"1.211075997E12":289,"1.211047062E12":16,"1.211063461E12":220,"1.211066627E12":243,"1.211081422E12":323,"1.211057481E12":142,"1.21106018E12":179,"1.211049334E12":39,"1.211050964E12":56,"1.211053495E12":80,"1.211047404E12":20,"1.211059331E12":166,"1.211053739E12":84,"1.211054971E12":100,"1.211067309E12":247,"1.211075999E12":290,"1.211053459E12":79,"1.21105494E12":97,"1.211024695E12":5,"1.211056811E12":130,"1.211056518E12":123,"1.211123053E12":366,"1.211049109E12":35,"1.211232777E12":386,"1.2110731E12":279,"1.211091309E12":348,"1.211092256E12":350,"1.21106332E12":216,"1.211066401E12":242,"1.211080153E12":314,"1.211024467E12":3,"1.211067477E12":249,"1.211146605E12":376,"1.211057819E12":149,"1.211053612E12":82,"1.21107322E12":280,"1.21105895E12":161,"1.211061437E12":195,"1.21105791E12":150,"1.211079113E12":306,"1.211051499E12":68,"1.211052644E12":74,"1.211071768E12":273,"1.211125927E12":370,"1.211057586E12":143,"1.211052127E12":72,"1.211101798E12":358,"1.211060108E12":177,"1.211052479E12":73,"1.21106169E12":199,"1.211076082E12":292,"1.211051377E12":67,"1.211061959E12":203,"1.211063539E12":222,"1.211054587E12":95,"1.21105653E12":124,"1.211048114E12":28,"1.211068549E12":254,"1.211090821E12":346,"1.211050905E12":53,"1.211063795E12":225,"1.211056621E12":127,"1.211053974E12":87,"1.211072534E12":277,"1.211050258E12":46,"1.211058194E12":154,"1.211047742E12":26,"1.211091143E12":347,"1.211071166E12":265,"1.211060351E12":180,"1.211093487E12":353,"1.211059585E12":171,"1.211053518E12":81,"1.211066135E12":240,"1.211057211E12":137,"1.211057665E12":145,"1.211062359E12":206,"1.211063675E12":224,"1.211104451E12":362,"1.211053772E12":85,"1.21105042E12":47,"1.211051289E12":65,"1.211049248E12":36,"1.211060605E12":183,"1.211054208E12":89,"1.211059411E12":167,"1.21107992E12":312,"1.211056356E12":122,"1.211077536E12":300,"1.211047071E12":17,"1.211081326E12":322,"1.211050993E12":58,"1.211059536E12":169,"1.211086805E12":342,"1.211066751E12":245,"1.21105867E12":158,"1.211057291E12":140,"1.211095374E12":355,"1.211046872E12":11,"1.211059721E12":173,"1.211046385E12":9,"1.21105565E12":111,"1.211056194E12":119,"1.211077346E12":298,"1.211047722E12":23,"1.21106594E12":239,"1.211060901E12":187,"1.211063008E12":215,"1.211154687E12":378,"1.211079127E12":307,"1.211050939E12":54,"1.211053424E12":78,"1.211049974E12":42,"1.211054305E12":90,"1.211057163E12":135,"1.211075451E12":286,"1.211083447E12":329,"1.211056727E12":128,"1.211065381E12":236,"1.211065631E12":237,"1.21105496E12":99,"1.211054586E12":94,"1.211065168E12":235,"1.211060776E12":185,"1.211049914E12":41,"1.211069517E12":259,"1.211061336E12":194,"1.211054496E12":93,"1.211069469E12":258,"1.211082039E12":326,"1.211089093E12":344,"1.211063489E12":221,"1.211093278E12":352,"1.211049277E12":37,"1.211050966E12":57,"1.211047218E12":19,"1.211119601E12":365,"1.211052782E12":75,"1.211070278E12":261,"1.211079511E12":309,"1.211058961E12":162,"1.21105522E12":105,"1.211073351E12":281,"1.21108176E12":324,"1.211259892E12":387,"1.211070465E12":262,"1.211062962E12":214,"1.211071261E12":266,"1.211080279E12":318,"1.211125859E12":369,"1.211047942E12":27,"1.211048718E12":34,"1.211057476E12":141,"1.211069461E12":257,"1.211050585E12":50,"1.211073797E12":283,"1.211068528E12":253,"1.211166017E12":381,"1.211085428E12":339,"1.211085459E12":340,"1.211081161E12":321,"1.211075361E12":285,"1.21105718E12":136,"1.211056748E12":129,"1.211071743E12":272,"1.211091368E12":349,"1.211062919E12":213,"1.211081794E12":325,"1.211054396E12":92,"1.211065782E12":238,"1.211062837E12":211,"1.211047095E12":18,"1.211059623E12":172,"1.211057069E12":133,"1.211046892E12":14,"1.21105922E12":165,"1.211054949E12":98,"1.211056612E12":126,"1.211068126E12":252,"1.211062879E12":212,"1.211058188E12":153,"1.211102545E12":359,"1.211128527E12":371,"1.2110622E12":205,"1.211085056E12":335,"1.211080945E12":320,"1.211064724E12":229,"1.211057118E12":134,"1.211048494E12":32,"1.211078095E12":302,"1.211060007E12":175,"1.211067687E12":250,"1.211072522E12":276,"1.211083978E12":331,"1.211056325E12":120,"1.211047616E12":21,"1.211123731E12":367,"1.211061061E12":192,"1.211062567E12":209,"1.211086967E12":343,"1.211051068E12":61,"1.211076567E12":295,"1.211051056E12":60,"1.211065126E12":234,"1.21105323E12":77,"1.2110509E12":52,"1.211071338E12":267,"1.211093715E12":354,"1.211055834E12":113,"1.211047736E12":25,"1.211065077E12":232,"1.21120668E12":383,"1.211057712E12":148,"1.211076709E12":296,"1.211055143E12":101,"1.211124189E12":368},"NUMBER_OF_PEOPLE":400,"minTimeSeen":1.211018404E12,