{"propagationData":{"1.211054561E12":238,"1.211089118E12":356,"1.211048521E12":164,"1.211057918E12":269,"1.211088553E12":355,"1.211038235E12":20,"1.211192751E12":384,"1.211040894E12":48,"1.211074083E12":327,"1.211042892E12":81,"1.21107172E12":317,"1.211067602E12":312,"1.211061388E12":285,"1.211104792E12":371,"1.2110403E12":39,"1.21105806E12":271,"1.211040851E12":46,"1.21104249E12":74,"1.21104354E12":90,"1.211121977E12":374,"1.211054236E12":234,"1.211039052E12":29,"1.211037888E12":10,"1.211052482E12":221,"1.211042495E12":75,"1.211066914E12":309,"1.211051079E12":209,"1.211039508E12":32,"1.211048456E12":163,"1.211072358E12":321,"1.211082037E12":336,"1.211059006E12":275,"1.211064729E12":298,"1.211038105E12":15,"1.211056728E12":258,"1.211049134E12":167,"1.211050676E12":204,"1.211047288E12":148,"1.211051956E12":216,"1.211048017E12":157,"1.211037902E12":11,"1.211044091E12":99,"1.211175731E12":383,"1.211043257E12":86,"1.211082149E12":337,"1.211046791E12":140,"1.211263365E12":389,"1.211039637E12":33,"1.211062539E12":291,"1.211141777E12":380,"1.211045505E12":122,"1.211057937E12":270,"1.211071974E12":318,"1.211019449E12":3,"1.211054457E12":237,"1.211020673E12":4,"1.211042001E12":63,"1.211071226E12":314,"1.211075116E12":328,"1.211043052E12":83,"1.211038964E12":28,"1.211057826E12":268,"1.211040258E12":37,"1.211018404E12":1,"1.211055438E12":247,"1.211038309E12":22,"1.211074036E12":326,"1.211048699E12":166,"1.211063316E12":294,"1.211084591E12":342,"1.21104931E12":172,"1.2110571E12":263,"1.211064336E12":297,"1.211237724E12":386,"1.211043967E12":96,"1.211049423E12":174,"1.211060442E12":280,"1.211056214E12":253,"1.211051064E12":208,"1.211046986E12":142,"1.211057693E12":266,"1.211050535E12":200,"1.211042073E12":66,"1.211043482E12":89,"1.211062261E12":289,"1.211055329E12":246,"1.211037974E12":14,"1.211259912E12":387,"1.211161268E12":381,"1.211042628E12":79,"1.211063118E12":293,"1.211038204E12":19,"1.211053399E12":227,"1.211073349E12":324,"1.21105119E12":211,"1.211041411E12":54,"1.211057772E12":267,"1.211044605E12":104,"1.211038849E12":26,"1.211045701E12":127,"1.211038428E12":25,"1.211042642E12":80,"1.211052789E12":225,"1.211043122E12":84,"1.211061354E12":284,"1.211049714E12":181,"1.211052329E12":219,"1.211082426E12":338,"1.211043301E12":87,"1.211055161E12":244,"1.2111251E12":375,"1.21104494E12":112,"1.211050629E12":203,"1.211056986E12":261,"1.211040578E12":42,"1.211100581E12":366,"1.211052008E12":218,"1.211140405E12":379,"1.211022708E12":7,"1.211061849E12":286,"1.211060443E12":281,"1.211084884E12":344,"1.211053448E12":228,"1.211121527E12":373,"1.211088153E12":354,"1.211049265E12":171,"1.211050517E12":199,"1.211044723E12":106,"1.211046678E12":137,"1.211049708E12":179,"1.211043978E12":97,"1.211040682E12":44,"1.211062217E12":288,"1.211042433E12":73,"1.211050466E12":198,"1.211050047E12":189,"1.21105655E12":254,"1.21120528E12":385,"1.211048366E12":161,"1.211050051E12":190,"1.211051579E12":213,"1.211087014E12":349,"1.211049766E12":185,"1.211022348E12":6,"1.211037973E12":13,"1.211099395E12":365,"1.211049754E12":183,"1.211049921E12":187,"1.211062456E12":290,"1.211050422E12":196,"1.211046413E12":135,"1.211066601E12":308,"1.211171054E12":382,"1.211050953E12":207,"1.211095426E12":360,"1.211045095E12":115,"1.211059462E12":279,"1.211048443E12":162,"1.211045101E12":116,"1.211050144E12":193,"1.211050449E12":197,"1.211047268E12":147,"1.211051573E12":212,"1.211052639E12":223,"1.211045589E12":125,"1.211066189E12":304,"1.211057449E12":265,"1.211049643E12":176,"1.21104346E12":88,"1.211042515E12":77,"1.211051947E12":215,"1.211059393E12":278,"1.211044756E12":108,"1.211068775E12":313,"1.211045787E12":129,"1.211073015E12":323,"1.211055867E12":251,"1.21105075E12":205,"1.211046813E12":141,"1.211042207E12":71,"1.211065188E12":300,"1.211045322E12":118,"1.211018892E12":2,"1.211042512E12":76,"1.211072279E12":320,"1.211043956E12":94,"1.21112563E12":376,"1.211041755E12":59,"1.21105703E12":262,"1.211041948E12":62,"1.211054412E12":235,"1.211084322E12":341,"1.211047446E12":150,"1.211044788E12":109,"1.21104514E12":117,"1.211050811E12":206,"1.211043939E12":93,"1.211049695E12":178,"1.211080822E12":333,"1.211085169E12":347,"1.211051673E12":214,"1.211059331E12":277,"1.211058879E12":273,"1.211039463E12":30,"1.211044673E12":105,"1.211041658E12":56,"1.211042517E12":78,"1.211097783E12":362,"1.21104319E12":85,"1.211044724E12":107,"1.211052536E12":222,"1.211080876E12":334,"1.211042159E12":67,"1.211054415E12":236,"1.211043959E12":95,"1.211047476E12":152,"1.211040854E12":47,"1.211117691E12":372,"1.211041433E12":55,"1.21104219E12":69,"1.211066185E12":303,"1.211047219E12":146,"1.211053958E12":232,"1.211039736E12":35,"1.211083442E12":339,"1.211090309E12":357,"1.211044329E12":101,"1.211073897E12":325,"1.211044978E12":113,"1.211037881E12":9,"1.211045504E12":121,"1.211054841E12":240,"1.211047358E12":149,"1.21104717E12":145,"1.211084603E12":343,"1.211049759E12":184,"1.21102127E12":5,"1.211072925E12":322,"1.211050539E12":201,"1.211052647E12":224,"1.211066427E12":307,"1.211094991E12":358,"1.211048181E12":159,"1.211053716E12":231,"1.211038418E12":24,"1.211041096E12":53,"1.211041059E12":52,"1.211085025E12":345,"1.211038856E12":27,"1.211043E12":82,"1.21105562E12":248,"1.211059137E12":276,"1.211054189E12":233,"1.211040287E12":38,"1.211049171E12":168,"1.211045534E12":124,"1.211045411E12":120,"1.211049539E12":175,"1.211061201E12":282,"1.211054842E12":241,"1.211084029E12":340,"1.211127934E12":377,"1.21104564E12":126,"1.21106716E12":311,"1.21105042E12":195,"1.211133598E12":378,"1.211050081E12":191,"1.211039717E12":34,"1.211043628E12":91,"1.211042303E12":72,"1.211047624E12":156,"1.211047564E12":153,"1.211077853E12":332,"1.211071414E12":315,"1.211065416E12":301,"1.211097779E12":361,"1.211049888E12":186,"1.211050129E12":192,"1.211045383E12":119,"1.211056969E12":260,"1.211049686E12":177,"1.211042011E12":64,"1.211040448E12":41,"1.211043653E12":92,"1.211038321E12":23,"1.21104762E12":155,"1.211038148E12":17,"1.21104926E12":170,"1.211045516E12":123,"1.211095063E12":359,"1.211042196E12":70,"1.211055052E12":242,"1.211066384E12":306,"1.211049974E12":188,"1.211040657E12":43,"1.211057259E12":264,"1.211047158E12":144,"1.211046321E12":134,"1.211038277E12":21,"1.211102323E12":368,"1.211044331E12":102,"1.211044936E12":111,"1.211038128E12":16,"1.21110154E12":367,"1.211046291E12":133,"1.211087321E12":351,"1.211104522E12":370,"1.211037965E12":12,"1.2110566E12":256,"1.211055164E12":245,"1.21109868E12":364,"1.211053613E12":230,"1.211081644E12":335,"1.211055733E12":250,"1.211065537E12":302,"1.211048106E12":158,"1.211047448E12":151,"1.21104674E12":139,"1.211029293E12":8,"1.211053532E12":229,"1.211042173E12":68,"1.211054713E12":239,"1.21108677E12":348,"1.211044907E12":110,"1.211062561E12":292,"1.211050608E12":202,"1.211046993E12":143,"1.211038166E12":18,"1.211088119E12":353,"1.211071462E12":316,"1.211041742E12":58,"1.211044216E12":100,"1.211041839E12":61,"1.211260597E12":388,"1.211088074E12":352,"1.211044068E12":98,"1.211062212E12":287,"1.211040698E12":45,"1.211066305E12":305,"1.211046091E12":131,"1.211067028E12":310,"1.211046161E12":132,"1.21103948E12":31,"1.211041053E12":51,"1.211055085E12":243,"1.211076393E12":330,"1.211041793E12":60,"1.211047588E12":154,"1.211040988E12":50,"1.211055704E12":249,"1.211061324E12":283,"1.211044473E12":103,"1.211045766E12":128,"1.211040348E12":40,"1.211046465E12":136,"1.211056835E12":259,"1.211048659E12":165,"1.211041664E12":57,"1.211049315E12":173,"1.211039994E12":36,"1.211056567E12":255,"1.211051154E12":210,"1.211049716E12":182,"1.211063829E12":295,"1.211076307E12":329,"1.211051969E12":217,"1.211102591E12":369,"1.211050186E12":194,"1.211052357E12":220,"1.211045037E12":114,"1.211058906E12":274,"1.211042067E12":65,"1.211065138E12":299,"1.21109816E12":363,"1.211056209E12":252,"1.211064255E12":296,"1.211046078E12":130,"1.211058872E12":272,"1.211076938E12":331,"1.211056708E12":257,"1.211072244E12":319,"1.211049711E12":180,"1.211053204E12":226,"1.211040905E12":49,"1.211085029E12":346,"1.211049212E12":169,"1.211048332E12":160,