{"propagationData":{"1.211047514E12":299,"1.2110633E12":342,"1.211036735E12":224,"1.211088164E12":370,"1.211043247E12":276,"1.211024598E12":94,"1.21103549E12":206,"1.21103019E12":143,"1.211033411E12":186,"1.211019533E12":43,"1.211056175E12":331,"1.211222409E12":385,"1.211018961E12":32,"1.211079971E12":356,"1.211023088E12":72,"1.211033461E12":188,"1.211030603E12":151,"1.211048153E12":306,"1.21101857E12":25,"1.211020399E12":52,"1.211080115E12":357,"1.211041924E12":269,"1.211025008E12":101,"1.211024912E12":98,"1.211031147E12":163,"1.211032593E12":176,"1.21105657E12":335,"1.211022894E12":67,"1.211052553E12":313,"1.211022903E12":68,"1.211041661E12":267,"1.211031279E12":167,"1.211043966E12":279,"1.211025045E12":103,"1.21103176E12":170,"1.211023153E12":74,"1.211038614E12":238,"1.21110583E12":376,"1.211084302E12":363,"1.211035073E12":198,"1.211045106E12":285,"1.211038344E12":235,"1.211041117E12":260,"1.211018567E12":24,"1.211045771E12":291,"1.211031131E12":161,"1.211065261E12":344,"1.211024929E12":99,"1.211022503E12":60,"1.211026106E12":112,"1.211042152E12":270,"1.21103179E12":171,"1.211032396E12":175,"1.211022658E12":62,"1.211031755E12":168,"1.211018981E12":33,"1.211038626E12":239,"1.211039491E12":245,"1.211046438E12":295,"1.211044578E12":282,"1.211026082E12":110,"1.21103357E12":189,"1.211055736E12":327,"1.211047926E12":303,"1.211040446E12":248,"1.211035833E12":209,"1.211034812E12":193,"1.211032634E12":178,"1.211030296E12":145,"1.21104334E12":277,"1.211022337E12":57,"1.21102501E12":102,"1.211036569E12":219,"1.21101966E12":47,"1.211026217E12":114,"1.211024243E12":90,"1.211026957E12":121,"1.211034819E12":195,"1.211023879E12":85,"1.211085078E12":364,"1.211127557E12":377,"1.211053847E12":318,"1.211041155E12":262,"1.211018955E12":30,"1.211047453E12":298,"1.211075582E12":352,"1.211030131E12":141,"1.211082138E12":361,"1.211020759E12":55,"1.21114177E12":383,"1.21108183E12":360,"1.211057334E12":337,"1.211033162E12":181,"1.211027463E12":128,"1.211143335E12":384,"1.211056536E12":334,"1.211042409E12":275,"1.211128972E12":378,"1.211024043E12":88,"1.211087931E12":369,"1.211023865E12":84,"1.211023421E12":79,"1.211035402E12":201,"1.21101902E12":37,"1.211046005E12":292,"1.211018406E12":8,"1.211040819E12":256,"1.211045204E12":287,"1.211024449E12":92,"1.2110406E12":251,"1.211023502E12":81,"1.21103358E12":190,"1.211036512E12":216,"1.211026871E12":120,"1.211031161E12":164,"1.211035471E12":204,"1.211023147E12":73,"1.211040946E12":259,"1.211042263E12":272,"1.211040687E12":253,"1.21102698E12":123,"1.211026965E12":122,"1.211065187E12":343,"1.211047615E12":300,"1.211033449E12":187,"1.211079967E12":355,"1.21104731E12":297,"1.211267966E12":388,"1.211018571E12":26,"1.211028869E12":138,"1.211038684E12":240,"1.211050956E12":308,"1.211038977E12":242,"1.211025622E12":108,"1.211040943E12":258,"1.211071003E12":351,"1.211036549E12":217,"1.211030803E12":157,"1.211024714E12":97,"1.211019541E12":44,"1.211031272E12":165,"1.211052405E12":312,"1.211060339E12":340,"1.21103869E12":241,"1.211037196E12":225,"1.211035874E12":210,"1.211019088E12":40,"1.211018404E12":7,"1.211030819E12":158,"1.21102757E12":131,"1.211049812E12":307,"1.211028518E12":134,"1.211060141E12":339,"1.211052764E12":314,"1.211023433E12":80,"1.211018958E12":31,"1.211054124E12":320,"1.211133995E12":380,"1.211045182E12":286,"1.211026578E12":117,"1.211056328E12":333,"1.211019049E12":38,"1.2110255E12":107,"1.211019699E12":48,"1.211020568E12":53,"1.211031792E12":172,"1.211022556E12":61,"1.211030926E12":160,"1.211089304E12":371,"1.211042366E12":274,"1.21102713E12":125,"1.21126059E12":387,"1.211077525E12":354,"1.211039503E12":246,"1.2110546E12":323,"1.211026856E12":119,"1.211058562E12":338,"1.211019099E12":41,"1.211026402E12":115,"1.211055059E12":326,"1.211023203E12":76,"1.211032355E12":173,"1.211041138E12":261,"1.211026626E12":118,"1.211027475E12":129,"1.211035916E12":211,"1.211129496E12":379,"1.211022965E12":71,"1.211019077E12":39,"1.211104381E12":375,"1.211054602E12":324,"1.211086597E12":368,"1.211018506E12":19,"1.211039124E12":243,"1.211046075E12":293,"1.211044962E12":284,"1.211018421E12":14,"1.211018424E12":16,"1.211035008E12":196,"1.211024125E12":89,"1.211018511E12":20,"1.21101958E12":46,"1.211040725E12":255,"1.211026089E12":111,"1.211032619E12":177,"1.211037213E12":226,"1.211033345E12":185,"1.211036063E12":213,"1.211035792E12":208,"1.211025625E12":109,"1.211030321E12":147,"1.211030393E12":148,"1.211038378E12":236,"1.211033147E12":180,"1.211041349E12":263,"1.211038061E12":233,"1.211085104E12":365,"1.21103637E12":215,"1.211025251E12":106,"1.211095526E12":373,"1.211024973E12":100,"1.211018566E12":22,"1.21102446E12":93,"1.211030624E12":152,"1.211023542E12":82,"1.211028854E12":136,"1.21103536E12":200,"1.211022733E12":65,"1.211033305E12":182,"1.211018932E12":29,"1.211298414E12":389,"1.211036607E12":221,"1.21102388E12":86,"1.211027075E12":124,"1.211095552E12":374,"1.211022708E12":63,"1.211053802E12":317,"1.211138263E12":382,"1.211034545E12":192,"1.21104565E12":289,"1.211030899E12":159,"1.211044907E12":283,"1.211068837E12":348,"1.211030197E12":144,"1.211033332E12":184,"1.211060349E12":341,"1.211023379E12":77,"1.21102275E12":66,"1.211028889E12":139,"1.211069501E12":350,"1.211030683E12":154,"1.211039281E12":244,"1.211053298E12":316,"1.21101852E12":21,"1.211036206E12":214,"1.211018798E12":28,"1.211082155E12":362,"1.211055869E12":330,"1.211045289E12":288,"1.211041858E12":268,"1.211136389E12":381,"1.211022713E12":64,"1.211025108E12":105,"1.211020594E12":54,"1.211224401E12":386,"1.21103281E12":179,"1.21103841E12":237,"1.211030674E12":153,"1.211046334E12":294,"1.21102296E12":70,"1.211027194E12":126,"1.211067965E12":347,"1.211075659E12":353,"1.211035458E12":203,"1.211036618E12":222,"1.211025068E12":104,"1.211023386E12":78,"1.211051959E12":310,"1.211023628E12":83,"1.211038239E12":234,"1.211042352E12":273,"1.21104062E12":252,"1.211037235E12":227,"1.211030726E12":156,"1.211019553E12":45,"1.211047895E12":302,"1.211044036E12":280,"1.211035949E12":212,"1.211018989E12":35,"1.211032393E12":174,"1.211022926E12":69,"1.211026143E12":113,"1.211035346E12":199,"1.211033595E12":191,"1.211056726E12":336,"1.211043848E12":278,"1.211030136E12":142,"1.211037783E12":232,"1.211034816E12":194,"1.21104815E12":305,"1.211056297E12":332,"1.211022056E12":56,"1.211029494E12":140,"1.211041499E12":266,"1.211046547E12":296,"1.211030306E12":146,"1.211035405E12":202,"1.211042253E12":271,"1.211022413E12":59,"1.211028862E12":137,"1.211054594E12":322,"1.211024628E12":95,"1.211055793E12":328,"1.211028422E12":133,"1.211031757E12":169,"1.211047954E12":304,"1.211051998E12":311,"1.211054003E12":319,"1.211035017E12":197,"1.211037581E12":231,"1.211018986E12":34,"1.211086369E12":367,"1.211069481E12":349,"1.211040717E12":254,"1.211018992E12":36,"1.211067293E12":346,"1.211035626E12":207,"1.21101842E12":13,"1.211026558E12":116,"1.211044154E12":281,"1.211018422E12":15,"1.211027562E12":130,"1.21108016E12":358,"1.211066085E12":345,"1.211027261E12":127,"1.21105302E12":315,"1.21102028E12":50,"1.211080194E12":359,"1.211030686E12":155,"1.21102466E12":96,"1.211020297E12":51,"1.211031134E12":162,"1.211037569E12":230,"1.211018436E12":17,"1.211024424E12":91,"1.211045713E12":290,"1.211041381E12":264,"1.211040868E12":257,"1.21102394E12":87,"1.211040519E12":249,"1.211041418E12":265,"1.211085245E12":366,"1.211020244E12":49,"1.211039506E12":247,"1.211047861E12":301,"1.211036719E12":223,"1.211031274E12":166,"1.211037374E12":229,"1.211055852E12":329,"1.211036586E12":220,"1.211022391E12":58,"1.211054556E12":321,"1.211018407E12":12,"1.21101952E12":42,"1.211040587E12":250,"1.211036566E12":218,"1.211028269E12":132,"1.211035485E12":205,"1.211037333E12":228,"1.211030575E12":149,"1.21105478E12":325,"1.211018492E12":18,"1.21102875E12":135,"1.211030587E12":150,"1.21105147E12":309,"1.211094911E12":372},"NUMBER_OF_PEOPLE":400,"minTimeSeen":1.211018404E12,"maxTimeSeen":1.211558405E12,"NEIGHBORHOOD_RADIUS":20.0,"ENCOUNTER_CHANCE":0.05,"priority":1.0,"duration":540001.0,"minutesDuration":9000.016666666666,