{"propagationData":{"1.211132569E12":22,"1.211205424E12":25,"1.211131895E12":14,"1.211253009E12":37,"1.211132547E12":20,"1.211211628E12":28,"1.211325454E12":57,"1.211325031E12":53,"1.211309229E12":45,"1.211242331E12":34,"1.211132536E12":18,"1.211252779E12":35,"1.211307928E12":41,"1.211049538E12":2,"1.211321544E12":48,"1.211325488E12":58,"1.21113273E12":23,"1.211325023E12":52,"1.211090128E12":9,"1.211286258E12":39,"1.211307991E12":42,"1.211292233E12":40,"1.211325048E12":54,"1.211309197E12":44,"1.211211748E12":30,"1.211325167E12":56,"1.211211227E12":27,"1.211323978E12":51,"1.2112643E12":38,"1.211098931E12":11,"1.211252944E12":36,"1.211097453E12":10,"1.211086812E12":6,"1.211204884E12":24,"1.211325694E12":59,"1.211101166E12":13,"1.211132286E12":16,"1.211132267E12":15,"1.211132542E12":19,"1.211018404E12":1,"1.211099464E12":12,"1.211308045E12":43,"1.21108335E12":5,"1.21124231E12":33,"1.21108993E12":8,"1.211069569E12":4,"1.211132566E12":21,"1.211345967E12":60,"1.211211856E12":31,"1.211323897E12":50,"1.211132292E12":17,"1.21132516E12":55,"1.211321839E12":49,"1.211312605E12":46,"1.211060152E12":3,"1.211321414E12":47,"1.211088879E12":7,"1.211211724E12":29,"1.21120653E12":26,"1.2112121E12":32},"NUMBER_OF_PEOPLE":400,"minTimeSeen":1.211018404E12,"maxTimeSeen":1.211558405E12,"NEIGHBORHOOD_RADIUS":20.0,"ENCOUNTER_CHANCE":0.05,"priority":1.0,"duration":540001.0,"minutesDuration":9000.016666666666,"hoursDuration":150.00027777777777,"daysDuration":6.250011574074073}
