{"propagationData":{"1.211178582E12":169,"1.211170729E12":58,"1.211174859E12":129,"1.211183159E12":202,"1.211170964E12":62,"1.211167869E12":21,"1.211172688E12":97,"1.211175002E12":134,"1.211176054E12":147,"1.211178421E12":167,"1.211202094E12":251,"1.211171573E12":73,"1.211243541E12":361,"1.211180631E12":186,"1.211174367E12":120,"1.211168173E12":24,"1.211186418E12":220,"1.211185689E12":216,"1.211298626E12":383,"1.211178004E12":161,"1.211180333E12":185,"1.211186001E12":217,"1.211200186E12":243,"1.211170294E12":52,"1.211178897E12":174,"1.211276758E12":379,"1.211173335E12":106,"1.211180027E12":183,"1.211171811E12":78,"1.211181035E12":189,"1.211219847E12":311,"1.211248792E12":367,"1.211172448E12":92,"1.211202306E12":254,"1.211169326E12":38,"1.211188186E12":226,"1.211167613E12":19,"1.211203379E12":258,"1.21123339E12":342,"1.211229783E12":335,"1.211218135E12":306,"1.211204304E12":260,"1.211200292E12":245,"1.211174508E12":126,"1.211192342E12":232,"1.211170182E12":49,"1.211181508E12":192,"1.211169131E12":31,"1.211289331E12":381,"1.211251005E12":369,"1.211212622E12":290,"1.211171351E12":68,"1.211171007E12":63,"1.211205362E12":266,"1.211215178E12":298,"1.211171233E12":67,"1.211227728E12":329,"1.211174451E12":123,"1.211225614E12":324,"1.211211654E12":287,"1.211175393E12":138,"1.211219102E12":309,"1.211172083E12":85,"1.211178615E12":171,"1.211174445E12":122,"1.211229186E12":331,"1.211292031E12":382,"1.211182389E12":196,"1.211169115E12":27,"1.21118508E12":214,"1.21116912E12":28,"1.211238816E12":357,"1.211171808E12":77,"1.211229032E12":330,"1.211209031E12":281,"1.211234198E12":346,"1.21117576E12":143,"1.211166805E12":16,"1.211182151E12":194,"1.211174485E12":125,"1.211200894E12":248,"1.211237406E12":352,"1.211208583E12":278,"1.211169166E12":35,"1.211200366E12":246,"1.211174468E12":124,"1.211172508E12":95,"1.211245668E12":364,"1.211212675E12":292,"1.211217192E12":304,"1.211164597E12":10,"1.211170045E12":45,"1.21118521E12":215,"1.211191542E12":230,"1.211170009E12":44,"1.211183338E12":206,"1.211175791E12":144,"1.211187941E12":225,"1.211164125E12":8,"1.211175695E12":142,"1.211211618E12":286,"1.211173843E12":112,"1.21123287E12":340,"1.211204201E12":259,"1.211172145E12":87,"1.211169125E12":29,"1.211182803E12":201,"1.21117355E12":107,"1.211186065E12":218,"1.211209022E12":280,"1.211171484E12":71,"1.211202264E12":252,"1.211173311E12":103,"1.211168292E12":25,"1.211176213E12":148,"1.211229649E12":332,"1.211170357E12":54,"1.211276611E12":378,"1.211202279E12":253,"1.211187283E12":223,"1.211207119E12":273,"1.21125295E12":371,"1.211173249E12":102,"1.211174716E12":127,"1.211215712E12":300,"1.211169134E12":32,"1.21117914E12":176,"1.211214456E12":297,"1.211169484E12":40,"1.211195924E12":236,"1.211161352E12":4,"1.211179418E12":179,"1.211173651E12":109,"1.211175858E12":145,"1.211178904E12":175,"1.211257368E12":373,"1.211220423E12":314,"1.2111788E12":173,"1.211172723E12":98,"1.211169145E12":33,"1.211202675E12":256,"1.21116684E12":17,"1.21116508E12":12,"1.211170736E12":59,"1.211174861E12":131,"1.211207951E12":276,"1.211172603E12":96,"1.211176721E12":150,"1.211173893E12":116,"1.21122218E12":317,"1.21117529E12":137,"1.211173555E12":108,"1.211310834E12":384,"1.211218179E12":307,"1.211173768E12":111,"1.211207298E12":275,"1.211181198E12":190,"1.211175E12":133,"1.211242358E12":360,"1.211165929E12":14,"1.211018404E12":1,"1.211176798E12":151,"1.211233467E12":343,"1.211172059E12":84,"1.211287499E12":380,"1.211169396E12":39,"1.211229774E12":334,"1.211214359E12":296,"1.211170921E12":61,"1.211165356E12":13,"1.211217661E12":305,"1.211204644E12":261,"1.211171913E12":82,"1.211186173E12":219,"1.21117035E12":53,"1.211170863E12":60,"1.21121268E12":293,"1.211206011E12":269,"1.211192141E12":231,"1.211224379E12":322,"1.211220066E12":313,"1.211172454E12":93,"1.211179619E12":181,"1.211179507E12":180,"1.211167665E12":20,"1.211205713E12":267,"1.211183339E12":207,"1.211164566E12":9,"1.211174409E12":121,"1.211230548E12":336,"1.21122538E12":323,"1.21117013E12":47,"1.211183277E12":205,"1.211168893E12":26,"1.211175098E12":135,"1.2112096E12":283,"1.21118257E12":198,"1.211177278E12":155,"1.211171205E12":66,"1.21117836E12":165,"1.211200254E12":244,"1.211029709E12":2,"1.2112064E12":272,"1.211182608E12":199,"1.211178008E12":162,"1.211226144E12":327,"1.211238814E12":356,"1.211213189E12":294,"1.211198295E12":238,"1.211208711E12":279,"1.211174155E12":119,"1.211173875E12":115,"1.211171968E12":83,"1.21123768E12":354,"1.211234202E12":347,"1.211166929E12":18,"1.211173325E12":105,"1.211177654E12":160,"1.211212645E12":291,"1.211171544E12":72,"1.211178075E12":163,"1.211211732E12":288,"1.211172296E12":89,"1.211164854E12":11,"1.211163987E12":7,"1.211232971E12":341,"1.211205277E12":265,"1.211183939E12":211,"1.211187455E12":224,"1.211206237E12":271,"1.211172758E12":100,"1.211179282E12":177,"1.211233986E12":345,"1.211173235E12":101,"1.211184966E12":213,"1.211186754E12":222,"1.211160704E12":3,"1.211243627E12":362,"1.211222257E12":318,"1.211204819E12":262,"1.211186576E12":221,"1.21117018E12":48,"1.211231913E12":338,"1.211170428E12":56,"1.21119582E12":235,"1.211190155E12":229,"1.211169624E12":43,"1.211245905E12":365,"1.211202467E12":255,"1.211212237E12":289,"1.211216578E12":303,"1.211169129E12":30,"1.211178549E12":168,"1.211183537E12":209,"1.211171842E12":80,"1.211182443E12":197,"1.211173975E12":117,"1.211247211E12":366,"1.211240914E12":359,"1.211171399E12":69,"1.211181215E12":191,"1.21117486E12":130,"1.211180687E12":188,"1.211171445E12":70,"1.211171693E12":74,"1.211171827E12":79,"1.211173318E12":104,"1.211180286E12":184,"1.211229707E12":333,"1.211201867E12":250,"1.211171804E12":76,"1.211239023E12":358,"1.211207265E12":274,"1.211266048E12":376,"1.211249383E12":368,"1.211203116E12":257,"1.211172156E12":88,"1.211235067E12":349,"1.211176983E12":153,"1.211175161E12":136,"1.211211609E12":285,"1.211237779E12":355,"1.21120518E12":264,"1.211162284E12":5,"1.211173728E12":110,"1.21121911E12":310,"1.211172463E12":94,"1.211197993E12":237,"1.211172143E12":86,"1.211175934E12":146,"1.211236546E12":351,"1.211183561E12":210,"1.211205779E12":268,"1.211221055E12":316,"1.211245144E12":363,"1.211232409E12":339,"1.211173856E12":113,"1.211174865E12":132,"1.2111701E12":46,"1.21117711E12":154,"1.211183259E12":204,"1.211175612E12":141,"1.211178727E12":172,"1.211166392E12":15,"1.211172731E12":99,"1.211174807E12":128,"1.211183225E12":203,"1.211176602E12":149,"1.211273957E12":377,"1.211177284E12":156,"1.211198775E12":239,"1.211218615E12":308,"1.211169531E12":41,"1.211326668E12":386,"1.211178414E12":166,"1.21117549E12":139,"1.211172415E12":91,"1.211200178E12":242,"1.211192808E12":233,"1.211257134E12":372,"1.211252805E12":370,"1.211260625E12":374,"1.211200034E12":240,"1.211222378E12":319,"1.211200053E12":241,"1.211208581E12":277,"1.211264096E12":375,"1.211234292E12":348,"1.211194709E12":234,"1.211170368E12":55,"1.211227405E12":328,"1.211163088E12":6,"1.211174083E12":118,"1.211200487E12":247,"1.2111769E12":152,"1.211182295E12":195,"1.211170187E12":50,"1.211177354E12":158,"1.211201508E12":249,"1.2111719E12":81,"1.211324967E12":385,"1.211181772E12":193,"1.211216071E12":302,"1.211177518E12":159,"1.211225662E12":325,"1.211169572E12":42,"1.211173873E12":114,"1.211220745E12":315,"1.211215759E12":301,"1.2112049E12":263,"1.211209217E12":282,"1.211188544E12":228,"1.21117113E12":64,"1.211225761E12":326,"1.211177346E12":157,"1.211168045E12":23,"1.211184024E12":212,"1.211236477E12":350,"1.211222817E12":320,"1.211179883E12":182,"1.211171181E12":65,"1.211188365E12":227,"1.211209884E12":284,"1.211172323E12":90,"1.211169146E12":34,"1.21116917E12":36,"1.21117859E12":170,"1.211219858E12":312,"1.211169294E12":37,"1.211233776E12":344,"1.211213382E12":295,"1.211223321E12":321,"1.211178149E12":164,"1.211215242E12":299,"1.211167902E12":22,"1.211182765E12":200,"1.211170265E12":51,"1.211231014E12":337,"1.211180647E12":187,"1.211171754E12":75,"1.211179294E12":178,"1.21123752E12":353,"1.211183487E12":208,"1.211170725E12":57},"NUMBER_OF_PEOPLE":400,"minTimeSeen":1.211018404E12,