{"propagationData":{"1.211040848E12":20,"1.211042026E12":28,"1.211055449E12":91,"1.211054782E12":86,"1.211047447E12":58,"1.211052434E12":74,"1.211051159E12":70,"1.211059656E12":129,"1.211057482E12":113,"1.211071498E12":163,"1.211033422E12":14,"1.21108876E12":191,"1.211040821E12":19,"1.211139909E12":214,"1.211088847E12":195,"1.211203986E12":227,"1.211058425E12":122,"1.21113679E12":209,"1.21104758E12":60,"1.211042029E12":29,"1.211074945E12":165,"1.211051883E12":73,"1.211047962E12":63,"1.211033709E12":15,"1.211027432E12":11,"1.211136814E12":210,"1.211059003E12":125,"1.211087991E12":186,"1.211085771E12":185,"1.211041262E12":21,"1.211061065E12":138,"1.211052956E12":76,"1.211154142E12":216,"1.211035898E12":16,"1.211056935E12":102,"1.211078639E12":175,"1.211201819E12":225,"1.211045404E12":45,"1.211062263E12":144,"1.211054756E12":84,"1.211044082E12":37,"1.21103189E12":12,"1.211053442E12":77,"1.211048563E12":66,"1.211059483E12":126,"1.211056954E12":103,"1.211057138E12":106,"1.211060944E12":134,"1.211057716E12":116,"1.21105523E12":87,"1.211062048E12":141,"1.211056784E12":101,"1.211018889E12":2,"1.211041829E12":26,"1.211055653E12":99,"1.211088828E12":192,"1.211159629E12":223,"1.211055458E12":92,"1.2110479E12":62,"1.211046639E12":54,"1.211059605E12":127,"1.211036239E12":17,"1.211055445E12":90,"1.211063817E12":149,"1.211093076E12":196,"1.211057486E12":114,"1.211020698E12":4,"1.211045105E12":40,"1.211061009E12":137,"1.211076672E12":170,"1.211057409E12":112,"1.211078671E12":177,"1.211063788E12":148,"1.211066864E12":158,"1.211085766E12":184,"1.211088504E12":189,"1.211046537E12":53,"1.211054502E12":81,"1.211045918E12":49,"1.211044084E12":38,"1.211139585E12":213,"1.2111171E12":204,"1.211036336E12":18,"1.211084203E12":179,"1.211159222E12":218,"1.211058324E12":121,"1.211057211E12":110,"1.211055621E12":96,"1.211202031E12":226,"1.211047199E12":55,"1.211041569E12":25,"1.211051805E12":71,"1.211018404E12":1,"1.211043413E12":33,"1.21109833E12":198,"1.211057782E12":117,"1.211064232E12":150,"1.211065122E12":156,"1.211060831E12":133,"1.211042499E12":32,"1.211139915E12":215,"1.211043947E12":35,"1.211058141E12":119,"1.211077401E12":172,"1.211045383E12":43,"1.21113677E12":208,"1.21105565E12":98,"1.211071487E12":162,"1.211059622E12":128,"1.21104517E12":42,"1.211076649E12":169,"1.211042496E12":31,"1.211057095E12":104,"1.211044224E12":39,"1.211117048E12":203,"1.211076465E12":167,"1.211062152E12":142,"1.211041493E12":24,"1.211026218E12":8,"1.211060826E12":132,"1.211045169E12":41,"1.211062372E12":146,"1.21107495E12":166,"1.211088832E12":193,"1.211201805E12":224,"1.211061119E12":140,"1.211063755E12":147,"1.211066957E12":159,"1.211060989E12":136,"1.211100532E12":200,"1.21104738E12":57,"1.211078567E12":173,"1.211041428E12":22,"1.211046464E12":51,"1.211057147E12":107,"1.211084513E12":180,"1.211045438E12":47,"1.211053523E12":78,"1.211025322E12":7,"1.211074767E12":164,"1.211026819E12":10,"1.211057181E12":108,"1.211043862E12":34,"1.211078646E12":176,"1.211054766E12":85,"1.211047206E12":56,"1.211044052E12":36,"1.211046533E12":52,"1.211058235E12":120,"1.211085027E12":181,"1.211080134E12":178,"1.211055412E12":88,"1.211115729E12":202,"1.211088522E12":190,"1.211159355E12":220,"1.211047794E12":61,"1.211068308E12":161,"1.211204204E12":228,"1.211056775E12":100,"1.211061107E12":139,"1.211139525E12":212,"1.211051854E12":72,"1.211095524E12":197,"1.211045435E12":46,"1.211045394E12":44,"1.211154283E12":217,"1.211135517E12":206,"1.211055476E12":93,"1.21109834E12":199,"1.211054577E12":83,"1.211064438E12":154,"1.211058885E12":124,"1.211159409E12":221,"1.211057183E12":109,"1.211041833E12":27,"1.211054572E12":82,"1.211060987E12":135,"1.211049303E12":67,"1.211054497E12":80,"1.211048237E12":65,"1.21108523E12":183,"1.211064329E12":151,"1.211057559E12":115,"1.21108814E12":187,"1.21104754E12":59,"1.211065121E12":155,"1.211085221E12":182,"1.211135668E12":207,"1.211057222E12":111,"1.211041485E12":23,"1.211032122E12":13,"1.211064342E12":153,"1.211057106E12":105,"1.211024755E12":6,"1.211137104E12":211,"1.211055607E12":95,"1.211026253E12":9,"1.211060817E12":131,"1.211054359E12":79,"1.211101859E12":201,"1.211066762E12":157,"1.211076573E12":168,"1.211045477E12":48,"1.211062162E12":143,"1.211088841E12":194,"1.211062351E12":145,"1.211059705E12":130,"1.211159489E12":222,"1.211055642E12":97,"1.211078584E12":174,"1.211055441E12":89,"1.211020097E12":3,"1.211042447E12":30,"1.211068265E12":160,"1.21105114E12":69,"1.211058878E12":123,"1.211055569E12":94,"1.21106434E12":152,"1.211159228E12":219,"1.211049309E12":68,"1.211048113E12":64,"1.211021735E12":5,"1.211058096E12":118,"1.211077276E12":171,"1.211133609E12":205},"NUMBER_OF_PEOPLE":400,"minTimeSeen":1.211018404E12,"maxTimeSeen":1.211558405E12,"NEIGHBORHOOD_RADIUS":20.0,"ENCOUNTER_CHANCE":0.05,"priority":1.0,"duration":540001.0,"minutesDuration":9000.016666666666,"hoursDuration":150.00027777777777,"daysDuration":6.250011574074073}
