{"propagationData":{"1.211035044E12":141,"1.21109804E12":314,"1.211031173E12":92,"1.211037825E12":172,"1.211043896E12":226,"1.211021024E12":53,"1.211023472E12":58,"1.211045141E12":233,"1.211026368E12":74,"1.211025301E12":66,"1.211018734E12":42,"1.21103722E12":161,"1.211050652E12":277,"1.211050189E12":275,"1.211057471E12":285,"1.211035363E12":147,"1.211038466E12":178,"1.211030474E12":88,"1.211160095E12":322,"1.21101857E12":39,"1.211031787E12":94,"1.211038525E12":180,"1.211067944E12":303,"1.211038302E12":175,"1.211144835E12":319,"1.211047286E12":261,"1.211032957E12":119,"1.211041689E12":212,"1.211026705E12":78,"1.211066057E12":297,"1.211048938E12":270,"1.211025199E12":65,"1.211032744E12":113,"1.211034031E12":133,"1.211018556E12":36,"1.211032128E12":97,"1.21103725E12":162,"1.21103787E12":173,"1.211038614E12":181,"1.211045714E12":241,"1.211037317E12":165,"1.211040344E12":198,"1.211025493E12":68,"1.211018423E12":16,"1.211039992E12":192,"1.211045771E12":243,"1.21103292E12":117,"1.211047284E12":260,"1.211032732E12":111,"1.211036526E12":150,"1.211066725E12":299,"1.211064884E12":294,"1.211042495E12":220,"1.211037152E12":160,"1.211018412E12":14,"1.211050628E12":276,"1.211060206E12":289,"1.211046902E12":256,"1.211034207E12":137,"1.211040866E12":209,"1.211047094E12":258,"1.211085063E12":310,"1.211048761E12":269,"1.211040768E12":204,"1.21101844E12":24,"1.211032454E12":107,"1.211032519E12":109,"1.211032451E12":106,"1.211064844E12":293,"1.211018713E12":41,"1.211032373E12":101,"1.211093797E12":312,"1.211044016E12":227,"1.211071133E12":306,"1.211033554E12":129,"1.211136143E12":315,"1.211048202E12":266,"1.21103605E12":148,"1.211064277E12":290,"1.211018459E12":26,"1.211032947E12":118,"1.211035085E12":143,"1.211164199E12":323,"1.211046005E12":245,"1.211047427E12":262,"1.211041701E12":213,"1.211040606E12":203,"1.211018406E12":10,"1.211018428E12":18,"1.211143918E12":318,"1.211028587E12":82,"1.211071473E12":308,"1.211040004E12":193,"1.211018479E12":27,"1.211048688E12":267,"1.211045399E12":236,"1.211164669E12":324,"1.211038274E12":174,"1.211047699E12":263,"1.211044175E12":229,"1.211019613E12":52,"1.211046871E12":255,"1.211036762E12":156,"1.211050677E12":279,"1.211044132E12":228,"1.211042351E12":218,"1.211018562E12":37,"1.211025917E12":70,"1.211050711E12":280,"1.211019531E12":50,"1.21103852E12":179,"1.211032113E12":96,"1.211176072E12":326,"1.211049178E12":271,"1.211031547E12":93,"1.211026062E12":72,"1.211037624E12":170,"1.211018555E12":35,"1.211034784E12":139,"1.211038667E12":183,"1.211039074E12":186,"1.211033496E12":126,"1.21102667E12":77,"1.211023543E12":59,"1.21105097E12":282,"1.211018404E12":7,"1.211046632E12":250,"1.211032348E12":98,"1.21102649E12":76,"1.211046165E12":249,"1.21104209E12":215,"1.211037252E12":164,"1.211159433E12":320,"1.211064715E12":292,"1.21103377E12":130,"1.211032431E12":105,"1.211036667E12":152,"1.211042598E12":223,"1.21114304E12":317,"1.211047802E12":264,"1.211034019E12":132,"1.211018521E12":31,"1.211018429E12":20,"1.211174443E12":325,"1.21104171E12":214,"1.211057847E12":288,"1.211040213E12":195,"1.211018531E12":32,"1.211036507E12":149,"1.211037109E12":158,"1.211029802E12":86,"1.211026402E12":75,"1.211040776E12":205,"1.211036683E12":154,"1.211085503E12":311,"1.211030708E12":91,"1.211029359E12":84,"1.211026145E12":73,"1.211037568E12":167,"1.211042538E12":221,"1.211040797E12":206,"1.211033445E12":125,"1.211045648E12":240,"1.211032857E12":116,"1.211067711E12":300,"1.211037114E12":159,"1.211018408E12":13,"1.211042114E12":216,"1.211023649E12":60,"1.211037251E12":163,"1.211028646E12":83,"1.211068754E12":304,"1.211039557E12":190,"1.21101874E12":43,"1.211032387E12":103,"1.211024669E12":61,"1.211067872E12":302,"1.211057777E12":287,"1.211033147E12":122,"1.211034051E12":134,"1.211032733E12":112,"1.211036654E12":151,"1.211037068E12":157,"1.211136145E12":316,"1.211049944E12":274,"1.211033014E12":121,"1.211018566E12":38,"1.211046032E12":247,"1.211045731E12":242,"1.211039436E12":188,"1.211042541E12":222,"1.21104047E12":201,"1.211027016E12":79,"1.21103351E12":127,"1.211036722E12":155,"1.211018434E12":21,"1.21103239E12":104,"1.211044461E12":230,"1.211033153E12":123,"1.211047278E12":259,"1.211042436E12":219,"1.2110455E12":239,"1.21106887E12":305,"1.211057744E12":286,"1.211034204E12":136,"1.211254544E12":330,"1.211034215E12":138,"1.21104088E12":210,"1.211037606E12":169,"1.211033342E12":124,"1.211050664E12":278,"1.211034088E12":135,"1.211037628E12":171,"1.211040513E12":202,"1.211047821E12":265,"1.21104036E12":200,"1.211032836E12":115,"1.211047003E12":257,"1.211043849E12":224,"1.211029606E12":85,"1.211019459E12":49,"1.211032384E12":102,"1.211048754E12":268,"1.211035209E12":145,"1.211046034E12":248,"1.211018513E12":29,"1.211044857E12":231,"1.211018437E12":23,"1.211071583E12":309,"1.21103063E12":90,"1.211049544E12":273,"1.211040345E12":199,"1.211024879E12":62,"1.211038322E12":176,"1.211039495E12":189,"1.211038644E12":182,"1.211046765E12":253,"1.211071146E12":307,"1.211160012E12":321,"1.211025488E12":67,"1.211022505E12":54,"1.211057307E12":284,"1.211050758E12":281,"1.211045948E12":244,"1.211035324E12":146,"1.2110653E12":295,"1.211045293E12":234,"1.211046717E12":252,"1.211022629E12":55,"1.211040238E12":196,"1.211025883E12":69,"1.211018552E12":34,"1.21103387E12":131,"1.211039668E12":191,"1.211045414E12":237,"1.211032627E12":110,"1.211018443E12":25,"1.211019405E12":46,"1.211067839E12":301,"1.211049371E12":272,"1.211094738E12":313,"1.21103283E12":114,"1.211018671E12":40,"1.21101842E12":15,"1.211046008E12":246,"1.211018532E12":33,"1.21103208E12":95,"1.211019574E12":51,"1.21125455E12":331,"1.211248428E12":328,"1.211022749E12":57,"1.211032999E12":120,"1.211065405E12":296,"1.211057275E12":283,"1.211035202E12":144,"1.211036673E12":153,"1.211038766E12":184,"1.211043885E12":225,"1.211018495E12":28,"1.21104531E12":235,"1.211025151E12":64,"1.21101944E12":47,"1.211040799E12":207,"1.211066319E12":298,"1.211033533E12":128,"1.211037569E12":168,"1.211032462E12":108,"1.211040889E12":211,"1.21124664E12":327,"1.211025076E12":63,"1.211027349E12":80,"1.21103507E12":142,"1.211037351E12":166,"1.2112485E12":329,"1.211045479E12":238,"1.21103237E12":99,"1.211030161E12":87,"1.211027775E12":81,"1.211034795E12":140,"1.211039055E12":185,"1.211025946E12":71,"1.211038405E12":177,"1.21104222E12":217,"1.211022632E12":56,"1.211064645E12":291,"1.211018407E12":12,"1.211018744E12":44,"1.211045086E12":232,"1.211030503E12":89,"1.211019068E12":45,"1.211040333E12":197,"1.211046714E12":251},"NUMBER_OF_PEOPLE":400,"minTimeSeen":1.211018404E12,"maxTimeSeen":1.211558405E12,"NEIGHBORHOOD_RADIUS":20.0,"ENCOUNTER_CHANCE":0.05,"priority":1.0,"duration":540001.0,"minutesDuration":9000.016666666666,"hoursDuration":150.00027777777777,"daysDuration":6.250011574074073}
