{"propagationData":{"1.211138073E12":303,"1.211101344E12":195,"1.21108316E12":13,"1.211091023E12":104,"1.211100525E12":191,"1.211085079E12":33,"1.211086114E12":41,"1.211099953E12":187,"1.211087715E12":61,"1.211315184E12":320,"1.211090305E12":95,"1.211090211E12":94,"1.211086687E12":50,"1.211097122E12":165,"1.211127372E12":272,"1.211087369E12":57,"1.211343553E12":323,"1.211110524E12":225,"1.211136472E12":299,"1.211134326E12":298,"1.211134227E12":297,"1.2110985E12":176,"1.21109885E12":179,"1.211102419E12":203,"1.211095049E12":147,"1.211131664E12":289,"1.211087848E12":62,"1.211106705E12":220,"1.211113022E12":228,"1.211092171E12":115,"1.211130541E12":281,"1.211125573E12":266,"1.211091725E12":111,"1.211086357E12":47,"1.211348934E12":325,"1.211105432E12":215,"1.211084422E12":22,"1.211118772E12":249,"1.211092574E12":121,"1.211127046E12":270,"1.211093617E12":135,"1.211097627E12":168,"1.211100839E12":192,"1.211083572E12":16,"1.211095896E12":157,"1.211132634E12":295,"1.211093262E12":129,"1.211125314E12":265,"1.211092474E12":119,"1.211090381E12":96,"1.211090033E12":91,"1.211085801E12":38,"1.21110233E12":201,"1.21109884E12":178,"1.211124525E12":261,"1.21108972E12":88,"1.211091548E12":107,"1.211093381E12":131,"1.211116866E12":240,"1.211127758E12":275,"1.211083386E12":14,"1.211099481E12":184,"1.211116749E12":237,"1.211089369E12":84,"1.211095126E12":150,"1.211091196E12":105,"1.211098014E12":172,"1.211144213E12":316,"1.211086263E12":45,"1.211140818E12":308,"1.211114716E12":231,"1.211119926E12":253,"1.211104377E12":212,"1.211092135E12":113,"1.211112883E12":227,"1.211131539E12":288,"1.21103438E12":8,"1.211101447E12":196,"1.211101137E12":194,"1.211086437E12":48,"1.211084716E12":26,"1.211103228E12":207,"1.211085105E12":34,"1.211083638E12":17,"1.211092136E12":114,"1.211097074E12":163,"1.211097887E12":170,"1.211105542E12":217,"1.211094561E12":144,"1.211091571E12":109,"1.211090576E12":99,"1.211110656E12":226,"1.211096703E12":161,"1.211089638E12":86,"1.211087152E12":54,"1.21131575E12":321,"1.211084074E12":20,"1.21112681E12":269,"1.211087998E12":63,"1.211093555E12":134,"1.21108907E12":77,"1.211117586E12":243,"1.211089676E12":87,"1.211136536E12":300,"1.211105502E12":216,"1.211120004E12":255,"1.211124791E12":263,"1.211100913E12":193,"1.211118906E12":250,"1.211097692E12":169,"1.211108149E12":223,"1.211092405E12":117,"1.211088214E12":66,"1.21109339E12":132,"1.211086221E12":42,"1.211100245E12":188,"1.21108452E12":24,"1.21110239E12":202,"1.211099699E12":186,"1.211086104E12":40,"1.211124873E12":264,"1.21109744E12":167,"1.211117621E12":244,"1.211094373E12":141,"1.211100394E12":190,"1.211088403E12":73,"1.211094581E12":145,"1.211098288E12":174,"1.211088666E12":75,"1.211101475E12":197,"1.211104152E12":210,"1.211018404E12":1,"1.211131879E12":292,"1.211122084E12":259,"1.211093348E12":130,"1.21103202E12":6,"1.211110515E12":224,"1.211093663E12":136,"1.211142519E12":313,"1.211030157E12":2,"1.211117852E12":246,"1.211104195E12":211,"1.211095587E12":153,"1.211130531E12":280,"1.211095085E12":149,"1.211093413E12":133,"1.211349169E12":327,"1.211122065E12":258,"1.211116656E12":236,"1.211088253E12":67,"1.211140947E12":310,"1.211102298E12":200,"1.211095353E12":152,"1.211099492E12":185,"1.211086778E12":51,"1.211098917E12":181,"1.211088338E12":70,"1.211091308E12":106,"1.211105845E12":218,"1.211090047E12":92,"1.21110258E12":206,"1.211089389E12":85,"1.211116433E12":235,"1.211102236E12":199,"1.211086798E12":52,"1.211117325E12":241,"1.211085897E12":39,"1.211140817E12":307,"1.211095063E12":148,"1.211090957E12":102,"1.211090078E12":93,"1.211118512E12":247,"1.211088661E12":74,"1.211126786E12":268,"1.211084476E12":23,"1.211105273E12":213,"1.211092441E12":118,"1.211085567E12":35,"1.211115626E12":234,"1.211097108E12":164,"1.211098959E12":182,"1.211131871E12":291,"1.211086444E12":49,"1.211093934E12":139,"1.211034502E12":9,"1.211131157E12":285,"1.21109275E12":123,"1.211130839E12":282,"1.21111746E12":242,"1.211035204E12":10,"1.211118653E12":248,"1.211032557E12":7,"1.211086225E12":43,"1.211116784E12":239,"1.211105308E12":214,"1.211127627E12":273,"1.211096179E12":158,"1.211128171E12":276,"1.211083929E12":19,"1.21108477E12":28,"1.2110963E12":159,"1.211119016E12":252,"1.211131687E12":290,"1.211088773E12":76,"1.211094629E12":146,"1.211348172E12":324,"1.211119008E12":251,"1.211031481E12":5,"1.211349024E12":326,"1.211142197E12":311,"1.211124786E12":262,"1.211092564E12":120,"1.211142357E12":312,"1.211087277E12":56,"1.21108493E12":31,"1.211095651E12":155,"1.211086232E12":44,"1.211087201E12":55,"1.211093705E12":137,"1.21103051E12":3,"1.211139574E12":306,"1.211085638E12":36,"1.211113386E12":230,"1.211091971E12":112,"1.211097957E12":171,"1.211108145E12":222,"1.211095591E12":154,"1.211097066E12":162,"1.21110035E12":189,"1.211090485E12":97,"1.2110989E12":180,"1.21110353E12":209,"1.211136552E12":301,"1.211093976E12":140,"1.211092583E12":122,"1.211093217E12":128,"1.211131492E12":287,"1.211130954E12":284,"1.211084758E12":27,"1.211132583E12":294,"1.211130219E12":279,"1.211087085E12":53,"1.211098111E12":173,"1.211125749E12":267,"1.211031153E12":4,"1.21109742E12":166,"1.211090963E12":103,"1.211083394E12":15,"1.211115386E12":233,"1.21109288E12":125,"1.211096329E12":160,"1.211091566E12":108,"1.211095154E12":151,"1.211089983E12":89,"1.211144168E12":315,"1.211120191E12":257,"1.211102564E12":205,"1.211091653E12":110,"1.211136556E12":302,"1.211087624E12":60,"1.211089172E12":82,"1.211113268E12":229,"1.211140869E12":309,"1.211138158E12":304,"1.211145673E12":317,"1.211086272E12":46,"1.211107059E12":221,"1.211090586E12":100,"1.211092822E12":124,"1.211089116E12":81,"1.211035501E12":11,"1.211087462E12":58,"1.211092402E12":116,"1.21113122E12":286,"1.21111998E12":254,"1.211092904E12":126,"1.211101701E12":198,"1.211088322E12":68,"1.211098674E12":177,"1.211311951E12":319,"1.21108459E12":25,"1.21109386E12":138,"1.211102424E12":204,"1.211035778E12":12,"1.21109933E12":183,"1.211142876E12":314,"1.211087578E12":59,"1.211092916E12":127,"1.211084879E12":30,"1.211117744E12":245,"1.211103259E12":208,"1.211089343E12":83,"1.2110837E12":18,"1.211088196E12":65,"1.211084797E12":29,"1.211089092E12":79,"1.211089077E12":78,"1.211120071E12":256,"1.211129848E12":277,"1.211127644E12":274,"1.211088369E12":72,"1.211138259E12":305,"1.211095814E12":156,"1.211090848E12":101,"1.211122184E12":260,"1.211134214E12":296,"1.211130153E12":278,"1.21109053E12":98,"1.211085774E12":37,"1.211098476E12":175,"1.211084287E12":21,"1.211088332E12":69,"1.21113249E12":293,"1.211127287E12":271,"1.211094501E12":142,"1.211088131E12":64,"1.211115002E12":232,"1.21108999E12":90,"1.211170647E12":318,"1.211106471E12":219,"1.211094516E12":143,"1.211116753E12":238,"1.211089114E12":80,"1.211088366E12":71,"1.211084993E12":32,"1.211130951E12":283},"NUMBER_OF_PEOPLE":400,"minTimeSeen":1.211018404E12,"maxTimeSeen":1.211558405E12,"NEIGHBORHOOD_RADIUS":20.0,"ENCOUNTER_CHANCE":0.05,"priority":1.0,"duration":540001.0,"minutesDuration":9000.016666666666,"hoursDuration":150.00027777777777,"daysDuration":6.250011574074073}
