{"propagationData":{"1.211075364E12":332,"1.21109984E12":366,"1.211050367E12":151,"1.211073725E12":328,"1.211033481E12":13,"1.211064897E12":289,"1.211049842E12":137,"1.211041167E12":28,"1.211047566E12":97,"1.21105004E12":140,"1.211082051E12":350,"1.211034329E12":14,"1.211053411E12":206,"1.21104569E12":73,"1.211049818E12":136,"1.211048173E12":109,"1.211143776E12":377,"1.211041879E12":37,"1.211060689E12":266,"1.211050796E12":160,"1.211052179E12":187,"1.211058687E12":252,"1.211042248E12":41,"1.211052836E12":198,"1.211052788E12":195,"1.211055429E12":229,"1.21109472E12":358,"1.211032357E12":10,"1.211066725E12":298,"1.211049739E12":135,"1.211044701E12":60,"1.211071176E12":315,"1.211072358E12":322,"1.211096227E12":362,"1.211047666E12":99,"1.211043098E12":49,"1.211042058E12":39,"1.211050386E12":152,"1.211019041E12":3,"1.211061587E12":269,"1.211078244E12":342,"1.211070212E12":310,"1.211143576E12":376,"1.211040941E12":21,"1.211183418E12":384,"1.211048862E12":126,"1.21114177E12":375,"1.211071133E12":314,"1.21106754E12":300,"1.21116172E12":381,"1.211068103E12":303,"1.211034719E12":15,"1.211055045E12":224,"1.211042567E12":46,"1.211058641E12":251,"1.21103118E12":9,"1.211052021E12":186,"1.211071024E12":313,"1.21104875E12":125,"1.211117882E12":369,"1.211096024E12":361,"1.211260705E12":388,"1.21104477E12":61,"1.211058246E12":247,"1.211078455E12":343,"1.211052762E12":194,"1.21105294E12":199,"1.211046745E12":89,"1.211049206E12":129,"1.21105571E12":234,"1.211060339E12":264,"1.211045733E12":75,"1.211062216E12":274,"1.211081138E12":348,"1.211051805E12":182,"1.211059485E12":258,"1.211018404E12":1,"1.21105325E12":201,"1.211048556E12":119,"1.211045395E12":67,"1.211042389E12":42,"1.211058274E12":248,"1.211061393E12":268,"1.211045371E12":66,"1.211071197E12":316,"1.211049243E12":130,"1.211051518E12":173,"1.211046331E12":82,"1.211051134E12":169,"1.211079985E12":346,"1.211124359E12":372,"1.211053281E12":202,"1.211060413E12":265,"1.21104842E12":115,"1.211050194E12":144,"1.211043553E12":56,"1.211139453E12":374,"1.211059103E12":255,"1.211098573E12":364,"1.211050898E12":162,"1.211044931E12":62,"1.21105351E12":208,"1.211071881E12":319,"1.211071419E12":317,"1.211047762E12":102,"1.211050395E12":153,"1.211050593E12":157,"1.21107972E12":345,"1.211048164E12":108,"1.211129508E12":373,"1.211087364E12":353,"1.211042004E12":38,"1.21104096E12":23,"1.211088474E12":356,"1.211229072E12":385,"1.211066354E12":295,"1.211048418E12":114,"1.211069697E12":309,"1.211051051E12":165,"1.211087743E12":354,"1.21104537E12":65,"1.211056485E12":237,"1.211043243E12":50,"1.211049282E12":132,"1.211075832E12":335,"1.211056435E12":236,"1.211055081E12":225,"1.211077331E12":336,"1.211019738E12":4,"1.211061979E12":271,"1.211070771E12":312,"1.211050047E12":141,"1.211062109E12":273,"1.211050274E12":149,"1.211057645E12":241,"1.211050032E12":139,"1.211054268E12":216,"1.211041056E12":25,"1.21104124E12":29,"1.211048703E12":123,"1.211069261E12":306,"1.211072436E12":324,"1.2110624E12":276,"1.211073411E12":327,"1.211046235E12":79,"1.211073924E12":329,"1.211078194E12":341,"1.211051618E12":176,"1.211053191E12":200,"1.211032839E12":11,"1.211069004E12":305,"1.211053611E12":209,"1.211051646E12":177,"1.21105446E12":217,"1.211059451E12":257,"1.211048443E12":116,"1.211054599E12":219,"1.211081585E12":349,"1.211046499E12":85,"1.211118787E12":370,"1.211048175E12":110,"1.211051785E12":181,"1.211050574E12":156,"1.211020872E12":5,"1.211053404E12":204,"1.211058698E12":253,"1.211051087E12":166,"1.211053415E12":207,"1.211072563E12":325,"1.211051909E12":185,"1.211047608E12":98,"1.211101305E12":367,"1.211062784E12":279,"1.211032984E12":12,"1.211045151E12":63,"1.211050203E12":146,"1.211045322E12":64,"1.211055441E12":230,"1.211055624E12":233,"1.211066062E12":294,"1.211042512E12":45,"1.211072279E12":321,"1.211041472E12":33,"1.211059982E12":260,"1.211074715E12":331,"1.211040701E12":17,"1.211071563E12":318,"1.211057827E12":243,"1.211046966E12":92,"1.21104353E12":55,"1.211063972E12":285,"1.211058979E12":254,"1.211095594E12":360,"1.211051702E12":179,"1.211052725E12":193,"1.211041162E12":27,"1.211053731E12":212,"1.211050964E12":164,"1.211064812E12":288,"1.21104629E12":81,"1.211072587E12":326,"1.211051673E12":178,"1.2110657E12":293,"1.211078048E12":340,"1.211050196E12":145,"1.21105661E12":239,"1.211050253E12":147,"1.211041259E12":30,"1.21105451E12":218,"1.211052797E12":197,"1.211083035E12":352,"1.211046175E12":78,"1.211062074E12":272,"1.211044652E12":59,"1.211058304E12":249,"1.211175532E12":383,"1.211043427E12":54,"1.211043063E12":48,"1.211067596E12":301,"1.211051601E12":175,"1.211092204E12":357,"1.211041683E12":35,"1.211050267E12":148,"1.211050057E12":142,"1.211047538E12":96,"1.211099038E12":365,"1.211061922E12":270,"1.211051525E12":174,"1.211124121E12":371,"1.211088343E12":355,"1.211052372E12":188,"1.211082859E12":351,"1.211053317E12":203,"1.211052644E12":191,"1.211047394E12":95,"1.211057781E12":242,"1.211040771E12":18,"1.211059901E12":259,"1.211081042E12":347,"1.211050729E12":159,"1.211024931E12":6,"1.211045711E12":74,"1.211050942E12":163,"1.211056141E12":235,"1.211063687E12":281,"1.211052684E12":192,"1.211042434E12":43,"1.211063766E12":283,"1.211094912E12":359,"1.2110505E12":155,"1.211065653E12":291,"1.211069472E12":308,"1.211025468E12":7,"1.211048283E12":111,"1.211049255E12":131,"1.211045492E12":69,"1.211058009E12":245,"1.211064554E12":287,"1.211041868E12":36,"1.211040816E12":19,"1.211075505E12":334,"1.211063698E12":282,"1.211049527E12":134,"1.211045853E12":77,"1.211062359E12":275,"1.2110785E12":344,"1.211047137E12":93,"1.211048108E12":107,"1.211067614E12":302,"1.211053409E12":205,"1.211065667E12":292,"1.211040929E12":20,"1.211046354E12":83,"1.21105372E12":211,"1.211055534E12":231,"1.211051245E12":171,"1.211047802E12":104,"1.211062963E12":280,"1.211071921E12":320,"1.211041648E12":34,"1.211043039E12":47,"1.211077797E12":338,"1.211066387E12":296,"1.211058562E12":250,"1.211045431E12":68,"1.211055396E12":228,"1.211048713E12":124,"1.211048652E12":122,"1.211042487E12":44,"1.211047171E12":94,"1.211055599E12":232,"1.211046469E12":84,"1.211047722E12":101,"1.211041425E12":32,"1.211256854E12":387,"1.21105789E12":244,"1.211064098E12":286,"1.211059215E12":256,"1.211077489E12":337,"1.21104379E12":57,"1.211048462E12":117,"1.211048411E12":113,"1.211026262E12":8,"1.211051497E12":172,"1.211046739E12":88,"1.211048619E12":120,"1.211046913E12":91,"1.211054606E12":220,"1.211054692E12":221,"1.211050483E12":154,"1.211045595E12":71,"1.211055238E12":227,"1.211046693E12":87,"1.211048959E12":128,"1.211043292E12":51,"1.211163976E12":382,"1.211062454E12":278,"1.211048499E12":118,"1.21104987E12":138,"1.211040626E12":16,"1.211074612E12":330,"1.211068964E12":304,"1.211043326E12":53,"1.211047715E12":100,"1.211253041E12":386,"1.21104392E12":58,"1.211040942E12":22,"1.211053755E12":213,"1.211052568E12":189,"1.211052791E12":196,"1.21106743E12":299,"1.211051113E12":168,"1.211060245E12":262,"1.211043321E12":52,"1.211047933E12":105,"1.211058058E12":246,"1.211056965E12":240,"1.21106026E12":263,"1.211063827E12":284,"1.211041118E12":26,"1.211146629E12":379,"1.211045641E12":72,"1.211070357E12":311,"1.211042146E12":40,"1.211051746E12":180,"1.211051226E12":170,"1.211075504E12":333,"1.211053711E12":210,"1.211072369E12":323,"1.211040988E12":24,"1.211047779E12":103,"1.211055138E12":226,"1.211160646E12":380,"1.211146549E12":378,"1.211050298E12":150,"1.211069363E12":307,"1.211054003E12":214,"1.211045511E12":70,"1.211048009E12":106,"1.211056567E12":238,"1.21106009E12":261,"1.211048361E12":112,"1.21107793E12":339,"1.211050169E12":143,"1.211049397E12":133,"1.211048635E12":121,"1.211041405E12":31,"1.21105188E12":183,"1.211065114E12":290,"1.211018774E12":2,"1.211050858E12":161,"1.211066655E12":297,"1.211051099E12":167,"1.211048934E12":127,"1.211051901E12":184,"1.211052622E12":190,"1.211046247E12":80,"1.211062449E12":277,"1.211101794E12":368,"1.211054063E12":215,"1.211046508E12":86,"1.211054724E12":222,"1.211045837E12":76,"1.211046753E12":90,"1.211050598E12":158,"1.211054768E12":223,"1.211098197E12":363,