{"propagationData":{"1.211211771E12":369,"1.211112246E12":29,"1.211113993E12":33,"1.211138332E12":223,"1.211116927E12":41,"1.211129014E12":158,"1.211105027E12":11,"1.211124295E12":111,"1.211139241E12":226,"1.211166474E12":329,"1.211203657E12":364,"1.211170318E12":334,"1.211153048E12":299,"1.211144922E12":261,"1.211166729E12":330,"1.211129045E12":159,"1.211125588E12":127,"1.211175648E12":350,"1.211124534E12":113,"1.21114464E12":259,"1.211143613E12":248,"1.211138831E12":224,"1.211160709E12":316,"1.211117176E12":44,"1.211144331E12":254,"1.211119308E12":68,"1.211116958E12":42,"1.21123841E12":377,"1.211144287E12":253,"1.211121954E12":97,"1.211117829E12":51,"1.211121855E12":95,"1.211143874E12":250,"1.211145391E12":263,"1.211120455E12":77,"1.211145763E12":266,"1.211142123E12":240,"1.211125925E12":130,"1.211170987E12":337,"1.211146351E12":270,"1.211131874E12":183,"1.211125301E12":121,"1.21114438E12":255,"1.211174118E12":346,"1.211137735E12":219,"1.211338842E12":385,"1.211159181E12":311,"1.211141717E12":239,"1.211138119E12":221,"1.21111769E12":50,"1.211178977E12":354,"1.211119958E12":74,"1.211177324E12":353,"1.211184377E12":358,"1.211129353E12":165,"1.211126722E12":140,"1.211125146E12":120,"1.211132571E12":188,"1.211145008E12":262,"1.21114319E12":246,"1.211130995E12":177,"1.211106077E12":15,"1.211121106E12":85,"1.211125393E12":123,"1.211127588E12":143,"1.211184445E12":359,"1.211132781E12":189,"1.211196819E12":362,"1.211121941E12":96,"1.211139093E12":225,"1.211154507E12":300,"1.211135204E12":208,"1.211134868E12":201,"1.21113992E12":230,"1.211138163E12":222,"1.211252492E12":380,"1.211101928E12":3,"1.211119874E12":73,"1.211112068E12":25,"1.211110598E12":19,"1.21112685E12":141,"1.211146256E12":269,"1.211136678E12":215,"1.211119278E12":67,"1.211131174E12":179,"1.211151713E12":295,"1.211128209E12":150,"1.211203812E12":365,"1.211122579E12":100,"1.211246591E12":379,"1.211141513E12":237,"1.211129748E12":169,"1.211117631E12":49,"1.211164323E12":325,"1.211120767E12":82,"1.211119432E12":69,"1.211105003E12":10,"1.211153043E12":298,"1.211136194E12":212,"1.211125396E12":124,"1.211187126E12":360,"1.211111542E12":23,"1.211133708E12":196,"1.211104454E12":8,"1.211141139E12":235,"1.211123717E12":107,"1.211162643E12":321,"1.211019233E12":2,"1.21112268E12":102,"1.211108572E12":18,"1.211111194E12":22,"1.211163683E12":324,"1.211112133E12":28,"1.211140957E12":233,"1.21112431E12":112,"1.211114788E12":35,"1.211119845E12":72,"1.211121697E12":92,"1.211147213E12":276,"1.211175528E12":348,"1.211118561E12":60,"1.211134919E12":202,"1.21113402E12":198,"1.211133003E12":191,"1.211118987E12":65,"1.211129724E12":168,"1.211142911E12":245,"1.211150789E12":292,"1.211128577E12":152,"1.211148055E12":281,"1.211179847E12":356,"1.211149348E12":287,"1.211160467E12":315,"1.21117226E12":340,"1.211104118E12":7,"1.211108258E12":17,"1.211129098E12":160,"1.211142757E12":244,"1.21111868E12":62,"1.211122687E12":103,"1.211148721E12":285,"1.211121473E12":91,"1.211124542E12":114,"1.211118853E12":64,"1.211193946E12":361,"1.211134671E12":200,"1.211124211E12":110,"1.211133299E12":193,"1.211122317E12":99,"1.211130921E12":176,"1.211143457E12":247,"1.211018404E12":1,"1.211206593E12":367,"1.211149085E12":286,"1.211120451E12":76,"1.211148619E12":283,"1.211120026E12":75,"1.211209799E12":368,"1.211144494E12":257,"1.211130455E12":173,"1.211151195E12":294,"1.211141678E12":238,"1.211216623E12":372,"1.211152076E12":296,"1.211104795E12":9,"1.211126397E12":138,"1.211116661E12":40,"1.211133845E12":197,"1.2111196E12":71,"1.211120736E12":81,"1.21114744E12":278,"1.211134313E12":199,"1.211157662E12":310,"1.211137445E12":218,"1.211146897E12":274,"1.211142385E12":242,"1.211115555E12":37,"1.211128744E12":155,"1.211127638E12":146,"1.211154632E12":303,"1.211135719E12":209,"1.211125488E12":125,"1.211132929E12":190,"1.211145806E12":268,"1.211144387E12":256,"1.211118187E12":55,"1.211115762E12":38,"1.21112919E12":161,"1.211127612E12":144,"1.211125611E12":128,"1.211119186E12":66,"1.21111204E12":24,"1.211159202E12":312,"1.211127639E12":147,"1.211204315E12":366,"1.211118763E12":63,"1.211124727E12":117,"1.211154598E12":302,"1.211156402E12":306,"1.211136188E12":211,"1.211124927E12":118,"1.211169045E12":333,"1.211160973E12":317,"1.211154569E12":301,"1.211112069E12":26,"1.211131971E12":185,"1.211120552E12":78,"1.211124145E12":109,"1.211126331E12":135,"1.211121323E12":88,"1.211135097E12":204,"1.211121282E12":87,"1.21110503E12":12,"1.211125554E12":126,"1.211118078E12":54,"1.211117312E12":45,"1.211220397E12":373,"1.211133431E12":194,"1.211126634E12":139,"1.211127677E12":148,"1.21114221E12":241,"1.211128968E12":156,"1.21112538E12":122,"1.211166427E12":328,"1.21112085E12":83,"1.211252908E12":381,"1.211119511E12":70,"1.211149477E12":288,"1.211118452E12":58,"1.211102465E12":6,"1.211170369E12":335,"1.211122939E12":105,"1.211129503E12":166,"1.211117886E12":52,"1.211172361E12":341,"1.211126142E12":132,"1.211150931E12":293,"1.211137282E12":217,"1.211129306E12":164,"1.21113068E12":174,"1.211176123E12":351,"1.211227177E12":376,"1.211155137E12":305,"1.211137935E12":220,"1.21117077E12":336,"1.211172113E12":338,"1.211163218E12":323,"1.21114867E12":284,"1.211143933E12":251,"1.211121449E12":90,"1.211113399E12":31,"1.211183537E12":357,"1.2112265E12":375,"1.211148419E12":282,"1.211117973E12":53,"1.211113397E12":30,"1.211175455E12":347,"1.211159872E12":314,"1.211156981E12":308,"1.211133443E12":195,"1.211156737E12":307,"1.211125087E12":119,"1.211126298E12":134,"1.211144516E12":258,"1.211128724E12":154,"1.211173133E12":342,"1.211131305E12":182,"1.211132142E12":187,"1.211145646E12":264,"1.211130286E12":171,"1.211135106E12":205,"1.2111175E12":48,"1.211102234E12":4,"1.211118274E12":57,"1.211129888E12":170,"1.211197509E12":363,"1.211131256E12":181,"1.211114269E12":34,"1.21112362E12":106,"1.211284596E12":383,"1.211147415E12":277,"1.21114803E12":279,"1.211145774E12":267,"1.211222233E12":374,"1.211120734E12":80,"1.21128955E12":384,"1.211143952E12":252,"1.211126347E12":137,"1.211127803E12":149,"1.211129228E12":162,"1.211173728E12":343,"1.211179126E12":355,"1.211118211E12":56,"1.211105657E12":14,"1.211146641E12":271,"1.21114466E12":260,"1.211107112E12":16,"1.211131885E12":184,"1.211386826E12":386,"1.211145688E12":265,"1.211139877E12":229,"1.211165471E12":327,"1.211139669E12":227,"1.211135037E12":203,"1.211152328E12":297,"1.211149527E12":289,"1.211147126E12":275,"1.21114138E12":236,"1.21112967E12":167,"1.211129253E12":163,"1.211130391E12":172,"1.211117166E12":43,"1.211140384E12":231,"1.211154661E12":304,"1.211142537E12":243,"1.211121382E12":89,"1.211146707E12":273,"1.211112075E12":27,"1.211148041E12":280,"1.211139771E12":228,"1.211135164E12":207,"1.211150028E12":290,"1.211133175E12":192,"1.211150637E12":291,"1.211117333E12":46,"1.211175598E12":349,"1.211123839E12":108,"1.211130787E12":175,"1.211176244E12":352,"1.211162435E12":320,"1.21112088E12":84,"1.211118654E12":61,"1.21113205E12":186,"1.211135109E12":206,"1.211110608E12":20,"1.211140385E12":232,"1.211125935E12":131,"1.211161889E12":319,"1.211136434E12":214,"1.211113739E12":32,"1.211214888E12":370,"1.211122924E12":104,"1.211143658E12":249,"1.211127635E12":145,"1.211215869E12":371,"1.211136238E12":213,"1.211136954E12":216,"1.211140987E12":234,"1.211117448E12":47,"1.211126281E12":133,"1.211121278E12":86,"1.211128673E12":153,"1.211162644E12":322,"1.211121777E12":93,"1.211114892E12":36,"1.211122049E12":98,"1.211118518E12":59,"1.211167523E12":331,"1.211157194E12":309,"1.211120725E12":79,"1.211173962E12":344,"1.211131187E12":180,"1.211243248E12":378,"1.211159842E12":313,"1.211121845E12":94,"1.211165363E12":326,"1.211102243E12":5,"1.211174007E12":345,"1.211111138E12":21,"1.211131049E12":178,"1.211172238E12":339,"1.211128371E12":151,"1.211126343E12":136,"1.211269948E12":382,"1.211116086E12":39,"1.211127431E12":142,"1.211161467E12":318,"1.211124705E12":115,"1.21114667E12":272,"1.211128988E12":157,"1.211105269E12":13,"1.211122628E12":101,"1.211125802E12":129,"1.211167553E12":332},"NUMBER_OF_PEOPLE":400,"minTimeSeen":1.211018404E12,