{"propagationData":{"1.211018465E12":8,"1.211043607E12":283,"1.211037143E12":229,"1.21104902E12":303,"1.211048286E12":297,"1.211080706E12":347,"1.211021248E12":53,"1.2110278E12":118,"1.211049774E12":308,"1.21109217E12":365,"1.211129712E12":379,"1.21104743E12":292,"1.211053736E12":320,"1.211027866E12":120,"1.211047507E12":294,"1.211085185E12":359,"1.211060147E12":333,"1.21103014E12":150,"1.211033425E12":191,"1.211037183E12":230,"1.211035363E12":212,"1.211029714E12":142,"1.211044659E12":284,"1.211028428E12":128,"1.21112796E12":377,"1.21103858E12":248,"1.211043503E12":281,"1.211018759E12":25,"1.211051114E12":313,"1.211027697E12":115,"1.211019375E12":34,"1.211026543E12":92,"1.211033644E12":194,"1.211045143E12":286,"1.211029351E12":140,"1.211058299E12":330,"1.211034157E12":198,"1.211060844E12":336,"1.211018461E12":7,"1.21103997E12":262,"1.211045362E12":287,"1.211021863E12":62,"1.211035478E12":216,"1.211033211E12":186,"1.211047265E12":291,"1.211041596E12":274,"1.211050184E12":309,"1.211124298E12":374,"1.211041002E12":269,"1.211025643E12":83,"1.211084063E12":356,"1.211030824E12":158,"1.211083911E12":355,"1.211125157E12":375,"1.211060118E12":332,"1.211060921E12":338,"1.211021329E12":55,"1.211018423E12":4,"1.211019488E12":35,"1.211038344E12":247,"1.211041565E12":273,"1.211028678E12":132,"1.211031733E12":171,"1.211065363E12":341,"1.211168043E12":381,"1.211338833E12":388,"1.211030421E12":156,"1.211048755E12":301,"1.211034448E12":203,"1.211099164E12":371,"1.211022117E12":64,"1.211041521E12":272,"1.211040066E12":264,"1.211035888E12":218,"1.211018527E12":11,"1.211029836E12":144,"1.21104752E12":295,"1.211035303E12":211,"1.21103509E12":209,"1.211048865E12":302,"1.211084583E12":358,"1.211030144E12":151,"1.211036169E12":220,"1.211024723E12":74,"1.211030925E12":160,"1.211091203E12":362,"1.211027082E12":95,"1.211018713E12":21,"1.211065388E12":342,"1.211022029E12":63,"1.211234138E12":385,"1.211039593E12":261,"1.211038099E12":242,"1.211021666E12":61,"1.211032343E12":178,"1.211033678E12":195,"1.211046736E12":289,"1.211037972E12":241,"1.21101866E12":19,"1.211031622E12":167,"1.211021499E12":58,"1.21108178E12":351,"1.211030332E12":155,"1.211024686E12":73,"1.211042531E12":278,"1.211019055E12":29,"1.211028202E12":126,"1.211033541E12":193,"1.211031155E12":163,"1.211021633E12":60,"1.21109326E12":367,"1.211037962E12":239,"1.21102745E12":109,"1.211033465E12":192,"1.211027921E12":122,"1.211029847E12":146,"1.211039505E12":260,"1.21102615E12":86,"1.211031607E12":166,"1.211036871E12":226,"1.211054329E12":321,"1.211037659E12":234,"1.211052617E12":315,"1.211031019E12":161,"1.211018544E12":12,"1.211020633E12":48,"1.211054348E12":322,"1.211053483E12":319,"1.211037648E12":233,"1.211029579E12":141,"1.211049717E12":306,"1.211214602E12":384,"1.211054634E12":325,"1.211019684E12":42,"1.211038863E12":251,"1.211032392E12":179,"1.211019613E12":39,"1.211027431E12":107,"1.211028504E12":129,"1.211038779E12":249,"1.211035862E12":217,"1.211059205E12":331,"1.211060917E12":337,"1.211032088E12":176,"1.211021242E12":51,"1.211041277E12":271,"1.211030119E12":149,"1.211018562E12":13,"1.211019236E12":32,"1.211037775E12":236,"1.211027824E12":119,"1.211027676E12":114,"1.211037926E12":238,"1.211024683E12":72,"1.211028407E12":127,"1.211035365E12":213,"1.211027417E12":106,"1.211027408E12":103,"1.21109328E12":368,"1.211128857E12":378,"1.211054548E12":324,"1.211031991E12":175,"1.21101871E12":20,"1.211040143E12":267,"1.211040127E12":266,"1.211025419E12":81,"1.21109026E12":361,"1.211029728E12":143,"1.211018404E12":1,"1.211027405E12":101,"1.211022251E12":66,"1.211053148E12":316,"1.211026616E12":93,"1.211022261E12":67,"1.211018855E12":28,"1.211019536E12":37,"1.211029098E12":139,"1.211081692E12":349,"1.211053453E12":318,"1.21104466E12":285,"1.211039496E12":259,"1.211038859E12":250,"1.211025445E12":82,"1.21105443E12":323,"1.21102605E12":84,"1.211088988E12":360,"1.211105994E12":372,"1.211092016E12":364,"1.211040069E12":265,"1.211040059E12":263,"1.211050457E12":310,"1.21102732E12":100,"1.211036145E12":219,"1.211019061E12":30,"1.211018821E12":26,"1.211033287E12":187,"1.211034243E12":200,"1.211023294E12":68,"1.2110222E12":65,"1.211245346E12":387,"1.211047934E12":296,"1.211055744E12":326,"1.211018727E12":24,"1.211048662E12":299,"1.211026504E12":90,"1.211027658E12":112,"1.211034829E12":208,"1.211031105E12":162,"1.211037737E12":235,"1.211056194E12":328,"1.211018605E12":17,"1.211029841E12":145,"1.21104868E12":300,"1.211038339E12":246,"1.211031915E12":174,"1.211033704E12":196,"1.211026069E12":85,"1.211028195E12":125,"1.211035475E12":215,"1.21103811E12":243,"1.211038999E12":252,"1.211125206E12":376,"1.2110211E12":50,"1.211018408E12":3,"1.211031704E12":169,"1.211049071E12":304,"1.211027433E12":108,"1.211048462E12":298,"1.211034579E12":206,"1.211031838E12":173,"1.211091269E12":363,"1.211018616E12":18,"1.211024885E12":77,"1.211060154E12":334,"1.21103023E12":152,"1.211018499E12":10,"1.211026376E12":87,"1.211027725E12":117,"1.211030672E12":157,"1.211019616E12":40,"1.211019664E12":41,"1.211037809E12":237,"1.211039087E12":254,"1.211018576E12":14,"1.211070257E12":343,"1.211098198E12":370,"1.211036171E12":221,"1.211026807E12":94,"1.211036886E12":227,"1.211065273E12":340,"1.211058226E12":329,"1.211040191E12":268,"1.211029095E12":138,"1.211031369E12":164,"1.211039013E12":253,"1.211018832E12":27,"1.21103317E12":184,"1.211024877E12":76,"1.211020395E12":46,"1.211028514E12":130,"1.211029013E12":135,"1.211050992E12":312,"1.211056005E12":327,"1.211033332E12":189,"1.21102808E12":124,"1.211060174E12":335,"1.211027412E12":105,"1.211028739E12":133,"1.211019219E12":31,"1.211039406E12":258,"1.211051972E12":314,"1.211036964E12":228,"1.211043486E12":280,"1.211027477E12":110,"1.21103687E12":225,"1.211018603E12":16,"1.211082336E12":352,"1.211039368E12":257,"1.211020807E12":49,"1.211030887E12":159,"1.211024212E12":71,"1.211018578E12":15,"1.211038181E12":244,"1.211034274E12":201,"1.211041118E12":270,"1.211029849E12":147,"1.211043601E12":282,"1.211084234E12":357,"1.211041947E12":275,"1.21102731E12":99,"1.211032322E12":177,"1.211023727E12":70,"1.211080002E12":344,"1.211035195E12":210,"1.21104251E12":277,"1.211037235E12":231,"1.211018437E12":5,"1.211234289E12":386,"1.211037963E12":240,"1.211034381E12":202,"1.211032624E12":181,"1.211038322E12":245,"1.211028832E12":134,"1.211030247E12":153,"1.211018449E12":6,"1.21104544E12":288,"1.211033184E12":185,"1.211144949E12":380,"1.21102787E12":121,"1.211029069E12":137,"1.211080228E12":345,"1.21103372E12":197,"1.21102728E12":98,"1.2110472E12":290,"1.211021395E12":56,"1.211018714E12":22,"1.211019597E12":38,"1.211033397E12":190,"1.211027123E12":96,"1.211049773E12":307,"1.211050941E12":311,"1.21103912E12":255,"1.211029039E12":136,"1.211021534E12":59,"1.211019493E12":36,"1.211032576E12":180,"1.211027703E12":116,"1.211030099E12":148,"1.211028575E12":131,"1.211080259E12":346,"1.211064393E12":339,"1.211027562E12":111,"1.211092283E12":366,"1.211032751E12":183,"1.211019242E12":33,"1.211027938E12":123,"1.21110685E12":373,"1.211082516E12":354,"1.211081714E12":350,"1.211180641E12":383,"1.211025097E12":80,"1.21102505E12":79,"1.211018495E12":9,"1.211026527E12":91,"1.211097832E12":369,"1.211018717E12":23,"1.211023415E12":69,"1.211027131E12":97,"1.211049655E12":305,"1.211030316E12":154,"1.211031723E12":170,"1.21102642E12":88,"1.211037561E12":232,"1.211020244E12":43,"1.211177069E12":382,"1.211034795E12":207,"1.211027663E12":113,"1.211032735E12":182,"1.211036196E12":223,"1.211021325E12":54,"1.211034548E12":205,"1.211024988E12":78,"1.211031655E12":168,"1.211024858E12":75,"1.211047505E12":293,"1.211020317E12":45,"1.211018407E12":2,"1.211020539E12":47,"1.211035401E12":214,"1.211034529E12":204,"1.211036208E12":224,"1.211034236E12":199,"1.21104241E12":276,"1.21108101E12":348,"1.211020287E12":44,"1.211033317E12":188,"1.211026468E12":89,"1.211027406E12":102,"1.211031596E12":165,"1.211031771E12":172,"1.211082443E12":353,"1.211042837E12":279},"NUMBER_OF_PEOPLE":400,"minTimeSeen":1.211018404E12,"maxTimeSeen":1.211558405E12,"NEIGHBORHOOD_RADIUS":20.0,