{"propagationData":{"1.211042514E12":180,"1.211145669E12":381,"1.21103655E12":81,"1.211057817E12":303,"1.21107472E12":343,"1.21105004E12":252,"1.211034648E12":54,"1.211238746E12":387,"1.211036109E12":75,"1.211044039E12":194,"1.211026472E12":8,"1.211047563E12":227,"1.211047687E12":230,"1.211030456E12":14,"1.211050952E12":258,"1.211056564E12":285,"1.211040821E12":149,"1.211048173E12":235,"1.211034031E12":42,"1.211037772E12":98,"1.211056798E12":293,"1.211034142E12":45,"1.211109115E12":368,"1.211075415E12":345,"1.211040511E12":144,"1.211047344E12":221,"1.211053008E12":273,"1.211041787E12":168,"1.211039405E12":128,"1.211042495E12":177,"1.211036691E12":85,"1.211037861E12":101,"1.211036209E12":77,"1.211259869E12":388,"1.211032139E12":24,"1.211033684E12":40,"1.211040888E12":152,"1.211032652E12":31,"1.211075341E12":344,"1.211043709E12":193,"1.211038105E12":105,"1.21105955E12":308,"1.21103842E12":108,"1.211047852E12":233,"1.211057697E12":301,"1.211033314E12":37,"1.211035155E12":61,"1.211047285E12":220,"1.211050875E12":257,"1.211056571E12":286,"1.211032734E12":32,"1.211042508E12":179,"1.211034527E12":52,"1.211043257E12":184,"1.211073127E12":340,"1.211034838E12":57,"1.21103215E12":26,"1.211043665E12":192,"1.211039608E12":130,"1.211056922E12":295,"1.211039895E12":133,"1.211039194E12":124,"1.211034419E12":51,"1.211045399E12":202,"1.211037872E12":103,"1.211032537E12":29,"1.211052228E12":269,"1.211059193E12":304,"1.211047699E12":231,"1.211044728E12":199,"1.211083962E12":353,"1.211034205E12":46,"1.211044676E12":198,"1.211034796E12":56,"1.211055209E12":280,"1.211053747E12":277,"1.211046879E12":215,"1.21105291E12":272,"1.211057503E12":299,"1.211042406E12":174,"1.211059505E12":307,"1.211059965E12":309,"1.211045733E12":206,"1.211085789E12":359,"1.211018404E12":1,"1.211040131E12":136,"1.211057333E12":297,"1.211042389E12":172,"1.21104735E12":222,"1.211039704E12":131,"1.211051914E12":266,"1.211032959E12":34,"1.211040047E12":134,"1.211032135E12":22,"1.211046139E12":211,"1.21108121E12":350,"1.211118933E12":371,"1.211034415E12":50,"1.21104338E12":188,"1.211040759E12":147,"1.211036672E12":84,"1.211020687E12":4,"1.211098201E12":365,"1.211043404E12":189,"1.211140825E12":377,"1.211085048E12":355,"1.211035223E12":62,"1.211049483E12":246,"1.211056591E12":287,"1.211037696E12":96,"1.211079956E12":348,"1.211040223E12":137,"1.211040782E12":148,"1.211036877E12":88,"1.211035274E12":65,"1.211069379E12":335,"1.211043298E12":185,"1.21103883E12":113,"1.211026175E12":7,"1.211124485E12":373,"1.211037779E12":99,"1.211029774E12":10,"1.211034943E12":60,"1.211036712E12":86,"1.211050511E12":255,"1.211033394E12":38,"1.211051545E12":263,"1.211065604E12":325,"1.211039231E12":126,"1.211041367E12":160,"1.211018888E12":2,"1.211068796E12":331,"1.211019608E12":3,"1.211056775E12":292,"1.2110371E12":90,"1.211049877E12":249,"1.211037838E12":100,"1.211056877E12":294,"1.211040835E12":150,"1.211079907E12":347,"1.211035257E12":64,"1.211085665E12":357,"1.211037625E12":93,"1.211042893E12":182,"1.211067468E12":329,"1.211035912E12":71,"1.211053726E12":276,"1.211069527E12":337,"1.211045329E12":200,"1.211047197E12":218,"1.211033847E12":41,"1.211141775E12":378,"1.211085732E12":358,"1.21104142E12":163,"1.211050505E12":254,"1.211175508E12":385,"1.211042427E12":175,"1.211040264E12":138,"1.211073846E12":341,"1.211048443E12":241,"1.211045384E12":201,"1.211048668E12":244,"1.211040912E12":155,"1.211043183E12":183,"1.211059278E12":306,"1.211050723E12":256,"1.211069092E12":333,"1.211052235E12":270,"1.211032924E12":33,"1.211046943E12":216,"1.211083545E12":352,"1.211038467E12":111,"1.211053351E12":274,"1.211041588E12":164,"1.211043307E12":186,"1.211048276E12":236,"1.211032984E12":35,"1.211069684E12":338,"1.211035755E12":68,"1.211045583E12":204,"1.211060092E12":311,"1.211062959E12":320,"1.211057283E12":296,"1.211039786E12":132,"1.211047508E12":226,"1.211049968E12":251,"1.211236885E12":386,"1.211047493E12":225,"1.211056614E12":289,"1.211051046E12":259,"1.211097439E12":364,"1.211039137E12":120,"1.211038843E12":114,"1.211063059E12":321,"1.211032127E12":20,"1.211060567E12":315,"1.211036381E12":78,"1.211049695E12":247,"1.211041368E12":161,"1.211041303E12":159,"1.211045963E12":208,"1.211040872E12":151,"1.211099931E12":367,"1.211065109E12":323,"1.211060229E12":313,"1.211081417E12":351,"1.211041838E12":169,"1.211041227E12":158,"1.211033289E12":36,"1.211030219E12":11,"1.211047594E12":229,"1.211144455E12":379,"1.211038117E12":106,"1.2110528E12":271,"1.211036661E12":83,"1.211037866E12":102,"1.211055493E12":281,"1.211065543E12":324,"1.211036915E12":89,"1.211042035E12":170,"1.21104634E12":212,"1.211038554E12":112,"1.211056737E12":291,"1.211046012E12":210,"1.211031281E12":17,"1.211034275E12":47,"1.211039192E12":123,"1.21106638E12":327,"1.211034695E12":55,"1.211034611E12":53,"1.211047825E12":232,"1.211030907E12":16,"1.211041676E12":166,"1.211052167E12":268,"1.211047247E12":219,"1.21104749E12":224,"1.2110949E12":363,"1.211056592E12":288,"1.211120409E12":372,"1.211060108E12":312,"1.211035932E12":72,"1.211056719E12":290,"1.211051493E12":261,"1.211046639E12":214,"1.211031911E12":19,"1.211040615E12":145,"1.211036056E12":73,"1.211038283E12":107,"1.211037243E12":91,"1.211032299E12":27,"1.211032616E12":30,"1.211085258E12":356,"1.211039222E12":125,"1.211048145E12":234,"1.211038863E12":116,"1.211046366E12":213,"1.211099337E12":366,"1.211094093E12":362,"1.211048336E12":238,"1.211128275E12":375,"1.211040287E12":139,"1.211126165E12":374,"1.211060994E12":317,"1.211048398E12":240,"1.211074028E12":342,"1.211069886E12":339,"1.21104828E12":237,"1.211040112E12":135,"1.211044181E12":196,"1.211084125E12":354,"1.211035903E12":70,"1.211057347E12":298,"1.211162335E12":383,"1.211069105E12":334,"1.211043355E12":187,"1.211034875E12":58,"1.211115558E12":370,"1.211030634E12":15,"1.211037692E12":95,"1.211045661E12":205,"1.211111312E12":369,"1.211034338E12":48,"1.211048346E12":239,"1.211049823E12":248,"1.211044079E12":195,"1.21103846E12":109,"1.211069465E12":336,"1.21126059E12":389,"1.211034347E12":49,"1.211040438E12":142,"1.211131608E12":376,"1.211046001E12":209,"1.211036198E12":76,"1.211057736E12":302,"1.211047589E12":228,"1.211048649E12":243,"1.21104737E12":223,"1.211067569E12":330,"1.211093166E12":361,"1.211042496E12":178,"1.211040439E12":143,"1.2110409E12":153,"1.211037683E12":94,"1.21103775E12":97,"1.211045416E12":203,"1.211047033E12":217,"1.211145186E12":380,"1.211060021E12":310,"1.211042394E12":173,"1.211060474E12":314,"1.211038024E12":104,"1.211032136E12":23,"1.21104343E12":190,"1.211056265E12":283,"1.211173201E12":384,"1.211075532E12":346,"1.211049914E12":250,"1.211050421E12":253,"1.211053962E12":278,"1.211035413E12":67,"1.211034906E12":59,"1.211039161E12":122,"1.211056309E12":284,"1.211053458E12":275,"1.211062943E12":319,"1.211063652E12":322,"1.211051725E12":265,"1.211035295E12":66,"1.211051371E12":260,"1.211042376E12":171,"1.211041609E12":165,"1.211048571E12":242,"1.211040911E12":154,"1.211043648E12":191,"1.211032131E12":21,"1.211038845E12":115,"1.211036405E12":79,"1.21104036E12":141,"1.211036069E12":74,"1.211032143E12":25,"1.211059225E12":305,"1.211068873E12":332,"1.211041388E12":162,"1.211049114E12":245,"1.2110289E12":9,"1.211080416E12":349,"1.211150873E12":382,"1.21103406E12":43,"1.211057662E12":300,"1.211039069E12":117,"1.21105486E12":279,"1.211033565E12":39,"1.211045794E12":207,"1.211041686E12":167,"1.211092358E12":360,"1.211039157E12":121,"1.211042524E12":181,"1.211030441E12":13,"1.211031729E12":18,"1.211038464E12":110,"1.211035763E12":69,"1.211066692E12":328,"1.211042477E12":176,"1.21103234E12":28,"1.211024746E12":6,"1.211040639E12":146,"1.211020736E12":5,"1.211051529E12":262,"1.211044572E12":197,"1.211060714E12":316,"1.211051606E12":264,"1.211061061E12":318,"1.2110394E12":127,"1.211039111E12":119,"1.211036456E12":80,"1.211041115E12":157,"1.211052159E12":267,"1.211065903E12":326,"1.211030323E12":12,"1.211039589E12":129,"1.211036642E12":82,"1.211035228E12":63,"1.211055629E12":282,"1.211040971E12":156,"1.211034115E12":44,"1.211040305E12":140},