{"propagationData":{"1.211030349E12":41,"1.211033718E12":97,"1.21114066E12":370,"1.211055708E12":280,"1.211032304E12":60,"1.211046503E12":239,"1.211032578E12":65,"1.211041401E12":187,"1.21106154E12":301,"1.211026413E12":9,"1.211063712E12":313,"1.211027189E12":24,"1.211050946E12":258,"1.211038022E12":141,"1.211031716E12":51,"1.211045489E12":223,"1.211040579E12":176,"1.21104632E12":235,"1.211071114E12":335,"1.211027022E12":22,"1.211034995E12":105,"1.211063598E12":312,"1.211037077E12":130,"1.211029834E12":36,"1.211045774E12":228,"1.21102654E12":12,"1.211037883E12":137,"1.211046883E12":245,"1.211038875E12":153,"1.21108044E12":350,"1.211067139E12":323,"1.211125158E12":365,"1.211073995E12":341,"1.211045587E12":225,"1.211051094E12":259,"1.211032554E12":63,"1.211027473E12":27,"1.211046302E12":233,"1.211034553E12":101,"1.211044215E12":217,"1.211064229E12":317,"1.211079913E12":348,"1.211056737E12":283,"1.211064001E12":315,"1.211032806E12":74,"1.211040084E12":171,"1.211040511E12":175,"1.211025974E12":8,"1.211026463E12":10,"1.211056668E12":282,"1.211077301E12":342,"1.21106734E12":325,"1.211033386E12":90,"1.211032981E12":80,"1.211036466E12":128,"1.211062973E12":305,"1.211063879E12":314,"1.211054415E12":275,"1.211046042E12":231,"1.211032738E12":71,"1.211031902E12":54,"1.21106298E12":306,"1.211033094E12":84,"1.211059276E12":292,"1.211029908E12":37,"1.211038142E12":144,"1.211032986E12":81,"1.211081185E12":354,"1.211051525E12":265,"1.211035534E12":112,"1.211030818E12":43,"1.211060265E12":296,"1.211056925E12":284,"1.211041129E12":184,"1.211038211E12":145,"1.211143469E12":371,"1.211039088E12":158,"1.211031409E12":47,"1.211040959E12":182,"1.211067527E12":326,"1.211070446E12":331,"1.211040866E12":180,"1.211070941E12":334,"1.211051564E12":267,"1.211035656E12":114,"1.211036172E12":120,"1.211051224E12":262,"1.211055389E12":278,"1.211082424E12":357,"1.211042444E12":201,"1.211060291E12":297,"1.211048309E12":253,"1.211038422E12":146,"1.211059774E12":294,"1.211026758E12":17,"1.21103737E12":135,"1.211032224E12":59,"1.211035155E12":107,"1.21106754E12":327,"1.211060329E12":299,"1.21102682E12":18,"1.211031492E12":48,"1.211123105E12":364,"1.211051103E12":260,"1.211125268E12":366,"1.211040338E12":173,"1.211042169E12":198,"1.21103427E12":98,"1.211125789E12":367,"1.211039378E12":161,"1.211032753E12":72,"1.211031559E12":49,"1.211051475E12":264,"1.211040399E12":174,"1.211046824E12":242,"1.211045323E12":219,"1.211055357E12":277,"1.21103492E12":103,"1.211040009E12":169,"1.211081509E12":355,"1.211085259E12":361,"1.211034466E12":100,"1.211044043E12":216,"1.211043995E12":213,"1.211033381E12":88,"1.211059733E12":293,"1.211045815E12":229,"1.211045519E12":224,"1.211049948E12":257,"1.211051283E12":263,"1.211041627E12":190,"1.21102887E12":35,"1.211063407E12":309,"1.211034954E12":104,"1.211035545E12":113,"1.211039882E12":166,"1.211045829E12":230,"1.211020209E12":2,"1.211067283E12":324,"1.211031334E12":46,"1.211047415E12":249,"1.211121905E12":363,"1.211033272E12":86,"1.211038869E12":151,"1.211063469E12":311,"1.21105909E12":291,"1.211037193E12":133,"1.211041605E12":189,"1.211081654E12":356,"1.211038029E12":142,"1.211046378E12":238,"1.211043288E12":209,"1.211129111E12":369,"1.211052824E12":270,"1.211018404E12":1,"1.211072981E12":336,"1.21103887E12":152,"1.211023903E12":3,"1.211102714E12":362,"1.211042176E12":199,"1.211078341E12":345,"1.211038034E12":143,"1.211041881E12":195,"1.211037164E12":131,"1.211078494E12":346,"1.211064117E12":316,"1.21103258E12":66,"1.211041334E12":186,"1.211066882E12":321,"1.211032959E12":79,"1.211037703E12":136,"1.211069736E12":329,"1.211063108E12":307,"1.211033592E12":95,"1.211036124E12":119,"1.211054403E12":274,"1.211037184E12":132,"1.211051201E12":261,"1.211055747E12":281,"1.211055448E12":279,"1.211064269E12":318,"1.211032512E12":62,"1.211043998E12":214,"1.211033396E12":91,"1.211036186E12":122,"1.211041702E12":191,"1.211032147E12":57,"1.211027475E12":29,"1.211045304E12":218,"1.211039228E12":159,"1.211214784E12":374,"1.211080748E12":352,"1.211027934E12":30,"1.211046882E12":244,"1.211032756E12":73,"1.211038727E12":147,"1.21103886E12":150,"1.211045441E12":222,"1.211033382E12":89,"1.211039241E12":160,"1.211040753E12":178,"1.211025915E12":7,"1.21103623E12":124,"1.21104216E12":197,"1.211032473E12":61,"1.211026861E12":20,"1.211036393E12":126,"1.211197958E12":372,"1.211084288E12":358,"1.211073641E12":339,"1.211032958E12":78,"1.211039019E12":157,"1.21103111E12":44,"1.211041851E12":194,"1.211033082E12":83,"1.211025612E12":6,"1.211026531E12":11,"1.211042857E12":205,"1.211057721E12":288,"1.211039999E12":168,"1.211041848E12":193,"1.211070523E12":332,"1.211046585E12":240,"1.211027167E12":23,"1.211032575E12":64,"1.211060103E12":295,"1.211084782E12":360,"1.211035512E12":111,"1.211037268E12":134,"1.211045438E12":220,"1.211061666E12":302,"1.211042408E12":200,"1.211043131E12":207,"1.211047218E12":246,"1.211077841E12":343,"1.21103461E12":102,"1.211036175E12":121,"1.211077857E12":344,"1.211032665E12":69,"1.211039801E12":165,"1.211041139E12":185,"1.21104674E12":241,"1.211030155E12":38,"1.211063467E12":310,"1.211043416E12":211,"1.21103119E12":45,"1.211047491E12":250,"1.211031667E12":50,"1.211026728E12":14,"1.211033332E12":87,"1.21103942E12":162,"1.211047933E12":252,"1.21104341E12":210,"1.211129021E12":368,"1.211045604E12":226,"1.211073787E12":340,"1.211049271E12":255,"1.21108455E12":359,"1.211080969E12":353,"1.211032992E12":82,"1.21102832E12":33,"1.211031927E12":55,"1.211026748E12":16,"1.211049503E12":256,"1.211069741E12":330,"1.211046339E12":236,"1.211035767E12":115,"1.211039778E12":164,"1.211046319E12":234,"1.211032677E12":70,"1.211025068E12":4,"1.211042958E12":206,"1.211035441E12":109,"1.211042139E12":196,"1.211038934E12":156,"1.211070884E12":333,"1.211047369E12":248,"1.211055076E12":276,"1.211028183E12":32,"1.211047853E12":251,"1.211026584E12":13,"1.211030344E12":40,"1.211040896E12":181,"1.21108071E12":351,"1.211061787E12":303,"1.211040979E12":183,"1.211073627E12":338,"1.211063401E12":308,"1.211026747E12":15,"1.211030185E12":39,"1.21105241E12":269,"1.211046374E12":237,"1.211035207E12":108,"1.211048561E12":254,"1.211036486E12":129,"1.211032651E12":68,"1.211032154E12":58,"1.211080298E12":349,"1.211025247E12":5,"1.211037947E12":140,"1.211038902E12":154,"1.211042494E12":202,"1.21102684E12":19,"1.211062964E12":304,"1.211043985E12":212,"1.211032627E12":67,"1.211027002E12":21,"1.211036258E12":125,"1.211041461E12":188,"1.211065019E12":319,"1.211079886E12":347,"1.211214901E12":375,"1.211057289E12":286,"1.211027205E12":25,"1.211057449E12":287,"1.211042716E12":204,"1.211032915E12":77,"1.211028765E12":34,"1.211035006E12":106,"1.211054232E12":272,"1.211043167E12":208,"1.21103891E12":155,"1.211036105E12":118,"1.211068268E12":328,"1.211040847E12":179,"1.211202384E12":373,"1.211056955E12":285,"1.211051529E12":266,"1.211039746E12":163,"1.2110401E12":172,"1.211041823E12":192,"1.211051606E12":268,"1.211060482E12":300,"1.211052958E12":271,"1.211038754E12":148,"1.211045713E12":227,"1.211040032E12":170,"1.211033142E12":85,"1.21106504E12":320,"1.211031867E12":53,"1.211037939E12":138,"1.211038797E12":149,"1.211032057E12":56,"1.211035813E12":116,"1.211035928E12":117,"1.211033507E12":94,"1.211040732E12":177,"1.211033466E12":93,"1.211032862E12":75,"1.211067019E12":322,"1.211047275E12":247,"1.211033451E12":92,"1.211057798E12":289,"1.211054239E12":273,"1.211036419E12":127,"1.211034344E12":99,"1.211037944E12":139,"1.211039931E12":167,"1.21103547E12":110,"1.211028139E12":31,"1.211042506E12":203,"1.211073099E12":337,"1.21104685E12":243,"1.211030367E12":42,"1.211058988E12":290,"1.211044041E12":215,"1.211027406E12":26,"1.21104618E12":232},"NUMBER_OF_PEOPLE":400,"minTimeSeen":1.211018404E12,"maxTimeSeen":1.211558405E12,"NEIGHBORHOOD_RADIUS":20.0,"ENCOUNTER_CHANCE":0.05,"priority":1.0,"duration":540001.0,"minutesDuration":9000.016666666666,"hoursDuration":150.00027777777777,"daysDuration":6.250011574074073}
