{"propagationData":{"1.211073675E12":303,"1.211060779E12":241,"1.211092641E12":351,"1.211084487E12":338,"1.211047756E12":81,"1.211055133E12":190,"1.211064077E12":265,"1.211046594E12":60,"1.211088664E12":348,"1.211047498E12":72,"1.21104629E12":53,"1.211048844E12":101,"1.211079347E12":323,"1.211077705E12":318,"1.211071148E12":293,"1.211075981E12":312,"1.211147958E12":381,"1.21106102E12":245,"1.211053485E12":171,"1.211065109E12":273,"1.211056178E12":199,"1.211045031E12":25,"1.211051451E12":145,"1.211058183E12":218,"1.211084922E12":341,"1.211054605E12":181,"1.211076408E12":313,"1.211072982E12":301,"1.211047566E12":74,"1.211081846E12":333,"1.211048351E12":89,"1.211051032E12":138,"1.211053465E12":169,"1.211085091E12":343,"1.21112179E12":373,"1.211047594E12":75,"1.211065025E12":272,"1.211074241E12":305,"1.211045774E12":43,"1.211089888E12":350,"1.211052651E12":159,"1.211072999E12":302,"1.211047147E12":67,"1.211079318E12":322,"1.211060844E12":243,"1.211055674E12":195,"1.211059075E12":227,"1.21104683E12":65,"1.211061997E12":252,"1.211122231E12":374,"1.211051271E12":143,"1.211092857E12":352,"1.211119797E12":372,"1.211054254E12":176,"1.211031483E12":2,"1.211103156E12":366,"1.211079763E12":327,"1.21107064E12":289,"1.211059099E12":228,"1.211102448E12":364,"1.211086198E12":345,"1.21106185E12":251,"1.211056235E12":201,"1.211050131E12":120,"1.211053389E12":168,"1.211072849E12":300,"1.211057949E12":215,"1.211075762E12":311,"1.211045041E12":26,"1.21106276E12":257,"1.21106349E12":262,"1.211045665E12":41,"1.211046035E12":49,"1.211093036E12":353,"1.211075706E12":309,"1.211047755E12":80,"1.211045292E12":32,"1.21105692E12":208,"1.211064804E12":269,"1.211100818E12":361,"1.211077388E12":316,"1.211064219E12":266,"1.211059523E12":231,"1.211050415E12":126,"1.211046902E12":66,"1.211049018E12":102,"1.211055819E12":196,"1.211044365E12":14,"1.211054624E12":184,"1.211054171E12":174,"1.211060327E12":239,"1.211045947E12":46,"1.211058372E12":221,"1.211044902E12":23,"1.211129294E12":377,"1.211060305E12":238,"1.211049969E12":116,"1.211062309E12":254,"1.211060108E12":236,"1.211045387E12":34,"1.211077085E12":314,"1.211060026E12":234,"1.211052448E12":157,"1.211087871E12":347,"1.211054923E12":187,"1.211055853E12":197,"1.211085065E12":342,"1.211052744E12":162,"1.211084598E12":339,"1.211045043E12":27,"1.211059356E12":230,"1.211547049E12":389,"1.211081464E12":332,"1.211051812E12":152,"1.211073746E12":304,"1.211049278E12":106,"1.211071847E12":295,"1.211046033E12":48,"1.211049795E12":108,"1.211128485E12":376,"1.211068759E12":281,"1.211061786E12":249,"1.211083738E12":336,"1.211285572E12":386,"1.21106805E12":279,"1.211047742E12":78,"1.211044367E12":15,"1.211069733E12":285,"1.211064874E12":270,"1.211052106E12":153,"1.21105562E12":193,"1.211046812E12":64,"1.211061032E12":246,"1.211055963E12":198,"1.211048472E12":92,"1.211045466E12":37,"1.211049948E12":115,"1.21105973E12":232,"1.211051129E12":142,"1.21107951E12":324,"1.211047857E12":82,"1.211051729E12":151,"1.211047211E12":70,"1.211048801E12":98,"1.211040633E12":3,"1.211074766E12":306,"1.211057211E12":210,"1.21104869E12":95,"1.211047931E12":84,"1.211050801E12":134,"1.211053627E12":172,"1.211054772E12":185,"1.211044273E12":12,"1.211093869E12":356,"1.211063778E12":264,"1.211067604E12":278,"1.211045808E12":44,"1.211042978E12":7,"1.211046716E12":62,"1.211052196E12":154,"1.211066394E12":276,"1.211018404E12":1,"1.211118863E12":371,"1.211079982E12":328,"1.211054935E12":188,"1.211050172E12":121,"1.211050984E12":136,"1.211048699E12":96,"1.211048037E12":85,"1.211082034E12":334,"1.211070533E12":288,"1.211056541E12":203,"1.21105144E12":144,"1.211061656E12":247,"1.211058569E12":222,"1.211053642E12":173,"1.21109395E12":357,"1.211063152E12":261,"1.21104171E12":5,"1.211077703E12":317,"1.211058213E12":219,"1.211050547E12":129,"1.211096089E12":358,"1.211060132E12":237,"1.211048787E12":97,"1.211052804E12":164,"1.21104644E12":55,"1.211055396E12":191,"1.211046331E12":54,"1.211068163E12":280,"1.211056827E12":207,"1.211046241E12":51,"1.211054298E12":177,"1.21104598E12":47,"1.211057286E12":211,"1.211071102E12":290,"1.21106471E12":268,"1.211046684E12":61,"1.211045274E12":31,"1.211048455E12":91,"1.211061835E12":250,"1.211044306E12":13,"1.211075702E12":308,"1.211108113E12":368,"1.211044246E12":11,"1.211046535E12":58,"1.211096538E12":359,"1.211058155E12":217,"1.211052285E12":155,"1.211085913E12":344,"1.211080802E12":330,"1.211175478E12":383,"1.211050537E12":128,"1.211045206E12":29,"1.211047645E12":77,"1.211305188E12":387,"1.211080483E12":329,"1.211045552E12":39,"1.211060776E12":240,"1.211054803E12":186,"1.211418146E12":388,"1.211050421E12":127,"1.211064481E12":267,"1.211070417E12":287,"1.211044732E12":19,"1.211045438E12":36,"1.211146861E12":380,"1.211046498E12":57,"1.211047744E12":79,"1.211044783E12":21,"1.211045432E12":35,"1.211051692E12":150,"1.211054172E12":175,"1.211062703E12":256,"1.211045514E12":38,"1.211044012E12":10,"1.211093758E12":355,"1.211069543E12":283,"1.211101878E12":362,"1.211048316E12":88,"1.211063744E12":263,"1.211042678E12":6,"1.211050243E12":122,"1.211135215E12":378,"1.211116534E12":369,"1.211054299E12":178,"1.211041609E12":4,"1.211049237E12":104,"1.21105732E12":213,"1.21116062E12":382,"1.211071193E12":294,"1.21106492E12":271,"1.211055574E12":192,"1.211060953E12":244,"1.211135749E12":379,"1.211097011E12":360,"1.211059067E12":226,"1.211045624E12":40,"1.211069799E12":286,"1.211084606E12":340,"1.211049841E12":112,"1.211065554E12":274,"1.211058007E12":216,"1.211068852E12":282,"1.211079248E12":321,"1.211050339E12":123,"1.211063019E12":260,"1.211072718E12":297,"1.211050945E12":135,"1.21106171E12":248,"1.211046217E12":50,"1.211103507E12":367,"1.211057169E12":209,"1.211056713E12":204,"1.211048103E12":87,"1.211082977E12":335,"1.211083994E12":337,"1.211052949E12":165,"1.211072812E12":299,"1.211079653E12":326,"1.211044869E12":22,"1.211059948E12":233,"1.21104583E12":45,"1.21105567E12":194,"1.211046551E12":59,"1.211072729E12":298,"1.211049835E12":111,"1.211048099E12":86,"1.211053345E12":167,"1.211175633E12":384,"1.211066357E12":275,"1.211056779E12":205,"1.211044603E12":18,"1.211049575E12":107,"1.211086699E12":346,"1.211054609E12":182,"1.211050083E12":119,"1.211075295E12":307,"1.211053321E12":166,"1.21105057E12":130,"1.211089694E12":349,"1.211049917E12":113,"1.211052673E12":160,"1.211055131E12":189,"1.211044733E12":20,"1.211075738E12":310,"1.2110472E12":69,"1.211101954E12":363,"1.211050409E12":125,"1.211051639E12":148,"1.211117349E12":370,"1.211067425E12":277,"1.211048506E12":93,"1.211071129E12":292,"1.211047299E12":71,"1.211054314E12":179,"1.211048668E12":94,"1.211050354E12":124,"1.211052312E12":156,"1.21105E12":117,"1.21105258E12":158,"1.211047906E12":83,"1.211062964E12":259,"1.211078962E12":320,"1.21106957E12":284,"1.211044375E12":17,"1.211177354E12":385,"1.211057289E12":212,"1.211060107E12":235,"1.211056813E12":206,"1.211046286E12":52,"1.211043779E12":8,"1.211045225E12":30,"1.211050761E12":131,"1.211051111E12":141,"1.211043951E12":9,"1.211051087E12":140,"1.211048817E12":99,"1.211059048E12":225,"1.211059005E12":224,"1.21107957E12":325,"1.211060795E12":242,"1.211047633E12":76,"1.211048833E12":100,"1.211054503E12":180,"1.211054615E12":183,"1.211047555E12":73,"1.211046748E12":63,"1.211078761E12":319,"1.211062595E12":255,"1.211093666E12":354,"1.211050053E12":118,"1.21108102E12":331,"1.211051668E12":149,"1.211062208E12":253,"1.211049816E12":109,"1.211049238E12":105,"1.211046443E12":56,"1.211057462E12":214,"1.211052799E12":163,"1.211056183E12":200,"1.211048452E12":90,"1.211102783E12":365,"1.211045707E12":42,"1.211051492E12":146,"1.211051506E12":147,"1.211051046E12":139,"1.211047174E12":68,"1.211058819E12":223,"1.211049933E12":114,"1.21104922E12":103,"1.211053484E12":170,"1.211077276E12":315,"1.21107267E12":296,"1.211045114E12":28,"1.21112341E12":375,"1.21105077E12":132,"1.211044915E12":24,"1.211062814E12":258,"1.211059298E12":229,"1.211058258E12":220,"1.211052734E12":161},"NUMBER_OF_PEOPLE":400,"minTimeSeen":1.211018404E12,"maxTimeSeen":1.211558405E12,