{"propagationData":{"1.211048425E12":148,"1.211052886E12":210,"1.211044882E12":94,"1.211045721E12":105,"1.211073879E12":325,"1.211140138E12":379,"1.21106154E12":274,"1.211039874E12":25,"1.211055319E12":239,"1.211133276E12":376,"1.211236819E12":388,"1.211088485E12":355,"1.211038515E12":6,"1.21107603E12":328,"1.211051338E12":198,"1.211053179E12":215,"1.211094609E12":361,"1.211045402E12":99,"1.211063654E12":291,"1.211044002E12":79,"1.211050597E12":187,"1.211085548E12":348,"1.211055434E12":241,"1.211039479E12":20,"1.211063252E12":287,"1.211061011E12":272,"1.211064903E12":295,"1.211051082E12":193,"1.211047314E12":136,"1.211094978E12":362,"1.211042393E12":52,"1.211047173E12":134,"1.211046999E12":129,"1.21105094E12":189,"1.211072573E12":320,"1.211053592E12":226,"1.211284691E12":389,"1.211041764E12":37,"1.211045422E12":100,"1.211066253E12":299,"1.211047531E12":138,"1.211055916E12":248,"1.211066573E12":300,"1.211038645E12":9,"1.211042666E12":60,"1.211044096E12":82,"1.211026652E12":4,"1.211062659E12":282,"1.211082709E12":344,"1.211052003E12":205,"1.211122955E12":374,"1.21104709E12":132,"1.211050264E12":179,"1.21104581E12":110,"1.211042777E12":62,"1.211042166E12":46,"1.211042348E12":51,"1.211042044E12":42,"1.211070806E12":312,"1.211048986E12":159,"1.211046583E12":120,"1.211070193E12":309,"1.211047087E12":131,"1.211042266E12":49,"1.211055247E12":237,"1.211038654E12":10,"1.211063376E12":288,"1.211056598E12":252,"1.211044019E12":80,"1.211066696E12":301,"1.21106368E12":292,"1.211056314E12":249,"1.211052006E12":206,"1.211045733E12":107,"1.211018404E12":1,"1.211048951E12":157,"1.211141437E12":380,"1.21104977E12":170,"1.211048556E12":154,"1.211082811E12":345,"1.211137635E12":378,"1.211053474E12":224,"1.211055361E12":240,"1.211050745E12":188,"1.211051093E12":194,"1.21104176E12":34,"1.211080383E12":340,"1.211042192E12":47,"1.211052922E12":212,"1.21104842E12":147,"1.211044408E12":86,"1.211062542E12":281,"1.211056706E12":254,"1.211048249E12":144,"1.211044306E12":85,"1.211066824E12":302,"1.211086817E12":351,"1.211059212E12":266,"1.211062474E12":279,"1.211041841E12":39,"1.211039615E12":22,"1.211053399E12":222,"1.211045373E12":98,"1.211039155E12":15,"1.211039402E12":18,"1.211080132E12":339,"1.211043738E12":73,"1.211070588E12":311,"1.211050085E12":175,"1.211045731E12":106,"1.211043298E12":67,"1.211081625E12":341,"1.211047139E12":133,"1.211047697E12":140,"1.21108682E12":352,"1.211054325E12":230,"1.211057679E12":255,"1.211042436E12":54,"1.21109906E12":365,"1.211049767E12":169,"1.211045607E12":104,"1.211059049E12":262,"1.211087201E12":353,"1.211051455E12":201,"1.211038765E12":13,"1.211053298E12":219,"1.211048881E12":156,"1.211040513E12":29,"1.211043543E12":69,"1.211040408E12":27,"1.211042473E12":56,"1.211063775E12":293,"1.211045497E12":103,"1.211053156E12":214,"1.211042838E12":63,"1.211058329E12":259,"1.211049459E12":165,"1.211051959E12":204,"1.211090382E12":357,"1.211045144E12":95,"1.211086643E12":349,"1.211044641E12":90,"1.211071344E12":315,"1.21105006E12":174,"1.21104925E12":161,"1.211056692E12":253,"1.211218578E12":387,"1.211043826E12":75,"1.211058205E12":258,"1.211055828E12":246,"1.211102269E12":367,"1.211046861E12":128,"1.211060053E12":270,"1.211042615E12":59,"1.211087942E12":354,"1.211047632E12":139,"1.211070429E12":310,"1.211054379E12":231,"1.211070905E12":313,"1.211046837E12":127,"1.211077968E12":333,"1.211079541E12":337,"1.211044487E12":88,"1.211041681E12":33,"1.211043963E12":77,"1.211059421E12":268,"1.211038586E12":7,"1.21103891E12":14,"1.21105906E12":264,"1.211072404E12":318,"1.211049852E12":172,"1.211043979E12":78,"1.211050109E12":176,"1.211052743E12":208,"1.211050493E12":183,"1.211062959E12":283,"1.211050245E12":177,"1.211045898E12":113,"1.211045479E12":102,"1.211052799E12":209,"1.211048538E12":153,"1.211051046E12":191,"1.211079092E12":336,"1.21112424E12":375,"1.211069966E12":307,"1.211053578E12":225,"1.211141781E12":381,"1.211039176E12":16,"1.211044413E12":87,"1.211049329E12":164,"1.211059128E12":265,"1.211055275E12":238,"1.211071521E12":316,"1.211050273E12":180,"1.211094427E12":360,"1.211042672E12":61,"1.211046673E12":123,"1.211050259E12":178,"1.211056338E12":250,"1.211046768E12":125,"1.211041989E12":41,"1.211072094E12":317,"1.211056518E12":251,"1.211063026E12":284,"1.211063155E12":285,"1.211077988E12":334,"1.211047007E12":130,"1.211085329E12":347,"1.211073965E12":326,"1.211058008E12":256,"1.211048976E12":158,"1.211039616E12":23,"1.211097424E12":364,"1.211055863E12":247,"1.211047902E12":142,"1.211049614E12":167,"1.211038719E12":12,"1.211044803E12":91,"1.211062488E12":280,"1.21105467E12":235,"1.211104232E12":370,"1.211094078E12":358,"1.211055711E12":245,"1.211055242E12":236,"1.211058073E12":257,"1.211049738E12":168,"1.211072688E12":321,"1.211055632E12":243,"1.211042407E12":53,"1.21105546E12":242,"1.211043717E12":71,"1.211053326E12":220,"1.211175482E12":386,"1.211049302E12":163,"1.211095061E12":363,"1.211064112E12":294,"1.211100751E12":366,"1.211048701E12":155,"1.211045781E12":109,"1.211051215E12":197,"1.211049832E12":171,"1.211041413E12":32,"1.211053181E12":216,"1.211042339E12":50,"1.211054538E12":234,"1.211053355E12":221,"1.211048469E12":150,"1.211042051E12":44,"1.21104953E12":166,"1.211077549E12":332,"1.211051117E12":196,"1.211070025E12":308,"1.211076643E12":330,"1.21105439E12":232,"1.211058756E12":261,"1.21107695E12":331,"1.211048509E12":151,"1.211042962E12":65,"1.211046179E12":114,"1.211040287E12":26,"1.211066016E12":298,"1.211051386E12":199,"1.211067997E12":304,"1.211074683E12":327,"1.211102402E12":368,"1.211039428E12":19,"1.211073841E12":324,"1.211042243E12":48,"1.211049118E12":160,"1.211079948E12":338,"1.211045424E12":101,"1.211071236E12":314,"1.211039204E12":17,"1.211054137E12":228,"1.211082221E12":343,"1.21104836E12":146,"1.211046611E12":121,"1.211049976E12":173,"1.211042516E12":57,"1.211045286E12":96,"1.211040707E12":30,"1.211055673E12":244,"1.211063566E12":289,"1.211051634E12":202,"1.211053199E12":217,"1.211069454E12":305,"1.211085291E12":346,"1.211042583E12":58,"1.211086809E12":350,"1.21104244E12":55,"1.211062057E12":276,"1.211046492E12":118,"1.211059055E12":263,"1.211063202E12":286,"1.211046616E12":122,"1.211042155E12":45,"1.211052708E12":207,"1.211048462E12":149,"1.211059419E12":267,"1.211103962E12":369,"1.211065117E12":296,"1.211054308E12":229,"1.21107629E12":329,"1.211051063E12":192,"1.211050537E12":185,"1.21107327E12":322,"1.211050421E12":182,"1.211050497E12":184,"1.211051446E12":200,"1.211038599E12":8,"1.21104822E12":143,"1.211134553E12":377,"1.211039737E12":24,"1.211045877E12":111,"1.211072431E12":319,"1.211046254E12":117,"1.211094086E12":359,"1.211051644E12":203,"1.211061311E12":273,"1.211046192E12":115,"1.211061757E12":275,"1.211059691E12":269,"1.211082045E12":342,"1.211044198E12":83,"1.211044635E12":89,"1.211067903E12":303,"1.211046548E12":119,"1.211065135E12":297,"1.211046217E12":116,"1.21104574E12":108,"1.211107486E12":371,"1.211044281E12":84,"1.211073333E12":323,"1.21104084E12":31,"1.211044881E12":93,"1.211122593E12":373,"1.211047264E12":135,"1.21114927E12":384,"1.211043268E12":66,"1.211043805E12":74,"1.211024581E12":3,"1.21105057E12":186,"1.211048296E12":145,"1.211046806E12":126,"1.21104361E12":70,"1.211030897E12":5,"1.211045332E12":97,"1.211047366E12":137,"1.211022734E12":2,"1.211053431E12":223,"1.211050298E12":181,"1.211054006E12":227,"1.211088644E12":356,"1.211047798E12":141,"1.211046746E12":124,"1.211042908E12":64,"1.211152531E12":385,"1.211041762E12":35,"1.211143993E12":383,"1.211069592E12":306,"1.211049272E12":162,"1.211044809E12":92,"1.211060912E12":271,"1.211054391E12":233,"1.211053034E12":213,"1.211038685E12":11,"1.211043728E12":72,"1.211050991E12":190,"1.211041789E12":38,"1.21105321E12":218,"1.211045886E12":112,"1.211062076E12":278,"1.211063572E12":290,"1.211142675E12":382,"1.211051099E12":195,"1.211043354E12":68,"1.211058491E12":260,"1.21107821E12":335,"1.211118123E12":372,"1.211062061E12":277,"1.211052904E12":211,"1.211043929E12":76,"1.211048511E12":152,"1.211041957E12":40,"1.211044044E12":81},"NUMBER_OF_PEOPLE":400,