{"propagationData":{"1.21104789E12":136,"1.211061242E12":281,"1.211064812E12":303,"1.211052077E12":189,"1.211139356E12":376,"1.211046134E12":86,"1.211044779E12":60,"1.211042016E12":28,"1.211050273E12":170,"1.211052404E12":192,"1.211055928E12":232,"1.211045721E12":78,"1.211046509E12":99,"1.211047447E12":121,"1.211054796E12":221,"1.21104009E12":9,"1.211044011E12":52,"1.211054595E12":214,"1.211045366E12":69,"1.211047072E12":116,"1.211046795E12":109,"1.211059917E12":269,"1.211060101E12":270,"1.211056494E12":238,"1.211054084E12":211,"1.211045606E12":74,"1.211138416E12":375,"1.211073785E12":330,"1.211071449E12":324,"1.211052954E12":198,"1.211066774E12":311,"1.211060421E12":275,"1.211047675E12":129,"1.211066057E12":309,"1.211055626E12":229,"1.211045718E12":77,"1.211049698E12":159,"1.211041531E12":24,"1.21104911E12":150,"1.211059099E12":263,"1.211043061E12":38,"1.211040252E12":12,"1.21105769E12":253,"1.211047521E12":123,"1.2110596E12":265,"1.211134437E12":373,"1.211055434E12":226,"1.211052987E12":200,"1.211061122E12":279,"1.211055513E12":227,"1.211039678E12":7,"1.211125081E12":370,"1.211042509E12":33,"1.211043844E12":48,"1.21104561E12":75,"1.211051486E12":184,"1.211056545E12":241,"1.211056202E12":236,"1.211039491E12":5,"1.211053514E12":207,"1.211102386E12":365,"1.21105094E12":178,"1.211056014E12":233,"1.211090795E12":354,"1.211040285E12":13,"1.211048566E12":142,"1.21104637E12":94,"1.211047666E12":128,"1.211061749E12":291,"1.211046311E12":93,"1.211056407E12":237,"1.211050214E12":169,"1.211056072E12":234,"1.211059006E12":261,"1.211054075E12":210,"1.211134018E12":372,"1.211042282E12":32,"1.211073471E12":327,"1.211076803E12":336,"1.211054666E12":217,"1.211054097E12":212,"1.211044437E12":56,"1.211049633E12":156,"1.211039593E12":6,"1.21104332E12":41,"1.211046157E12":88,"1.211151593E12":378,"1.211057294E12":251,"1.211085974E12":349,"1.211057133E12":247,"1.211050438E12":173,"1.211048202E12":137,"1.211053375E12":204,"1.211053273E12":203,"1.211067828E12":314,"1.211046459E12":97,"1.211068723E12":317,"1.211061396E12":283,"1.21104393E12":51,"1.211047294E12":119,"1.211086067E12":350,"1.211065361E12":306,"1.211041066E12":21,"1.211059848E12":267,"1.211052155E12":191,"1.211284597E12":388,"1.211154539E12":380,"1.21106296E12":295,"1.211065602E12":307,"1.211061588E12":287,"1.211057894E12":255,"1.211057279E12":250,"1.211049213E12":152,"1.211071433E12":323,"1.211053416E12":205,"1.211046824E12":111,"1.211043535E12":43,"1.211045105E12":64,"1.211180036E12":384,"1.211090357E12":353,"1.211045139E12":65,"1.211071013E12":322,"1.211063099E12":296,"1.211054779E12":220,"1.211047846E12":134,"1.211052106E12":190,"1.211095643E12":362,"1.211067894E12":316,"1.211124125E12":369,"1.211065215E12":305,"1.211054844E12":222,"1.211077645E12":338,"1.211051069E12":179,"1.211051379E12":183,"1.211066916E12":312,"1.21104337E12":42,"1.21104373E12":47,"1.211048318E12":139,"1.211040102E12":11,"1.211050577E12":175,"1.211057211E12":249,"1.211053571E12":208,"1.211043711E12":46,"1.211045767E12":79,"1.211051143E12":181,"1.211046745E12":106,"1.211059892E12":268,"1.211059288E12":264,"1.211046278E12":92,"1.211049666E12":157,"1.211210321E12":385,"1.211054772E12":219,"1.211050365E12":171,"1.211046484E12":98,"1.211049772E12":161,"1.211060243E12":273,"1.211042972E12":36,"1.211042978E12":37,"1.211051853E12":187,"1.2110458E12":80,"1.211018404E12":1,"1.211047855E12":135,"1.211058379E12":259,"1.211046456E12":96,"1.21104977E12":160,"1.211054727E12":218,"1.211044757E12":59,"1.211056606E12":243,"1.211094255E12":359,"1.21105088E12":177,"1.211047582E12":126,"1.21116761E12":382,"1.211045543E12":73,"1.211076028E12":335,"1.211046641E12":102,"1.211067889E12":315,"1.211049922E12":164,"1.211046596E12":101,"1.211046965E12":115,"1.211048787E12":145,"1.211045383E12":71,"1.211041223E12":22,"1.211094565E12":360,"1.211216774E12":386,"1.211062757E12":294,"1.211057693E12":254,"1.21104621E12":91,"1.211055059E12":223,"1.211040684E12":17,"1.211045285E12":66,"1.211131839E12":371,"1.211085331E12":348,"1.211055283E12":224,"1.211047707E12":131,"1.211056194E12":235,"1.211049684E12":158,"1.211061554E12":286,"1.211061748E12":290,"1.211044804E12":62,"1.211040101E12":10,"1.211061005E12":278,"1.211135205E12":374,"1.211043891E12":49,"1.211069602E12":318,"1.211045291E12":67,"1.211047657E12":127,"1.211050145E12":167,"1.211048291E12":138,"1.211045907E12":81,"1.211050593E12":176,"1.21106081E12":276,"1.211040645E12":16,"1.211064444E12":302,"1.211049034E12":149,"1.211074922E12":334,"1.211044709E12":58,"1.211040756E12":19,"1.211058838E12":260,"1.211045354E12":68,"1.211060154E12":271,"1.211052851E12":197,"1.211048395E12":140,"1.211051084E12":180,"1.2110462E12":89,"1.211046799E12":110,"1.211039478E12":3,"1.211076877E12":337,"1.211063312E12":297,"1.211057435E12":252,"1.211055862E12":231,"1.211073442E12":326,"1.211064391E12":301,"1.211053737E12":209,"1.211057067E12":246,"1.211042273E12":31,"1.211043682E12":45,"1.211048737E12":144,"1.211060915E12":277,"1.2110431E12":39,"1.211052985E12":199,"1.211048959E12":148,"1.211049915E12":163,"1.21110658E12":366,"1.211045914E12":82,"1.211082039E12":344,"1.211067167E12":313,"1.211047083E12":117,"1.211073726E12":329,"1.211051355E12":182,"1.211093856E12":358,"1.211061539E12":285,"1.211047175E12":118,"1.211091636E12":355,"1.211098337E12":364,"1.21102001E12":2,"1.211070642E12":320,"1.211050168E12":168,"1.21106384E12":299,"1.211093453E12":357,"1.211045916E12":83,"1.21104912E12":151,"1.211095944E12":363,"1.211054441E12":213,"1.211046511E12":100,"1.211052994E12":201,"1.21104088E12":20,"1.211061232E12":280,"1.211044198E12":55,"1.211053056E12":202,"1.211046138E12":87,"1.211070054E12":319,"1.21104984E12":162,"1.211055639E12":230,"1.211046891E12":114,"1.211061636E12":289,"1.21107823E12":340,"1.211074917E12":333,"1.211046705E12":105,"1.211047747E12":132,"1.211074651E12":331,"1.211041351E12":23,"1.211089654E12":351,"1.211041867E12":27,"1.211051959E12":188,"1.211045923E12":84,"1.211054639E12":216,"1.211074755E12":332,"1.211061592E12":288,"1.211077881E12":339,"1.211081712E12":343,"1.211061859E12":293,"1.211043264E12":40,"1.211040738E12":18,"1.211045368E12":70,"1.21104178E12":26,"1.211059788E12":266,"1.211046772E12":108,"1.211057941E12":256,"1.211094587E12":361,"1.211070834E12":321,"1.211055351E12":225,"1.211044782E12":61,"1.211047801E12":133,"1.211063877E12":300,"1.21116669E12":381,"1.211046413E12":95,"1.211052673E12":193,"1.211040478E12":14,"1.211050141E12":166,"1.211073655E12":328,"1.211082407E12":345,"1.211042093E12":29,"1.211065644E12":308,"1.211056537E12":240,"1.211078284E12":341,"1.211048906E12":147,"1.21104881E12":146,"1.211153191E12":379,"1.211066263E12":310,"1.211050431E12":172,"1.211146315E12":377,"1.211059061E12":262,"1.211039733E12":8,"1.211047546E12":124,"1.211085056E12":347,"1.211046085E12":85,"1.211061834E12":292,"1.211046658E12":104,"1.211056504E12":239,"1.211057951E12":257,"1.211041774E12":25,"1.211050502E12":174,"1.211042816E12":34,"1.211179165E12":383,"1.211052775E12":195,"1.21105173E12":186,"1.211056627E12":244,"1.211043634E12":44,"1.211048707E12":143,"1.211115338E12":367,"1.211045518E12":72,"1.211049262E12":154,"1.211058013E12":258,"1.211061465E12":284,"1.211044098E12":54,"1.211042142E12":30,"1.211047555E12":125,"1.211050104E12":165,"1.211092024E12":356,"1.211072469E12":325,"1.21105685E12":245,"1.211090035E12":352,"1.211047706E12":130,"1.211046853E12":112,"1.211042881E12":35,"1.211046655E12":103,"1.211116434E12":368,"1.211047342E12":120,"1.211065035E12":304,"1.211057192E12":248,"1.211052716E12":194,"1.211218712E12":387,"1.211079826E12":342,"1.21105659E12":242,"1.211052849E12":196,"1.211061359E12":282,"1.211040494E12":15,"1.211084841E12":346,"1.211054621E12":215,"1.211045698E12":76,"1.211043929E12":50,"1.211060233E12":272,"1.211063667E12":298,"1.211045049E12":63,"1.211046753E12":107,"1.21104689E12":113,"1.211048511E12":141,"1.211049259E12":153,"1.211060369E12":274,"1.211044567E12":57,"1.211053504E12":206,"1.211051556E12":185,"1.211044044E12":53},"NUMBER_OF_PEOPLE":400,"minTimeSeen":1.211018404E12,