{"propagationData":{"1.211067002E12":309,"1.211024715E12":85,"1.211045325E12":227,"1.211066937E12":308,"1.211063956E12":296,"1.211069096E12":314,"1.211030848E12":151,"1.211042227E12":209,"1.21105171E12":260,"1.211049146E12":248,"1.211138988E12":339,"1.211023655E12":72,"1.211023215E12":59,"1.211035835E12":179,"1.211054247E12":271,"1.211034083E12":167,"1.211037863E12":191,"1.211025595E12":96,"1.211018539E12":26,"1.21102374E12":76,"1.211034995E12":170,"1.211036475E12":182,"1.211062961E12":289,"1.211067153E12":311,"1.211037883E12":192,"1.211046231E12":240,"1.211041423E12":203,"1.211135309E12":332,"1.211018409E12":12,"1.211022832E12":55,"1.211042582E12":213,"1.211035013E12":171,"1.211024958E12":90,"1.211081523E12":323,"1.211051125E12":258,"1.211066642E12":307,"1.211043349E12":220,"1.2111423E12":341,"1.211018807E12":33,"1.211028812E12":131,"1.211037858E12":190,"1.211051809E12":263,"1.211041117E12":202,"1.211081707E12":326,"1.211062973E12":290,"1.211041562E12":207,"1.211045882E12":233,"1.211035493E12":175,"1.211054415E12":274,"1.211044828E12":221,"1.211084786E12":329,"1.211025226E12":94,"1.211026017E12":103,"1.211018579E12":29,"1.211137316E12":335,"1.211020036E12":46,"1.211028807E12":129,"1.211042594E12":215,"1.211100339E12":330,"1.211048717E12":242,"1.211026854E12":113,"1.211024749E12":86,"1.211024427E12":81,"1.211035569E12":176,"1.211058416E12":285,"1.21104523E12":225,"1.211071783E12":319,"1.211032329E12":155,"1.21103421E12":169,"1.211035488E12":174,"1.211023369E12":62,"1.211041556E12":205,"1.211050214E12":253,"1.211063943E12":295,"1.211030227E12":144,"1.211024399E12":80,"1.211022901E12":58,"1.211018713E12":32,"1.211024887E12":89,"1.211032247E12":153,"1.211050988E12":257,"1.211071581E12":316,"1.211049012E12":247,"1.211054943E12":275,"1.211022745E12":54,"1.211032403E12":158,"1.211035756E12":178,"1.211025382E12":95,"1.21104573E12":232,"1.211023688E12":74,"1.211064424E12":298,"1.211018406E12":8,"1.211057855E12":281,"1.211026307E12":106,"1.211048773E12":244,"1.21102594E12":100,"1.211045646E12":230,"1.211018629E12":30,"1.211063843E12":293,"1.211022867E12":56,"1.21103812E12":193,"1.21103339E12":163,"1.21104063E12":200,"1.211024659E12":83,"1.211029365E12":136,"1.211068446E12":313,"1.211023469E12":66,"1.211058398E12":284,"1.211042056E12":208,"1.211065107E12":303,"1.211023638E12":71,"1.211081458E12":322,"1.211028504E12":126,"1.211024226E12":79,"1.211027392E12":120,"1.211142678E12":343,"1.211046204E12":238,"1.211026195E12":104,"1.211030423E12":149,"1.211022616E12":53,"1.211064062E12":297,"1.211058074E12":282,"1.211023847E12":77,"1.21102626E12":105,"1.211030225E12":143,"1.211056937E12":278,"1.211019412E12":39,"1.211053981E12":269,"1.211037837E12":188,"1.211063675E12":292,"1.211018486E12":24,"1.211018438E12":20,"1.211026811E12":112,"1.211064771E12":300,"1.211032477E12":159,"1.211033934E12":165,"1.211028752E12":128,"1.211018404E12":6,"1.21101884E12":35,"1.211035838E12":180,"1.211059919E12":286,"1.211138936E12":338,"1.211161031E12":345,"1.211018447E12":21,"1.211025926E12":99,"1.21105066E12":254,"1.211018988E12":37,"1.211040622E12":199,"1.211032552E12":161,"1.211081597E12":324,"1.211042871E12":216,"1.211044884E12":222,"1.211054397E12":273,"1.211041426E12":204,"1.211054988E12":276,"1.211026916E12":115,"1.211030215E12":141,"1.21108475E12":328,"1.211064464E12":299,"1.211026869E12":114,"1.211019451E12":40,"1.21102746E12":121,"1.211023339E12":61,"1.211071623E12":317,"1.211025998E12":101,"1.211020723E12":48,"1.21113868E12":337,"1.211054251E12":272,"1.211023449E12":64,"1.211046189E12":237,"1.211042592E12":214,"1.21104631E12":241,"1.21107167E12":318,"1.211024551E12":82,"1.211045516E12":228,"1.211051718E12":261,"1.211029273E12":135,"1.211029837E12":138,"1.211035475E12":173,"1.211084745E12":327,"1.211027719E12":124,"1.211039612E12":196,"1.211018411E12":15,"1.211032378E12":157,"1.211018408E12":10,"1.211045217E12":223,"1.211033984E12":166,"1.211018421E12":16,"1.211021958E12":50,"1.211056939E12":279,"1.211040744E12":201,"1.211027185E12":117,"1.211042395E12":211,"1.211018816E12":34,"1.211052877E12":267,"1.211022897E12":57,"1.211018997E12":38,"1.211046212E12":239,"1.211027464E12":122,"1.211030259E12":145,"1.211050682E12":256,"1.211045544E12":229,"1.211046032E12":235,"1.211032335E12":156,"1.211026503E12":110,"1.211058297E12":283,"1.211023473E12":68,"1.211135236E12":331,"1.211019905E12":45,"1.211028844E12":133,"1.211065316E12":304,"1.211046185E12":236,"1.211045685E12":231,"1.211138997E12":340,"1.211024877E12":88,"1.211026494E12":109,"1.211030223E12":142,"1.211033567E12":164,"1.211026352E12":107,"1.211018557E12":27,"1.211036577E12":184,"1.211045967E12":234,"1.211074368E12":320,"1.211045224E12":224,"1.211035859E12":181,"1.211054191E12":270,"1.211023721E12":75,"1.211051771E12":262,"1.211024832E12":87,"1.211023468E12":65,"1.211038153E12":194,"1.211018977E12":36,"1.211023897E12":78,"1.211038166E12":195,"1.211048814E12":246,"1.211049503E12":249,"1.211019558E12":42,"1.211062821E12":288,"1.211063254E12":291,"1.211023386E12":63,"1.211037776E12":186,"1.211063933E12":294,"1.211055117E12":277,"1.211050112E12":252,"1.211027324E12":119,"1.211032631E12":162,"1.21104062E12":198,"1.211142543E12":342,"1.211042306E12":210,"1.211066519E12":305,"1.211035346E12":172,"1.211071371E12":315,"1.211022379E12":51,"1.211067765E12":312,"1.211032543E12":160,"1.211042884E12":217,"1.211041557E12":206,"1.211027146E12":116,"1.21102103E12":49,"1.211034094E12":168,"1.211030353E12":147,"1.211065055E12":301,"1.211025999E12":102,"1.211028856E12":134,"1.211045284E12":226,"1.211018559E12":28,"1.211027291E12":118,"1.211019727E12":43,"1.211018487E12":25,"1.2110488E12":245,"1.211043148E12":218,"1.211018405E12":7,"1.211030707E12":150,"1.211037857E12":189,"1.211135322E12":333,"1.211025025E12":93,"1.21102366E12":73,"1.211037831E12":187,"1.211048759E12":243,"1.211028833E12":132,"1.211049516E12":250,"1.211030283E12":146,"1.211036573E12":183,"1.211018422E12":19,"1.211145859E12":344,"1.211051836E12":264,"1.211040569E12":197,"1.211138487E12":336,"1.211060007E12":287,"1.21105728E12":280,"1.211020232E12":47,"1.211030388E12":148,"1.211135324E12":334,"1.211065093E12":302,"1.211023621E12":69,"1.211029367E12":137,"1.211024708E12":84,"1.211022533E12":52,"1.211053973E12":268,"1.211024974E12":91,"1.211026493E12":108,"1.211025887E12":98,"1.211023636E12":70,"1.211026772E12":111,"1.211031723E12":152,"1.21101841E12":13,"1.211018649E12":31,"1.211161182E12":347,"1.211074477E12":321,"1.211019887E12":44,"1.211050679E12":255,"1.211051842E12":265,"1.211024988E12":92,"1.211067019E12":310,"1.211161088E12":346,"1.211028809E12":130,"1.211036865E12":185,"1.211027749E12":125,"1.211081626E12":325,"1.211018407E12":9,"1.21101952E12":41,"1.211027536E12":123,"1.211032314E12":154,"1.2110356E12":177,"1.211018478E12":23,"1.21102987E12":140,"1.211051851E12":266,"1.21106662E12":306,"1.21104241E12":212,"1.211028523E12":127,"1.211049953E12":251,"1.211051152E12":259,"1.211043342E12":219},"NUMBER_OF_PEOPLE":400,"minTimeSeen":1.211018404E12,"maxTimeSeen":1.211558405E12,"NEIGHBORHOOD_RADIUS":20.0,"ENCOUNTER_CHANCE":0.05,"priority":1.0,"duration":540001.0,"minutesDuration":9000.016666666666,"hoursDuration":150.00027777777777,"daysDuration":6.250011574074073}
