{"propagationData":{"1.21103066E12":176,"1.211020157E12":58,"1.21102563E12":119,"1.211033718E12":218,"1.211018771E12":50,"1.211019595E12":55,"1.211065818E12":348,"1.211032106E12":194,"1.211032442E12":203,"1.211018728E12":46,"1.211037736E12":265,"1.211024663E12":106,"1.211030765E12":182,"1.211035967E12":244,"1.21102227E12":75,"1.211030342E12":164,"1.211043619E12":303,"1.211026619E12":134,"1.211039045E12":286,"1.211085004E12":363,"1.211041126E12":292,"1.211037863E12":268,"1.211052299E12":336,"1.211036668E12":254,"1.211018416E12":22,"1.21103383E12":222,"1.2110307E12":179,"1.211026108E12":125,"1.211026177E12":126,"1.211038875E12":284,"1.211023627E12":95,"1.211025763E12":121,"1.211041438E12":294,"1.21103824E12":275,"1.211024562E12":105,"1.211027736E12":149,"1.211030409E12":167,"1.211038784E12":283,"1.211018409E12":17,"1.211019646E12":56,"1.211031938E12":189,"1.211018715E12":43,"1.211029284E12":156,"1.211018586E12":37,"1.21103074E12":181,"1.21106247E12":344,"1.211053237E12":341,"1.211025003E12":112,"1.211024684E12":107,"1.211026214E12":128,"1.211026271E12":129,"1.211022191E12":69,"1.211095816E12":376,"1.211024119E12":98,"1.211040275E12":288,"1.211047586E12":320,"1.211025495E12":116,"1.211075807E12":357,"1.211037878E12":270,"1.21110427E12":380,"1.211104668E12":381,"1.211020782E12":61,"1.211018579E12":36,"1.211032357E12":198,"1.211029386E12":157,"1.211032822E12":205,"1.211041713E12":295,"1.211022537E12":80,"1.211035929E12":242,"1.211021307E12":65,"1.211096898E12":377,"1.211018591E12":39,"1.211033666E12":216,"1.211018731E12":47,"1.211047636E12":321,"1.211033693E12":217,"1.211022179E12":68,"1.21102264E12":85,"1.211032865E12":206,"1.211022201E12":72,"1.211032278E12":195,"1.211032329E12":196,"1.211075473E12":356,"1.211052745E12":337,"1.21104749E12":319,"1.211021851E12":67,"1.211018488E12":35,"1.211045096E12":312,"1.21103101E12":186,"1.211090228E12":367,"1.21103236E12":199,"1.211027029E12":142,"1.211044016E12":306,"1.211036478E12":248,"1.211018742E12":48,"1.211042576E12":300,"1.211041135E12":293,"1.211026779E12":140,"1.21102659E12":133,"1.211027709E12":147,"1.211019576E12":54,"1.211026056E12":124,"1.211037233E12":258,"1.211027496E12":144,"1.211038283E12":276,"1.211063001E12":345,"1.211036112E12":246,"1.211018406E12":9,"1.211072407E12":352,"1.211044645E12":309,"1.211018428E12":27,"1.211052878E12":340,"1.211037555E12":261,"1.21126798E12":388,"1.211043544E12":302,"1.211030387E12":165,"1.211036658E12":253,"1.211036502E12":249,"1.211027515E12":145,"1.211035298E12":238,"1.211026194E12":127,"1.21103497E12":234,"1.211085893E12":365,"1.211066161E12":350,"1.211026312E12":130,"1.211024192E12":102,"1.211030602E12":173,"1.211025188E12":114,"1.211021022E12":64,"1.211095252E12":375,"1.211031979E12":190,"1.211035862E12":241,"1.211018722E12":44,"1.211072677E12":353,"1.211063713E12":347,"1.211045466E12":314,"1.211073218E12":354,"1.211051743E12":332,"1.211050251E12":329,"1.211032014E12":192,"1.21104411E12":307,"1.211022418E12":77,"1.211030692E12":178,"1.211033143E12":211,"1.211019514E12":52,"1.211037435E12":259,"1.211035999E12":245,"1.211038297E12":277,"1.211024353E12":104,"1.211023694E12":96,"1.211260691E12":387,"1.211026751E12":139,"1.211098193E12":378,"1.211038989E12":285,"1.211038173E12":274,"1.211018404E12":7,"1.211025634E12":120,"1.211025592E12":118,"1.211052066E12":334,"1.211024992E12":111,"1.211034059E12":226,"1.21104735E12":317,"1.211254943E12":385,"1.211030598E12":172,"1.211034654E12":230,"1.211038034E12":273,"1.211027765E12":150,"1.211047452E12":318,"1.211037128E12":256,"1.211036572E12":252,"1.211018861E12":51,"1.211216533E12":382,"1.211093682E12":372,"1.21102605E12":123,"1.211044685E12":310,"1.211028893E12":153,"1.211037877E12":269,"1.211034728E12":233,"1.211037639E12":264,"1.211034699E12":231,"1.211022197E12":71,"1.21106604E12":349,"1.211083501E12":360,"1.211018727E12":45,"1.211019554E12":53,"1.211052212E12":335,"1.211041834E12":297,"1.211044134E12":308,"1.211051617E12":331,"1.211032645E12":204,"1.211024152E12":100,"1.211026626E12":135,"1.211031924E12":188,"1.211253004E12":384,"1.211037568E12":262,"1.21102309E12":90,"1.211022539E12":81,"1.211035782E12":240,"1.211049098E12":326,"1.211033997E12":224,"1.21102663E12":136,"1.211030513E12":170,"1.211048455E12":322,"1.211034266E12":227,"1.211022617E12":84,"1.211018411E12":20,"1.211045441E12":313,"1.21103233E12":197,"1.211026506E12":131,"1.211035003E12":235,"1.211022701E12":88,"1.211018421E12":25,"1.211035958E12":243,"1.211082735E12":359,"1.211027711E12":148,"1.211030669E12":177,"1.211063276E12":346,"1.211040306E12":289,"1.211036181E12":247,"1.21102249E12":78,"1.211018476E12":33,"1.211038518E12":279,"1.211038641E12":281,"1.21109208E12":370,"1.211043383E12":301,"1.211024983E12":110,"1.21108502E12":364,"1.211024163E12":101,"1.211033769E12":221,"1.211033389E12":214,"1.211024865E12":109,"1.211026512E12":132,"1.211083929E12":361,"1.211027016E12":141,"1.211034724E12":232,"1.211022594E12":82,"1.211077266E12":358,"1.211045782E12":315,"1.211040377E12":290,"1.211093926E12":373,"1.211023376E12":92,"1.211021017E12":63,"1.211033088E12":209,"1.211022676E12":86,"1.211030973E12":185,"1.21101846E12":32,"1.21101991E12":57,"1.21103302E12":208,"1.211022953E12":89,"1.211030337E12":163,"1.211026666E12":138,"1.211023509E12":94,"1.211024206E12":103,"1.211018712E12":42,"1.211028971E12":155,"1.211049186E12":327,"1.211071551E12":351,"1.211020666E12":59,"1.211092524E12":371,"1.211038493E12":278,"1.211030312E12":162,"1.211037739E12":266,"1.211025891E12":122,"1.211030415E12":168,"1.211036532E12":251,"1.211037103E12":255,"1.211018691E12":40,"1.211031673E12":187,"1.211032906E12":207,"1.211042433E12":299,"1.211032384E12":201,"1.211037903E12":271,"1.211022204E12":73,"1.211035297E12":237,"1.211025007E12":113,"1.211018432E12":30,"1.211022394E12":76,"1.211061694E12":343,"1.211030938E12":184,"1.211052768E12":338,"1.211039099E12":287,"1.211041856E12":298,"1.211022496E12":79,"1.21102412E12":99,"1.211037936E12":272,"1.211029731E12":160,"1.211051092E12":330,"1.21103203E12":193,"1.211032383E12":200,"1.211033737E12":220,"1.211018449E12":31,"1.211075469E12":355,"1.211025488E12":115,"1.211218556E12":383,"1.211037439E12":260,"1.211259882E12":386,"1.211043823E12":305,"1.211090521E12":368,"1.21103372E12":219,"1.211029412E12":158,"1.211028862E12":152,"1.211027459E12":143,"1.211030525E12":171,"1.211018487E12":34,"1.211049881E12":328,"1.21101859E12":38,"1.211037836E12":267,"1.211018405E12":8,"1.211043647E12":304,"1.211040775E12":291,"1.211052772E12":339,"1.211029787E12":161,"1.211033185E12":212,"1.211033974E12":223,"1.211033569E12":215,"1.211037168E12":257,"1.211037618E12":263,"1.211086861E12":366,"1.21101842E12":23,"1.211035299E12":239,"1.211018413E12":21,"1.211022221E12":74,"1.211018422E12":26,"1.211022613E12":83,"1.211051989E12":333,"1.211033191E12":213,"1.211030388E12":166,"1.211094026E12":374,"1.211046723E12":316,"1.211018702E12":41,"1.211036524E12":250,"1.211028825E12":151,"1.211024109E12":97,"1.211029701E12":159,"1.211028933E12":154,"1.211030791E12":183,"1.211023415E12":93,"1.211022682E12":87,"1.21101843E12":28,"1.21103516E12":236,"1.211030418E12":169,"1.211030736E12":180,"1.211084502E12":362,"1.21104907E12":325,"1.211020757E12":60,"1.211030635E12":174,"1.211041827E12":296,"1.211026658E12":137,"1.211034471E12":229,"1.211027615E12":146,"1.211038648E12":282,"1.211032427E12":202,"1.211102704E12":379,"1.211048538E12":323,"1.21109073E12":369,"1.211018407E12":14,"1.211018744E12":49,"1.211021457E12":66,"1.211034013E12":225,"1.211024725E12":108,"1.211033138E12":210,"1.211059008E12":342,"1.211048836E12":324,"1.211044909E12":311,"1.21103446E12":228,"1.211025513E12":117,"1.211023263E12":91,"1.21103198E12":191,"1.211038623E12":280},"NUMBER_OF_PEOPLE":400,"minTimeSeen":1.211018404E12,"maxTimeSeen":1.211558405E12,"NEIGHBORHOOD_RADIUS":20.0,"ENCOUNTER_CHANCE":0.05,"priority":1.0,"duration":540001.0,"minutesDuration":9000.016666666666,"hoursDuration":150.00027777777777,"daysDuration":6.250011574074073}
