{"propagationData":{"1.211075894E12":129,"1.211048269E12":31,"1.211064419E12":93,"1.211060028E12":89,"1.21107251E12":116,"1.211050887E12":53,"1.211145277E12":168,"1.211046395E12":21,"1.211085464E12":151,"1.211142108E12":162,"1.211064463E12":94,"1.211081837E12":140,"1.211100741E12":155,"1.211075682E12":125,"1.211044598E12":12,"1.211072489E12":115,"1.211072013E12":114,"1.21116689E12":172,"1.211054266E12":72,"1.211048767E12":35,"1.211066886E12":105,"1.211085408E12":150,"1.211480527E12":186,"1.211030863E12":6,"1.211034995E12":8,"1.211048681E12":32,"1.211032481E12":7,"1.211053818E12":71,"1.211479426E12":182,"1.211479418E12":181,"1.211053677E12":70,"1.211066288E12":102,"1.211075586E12":124,"1.211046402E12":22,"1.211145288E12":169,"1.211029307E12":5,"1.211044739E12":13,"1.211051014E12":55,"1.211076021E12":130,"1.211050582E12":50,"1.211070955E12":108,"1.211044286E12":10,"1.211019734E12":2,"1.211064166E12":91,"1.211044509E12":11,"1.211081849E12":141,"1.211051135E12":62,"1.211053591E12":69,"1.211479401E12":180,"1.211074805E12":119,"1.211058848E12":84,"1.211066892E12":106,"1.21104956E12":43,"1.211060945E12":90,"1.211051438E12":65,"1.211048779E12":36,"1.211077637E12":131,"1.21116759E12":173,"1.211480652E12":187,"1.211057242E12":76,"1.211057284E12":78,"1.211480454E12":185,"1.211046652E12":24,"1.211071185E12":110,"1.211081822E12":138,"1.211048805E12":37,"1.211047144E12":27,"1.211059097E12":85,"1.211050267E12":46,"1.211054553E12":73,"1.211058754E12":83,"1.211049394E12":40,"1.211051082E12":58,"1.211114292E12":157,"1.211085033E12":146,"1.211066905E12":107,"1.211479136E12":179,"1.211048687E12":33,"1.211058016E12":80,"1.211071298E12":113,"1.211167842E12":178,"1.211071193E12":111,"1.211066868E12":104,"1.211151839E12":171,"1.211081833E12":139,"1.211131671E12":160,"1.211142223E12":163,"1.211046575E12":23,"1.21114515E12":166,"1.211046322E12":19,"1.211050971E12":54,"1.211065428E12":99,"1.21105148E12":66,"1.211085182E12":147,"1.211045209E12":16,"1.21116776E12":176,"1.211044832E12":14,"1.211145168E12":167,"1.211057235E12":75,"1.211064624E12":96,"1.211060015E12":88,"1.211074854E12":122,"1.211051402E12":64,"1.211050332E12":47,"1.211049612E12":44,"1.211047437E12":30,"1.21108182E12":136,"1.211167612E12":175,"1.211066357E12":103,"1.211100702E12":152,"1.211048708E12":34,"1.211029075E12":4,"1.211059115E12":86,"1.211058265E12":81,"1.211049E12":38,"1.211080312E12":135,"1.21104718E12":28,"1.211065277E12":97,"1.211144969E12":165,"1.211046065E12":18,"1.211045323E12":17,"1.211072715E12":117,"1.211044926E12":15,"1.211051027E12":56,"1.21147944E12":183,"1.211050751E12":51,"1.211072722E12":118,"1.211077645E12":132,"1.211047001E12":25,"1.211075793E12":127,"1.211479643E12":184,"1.21106584E12":101,"1.211139333E12":161,"1.21105456E12":74,"1.211051111E12":60,"1.211051087E12":59,"1.211085184E12":148,"1.211050437E12":49,"1.211071078E12":109,"1.211100947E12":156,"1.211081958E12":142,"1.211064176E12":92,"1.211049286E12":39,"1.211051058E12":57,"1.211047229E12":29,"1.211064468E12":95,"1.211018404E12":1,"1.211131638E12":159,"1.211167772E12":177,"1.21114228E12":164,"1.211080297E12":134,"1.211060012E12":87,"1.211085341E12":149,"1.211082388E12":144,"1.211051578E12":67,"1.21106578E12":100,"1.211057283E12":77,"1.211050249E12":45,"1.21108503E12":145,"1.211074873E12":123,"1.21102261E12":3,"1.211049455E12":41,"1.211047082E12":26,"1.211071247E12":112,"1.211044079E12":9,"1.211074831E12":121,"1.21114531E12":170,"1.211050427E12":48,"1.211065362E12":98,"1.211100707E12":153,"1.211100715E12":154,"1.211058011E12":79,"1.211078433E12":133,"1.21111434E12":158,"1.211075692E12":126,"1.211049522E12":42,"1.21104639E12":20,"1.211051134E12":61,"1.211050811E12":52,"1.211074811E12":120,"1.211051306E12":63,"1.211082046E12":143},"NUMBER_OF_PEOPLE":400,"minTimeSeen":1.211018404E12,"maxTimeSeen":1.211558405E12,"NEIGHBORHOOD_RADIUS":20.0,"ENCOUNTER_CHANCE":0.05,"priority":1.0,"duration":540001.0,"minutesDuration":9000.016666666666,"hoursDuration":150.00027777777777,"daysDuration":6.250011574074073}
