{"propagationData":{"1.211038829E12":143,"1.211059852E12":276,"1.211050424E12":218,"1.21102881E12":98,"1.211059302E12":273,"1.211042106E12":167,"1.211047536E12":215,"1.211042236E12":173,"1.211084837E12":303,"1.211020262E12":32,"1.211019118E12":22,"1.211096248E12":322,"1.211033662E12":125,"1.211043299E12":190,"1.211299245E12":348,"1.211047501E12":214,"1.21102227E12":52,"1.211033448E12":118,"1.211019502E12":28,"1.211018949E12":16,"1.211018993E12":19,"1.211093441E12":316,"1.211018507E12":13,"1.211018417E12":7,"1.211025866E12":72,"1.211029416E12":106,"1.211018416E12":6,"1.211168051E12":329,"1.211019375E12":26,"1.211039709E12":149,"1.211029439E12":108,"1.211024876E12":64,"1.211146581E12":325,"1.211052392E12":237,"1.211019277E12":25,"1.211529756E12":357,"1.211211429E12":339,"1.211077842E12":300,"1.211041669E12":159,"1.211045714E12":199,"1.211055056E12":258,"1.211054017E12":247,"1.211021949E12":49,"1.211054714E12":254,"1.211169131E12":333,"1.211045605E12":197,"1.211057872E12":265,"1.211054827E12":257,"1.211022612E12":54,"1.211093339E12":312,"1.211050597E12":221,"1.211054813E12":256,"1.211332704E12":350,"1.21104236E12":176,"1.211042909E12":185,"1.211042152E12":170,"1.211033735E12":126,"1.211024249E12":59,"1.211018412E12":5,"1.211055192E12":260,"1.21117885E12":335,"1.211088008E12":309,"1.211025385E12":68,"1.211211938E12":340,"1.211058833E12":271,"1.211041382E12":157,"1.211168105E12":330,"1.211027355E12":81,"1.211031822E12":111,"1.2110398E12":151,"1.211029176E12":104,"1.211019161E12":23,"1.211060044E12":279,"1.211043006E12":188,"1.211053539E12":245,"1.211037787E12":134,"1.211052745E12":241,"1.2110518E12":233,"1.211042413E12":178,"1.21114687E12":326,"1.211059501E12":274,"1.211051821E12":234,"1.211062452E12":287,"1.211023437E12":58,"1.21103892E12":144,"1.21102127E12":42,"1.211028223E12":93,"1.211033554E12":122,"1.211037972E12":135,"1.211027704E12":85,"1.211020086E12":30,"1.211042799E12":182,"1.211051638E12":229,"1.211038561E12":139,"1.211038811E12":142,"1.211047143E12":208,"1.211033617E12":124,"1.211095358E12":318,"1.211039373E12":146,"1.211181351E12":336,"1.211093367E12":313,"1.211051106E12":228,"1.211028202E12":91,"1.211018406E12":3,"1.211018428E12":8,"1.211086765E12":308,"1.211042166E12":171,"1.211086085E12":305,"1.21116988E12":334,"1.211033558E12":123,"1.211042203E12":172,"1.211028566E12":97,"1.211042375E12":177,"1.211041723E12":160,"1.211018874E12":14,"1.211059875E12":278,"1.211027798E12":87,"1.211042056E12":165,"1.211042797E12":181,"1.211042987E12":187,"1.211042351E12":175,"1.211027466E12":83,"1.211023424E12":57,"1.211025392E12":69,"1.211059863E12":277,"1.211028826E12":99,"1.211096297E12":323,"1.211029472E12":110,"1.211052505E12":238,"1.211033155E12":113,"1.211024571E12":61,"1.211024848E12":62,"1.211018484E12":11,"1.211051654E12":230,"1.211021985E12":50,"1.211299213E12":346,"1.211033183E12":114,"1.211045529E12":196,"1.211025324E12":67,"1.211038802E12":141,"1.211021832E12":48,"1.211021514E12":46,"1.211022882E12":56,"1.211022477E12":53,"1.211021236E12":40,"1.211018404E12":2,"1.211038173E12":136,"1.211034069E12":128,"1.211212188E12":342,"1.211077508E12":297,"1.21118234E12":337,"1.211045661E12":198,"1.21103347E12":119,"1.211060868E12":284,"1.211036864E12":132,"1.211040622E12":152,"1.211046828E12":205,"1.211020434E12":33,"1.211063382E12":288,"1.211051064E12":225,"1.211052637E12":240,"1.211050506E12":220,"1.211055084E12":259,"1.211146566E12":324,"1.211167984E12":328,"1.211042011E12":164,"1.211042481E12":179,"1.211027015E12":79,"1.211024541E12":60,"1.211049381E12":216,"1.211054495E12":252,"1.21105186E12":236,"1.211063798E12":291,"1.211046903E12":206,"1.21116881E12":332,"1.211039595E12":148,"1.211022818E12":55,"1.21102802E12":90,"1.211077551E12":299,"1.211529942E12":358,"1.211045744E12":201,"1.211026506E12":77,"1.211042114E12":168,"1.211045715E12":200,"1.211019515E12":29,"1.211085941E12":304,"1.211026432E12":75,"1.211021256E12":41,"1.211025183E12":66,"1.211059708E12":275,"1.211040623E12":153,"1.21104066E12":154,"1.211093535E12":317,"1.211093383E12":314,"1.211038651E12":140,"1.211028519E12":95,"1.211526335E12":355,"1.211041825E12":162,"1.211525223E12":354,"1.211027167E12":80,"1.211039439E12":147,"1.211053383E12":242,"1.211046693E12":203,"1.211033389E12":117,"1.21102133E12":45,"1.211046712E12":204,"1.211028017E12":89,"1.211062363E12":285,"1.211026503E12":76,"1.211043398E12":192,"1.211054172E12":249,"1.211047218E12":209,"1.211051061E12":224,"1.211047278E12":210,"1.211018885E12":15,"1.211036873E12":133,"1.211041767E12":161,"1.211058061E12":267,"1.211020096E12":31,"1.211028957E12":102,"1.211033202E12":115,"1.211063903E12":293,"1.211045364E12":194,"1.211093436E12":315,"1.21106384E12":292,"1.21102662E12":78,"1.211020507E12":34,"1.211021281E12":43,"1.21102547E12":71,"1.211027802E12":88,"1.211021312E12":44,"1.2110471E12":207,"1.211021009E12":38,"1.211058207E12":269,"1.211019219E12":24,"1.211051701E12":231,"1.211096065E12":321,"1.21104746E12":213,"1.211027421E12":82,"1.211041885E12":163,"1.211018962E12":18,"1.211329795E12":349,"1.211019095E12":21,"1.21133962E12":351,"1.211053522E12":244,"1.211028528E12":96,"1.211050732E12":222,"1.211029308E12":105,"1.211027714E12":86,"1.211024863E12":63,"1.211042792E12":180,"1.21106005E12":280,"1.21104333E12":191,"1.211019082E12":20,"1.211039713E12":150,"1.21104123E12":155,"1.211088106E12":310,"1.211034189E12":129,"1.211058377E12":270,"1.211050332E12":217,"1.211051848E12":235,"1.21102947E12":109,"1.211060541E12":282,"1.211299222E12":347,"1.211045502E12":195,"1.211018472E12":10,"1.211022267E12":51,"1.211077064E12":296,"1.211053885E12":246,"1.211026075E12":73,"1.211034279E12":130,"1.211042884E12":184,"1.21105108E12":226,"1.211298537E12":344,"1.211285793E12":343,"1.211038187E12":137,"1.211047319E12":211,"1.211080618E12":301,"1.211058063E12":268,"1.211054594E12":253,"1.211077539E12":298,"1.211212165E12":341,"1.211018485E12":12,"1.211029421E12":107,"1.211086096E12":306,"1.211043758E12":193,"1.211046573E12":202,"1.211095462E12":319,"1.211056272E12":262,"1.211428051E12":353,"1.211020589E12":36,"1.211028833E12":100,"1.211063494E12":290,"1.211052616E12":239,"1.211021558E12":47,"1.211020536E12":35,"1.211056357E12":263,"1.211053404E12":243,"1.21104157E12":158,"1.211043088E12":189,"1.211026078E12":74,"1.211021108E12":39,"1.211054031E12":248,"1.211054201E12":250,"1.211027519E12":84,"1.21118553E12":338,"1.21107704E12":294,"1.211054721E12":255,"1.211077055E12":295,"1.211033787E12":127,"1.211042081E12":166,"1.211086373E12":307,"1.211054306E12":251,"1.211019481E12":27,"1.211056362E12":264,"1.211032948E12":112,"1.21104234E12":174,"1.21103325E12":116,"1.211529709E12":356,"1.211060469E12":281,"1.21101843E12":9,"1.211033519E12":121,"1.211051003E12":223,"1.211028204E12":92,"1.211041381E12":156,"1.211298721E12":345,"1.211168261E12":331,"1.211028497E12":94,"1.211038965E12":145,"1.211028871E12":101,"1.211047342E12":212,"1.211025395E12":70,"1.211020597E12":37,"1.21106342E12":289,"1.211080621E12":302,"1.211051733E12":232,"1.21114688E12":327,"1.211059076E12":272,"1.211033507E12":120,"1.211096019E12":320,"1.211055657E12":261,"1.211024938E12":65,"1.211062425E12":286,"1.211018957E12":17,"1.211093144E12":311,"1.211038544E12":138,"1.211042841E12":183,"1.211060626E12":283,"1.211042126E12":169,"1.211050499E12":219,"1.211057957E12":266,"1.21103446E12":131,"1.211028979E12":103,"1.211341011E12":352,"1.211042951E12":186},"NUMBER_OF_PEOPLE":400,"minTimeSeen":1.211018404E12,"maxTimeSeen":1.211558405E12,"NEIGHBORHOOD_RADIUS":20.0,"ENCOUNTER_CHANCE":0.05,"priority":1.0,"duration":540001.0,"minutesDuration":9000.016666666666,"hoursDuration":150.00027777777777,"daysDuration":6.250011574074073}
