{"propagationData":{"1.211088466E12":311,"1.211080368E12":288,"1.211055722E12":118,"1.21106016E12":158,"1.211225129E12":350,"1.211050015E12":51,"1.211057045E12":131,"1.211044155E12":4,"1.211223827E12":349,"1.211070994E12":229,"1.211045591E12":10,"1.211059432E12":151,"1.211055652E12":117,"1.21108388E12":301,"1.211073434E12":240,"1.211053928E12":92,"1.211045489E12":8,"1.211055974E12":120,"1.211064614E12":198,"1.211063613E12":190,"1.211081441E12":294,"1.21108807E12":309,"1.21107777E12":266,"1.211046305E12":22,"1.211062961E12":179,"1.211140317E12":339,"1.21105627E12":124,"1.211092727E12":324,"1.211053581E12":89,"1.211073623E12":242,"1.211045982E12":19,"1.211060799E12":166,"1.211066147E12":207,"1.211092567E12":322,"1.211071683E12":234,"1.211089758E12":315,"1.211050736E12":62,"1.211052963E12":80,"1.211054827E12":109,"1.211079913E12":280,"1.211098099E12":326,"1.211064634E12":199,"1.211054127E12":96,"1.211055446E12":113,"1.211054236E12":99,"1.211058814E12":147,"1.211089684E12":313,"1.211065171E12":202,"1.211066931E12":214,"1.211058754E12":146,"1.21105938E12":150,"1.211055364E12":112,"1.211063436E12":185,"1.2110626E12":174,"1.21107185E12":236,"1.211078232E12":273,"1.211054835E12":110,"1.211048357E12":43,"1.211083676E12":299,"1.211071677E12":233,"1.211054598E12":106,"1.211066185E12":209,"1.211051079E12":69,"1.211071454E12":231,"1.21105614E12":121,"1.211064262E12":196,"1.211061076E12":169,"1.211052714E12":78,"1.211053934E12":93,"1.21112386E12":334,"1.211056407E12":126,"1.211209623E12":345,"1.211078063E12":270,"1.211047394E12":35,"1.211047973E12":42,"1.211052189E12":77,"1.211050776E12":63,"1.211050362E12":57,"1.211060593E12":164,"1.211051057E12":67,"1.211054066E12":95,"1.211057294E12":135,"1.211070895E12":227,"1.211046972E12":30,"1.211099306E12":328,"1.211066202E12":210,"1.211225436E12":351,"1.211068894E12":223,"1.211140298E12":338,"1.211080847E12":290,"1.211056226E12":123,"1.211221131E12":347,"1.211055525E12":115,"1.211053385E12":86,"1.21105735E12":136,"1.211077284E12":263,"1.211050947E12":64,"1.21108975E12":314,"1.211088411E12":310,"1.211045105E12":6,"1.211209466E12":344,"1.211050453E12":59,"1.211055461E12":114,"1.211053488E12":87,"1.211063486E12":186,"1.21105562E12":116,"1.211052888E12":79,"1.211066926E12":213,"1.211077924E12":267,"1.211140065E12":337,"1.211063419E12":183,"1.211047377E12":33,"1.211063424E12":184,"1.211050048E12":52,"1.211075845E12":252,"1.2110755E12":248,"1.211047509E12":36,"1.211054785E12":108,"1.211080272E12":285,"1.211048497E12":44,"1.211051694E12":75,"1.211062875E12":177,"1.2110839E12":302,"1.211086035E12":306,"1.211058697E12":145,"1.211051058E12":68,"1.211077717E12":265,"1.211050959E12":65,"1.211048679E12":47,"1.211057395E12":137,"1.21105042E12":58,"1.211018404E12":1,"1.211047751E12":39,"1.211073121E12":239,"1.211054416E12":105,"1.211079407E12":278,"1.211050172E12":54,"1.211116908E12":333,"1.211083828E12":300,"1.211059684E12":154,"1.211054346E12":101,"1.211056158E12":122,"1.211059542E12":153,"1.211070973E12":228,"1.211068626E12":221,"1.211081532E12":296,"1.211053988E12":94,"1.211057105E12":132,"1.211054652E12":107,"1.211060624E12":165,"1.2110686E12":220,"1.211046505E12":24,"1.211076757E12":256,"1.211063946E12":195,"1.211080215E12":283,"1.21106373E12":191,"1.211077611E12":264,"1.211050293E12":56,"1.211071458E12":232,"1.211161035E12":343,"1.211078192E12":272,"1.211160992E12":342,"1.211048634E12":46,"1.211089681E12":312,"1.211067526E12":217,"1.211047015E12":31,"1.211087983E12":308,"1.211070789E12":225,"1.211018483E12":2,"1.211070856E12":226,"1.211077928E12":268,"1.211060826E12":168,"1.21108151E12":295,"1.211105423E12":331,"1.211057264E12":134,"1.211045907E12":16,"1.211065143E12":200,"1.211091567E12":317,"1.211054411E12":104,"1.211091962E12":318,"1.211062063E12":173,"1.211086012E12":305,"1.211066169E12":208,"1.211057107E12":133,"1.211057673E12":140,"1.211085336E12":303,"1.211050085E12":53,"1.211050675E12":61,"1.211053879E12":91,"1.211046346E12":23,"1.211047903E12":41,"1.211080358E12":287,"1.211072711E12":237,"1.211046866E12":27,"1.211048737E12":48,"1.211068571E12":219,"1.211063863E12":193,"1.2110466E12":25,"1.211076767E12":257,"1.211065796E12":203,"1.211061645E12":171,"1.211078787E12":276,"1.211078289E12":274,"1.211081108E12":293,"1.211075645E12":250,"1.211064285E12":197,"1.211059012E12":149,"1.211078874E12":277,"1.21106887E12":222,"1.211063526E12":188,"1.21109309E12":325,"1.211054197E12":97,"1.211044027E12":3,"1.21104537E12":7,"1.211053851E12":90,"1.211221815E12":348,"1.211062039E12":172,"1.211065156E12":201,"1.21104589E12":15,"1.211059457E12":152,"1.211079529E12":279,"1.211045916E12":17,"1.211056569E12":127,"1.211057493E12":139,"1.211077253E12":262,"1.211051857E12":76,"1.211058412E12":144,"1.211144611E12":341,"1.211063487E12":187,"1.211045851E12":12,"1.211058882E12":148,"1.211054361E12":103,"1.211060573E12":163,"1.211050517E12":60,"1.211116845E12":332,"1.211077155E12":261,"1.211076402E12":255,"1.21105579E12":119,"1.211068359E12":218,"1.21104692E12":29,"1.21122084E12":346,"1.21112652E12":336,"1.211090704E12":316,"1.211081942E12":297,"1.211092476E12":321,"1.211080271E12":284,"1.21108281E12":298,"1.211048754E12":49,"1.211062607E12":175,"1.211047784E12":40,"1.211059738E12":155,"1.21106008E12":157,"1.21108573E12":304,"1.211077956E12":269,"1.211051101E12":70,"1.211057703E12":141,"1.211074637E12":246,"1.211044832E12":5,"1.211045878E12":14,"1.211071407E12":230,"1.211080144E12":282,"1.211054268E12":100,"1.211060467E12":161,"1.211046725E12":26,"1.211046137E12":21,"1.211058377E12":143,"1.211051628E12":74,"1.211063367E12":182,"1.211054887E12":111,"1.211056375E12":125,"1.21107679E12":258,"1.211045512E12":9,"1.211080281E12":286,"1.211053529E12":88,"1.211075985E12":253,"1.211080135E12":281,"1.211057475E12":138,"1.211062826E12":176,"1.211060522E12":162,"1.211056958E12":130,"1.21109257E12":323,"1.211045948E12":18,"1.211066033E12":205,"1.211053263E12":82,"1.211066203E12":211,"1.211059958E12":156,"1.211065799E12":204,"1.211068902E12":224,"1.21104775E12":38,"1.211080729E12":289,"1.211061609E12":170,"1.211048553E12":45,"1.211074461E12":244,"1.211062895E12":178,"1.211075371E12":247,"1.211067474E12":216,"1.211047391E12":34,"1.211077004E12":260,"1.211045868E12":13,"1.211073111E12":238,"1.211053378E12":85,"1.211051302E12":73,"1.211066092E12":206,"1.211051015E12":66,"1.211049831E12":50,"1.211063931E12":194,"1.21106017E12":159,"1.211063295E12":181,"1.211074633E12":245,"1.211074238E12":243,"1.2111054E12":330,"1.211075646E12":251,"1.211071779E12":235,"1.211053085E12":81,"1.211060824E12":167,"1.211051104E12":71,"1.211053359E12":83,"1.211046078E12":20,"1.211047655E12":37,"1.211054198E12":98,"1.211063741E12":192,"1.211081085E12":292,"1.211076205E12":254,"1.211126499E12":335,"1.211075643E12":249,"1.211098486E12":327,"1.21105659E12":128,"1.211102704E12":329,"1.211050187E12":55,"1.211047361E12":32,"1.211063528E12":189,"1.211051276E12":72,"1.211067313E12":215,"1.211092364E12":319,"1.211081035E12":291,"1.211078555E12":275,"1.211073441E12":241,"1.21107683E12":259,"1.21105662E12":129,"1.211092376E12":320,"1.211063024E12":180,"1.211140418E12":340,"1.21106686E12":212,"1.211045816E12":11,"1.21104689E12":28,"1.211058111E12":142,"1.211078174E12":271,"1.211087952E12":307},"NUMBER_OF_PEOPLE":400,"minTimeSeen":1.211018404E12,"maxTimeSeen":1.211558405E12,"NEIGHBORHOOD_RADIUS":20.0,"ENCOUNTER_CHANCE":0.05,"priority":1.0,"duration":540001.0,"minutesDuration":9000.016666666666,"hoursDuration":150.00027777777777,"daysDuration":6.250011574074073}
