{"propagationData":{"1.211133908E12":82,"1.211160751E12":271,"1.211145589E12":192,"1.211140961E12":158,"1.211151975E12":227,"1.211161093E12":273,"1.211145802E12":195,"1.211175484E12":327,"1.211175782E12":328,"1.211145095E12":188,"1.211159412E12":265,"1.211140623E12":151,"1.211132701E12":63,"1.21114119E12":160,"1.211153173E12":233,"1.211367982E12":386,"1.211125925E12":9,"1.211252871E12":379,"1.211174956E12":324,"1.211228717E12":374,"1.211130655E12":34,"1.211169635E12":314,"1.211135607E12":101,"1.211131979E12":54,"1.2111454E12":189,"1.211154424E12":239,"1.211136802E12":114,"1.211133945E12":84,"1.211146084E12":198,"1.211162391E12":284,"1.211148969E12":218,"1.211152504E12":229,"1.211155578E12":246,"1.21115334E12":235,"1.211155987E12":250,"1.211156816E12":255,"1.211130519E12":32,"1.211236401E12":377,"1.211131299E12":45,"1.211216791E12":365,"1.211170671E12":316,"1.211131045E12":41,"1.21114168E12":167,"1.211131517E12":48,"1.211214362E12":361,"1.211133648E12":77,"1.211145914E12":196,"1.211138227E12":128,"1.211151025E12":222,"1.211130383E12":25,"1.211159165E12":264,"1.211133082E12":65,"1.211140785E12":155,"1.211133147E12":67,"1.211130837E12":37,"1.211131574E12":50,"1.211141201E12":161,"1.211146474E12":200,"1.211137667E12":119,"1.211151892E12":226,"1.211145432E12":190,"1.211161073E12":272,"1.211139092E12":138,"1.211132379E12":59,"1.211182603E12":344,"1.21118676E12":345,"1.211155604E12":247,"1.21113477E12":90,"1.211135346E12":97,"1.211133536E12":74,"1.211176721E12":331,"1.211138208E12":127,"1.211152961E12":231,"1.211205639E12":350,"1.211132811E12":64,"1.211131345E12":46,"1.211142914E12":174,"1.211309594E12":384,"1.211198731E12":348,"1.211138181E12":126,"1.211126718E12":12,"1.21116517E12":299,"1.211126423E12":10,"1.211130732E12":35,"1.211145054E12":187,"1.211139656E12":144,"1.211018404E12":1,"1.211442169E12":387,"1.211141437E12":164,"1.2111377E12":120,"1.211138556E12":133,"1.21113529E12":96,"1.211160659E12":269,"1.211208151E12":354,"1.211167471E12":308,"1.211144721E12":185,"1.211162046E12":278,"1.211135636E12":102,"1.211133107E12":66,"1.211162238E12":281,"1.211136177E12":105,"1.211132692E12":62,"1.211144024E12":183,"1.211148368E12":214,"1.211137845E12":122,"1.211136272E12":106,"1.211214945E12":362,"1.211133733E12":79,"1.211164874E12":294,"1.211142945E12":175,"1.211156268E12":251,"1.21122296E12":371,"1.211136975E12":116,"1.211144782E12":186,"1.211130517E12":31,"1.211161416E12":275,"1.211163521E12":291,"1.211145693E12":193,"1.211147399E12":207,"1.211126682E12":11,"1.211148593E12":216,"1.211136795E12":113,"1.21116532E12":300,"1.211157554E12":258,"1.211140399E12":150,"1.211133656E12":78,"1.211146225E12":199,"1.211130475E12":29,"1.211196629E12":347,"1.211138314E12":131,"1.211137978E12":124,"1.21114295E12":176,"1.211150324E12":221,"1.211161236E12":274,"1.211169613E12":313,"1.211160033E12":268,"1.211179548E12":340,"1.211260724E12":382,"1.21113328E12":70,"1.211158979E12":262,"1.21115354E12":236,"1.211219583E12":368,"1.211205864E12":351,"1.21117813E12":334,"1.211226181E12":373,"1.211138811E12":136,"1.211127408E12":15,"1.21113639E12":108,"1.211149792E12":220,"1.211163471E12":290,"1.211170291E12":315,"1.211132014E12":55,"1.211154605E12":241,"1.211139618E12":142,"1.211135569E12":100,"1.211147328E12":206,"1.211131118E12":44,"1.211131483E12":47,"1.211196127E12":346,"1.211148132E12":213,"1.21114552E12":191,"1.211133635E12":76,"1.211210908E12":358,"1.211133204E12":69,"1.211161472E12":276,"1.211148702E12":217,"1.211162709E12":286,"1.211143887E12":181,"1.211133821E12":80,"1.21113079E12":36,"1.211146598E12":202,"1.211145785E12":194,"1.211162285E12":282,"1.211127697E12":17,"1.211131111E12":43,"1.211151336E12":223,"1.211122742E12":5,"1.211131034E12":40,"1.211127095E12":14,"1.21114755E12":209,"1.211147999E12":212,"1.211130452E12":28,"1.211143683E12":179,"1.211141602E12":166,"1.211146535E12":201,"1.211175134E12":326,"1.211141348E12":163,"1.211131028E12":39,"1.211146736E12":204,"1.211153149E12":232,"1.211174843E12":323,"1.211142802E12":173,"1.211177316E12":332,"1.21120891E12":356,"1.21121856E12":367,"1.211209745E12":357,"1.211236179E12":376,"1.211141723E12":168,"1.211179856E12":341,"1.211220472E12":370,"1.211131876E12":52,"1.211173141E12":321,"1.21114255E12":171,"1.211134864E12":92,"1.211165143E12":298,"1.211136427E12":110,"1.21113318E12":68,"1.211133397E12":71,"1.211152236E12":228,"1.211137974E12":123,"1.211208488E12":355,"1.211173967E12":322,"1.211124521E12":6,"1.211171927E12":320,"1.21114754E12":208,"1.211134473E12":87,"1.211151841E12":225,"1.211178592E12":336,"1.211136357E12":107,"1.211162115E12":279,"1.211223741E12":372,"1.211130451E12":27,"1.211156634E12":253,"1.211144047E12":184,"1.211146696E12":203,"1.211130376E12":24,"1.211165115E12":297,"1.21113964E12":143,"1.211153203E12":234,"1.211166975E12":307,"1.211142671E12":172,"1.21115906E12":263,"1.21113051E12":30,"1.211171784E12":319,"1.211138706E12":134,"1.211125393E12":8,"1.211154857E12":244,"1.211155902E12":249,"1.211154142E12":238,"1.211165422E12":301,"1.211134085E12":85,"1.211127616E12":16,"1.211169143E12":312,"1.211158903E12":261,"1.211248915E12":378,"1.21113687E12":115,"1.211176328E12":329,"1.211211203E12":359,"1.211182509E12":343,"1.211125053E12":7,"1.211178171E12":335,"1.211157001E12":257,"1.211163844E12":292,"1.211132319E12":57,"1.211176515E12":330,"1.211135287E12":95,"1.211140396E12":149,"1.211141588E12":165,"1.211140744E12":154,"1.211169139E12":311,"1.211157691E12":259,"1.211024937E12":2,"1.211131528E12":49,"1.21112115E12":4,"1.211162381E12":283,"1.211166384E12":304,"1.211151577E12":224,"1.211156411E12":252,"1.211134916E12":93,"1.211167591E12":309,"1.211129567E12":22,"1.211216728E12":364,"1.211255916E12":380,"1.2111357E12":103,"1.211137563E12":118,"1.211154759E12":243,"1.211155533E12":245,"1.211181249E12":342,"1.21112786E12":18,"1.211206629E12":352,"1.211162127E12":280,"1.211140033E12":146,"1.211133883E12":81,"1.21114094E12":157,"1.21113915E12":139,"1.21114594E12":197,"1.211135849E12":104,"1.211130561E12":33,"1.21113348E12":73,"1.211219708E12":369,"1.211257475E12":381,"1.211178774E12":337,"1.211143294E12":177,"1.211137802E12":121,"1.211134798E12":91,"1.211154465E12":240,"1.211132463E12":60,"1.211289699E12":383,"1.211156966E12":256,"1.211163042E12":287,"1.211140709E12":152,"1.211134527E12":88,"1.211158159E12":260,"1.211130409E12":26,"1.211116063E12":3,"1.2111662E12":303,"1.211135567E12":99,"1.211154712E12":242,"1.211179182E12":339,"1.211206803E12":353,"1.211147852E12":210,"1.211138719E12":135,"1.211166838E12":305,"1.211159423E12":266,"1.211147317E12":205,"1.211159746E12":267,"1.211171329E12":318,"1.211175007E12":325,"1.211152644E12":230,"1.211128587E12":19,"1.211200846E12":349,"1.211136768E12":112,"1.211132355E12":58,"1.211163375E12":289,"1.211149715E12":219,"1.211140897E12":156,"1.211140087E12":147,"1.211171223E12":317,"1.211133613E12":75,"1.211213916E12":360,"1.211148472E12":215,"1.211164152E12":293,"1.211136605E12":111,"1.211216485E12":363,"1.211134426E12":86,"1.211136399E12":109,"1.21116617E12":302,"1.211138386E12":132,"1.21112686E12":13,"1.211143755E12":180,"1.211141132E12":159,"1.211155896E12":248,"1.211130986E12":38,"1.211229304E12":375,"1.211320552E12":385,"1.211141247E12":162,"1.211160672E12":270,"1.211137061E12":117,"1.211128947E12":20,"1.211133918E12":83,"1.211140196E12":148,"1.211139605E12":141,"1.211165051E12":295,"1.211132141E12":56,"1.211133399E12":72,"1.211143302E12":178,"1.211138265E12":130,"1.211166962E12":306,"1.211139274E12":140,"1.211143896E12":182,"1.211129974E12":23,"1.211138101E12":125,"1.211139883E12":145,"1.211131974E12":53,"1.211147872E12":211,"1.211161661E12":277,"1.211140739E12":153,"1.21113893E12":137,"1.211156758E12":254,"1.211132607E12":61,"1.211165086E12":296,"1.211135382E12":98,"1.211142442E12":170,"1.211177874E12":333,"1.21117891E12":338,"1.211129313E12":21,"1.211217542E12":366,"1.211162559E12":285,"1.211153955E12":237,"1.211168462E12":310,"1.211135067E12":94,"1.211142178E12":169,"1.211131071E12":42,"1.211131758E12":51,"1.211138247E12":129,"1.211134697E12":89,"1.211163265E12":288},