{"propagationData":{"1.211061892E12":312,"1.21104812E12":270,"1.211055213E12":295,"1.21102563E12":72,"1.211026351E12":78,"1.211045836E12":246,"1.211038696E12":196,"1.211047312E12":260,"1.211036163E12":166,"1.211037839E12":183,"1.211047559E12":265,"1.211036753E12":178,"1.211086006E12":330,"1.211038681E12":194,"1.211030505E12":95,"1.211033733E12":136,"1.211039706E12":210,"1.211023523E12":61,"1.211028595E12":83,"1.211018417E12":16,"1.21103895E12":202,"1.211018416E12":15,"1.211036361E12":171,"1.211039532E12":203,"1.211030372E12":92,"1.211035768E12":154,"1.211048595E12":273,"1.211042295E12":228,"1.211032581E12":124,"1.211025199E12":70,"1.211049453E12":281,"1.211046355E12":254,"1.211043899E12":240,"1.211039635E12":208,"1.211042094E12":225,"1.211025847E12":77,"1.21103787E12":185,"1.211042035E12":224,"1.211062921E12":315,"1.21104634E12":252,"1.211022751E12":60,"1.211036972E12":182,"1.211036771E12":179,"1.211051085E12":287,"1.211018423E12":18,"1.211032981E12":133,"1.21105757E12":305,"1.211047212E12":257,"1.211085075E12":326,"1.211030962E12":101,"1.211019386E12":38,"1.211031439E12":107,"1.211043844E12":239,"1.211041886E12":222,"1.211039596E12":205,"1.211047476E12":262,"1.211018412E12":13,"1.211028193E12":82,"1.211036358E12":170,"1.2110398E12":211,"1.21103421E12":145,"1.21104628E12":251,"1.211031399E12":106,"1.211036265E12":168,"1.211036172E12":167,"1.211037955E12":188,"1.211030319E12":90,"1.211057675E12":306,"1.211038882E12":200,"1.211018889E12":34,"1.211031978E12":111,"1.211018828E12":33,"1.211031568E12":108,"1.211032403E12":117,"1.211053375E12":292,"1.211042505E12":231,"1.211042409E12":230,"1.211025037E12":68,"1.211025494E12":71,"1.211036653E12":175,"1.211059773E12":309,"1.211035812E12":157,"1.211061868E12":310,"1.211022491E12":57,"1.211018406E12":9,"1.211018428E12":19,"1.211035462E12":150,"1.211041607E12":218,"1.211032779E12":128,"1.211023749E12":64,"1.211050123E12":283,"1.211038143E12":190,"1.211032639E12":125,"1.211048098E12":268,"1.211040016E12":213,"1.211048605E12":274,"1.211038498E12":193,"1.211085303E12":327,"1.211018518E12":28,"1.211038436E12":192,"1.211049196E12":278,"1.211019603E12":42,"1.211035862E12":160,"1.21103422E12":146,"1.211052552E12":290,"1.211077305E12":318,"1.21104856E12":272,"1.211021393E12":53,"1.211048554E12":271,"1.211023895E12":65,"1.21103117E12":102,"1.211031864E12":110,"1.211032379E12":116,"1.211049281E12":280,"1.211046248E12":250,"1.211036783E12":180,"1.211065266E12":316,"1.211031229E12":104,"1.211048108E12":269,"1.211035449E12":149,"1.211038802E12":198,"1.211030901E12":100,"1.211035946E12":162,"1.21103963E12":207,"1.211031252E12":105,"1.211018404E12":5,"1.21115747E12":336,"1.211081819E12":322,"1.21102233E12":56,"1.211024646E12":66,"1.211019557E12":40,"1.21103843E12":191,"1.211062042E12":313,"1.211033739E12":137,"1.211054968E12":294,"1.211021721E12":55,"1.211019306E12":36,"1.211019347E12":37,"1.211025197E12":69,"1.211062157E12":314,"1.211048744E12":275,"1.211032564E12":123,"1.211034188E12":144,"1.21114758E12":333,"1.211035705E12":153,"1.211018531E12":29,"1.211034122E12":143,"1.211055454E12":298,"1.211041861E12":221,"1.211020685E12":48,"1.211041672E12":220,"1.211032191E12":113,"1.211033767E12":139,"1.211038791E12":197,"1.211040076E12":215,"1.211029339E12":87,"1.2111476E12":334,"1.211043912E12":241,"1.211047548E12":264,"1.211085594E12":328,"1.211043653E12":236,"1.211032549E12":122,"1.211026535E12":80,"1.211020822E12":49,"1.211020124E12":43,"1.211055288E12":296,"1.211037869E12":184,"1.21104635E12":253,"1.2110187E12":31,"1.211032515E12":121,"1.211039654E12":209,"1.211035804E12":156,"1.211036373E12":172,"1.211018411E12":12,"1.211046037E12":249,"1.211018408E12":11,"1.211021047E12":51,"1.211081889E12":323,"1.211085617E12":329,"1.211028993E12":84,"1.211157239E12":335,"1.211032736E12":126,"1.211036122E12":165,"1.211032198E12":114,"1.211041671E12":219,"1.21123051E12":339,"1.211038849E12":199,"1.211082304E12":325,"1.211038689E12":195,"1.211036273E12":169,"1.211018499E12":26,"1.211042273E12":227,"1.211035582E12":152,"1.211035263E12":148,"1.211022583E12":58,"1.211033642E12":135,"1.211229854E12":338,"1.211047969E12":267,"1.211045432E12":244,"1.211081316E12":320,"1.211036694E12":176,"1.211053165E12":291,"1.211082026E12":324,"1.211039533E12":204,"1.211030594E12":96,"1.211047253E12":259,"1.21104258E12":233,"1.211035914E12":161,"1.211025637E12":74,"1.211035214E12":147,"1.211044159E12":243,"1.211021094E12":52,"1.21101846E12":21,"1.211036557E12":173,"1.211033752E12":138,"1.211047494E12":263,"1.211035553E12":151,"1.211057795E12":307,"1.211036731E12":177,"1.211018469E12":22,"1.211018418E12":17,"1.211024914E12":67,"1.211020666E12":47,"1.211055804E12":301,"1.211052494E12":289,"1.211035816E12":159,"1.211045851E12":247,"1.211040331E12":217,"1.211056988E12":302,"1.211036958E12":181,"1.211031227E12":103,"1.211049265E12":279,"1.211032961E12":132,"1.211030415E12":94,"1.211157548E12":337,"1.21105109E12":288,"1.21104747E12":261,"1.21104723E12":258,"1.211025791E12":76,"1.211025697E12":75,"1.211022747E12":59,"1.211020867E12":50,"1.211030374E12":93,"1.211018684E12":30,"1.211081298E12":319,"1.21105747E12":304,"1.211037931E12":187,"1.211035966E12":163,"1.211026559E12":81,"1.211051054E12":286,"1.211026471E12":79,"1.211020459E12":46,"1.211081418E12":321,"1.211042144E12":226,"1.211031602E12":109,"1.211057301E12":303,"1.211049058E12":277,"1.21103218E12":112,"1.211086133E12":331,"1.211030621E12":98,"1.211030261E12":88,"1.211032432E12":118,"1.211049587E12":282,"1.211018472E12":23,"1.211018449E12":20,"1.211039628E12":206,"1.21106533E12":317,"1.21104672E12":256,"1.211050141E12":284,"1.211039967E12":212,"1.211040317E12":216,"1.211045461E12":245,"1.211055704E12":299,"1.211035769E12":155,"1.211086205E12":332,"1.211029249E12":86,"1.211032511E12":120,"1.211035815E12":158,"1.211018405E12":7,"1.211053431E12":293,"1.211020393E12":45,"1.211045979E12":248,"1.211029193E12":85,"1.211023719E12":63,"1.211019435E12":39,"1.211049054E12":276,"1.211018827E12":32,"1.211036558E12":174,"1.211032781E12":130,"1.211040065E12":214,"1.211042524E12":232,"1.211018413E12":14,"1.211047944E12":266,"1.211030822E12":99,"1.21103234E12":115,"1.21102164E12":54,"1.211018495E12":25,"1.211037871E12":186,"1.211035993E12":164,"1.211046566E12":255,"1.211043185E12":235,"1.211034109E12":142,"1.211043811E12":238,"1.211061884E12":311,"1.211032777E12":127,"1.211030316E12":89,"1.21103278E12":129,"1.211055774E12":300,"1.211059437E12":308,"1.211044131E12":242,"1.211034065E12":141,"1.211025635E12":73,"1.211018407E12":10,"1.211019559E12":41,"1.211042334E12":229,"1.211023533E12":62,"1.211019015E12":35,"1.211055416E12":297,"1.211043112E12":234,"1.211032811E12":131,"1.211033581E12":134,"1.211041909E12":223,"1.211050955E12":285,"1.211030367E12":91,"1.211037982E12":189,"1.21103893E12":201},"NUMBER_OF_PEOPLE":400,"minTimeSeen":1.211018404E12,"maxTimeSeen":1.211558405E12,"NEIGHBORHOOD_RADIUS":20.0,"ENCOUNTER_CHANCE":0.05,"priority":1.0,"duration":540001.0,"minutesDuration":9000.016666666666,"hoursDuration":150.00027777777777,"daysDuration":6.250011574074073}
