{"propagationData":{"1.211040505E12":253,"1.211025288E12":110,"1.211018771E12":41,"1.211043394E12":275,"1.211039441E12":247,"1.21103199E12":181,"1.211018756E12":39,"1.211036464E12":224,"1.211049709E12":305,"1.211023493E12":85,"1.211038374E12":241,"1.211027748E12":134,"1.211032032E12":182,"1.211018748E12":38,"1.211067763E12":334,"1.211018601E12":35,"1.211034057E12":203,"1.211030342E12":159,"1.21103108E12":173,"1.211044143E12":285,"1.211074606E12":343,"1.211023134E12":75,"1.211095439E12":360,"1.211043327E12":274,"1.211037548E12":230,"1.21109106E12":352,"1.211040821E12":258,"1.211023596E12":88,"1.211027149E12":123,"1.211036945E12":228,"1.211024582E12":97,"1.211034135E12":205,"1.211025763E12":114,"1.211041438E12":261,"1.211022247E12":65,"1.211030409E12":163,"1.211031126E12":175,"1.211044341E12":286,"1.21103787E12":235,"1.211027378E12":128,"1.21101946E12":49,"1.211031959E12":180,"1.211019377E12":48,"1.211025061E12":107,"1.211024684E12":99,"1.21102369E12":90,"1.211071284E12":336,"1.211060368E12":325,"1.211024064E12":92,"1.211027327E12":126,"1.211020942E12":60,"1.211033601E12":199,"1.211039414E12":246,"1.211090458E12":351,"1.211049739E12":306,"1.211028361E12":135,"1.211018412E12":19,"1.211026034E12":116,"1.211026387E12":119,"1.211027655E12":131,"1.211095339E12":359,"1.211025949E12":115,"1.211063175E12":330,"1.211030907E12":171,"1.211027358E12":127,"1.21102451E12":96,"1.211038111E12":237,"1.211045712E12":295,"1.211023311E12":82,"1.211021925E12":62,"1.211020535E12":54,"1.211018454E12":24,"1.211041757E12":267,"1.211033455E12":198,"1.211102823E12":361,"1.211032964E12":192,"1.21106754E12":333,"1.211018778E12":42,"1.211062317E12":329,"1.211022002E12":63,"1.211089637E12":350,"1.211071008E12":335,"1.211018435E12":21,"1.211022491E12":68,"1.211022784E12":72,"1.211037685E12":233,"1.211029487E12":143,"1.211018406E12":8,"1.211053506E12":315,"1.211103607E12":364,"1.211055039E12":316,"1.211023502E12":87,"1.21103215E12":185,"1.21103339E12":197,"1.211043529E12":276,"1.211035025E12":210,"1.211094285E12":355,"1.211047617E12":301,"1.211045421E12":294,"1.211040795E12":257,"1.211036077E12":216,"1.211022132E12":64,"1.211028444E12":137,"1.211037672E12":232,"1.211020447E12":53,"1.211063342E12":331,"1.211168238E12":369,"1.211055079E12":317,"1.21107245E12":342,"1.211025632E12":113,"1.211030687E12":168,"1.211018494E12":26,"1.211033285E12":194,"1.211033328E12":195,"1.211034459E12":208,"1.21101858E12":33,"1.21103241E12":187,"1.211032632E12":190,"1.211093929E12":353,"1.211045381E12":293,"1.21103981E12":249,"1.211060994E12":327,"1.211033337E12":196,"1.211094861E12":357,"1.211177699E12":375,"1.211027187E12":124,"1.211030692E12":169,"1.211049582E12":304,"1.211025614E12":112,"1.211028981E12":141,"1.211018732E12":37,"1.211103577E12":363,"1.211026715E12":122,"1.21101901E12":43,"1.211028368E12":136,"1.211023148E12":77,"1.211030202E12":151,"1.211020661E12":57,"1.211059533E12":321,"1.211018538E12":30,"1.211018404E12":7,"1.211020549E12":55,"1.211027724E12":133,"1.211053303E12":313,"1.211031178E12":176,"1.211059913E12":323,"1.211022498E12":69,"1.211018456E12":25,"1.211019557E12":50,"1.211043142E12":273,"1.211032163E12":186,"1.211036275E12":222,"1.211029884E12":146,"1.211052759E12":312,"1.211025181E12":109,"1.211049316E12":303,"1.211018521E12":29,"1.211030497E12":166,"1.21104378E12":278,"1.211084261E12":347,"1.211023135E12":76,"1.211174058E12":372,"1.211174651E12":373,"1.211043612E12":277,"1.211036903E12":227,"1.211023676E12":89,"1.211061464E12":328,"1.211022367E12":66,"1.211019085E12":44,"1.21102485E12":102,"1.211067522E12":332,"1.211049753E12":307,"1.211030245E12":154,"1.211022627E12":70,"1.211041719E12":266,"1.211025334E12":111,"1.211030356E12":160,"1.211018411E12":17,"1.21103517E12":211,"1.211023388E12":83,"1.211018408E12":15,"1.211060906E12":326,"1.211044436E12":287,"1.211024611E12":98,"1.211030081E12":149,"1.211036252E12":221,"1.211022437E12":67,"1.211172775E12":370,"1.211043781E12":279,"1.211030318E12":155,"1.211026432E12":120,"1.211032629E12":189,"1.21103314E12":193,"1.211025019E12":106,"1.211034226E12":207,"1.211030132E12":150,"1.211051931E12":309,"1.211024846E12":101,"1.211041975E12":270,"1.211044032E12":283,"1.211019169E12":46,"1.211044488E12":288,"1.211018499E12":27,"1.211027464E12":130,"1.211030335E12":157,"1.211038373E12":240,"1.211038733E12":243,"1.211023158E12":78,"1.211028686E12":139,"1.211028977E12":140,"1.211024865E12":103,"1.211027689E12":132,"1.211030341E12":158,"1.21107238E12":340,"1.211045336E12":291,"1.211029748E12":144,"1.211040396E12":251,"1.211039837E12":250,"1.211038193E12":239,"1.211029824E12":145,"1.211035214E12":215,"1.211022708E12":71,"1.211032423E12":188,"1.21103624E12":220,"1.211018543E12":31,"1.211019293E12":47,"1.211044133E12":284,"1.211028514E12":138,"1.211059348E12":320,"1.211053448E12":314,"1.211041357E12":259,"1.211030206E12":153,"1.211047206E12":298,"1.211036451E12":223,"1.211095131E12":358,"1.211021908E12":61,"1.211060357E12":324,"1.211024965E12":104,"1.211108591E12":365,"1.211018418E12":20,"1.211030359E12":161,"1.211168009E12":368,"1.211038771E12":244,"1.211032807E12":191,"1.211036539E12":225,"1.21101852E12":28,"1.211034058E12":204,"1.211042084E12":271,"1.211030019E12":148,"1.211038166E12":238,"1.21102318E12":80,"1.211045343E12":292,"1.211024187E12":94,"1.211018564E12":32,"1.211041832E12":268,"1.211036096E12":217,"1.211030433E12":164,"1.211094759E12":356,"1.211045893E12":296,"1.211045181E12":290,"1.211029437E12":142,"1.211165864E12":366,"1.211032043E12":183,"1.211043879E12":281,"1.211025068E12":108,"1.211034159E12":206,"1.211033636E12":200,"1.211033849E12":202,"1.211030016E12":147,"1.211052061E12":310,"1.211024976E12":105,"1.211026083E12":118,"1.211027462E12":129,"1.21105561E12":319,"1.211040784E12":256,"1.211030471E12":165,"1.21104403E12":282,"1.211032075E12":184,"1.211047609E12":300,"1.211023497E12":86,"1.211036807E12":226,"1.211036173E12":218,"1.211026488E12":121,"1.211051706E12":308,"1.211018449E12":23,"1.211166712E12":367,"1.211024086E12":93,"1.211022794E12":73,"1.211020654E12":56,"1.211030544E12":167,"1.211037541E12":229,"1.211018767E12":40,"1.211048124E12":302,"1.211030695E12":170,"1.211083904E12":346,"1.211041485E12":263,"1.211018686E12":36,"1.211083694E12":345,"1.211024697E12":100,"1.211037563E12":231,"1.211082438E12":344,"1.211036202E12":219,"1.211071628E12":338,"1.211031121E12":174,"1.211020724E12":58,"1.211103277E12":362,"1.211030398E12":162,"1.211023182E12":81,"1.211031764E12":178,"1.211047268E12":299,"1.211042107E12":272,"1.211041706E12":265,"1.211052382E12":311,"1.211071763E12":339,"1.211030324E12":156,"1.211084579E12":348,"1.211045921E12":297,"1.211041874E12":269,"1.211043796E12":280,"1.211024041E12":91,"1.211041369E12":260,"1.211072413E12":341,"1.211026078E12":117,"1.211023166E12":79,"1.211027261E12":125,"1.211044563E12":289,"1.211038402E12":242,"1.211035202E12":214,"1.211094074E12":354,"1.21104077E12":254,"1.211018581E12":34,"1.211040463E12":252,"1.2111733E12":371,"1.211041559E12":264,"1.211035175E12":212,"1.211020904E12":59,"1.211035197E12":213,"1.21102301E12":74,"1.211033822E12":201,"1.211041472E12":262,"1.211031723E12":177,"1.211088954E12":349,"1.211023389E12":84,"1.211071339E12":337,"1.211034483E12":209,"1.211055577E12":318,"1.211038814E12":245,"1.211037718E12":234,"1.211037874E12":236,"1.211039589E12":248,"1.211018407E12":14,"1.211019559E12":51,"1.211020208E12":52,"1.211031833E12":179,"1.21102422E12":95,"1.211030203E12":152,"1.211059699E12":322,"1.21117749E12":374,"1.211030909E12":172},"NUMBER_OF_PEOPLE":400,"minTimeSeen":1.211018404E12,"maxTimeSeen":1.211558405E12,"NEIGHBORHOOD_RADIUS":20.0,"ENCOUNTER_CHANCE":0.05,"priority":1.0,"duration":540001.0,"minutesDuration":9000.016666666666,"hoursDuration":150.00027777777777,"daysDuration":6.250011574074073}
