{"propagationData":{"1.211032679E12":128,"1.211082087E12":342,"1.21105076E12":295,"1.211057667E12":311,"1.211047046E12":279,"1.211051008E12":297,"1.211018462E12":17,"1.211030805E12":109,"1.211033151E12":134,"1.211026023E12":73,"1.211024517E12":59,"1.21105171E12":301,"1.211018445E12":10,"1.21104518E12":262,"1.211042217E12":232,"1.211018949E12":31,"1.211034683E12":156,"1.211022037E12":48,"1.211037122E12":182,"1.211030104E12":102,"1.211032593E12":125,"1.21102018E12":36,"1.211035876E12":174,"1.21103506E12":162,"1.211035002E12":159,"1.211045774E12":267,"1.21103503E12":161,"1.211035088E12":165,"1.211080853E12":338,"1.211062992E12":329,"1.211018409E12":6,"1.211041028E12":219,"1.211018556E12":26,"1.211035696E12":171,"1.211025102E12":64,"1.211042483E12":237,"1.211022126E12":50,"1.211020138E12":35,"1.211035882E12":175,"1.211033168E12":136,"1.211037559E12":190,"1.211022593E12":51,"1.211018471E12":21,"1.211051062E12":299,"1.211050549E12":290,"1.211018982E12":32,"1.211045817E12":269,"1.211025061E12":63,"1.211035072E12":164,"1.211040624E12":209,"1.211043933E12":244,"1.211040641E12":211,"1.21102561E12":68,"1.211018598E12":29,"1.21102293E12":54,"1.211040199E12":205,"1.211045386E12":265,"1.211029749E12":94,"1.211060265E12":320,"1.211029695E12":92,"1.21104248E12":236,"1.211030329E12":104,"1.211057734E12":313,"1.211063456E12":331,"1.211044913E12":261,"1.211101568E12":344,"1.211037197E12":184,"1.211044365E12":253,"1.211041967E12":228,"1.211019018E12":34,"1.211036265E12":178,"1.211101621E12":345,"1.211050625E12":293,"1.211034184E12":145,"1.211044113E12":248,"1.211018474E12":22,"1.211031658E12":115,"1.211047453E12":281,"1.211052663E12":305,"1.211044851E12":260,"1.211035093E12":166,"1.211060315E12":321,"1.211028728E12":84,"1.211018454E12":12,"1.211029929E12":97,"1.211059173E12":318,"1.211034364E12":147,"1.211035756E12":172,"1.211018435E12":7,"1.211061776E12":325,"1.211033742E12":141,"1.211027132E12":79,"1.211046071E12":272,"1.21103437E12":148,"1.211032626E12":126,"1.211194065E12":353,"1.21102729E12":80,"1.211203616E12":356,"1.211106826E12":348,"1.211044576E12":255,"1.211032572E12":124,"1.211024659E12":61,"1.211109243E12":349,"1.211040217E12":206,"1.211034858E12":158,"1.211044566E12":254,"1.211020484E12":39,"1.211030008E12":99,"1.211042014E12":230,"1.211026087E12":74,"1.211045927E12":270,"1.211045323E12":264,"1.211056412E12":307,"1.211044097E12":247,"1.211043875E12":243,"1.211035691E12":170,"1.21103455E12":152,"1.211047489E12":282,"1.211035129E12":167,"1.211063441E12":330,"1.211046546E12":276,"1.211034541E12":150,"1.211027676E12":81,"1.211044849E12":259,"1.211400723E12":358,"1.211018464E12":18,"1.211020596E12":44,"1.21103117E12":113,"1.211045767E12":266,"1.211029188E12":88,"1.211030798E12":108,"1.211034126E12":144,"1.211049286E12":285,"1.211018555E12":25,"1.211031108E12":112,"1.211037196E12":183,"1.211024455E12":58,"1.211018404E12":4,"1.211018456E12":14,"1.211040777E12":214,"1.211018948E12":30,"1.211030018E12":100,"1.211034551E12":153,"1.211044314E12":252,"1.211030135E12":103,"1.211024566E12":60,"1.2110605E12":324,"1.211033714E12":139,"1.211031068E12":111,"1.211029003E12":86,"1.211057773E12":315,"1.211054046E12":306,"1.211046742E12":278,"1.211049316E12":287,"1.211032787E12":132,"1.211062772E12":327,"1.21105773E12":312,"1.211033592E12":138,"1.211045286E12":263,"1.21108087E12":339,"1.211031986E12":120,"1.211035069E12":163,"1.211025521E12":67,"1.211048672E12":284,"1.211040665E12":213,"1.211200327E12":355,"1.211041121E12":220,"1.211040992E12":218,"1.211037462E12":187,"1.211043266E12":239,"1.211030826E12":110,"1.211032655E12":127,"1.211060488E12":323,"1.211040635E12":210,"1.211020491E12":41,"1.21102956E12":89,"1.211030413E12":106,"1.211037568E12":191,"1.211025118E12":65,"1.211044241E12":251,"1.211030417E12":107,"1.211043622E12":240,"1.211059103E12":317,"1.21105765E12":310,"1.211020282E12":37,"1.211042267E12":233,"1.211051934E12":302,"1.211022617E12":53,"1.211018592E12":28,"1.211057888E12":316,"1.211046037E12":271,"1.211050576E12":292,"1.211079508E12":335,"1.211040657E12":212,"1.211031726E12":116,"1.211040865E12":217,"1.211039615E12":203,"1.211077915E12":334,"1.211031393E12":114,"1.211043973E12":245,"1.211030022E12":101,"1.211062669E12":326,"1.211024837E12":62,"1.211018476E12":23,"1.21103273E12":130,"1.211043988E12":246,"1.211018446E12":11,"1.211038428E12":202,"1.211018458E12":15,"1.211128975E12":351,"1.21105194E12":303,"1.211033936E12":142,"1.2110431E12":238,"1.211033723E12":140,"1.211037644E12":193,"1.211036171E12":176,"1.211041968E12":229,"1.211038352E12":201,"1.211041549E12":225,"1.211077849E12":333,"1.211041161E12":223,"1.21103734E12":186,"1.211046254E12":273,"1.211039715E12":204,"1.211034545E12":151,"1.211026317E12":76,"1.211022614E12":52,"1.211034185E12":146,"1.211081697E12":340,"1.211020507E12":43,"1.211036326E12":179,"1.211018557E12":27,"1.211042028E12":231,"1.211025853E12":70,"1.21103268E12":129,"1.211018469E12":19,"1.211034605E12":154,"1.211035859E12":173,"1.211044198E12":249,"1.21101848E12":24,"1.211398356E12":357,"1.211031958E12":119,"1.211032813E12":133,"1.211044635E12":257,"1.211042276E12":234,"1.211046356E12":274,"1.211025631E12":69,"1.211032018E12":121,"1.211029611E12":90,"1.211031759E12":117,"1.211038345E12":200,"1.211037505E12":188,"1.211056631E12":308,"1.211032739E12":131,"1.211037547E12":189,"1.211023739E12":56,"1.211044667E12":258,"1.211050557E12":291,"1.211036246E12":177,"1.211036601E12":181,"1.211025201E12":66,"1.211023006E12":55,"1.211043631E12":242,"1.211042293E12":235,"1.211018437E12":8,"1.211080007E12":337,"1.211020817E12":45,"1.21103316E12":135,"1.211050626E12":294,"1.211033572E12":137,"1.211060258E12":319,"1.21102108E12":47,"1.211079936E12":336,"1.211041122E12":221,"1.211025894E12":71,"1.211037755E12":195,"1.211026584E12":78,"1.21104186E12":227,"1.211035234E12":169,"1.211106605E12":347,"1.21105108E12":300,"1.211200089E12":354,"1.211023878E12":57,"1.211018442E12":9,"1.211020375E12":38,"1.211062969E12":328,"1.211026349E12":77,"1.211029913E12":96,"1.211035022E12":160,"1.211046516E12":275,"1.21104121E12":224,"1.211040861E12":216,"1.211045794E12":268,"1.211106027E12":346,"1.211034121E12":143,"1.211037746E12":194,"1.211027925E12":83,"1.211040447E12":208,"1.211029672E12":91,"1.211025934E12":72,"1.211050941E12":296,"1.211040831E12":215,"1.211034638E12":155,"1.21102898E12":85,"1.211034421E12":149,"1.211038304E12":197,"1.211020492E12":42,"1.211020489E12":40,"1.211029904E12":95,"1.211029097E12":87,"1.211044619E12":256,"1.211099772E12":343,"1.211128935E12":350,"1.211052116E12":304,"1.21104716E12":280,"1.211041762E12":226,"1.211038342E12":199,"1.211031812E12":118,"1.211034779E12":157,"1.211044214E12":250,"1.211035202E12":168,"1.211147617E12":352,"1.211043623E12":241,"1.211038311E12":198,"1.211049988E12":288,"1.211050186E12":289,"1.211019006E12":33,"1.2110493E12":286,"1.211046566E12":277,"1.211037569E12":192,"1.211047555E12":283,"1.211020904E12":46,"1.211037215E12":185,"1.211057737E12":314,"1.211040382E12":207,"1.211029962E12":98,"1.211051056E12":298,"1.211026216E12":75,"1.211041127E12":222,"1.211057192E12":309,"1.211030333E12":105,"1.211071563E12":332,"1.211036332E12":180,"1.211027755E12":82,"1.211032358E12":123,"1.211032267E12":122,"1.211018407E12":5,"1.21106033E12":322,"1.211022094E12":49,"1.211081995E12":341},"NUMBER_OF_PEOPLE":400,"minTimeSeen":1.211018404E12,"maxTimeSeen":1.211558405E12,"NEIGHBORHOOD_RADIUS":20.0,"ENCOUNTER_CHANCE":0.05,"priority":1.0,"duration":540001.0,"minutesDuration":9000.016666666666,"hoursDuration":150.00027777777777,"daysDuration":6.250011574074073}
