{"propagationData":{"1.211103045E12":373,"1.211093922E12":362,"1.21106268E12":265,"1.211043394E12":31,"1.211042257E12":19,"1.21106666E12":281,"1.211047404E12":79,"1.211394248E12":388,"1.211094535E12":363,"1.211094739E12":364,"1.211167972E12":382,"1.211061469E12":257,"1.21106157E12":258,"1.211075755E12":312,"1.211067513E12":286,"1.211043299E12":30,"1.211255785E12":386,"1.211067111E12":283,"1.211114867E12":376,"1.211093392E12":361,"1.211046606E12":65,"1.211048413E12":88,"1.211073422E12":304,"1.211050137E12":132,"1.211047642E12":80,"1.211070183E12":292,"1.211047147E12":71,"1.21107816E12":324,"1.211045165E12":44,"1.211041543E12":9,"1.211050787E12":146,"1.211060058E12":242,"1.211042115E12":13,"1.211054906E12":189,"1.211045626E12":52,"1.211056465E12":205,"1.211089186E12":354,"1.211078181E12":325,"1.21104982E12":122,"1.211092658E12":359,"1.211063187E12":267,"1.211042156E12":15,"1.2110436E12":33,"1.21108825E12":350,"1.211053025E12":173,"1.211074597E12":311,"1.211048704E12":99,"1.211045415E12":50,"1.21106349E12":271,"1.211051752E12":158,"1.211052767E12":171,"1.211052322E12":165,"1.211082474E12":341,"1.211060321E12":245,"1.211046035E12":57,"1.211070944E12":294,"1.211058622E12":230,"1.211057371E12":217,"1.21107987E12":329,"1.211049871E12":123,"1.211048717E12":101,"1.211049458E12":114,"1.211076309E12":315,"1.211051891E12":160,"1.211048504E12":90,"1.21104686E12":67,"1.211050285E12":135,"1.211089047E12":353,"1.211042439E12":22,"1.211060961E12":255,"1.211050105E12":130,"1.211050727E12":143,"1.211082318E12":338,"1.211076817E12":317,"1.211090839E12":356,"1.211048247E12":86,"1.211045712E12":54,"1.211048514E12":91,"1.211018914E12":3,"1.211049633E12":115,"1.211059001E12":233,"1.211085362E12":344,"1.211048766E12":103,"1.211059709E12":238,"1.211053864E12":180,"1.21105337E12":176,"1.21105353E12":179,"1.211048322E12":87,"1.211051638E12":155,"1.211060888E12":253,"1.211042511E12":24,"1.211063291E12":269,"1.211051072E12":150,"1.211056182E12":203,"1.211059362E12":235,"1.211044252E12":37,"1.211063206E12":268,"1.211058945E12":232,"1.211071154E12":296,"1.21107633E12":316,"1.211049815E12":120,"1.211093157E12":360,"1.211086927E12":347,"1.211049083E12":107,"1.21105498E12":190,"1.211060911E12":254,"1.211095477E12":368,"1.211067098E12":282,"1.211092489E12":358,"1.211085893E12":346,"1.211054774E12":186,"1.211069139E12":291,"1.211054779E12":187,"1.211080366E12":333,"1.211046294E12":60,"1.211054189E12":183,"1.21104875E12":102,"1.211050857E12":147,"1.211049016E12":105,"1.211082382E12":340,"1.211045381E12":49,"1.211055172E12":193,"1.211102726E12":372,"1.211047211E12":75,"1.211078306E12":326,"1.211061097E12":256,"1.211058282E12":226,"1.211050089E12":129,"1.211050533E12":140,"1.211141771E12":379,"1.211047093E12":70,"1.211077196E12":320,"1.21105563E12":198,"1.211042555E12":25,"1.211075771E12":313,"1.211042641E12":26,"1.211054548E12":184,"1.211052773E12":172,"1.211041359E12":8,"1.211018404E12":1,"1.211049942E12":125,"1.211072971E12":303,"1.211053151E12":174,"1.211047665E12":81,"1.211051616E12":154,"1.211066535E12":280,"1.21104115E12":5,"1.211050256E12":134,"1.211057683E12":219,"1.211052323E12":166,"1.211100712E12":370,"1.211049304E12":113,"1.211043547E12":32,"1.211129283E12":377,"1.211060831E12":250,"1.211043964E12":35,"1.211052246E12":164,"1.211064289E12":274,"1.211045196E12":45,"1.211057604E12":218,"1.211047205E12":74,"1.211088835E12":352,"1.211055667E12":199,"1.211076096E12":314,"1.211060865E12":252,"1.211042372E12":21,"1.211048672E12":98,"1.211077141E12":319,"1.211018824E12":2,"1.211048655E12":96,"1.211048713E12":100,"1.21105709E12":212,"1.211051749E12":157,"1.211059755E12":240,"1.211085594E12":345,"1.211042226E12":18,"1.211058014E12":224,"1.2110558E12":200,"1.211074257E12":309,"1.211047318E12":77,"1.21104436E12":40,"1.211050929E12":148,"1.211058376E12":227,"1.211059103E12":234,"1.211057698E12":220,"1.211048654E12":94,"1.211064344E12":275,"1.211056554E12":206,"1.211042967E12":28,"1.211079378E12":328,"1.211063884E12":272,"1.211055421E12":196,"1.211049251E12":109,"1.211064422E12":276,"1.211048928E12":104,"1.211092314E12":357,"1.211080169E12":331,"1.211052158E12":162,"1.211047396E12":78,"1.211049819E12":121,"1.21106081E12":249,"1.211059793E12":241,"1.211058695E12":231,"1.211044003E12":36,"1.211049699E12":118,"1.211068698E12":288,"1.211053876E12":181,"1.211060628E12":247,"1.211047033E12":69,"1.211050725E12":142,"1.211078495E12":327,"1.211074217E12":308,"1.211046739E12":66,"1.211052627E12":168,"1.211060154E12":244,"1.211080083E12":330,"1.211082162E12":337,"1.211045663E12":53,"1.21106085E12":251,"1.211057721E12":221,"1.211061642E12":259,"1.211045376E12":48,"1.21106912E12":290,"1.211052766E12":170,"1.211074524E12":310,"1.211044445E12":41,"1.211056744E12":208,"1.21106011E12":243,"1.211072759E12":302,"1.211053968E12":182,"1.211064425E12":277,"1.211214244E12":385,"1.211048446E12":89,"1.211043049E12":29,"1.211049955E12":126,"1.211057344E12":216,"1.211046267E12":59,"1.211082039E12":336,"1.211095447E12":367,"1.211050116E12":131,"1.211073689E12":307,"1.211058396E12":228,"1.211050672E12":141,"1.211065369E12":279,"1.211077857E12":322,"1.211063414E12":270,"1.211072155E12":299,"1.211072622E12":300,"1.21105675E12":209,"1.211050342E12":137,"1.211053412E12":177,"1.211048592E12":93,"1.21104579E12":55,"1.211049282E12":112,"1.211054846E12":188,"1.211043784E12":34,"1.211044735E12":43,"1.211050305E12":136,"1.211172163E12":383,"1.211049271E12":111,"1.211080286E12":332,"1.211048657E12":97,"1.211051884E12":159,"1.211087323E12":348,"1.211047269E12":76,"1.211055279E12":194,"1.211064701E12":278,"1.211045497E12":51,"1.211045302E12":47,"1.211052607E12":167,"1.21109535E12":366,"1.211047003E12":68,"1.211098357E12":369,"1.21104793E12":83,"1.211055931E12":201,"1.211062598E12":264,"1.211046135E12":58,"1.211175485E12":384,"1.211059743E12":239,"1.211057854E12":222,"1.211082343E12":339,"1.211067344E12":285,"1.211046418E12":63,"1.211054738E12":185,"1.211062489E12":263,"1.211051959E12":161,"1.211051178E12":153,"1.211041779E12":10,"1.211049732E12":119,"1.21108507E12":342,"1.211050051E12":128,"1.211049058E12":106,"1.211041996E12":12,"1.211070899E12":293,"1.211080485E12":335,"1.211046338E12":62,"1.211046002E12":56,"1.211056865E12":211,"1.211057099E12":213,"1.211048518E12":92,"1.211077064E12":318,"1.211048104E12":84,"1.211050209E12":133,"1.21105108E12":151,"1.211045238E12":46,"1.211053472E12":178,"1.211060422E12":246,"1.21105617E12":202,"1.21105078E12":145,"1.211055424E12":197,"1.211049182E12":108,"1.211049917E12":124,"1.211050508E12":139,"1.211041353E12":6,"1.211103961E12":374,"1.211077389E12":321,"1.21104964E12":116,"1.211042188E12":17,"1.211260608E12":387,"1.21104457E12":42,"1.211052197E12":163,"1.211078052E12":323,"1.211056835E12":210,"1.211054983E12":191,"1.211059642E12":237,"1.211101955E12":371,"1.21104285E12":27,"1.211051176E12":152,"1.211073516E12":305,"1.211057118E12":214,"1.211042163E12":16,"1.211041103E12":4,"1.211055141E12":192,"1.211058616E12":229,"1.21104245E12":23,"1.211064153E12":273,"1.211046432E12":64,"1.211050948E12":149,"1.211061671E12":260,"1.2110463E12":61,"1.211068865E12":289,"1.211049977E12":127,"1.21104772E12":82,"1.211041866E12":11,"1.211057901E12":223,"1.211044339E12":39,"1.211050444E12":138,"1.211051742E12":156,"1.211060786E12":248,"1.211105019E12":375,"1.211058193E12":225,"1.211056701E12":207,"1.211049658E12":117,"1.211047185E12":73,"1.21105334E12":175,"1.211071064E12":295,"1.211072001E12":298,"1.211056396E12":204,"1.211057329E12":215,"1.211067323E12":284,"1.211062994E12":266,"1.211062394E12":262,"1.211049256E12":110,"1.211167168E12":381,"1.211071573E12":297,"1.211088417E12":351,"1.211073523E12":306,"1.211088211E12":349,"1.211080394E12":334,"1.211161057E12":380,"1.211089417E12":355,"1.211047174E12":72,"1.211072757E12":301,"1.211048168E12":85,"1.2110948E12":365,"1.211067547E12":287,"1.211055368E12":195,"1.211042297E12":20,"1.211050774E12":144,"1.211059448E12":236,"1.211129924E12":378,"1.211061782E12":261,"1.211044332E12":38,"1.211052734E12":169},"NUMBER_OF_PEOPLE":400,"minTimeSeen":1.211018404E12,