{"propagationData":{"1.211030349E12":98,"1.211029905E12":91,"1.211036641E12":183,"1.211528183E12":385,"1.211058239E12":316,"1.211037347E12":190,"1.211029543E12":85,"1.211049603E12":282,"1.211047498E12":277,"1.21103789E12":198,"1.211023012E12":58,"1.211054524E12":303,"1.211029528E12":83,"1.211056379E12":309,"1.211030615E12":103,"1.211025729E12":74,"1.211033662E12":140,"1.21103407E12":143,"1.21110012E12":364,"1.211032436E12":125,"1.211030967E12":108,"1.211031293E12":113,"1.2111347E12":375,"1.211075166E12":343,"1.211528313E12":386,"1.211054929E12":308,"1.211041944E12":245,"1.211040579E12":229,"1.211033659E12":139,"1.211034788E12":157,"1.211036361E12":179,"1.21103254E12":126,"1.211030277E12":95,"1.211034519E12":152,"1.211023723E12":63,"1.211036448E12":181,"1.21104962E12":283,"1.211040618E12":233,"1.211065851E12":335,"1.211023722E12":62,"1.211034028E12":142,"1.211047436E12":275,"1.21104057E12":228,"1.21103672E12":184,"1.211018468E12":20,"1.211031705E12":117,"1.211031309E12":114,"1.2110925E12":357,"1.21104615E12":267,"1.211018409E12":12,"1.21106588E12":336,"1.21102959E12":86,"1.211018627E12":37,"1.211065456E12":330,"1.211038118E12":199,"1.211043989E12":250,"1.211047905E12":280,"1.211018471E12":22,"1.211092198E12":356,"1.211018423E12":16,"1.211035007E12":162,"1.211061415E12":323,"1.21104058E12":230,"1.211040757E12":235,"1.211038293E12":204,"1.211041342E12":239,"1.211066568E12":338,"1.211075591E12":346,"1.211065111E12":329,"1.211018512E12":29,"1.21109359E12":360,"1.211067151E12":340,"1.211043801E12":248,"1.211034967E12":160,"1.211087535E12":354,"1.211019152E12":44,"1.211059725E12":318,"1.211035808E12":170,"1.21103189E12":119,"1.211061517E12":324,"1.211050606E12":293,"1.211064315E12":327,"1.211087662E12":355,"1.211019018E12":40,"1.21104749E12":276,"1.211036608E12":182,"1.211019076E12":42,"1.211031394E12":115,"1.21101844E12":18,"1.211039029E12":212,"1.211018474E12":23,"1.211041608E12":242,"1.211040455E12":226,"1.211027853E12":76,"1.21103629E12":178,"1.211076862E12":349,"1.211030668E12":105,"1.211045268E12":259,"1.211035254E12":167,"1.211082727E12":353,"1.211032782E12":129,"1.211035663E12":168,"1.211059751E12":319,"1.211065664E12":332,"1.211049809E12":288,"1.211126042E12":374,"1.211057702E12":314,"1.211065837E12":334,"1.211018406E12":6,"1.211034722E12":155,"1.211524259E12":383,"1.211046323E12":269,"1.211028587E12":79,"1.211030849E12":107,"1.211107964E12":365,"1.211050942E12":294,"1.211077753E12":350,"1.211037515E12":192,"1.211020419E12":49,"1.211033387E12":135,"1.211029018E12":80,"1.211018479E12":24,"1.211066381E12":337,"1.211047577E12":278,"1.211036871E12":186,"1.211051982E12":298,"1.211030397E12":100,"1.211038908E12":209,"1.211033449E12":137,"1.211029536E12":84,"1.211018994E12":38,"1.211025666E12":73,"1.211092819E12":358,"1.211059885E12":320,"1.211037629E12":195,"1.211040739E12":234,"1.211038436E12":206,"1.21108082E12":352,"1.211045869E12":262,"1.21104671E12":273,"1.211034169E12":146,"1.211056765E12":311,"1.211054502E12":302,"1.211050403E12":289,"1.211040287E12":223,"1.211033016E12":132,"1.211034547E12":153,"1.211046102E12":264,"1.211018562E12":32,"1.211042E12":247,"1.211044067E12":252,"1.211115928E12":369,"1.211029738E12":89,"1.211021553E12":53,"1.211018484E12":26,"1.211036906E12":187,"1.211061836E12":326,"1.211025759E12":75,"1.211037323E12":189,"1.211030195E12":93,"1.211044942E12":256,"1.211029844E12":90,"1.211038548E12":207,"1.211018404E12":4,"1.211045077E12":258,"1.211046047E12":263,"1.211064608E12":328,"1.211039204E12":217,"1.211039103E12":216,"1.211036764E12":185,"1.211040232E12":222,"1.211032746E12":128,"1.211038291E12":203,"1.211044542E12":253,"1.211018441E12":19,"1.211038138E12":200,"1.211053809E12":300,"1.211045018E12":257,"1.211032079E12":121,"1.211035064E12":164,"1.211018419E12":14,"1.211018481E12":25,"1.211031003E12":109,"1.21105681E12":312,"1.211119069E12":370,"1.211031207E12":112,"1.211034095E12":145,"1.211035917E12":173,"1.211049789E12":286,"1.211024655E12":66,"1.211035904E12":172,"1.211020845E12":52,"1.211033445E12":136,"1.2110357E12":169,"1.211041391E12":240,"1.211035054E12":163,"1.211031038E12":111,"1.211343266E12":380,"1.211030265E12":94,"1.211023031E12":59,"1.211095609E12":362,"1.211046622E12":271,"1.211044569E12":254,"1.211018421E12":15,"1.21102996E12":92,"1.211527056E12":384,"1.211018622E12":36,"1.211031033E12":110,"1.211040008E12":221,"1.211054606E12":305,"1.211019154E12":45,"1.21103773E12":196,"1.211034502E12":151,"1.211043846E12":249,"1.211229833E12":379,"1.211038651E12":208,"1.211038919E12":210,"1.211029515E12":81,"1.21105139E12":295,"1.211024865E12":69,"1.211019092E12":43,"1.211095385E12":361,"1.211056854E12":313,"1.211039087E12":215,"1.21104963E12":284,"1.2110219E12":55,"1.211051446E12":296,"1.211041555E12":241,"1.211018439E12":17,"1.211022003E12":56,"1.211075194E12":344,"1.211074964E12":342,"1.21107584E12":347,"1.21103815E12":201,"1.211025637E12":72,"1.211034204E12":147,"1.211030337E12":97,"1.211039261E12":219,"1.211022614E12":57,"1.211019005E12":39,"1.211020555E12":51,"1.211075546E12":345,"1.211044045E12":251,"1.21104979E12":287,"1.211041208E12":237,"1.211040586E12":231,"1.211018469E12":21,"1.21109347E12":359,"1.21102808E12":78,"1.211041251E12":238,"1.211024833E12":67,"1.211061784E12":325,"1.211034088E12":144,"1.211032813E12":130,"1.211040977E12":236,"1.211099677E12":363,"1.211034752E12":156,"1.211039754E12":220,"1.211018602E12":34,"1.21104036E12":225,"1.211023151E12":60,"1.211145086E12":378,"1.211076431E12":348,"1.211056549E12":310,"1.211048268E12":281,"1.211034978E12":161,"1.211036116E12":174,"1.21104583E12":261,"1.211065761E12":333,"1.211030612E12":102,"1.21111568E12":367,"1.211039044E12":214,"1.211023982E12":64,"1.211037577E12":194,"1.211041897E12":244,"1.211019196E12":46,"1.211035244E12":166,"1.211046108E12":265,"1.211024994E12":70,"1.21101851E12":28,"1.211034478E12":150,"1.211050529E12":291,"1.211032316E12":122,"1.211032433E12":124,"1.211067778E12":341,"1.211045674E12":260,"1.211036185E12":176,"1.211057972E12":315,"1.211019573E12":47,"1.21103826E12":202,"1.211123311E12":371,"1.211054881E12":307,"1.211049634E12":285,"1.211033336E12":134,"1.211124993E12":372,"1.211350997E12":381,"1.211033154E12":133,"1.211033998E12":141,"1.211029672E12":87,"1.211054594E12":304,"1.211040324E12":224,"1.211027915E12":77,"1.211037507E12":191,"1.211034239E12":149,"1.211041882E12":243,"1.211020492E12":50,"1.211037868E12":197,"1.211044721E12":255,"1.211125238E12":373,"1.211036182E12":175,"1.21104613E12":266,"1.211018552E12":31,"1.211059964E12":321,"1.211029523E12":82,"1.211030677E12":106,"1.211039205E12":218,"1.211032963E12":131,"1.211037212E12":188,"1.211031401E12":116,"1.211046595E12":270,"1.21104059E12":232,"1.211029675E12":88,"1.211058921E12":317,"1.211038357E12":205,"1.211031812E12":118,"1.211052327E12":299,"1.211067084E12":339,"1.211046686E12":272,"1.211030376E12":99,"1.21103619E12":177,"1.21102505E12":71,"1.211033593E12":138,"1.211018581E12":33,"1.211050546E12":292,"1.211053913E12":301,"1.211050444E12":290,"1.211035863E12":171,"1.211036374E12":180,"1.21104623E12":268,"1.211030401E12":101,"1.211035095E12":165,"1.211080713E12":351,"1.211031912E12":120,"1.21103904E12":213,"1.211034962E12":159,"1.211040466E12":227,"1.211034823E12":158,"1.211030297E12":96,"1.211024855E12":68,"1.21101841E12":13,"1.211019057E12":41,"1.21103472E12":154,"1.211037519E12":193,"1.211030664E12":104,"1.211021873E12":54,"1.211046734E12":274,"1.211039001E12":211,"1.211032735E12":127,"1.211041954E12":246,"1.211054641E12":306,"1.211051506E12":297,"1.211114689E12":366,"1.211115801E12":368,"1.211032385E12":123,"1.211018407E12":11,"1.211020173E12":48,"1.211374579E12":382,"1.211047652E12":279,"1.211018617E12":35,"1.211135886E12":376,"1.211024592E12":65,"1.211018534E12":30,"1.211060134E12":322,"1.211065584E12":331,"1.211139367E12":377,"1.211023485E12":61,"1.211034219E12":148},"NUMBER_OF_PEOPLE":400,"minTimeSeen":1.211018404E12,"maxTimeSeen":1.211558405E12,"NEIGHBORHOOD_RADIUS":20.0,"ENCOUNTER_CHANCE":0.05,"priority":1.0,"duration":540001.0,"minutesDuration":9000.016666666666,