{"propagationData":{"1.211173782E12":369,"1.211102633E12":283,"1.211093191E12":211,"1.211084218E12":33,"1.211091618E12":187,"1.211080593E12":10,"1.211102227E12":280,"1.211099953E12":261,"1.211086649E12":102,"1.21108266E12":22,"1.211090211E12":168,"1.211124363E12":320,"1.211082527E12":20,"1.211086185E12":87,"1.211084771E12":54,"1.211085993E12":85,"1.211087734E12":127,"1.211087588E12":122,"1.211094965E12":229,"1.211086131E12":86,"1.211085527E12":71,"1.211122931E12":317,"1.211120546E12":315,"1.211099701E12":259,"1.211087128E12":111,"1.211133332E12":334,"1.211086219E12":89,"1.211081462E12":15,"1.211091582E12":186,"1.211140542E12":348,"1.211090844E12":178,"1.21109909E12":256,"1.211087576E12":121,"1.211093395E12":214,"1.211082566E12":21,"1.211084491E12":44,"1.211085541E12":72,"1.211101237E12":272,"1.211236344E12":381,"1.211136597E12":342,"1.211085328E12":67,"1.211090358E12":174,"1.211092678E12":202,"1.21113221E12":332,"1.211084697E12":52,"1.211084851E12":55,"1.211102448E12":281,"1.211088002E12":134,"1.211101894E12":276,"1.211101993E12":277,"1.211093339E12":213,"1.211089014E12":153,"1.211097789E12":250,"1.211089658E12":160,"1.211165198E12":365,"1.211086472E12":99,"1.211093957E12":222,"1.211086964E12":110,"1.211088645E12":146,"1.211119889E12":314,"1.211088849E12":149,"1.211088296E12":139,"1.211092979E12":207,"1.211100361E12":262,"1.21115438E12":360,"1.211110073E12":298,"1.211096366E12":241,"1.211094619E12":225,"1.2110938E12":219,"1.211175213E12":371,"1.211133387E12":335,"1.211133258E12":333,"1.211090251E12":170,"1.211090009E12":167,"1.211084863E12":56,"1.211090801E12":177,"1.211100794E12":268,"1.211094551E12":224,"1.211119402E12":313,"1.211018931E12":2,"1.211128172E12":325,"1.211103818E12":286,"1.211081653E12":17,"1.211086422E12":96,"1.211082902E12":24,"1.211145056E12":351,"1.211087193E12":114,"1.211111838E12":300,"1.21108137E12":14,"1.21109393E12":221,"1.211081641E12":16,"1.21128014E12":384,"1.211097308E12":245,"1.211113766E12":303,"1.211099325E12":258,"1.21108842E12":143,"1.21108488E12":58,"1.211179947E12":374,"1.211139176E12":346,"1.211086374E12":94,"1.211091299E12":183,"1.211085421E12":68,"1.211098017E12":252,"1.211086437E12":97,"1.211103586E12":285,"1.211091721E12":189,"1.211171037E12":368,"1.21109473E12":226,"1.211087711E12":125,"1.21112768E12":324,"1.211115521E12":305,"1.211084731E12":53,"1.211126043E12":323,"1.211088937E12":151,"1.211087574E12":120,"1.21115124E12":357,"1.21110073E12":267,"1.211112127E12":302,"1.211085903E12":83,"1.211085E12":59,"1.211095099E12":232,"1.211104234E12":290,"1.211161613E12":363,"1.211104226E12":289,"1.21129957E12":386,"1.211085745E12":76,"1.211084022E12":30,"1.211092983E12":208,"1.211086218E12":88,"1.21108436E12":42,"1.211085961E12":84,"1.211085259E12":64,"1.211086749E12":106,"1.211211956E12":379,"1.211086324E12":93,"1.211103898E12":287,"1.211095338E12":234,"1.211079728E12":7,"1.211086242E12":91,"1.211088353E12":141,"1.211089551E12":158,"1.211097615E12":247,"1.211119318E12":312,"1.211108641E12":296,"1.211085817E12":78,"1.211140494E12":347,"1.211130173E12":329,"1.211091799E12":191,"1.211091645E12":188,"1.211108462E12":295,"1.211093119E12":210,"1.211087433E12":119,"1.211097662E12":248,"1.21108564E12":75,"1.21108081E12":12,"1.21108731E12":116,"1.211134458E12":338,"1.211086409E12":95,"1.211123998E12":319,"1.211099809E12":260,"1.211083729E12":28,"1.211087337E12":117,"1.211094958E12":228,"1.211125414E12":322,"1.211091469E12":185,"1.211095134E12":233,"1.211114451E12":304,"1.211087668E12":124,"1.211018404E12":1,"1.211088181E12":137,"1.211111655E12":299,"1.21111795E12":308,"1.211084326E12":41,"1.211094921E12":227,"1.211084298E12":39,"1.211086889E12":109,"1.21114661E12":354,"1.211158822E12":361,"1.211143118E12":350,"1.211131054E12":330,"1.211097234E12":244,"1.211085764E12":77,"1.211087219E12":115,"1.21108458E12":47,"1.211090482E12":175,"1.211101867E12":275,"1.211088468E12":144,"1.211084261E12":35,"1.211096048E12":238,"1.211084873E12":57,"1.211090281E12":172,"1.211137913E12":345,"1.211102566E12":282,"1.211092833E12":205,"1.21108278E12":23,"1.211152518E12":359,"1.211096511E12":242,"1.21109354E12":217,"1.211085834E12":79,"1.211089626E12":159,"1.211146434E12":353,"1.211088134E12":135,"1.211338844E12":387,"1.211093335E12":212,"1.211086556E12":101,"1.211088407E12":142,"1.211087782E12":129,"1.211128507E12":326,"1.211087606E12":123,"1.211100649E12":266,"1.211088915E12":150,"1.211091747E12":190,"1.21109753E12":246,"1.21109508E12":231,"1.211087156E12":113,"1.211077488E12":5,"1.211101841E12":274,"1.211091232E12":180,"1.211187881E12":375,"1.211133804E12":337,"1.21109144E12":184,"1.211102174E12":279,"1.21112887E12":328,"1.211099203E12":257,"1.211085589E12":73,"1.211084436E12":43,"1.211094976E12":230,"1.211092199E12":199,"1.211108732E12":297,"1.211145192E12":352,"1.211084285E12":37,"1.211087781E12":128,"1.211090265E12":171,"1.211080211E12":9,"1.211090751E12":176,"1.211196629E12":377,"1.211091233E12":181,"1.211085888E12":82,"1.211161963E12":364,"1.211147317E12":355,"1.211088474E12":145,"1.21108588E12":81,"1.211084513E12":46,"1.211086438E12":98,"1.211085322E12":66,"1.211195915E12":376,"1.211093572E12":218,"1.211086245E12":92,"1.211111989E12":301,"1.211100452E12":265,"1.211082113E12":18,"1.211124823E12":321,"1.211095926E12":237,"1.211094259E12":223,"1.211085635E12":74,"1.211102073E12":278,"1.211086733E12":105,"1.211087134E12":112,"1.21109283E12":204,"1.211087728E12":126,"1.21113774E12":344,"1.211260594E12":383,"1.211079696E12":6,"1.211093459E12":215,"1.211072699E12":4,"1.211090301E12":173,"1.211091971E12":194,"1.211084236E12":34,"1.211083406E12":26,"1.21110462E12":291,"1.211159208E12":362,"1.21113683E12":343,"1.211084606E12":50,"1.211089009E12":152,"1.211128817E12":327,"1.211091893E12":192,"1.211080858E12":13,"1.211085152E12":63,"1.211084325E12":40,"1.211085524E12":70,"1.211084504E12":45,"1.211142418E12":349,"1.211118946E12":310,"1.211086509E12":100,"1.211087917E12":132,"1.211120813E12":316,"1.211084265E12":36,"1.21113649E12":341,"1.211096083E12":239,"1.211083429E12":27,"1.211085015E12":60,"1.211099029E12":255,"1.211093532E12":216,"1.211086873E12":108,"1.211088218E12":138,"1.211085289E12":65,"1.211201285E12":378,"1.211100934E12":269,"1.211092125E12":197,"1.211089682E12":162,"1.21117548E12":373,"1.211080079E12":8,"1.211084031E12":32,"1.2111692E12":367,"1.211116882E12":307,"1.211092822E12":203,"1.211095396E12":236,"1.211085042E12":61,"1.211097785E12":249,"1.211086674E12":103,"1.21109609E12":240,"1.211085082E12":62,"1.21108076E12":11,"1.211087958E12":133,"1.211089497E12":157,"1.211147439E12":356,"1.211089016E12":154,"1.211096633E12":243,"1.211089395E12":156,"1.21108818E12":136,"1.211089668E12":161,"1.211174101E12":370,"1.211133731E12":336,"1.211151382E12":358,"1.21108971E12":163,"1.2111029E12":284,"1.211118149E12":309,"1.211168007E12":366,"1.211252864E12":382,"1.211092032E12":195,"1.211098588E12":254,"1.21110121E12":271,"1.211289327E12":385,"1.21108974E12":164,"1.211089893E12":165,"1.211175376E12":372,"1.211101525E12":273,"1.211091296E12":182,"1.21109245E12":200,"1.211085842E12":80,"1.211088727E12":148,"1.211086706E12":104,"1.211123458E12":318,"1.211084602E12":49,"1.211084596E12":48,"1.211087868E12":131,"1.211116438E12":306,"1.211092878E12":206,"1.211089098E12":155,"1.211089908E12":166,"1.211083258E12":25,"1.21110632E12":294,"1.211092181E12":198,"1.211106126E12":293,"1.211095361E12":235,"1.211092992E12":209,"1.21109195E12":193,"1.211136452E12":340,"1.211104149E12":288,"1.211084287E12":38,"1.211085514E12":69,"1.211088667E12":147,"1.211100449E12":264,"1.211098102E12":253,"1.211119102E12":311,"1.211101172E12":270,"1.211135451E12":339,"1.211092475E12":201,"1.211104788E12":292,"1.211087421E12":118,"1.211092072E12":196,"1.211131374E12":331,"1.211087839E12":130,"1.211082182E12":19,"1.211084023E12":31,"1.211091086E12":179,"1.21108623E12":90,"1.211024345E12":3,"1.211083781E12":29,"1.211223726E12":380,"1.211097904E12":251,"1.211088341E12":140,"1.211084636E12":51,"1.211090233E12":169,"1.211375708E12":388},"NUMBER_OF_PEOPLE":400,"minTimeSeen":1.211018404E12,