{"propagationData":{"1.211173105E12":6,"1.211087619E12":3,"1.211084818E12":2,"1.211173485E12":11,"1.211513199E12":12,"1.21151333E12":14,"1.211018404E12":1,"1.211094376E12":5,"1.211173385E12":9,"1.211513462E12":16,"1.211513361E12":15,"1.211173141E12":7,"1.21117341E12":10,"1.211513295E12":13,"1.211173241E12":8,"1.21109437E12":4},"NUMBER_OF_PEOPLE":400,"minTimeSeen":1.211018404E12,"maxTimeSeen":1.211558405E12,"NEIGHBORHOOD_RADIUS":20.0,"ENCOUNTER_CHANCE":0.05,"priority":1.0,"duration":540001.0,"minutesDuration":9000.016666666666,"hoursDuration":150.00027777777777,"daysDuration":6.250011574074073}
