{"propagationData":{"1.21133733E12":389,"1.21103036E12":160,"1.211065515E12":330,"1.211251994E12":388,"1.211038031E12":259,"1.211035666E12":227,"1.211035703E12":228,"1.211035891E12":236,"1.211125349E12":382,"1.211050367E12":317,"1.211087715E12":371,"1.211034424E12":210,"1.21102752E12":124,"1.211040876E12":285,"1.211028054E12":128,"1.211024862E12":88,"1.211038451E12":267,"1.211018462E12":22,"1.211030342E12":159,"1.21105063E12":318,"1.211037375E12":248,"1.211040781E12":283,"1.211026662E12":116,"1.211031284E12":176,"1.211068718E12":333,"1.211030219E12":155,"1.211021827E12":57,"1.211030857E12":170,"1.211040427E12":279,"1.211048413E12":308,"1.211039532E12":277,"1.211026121E12":109,"1.211030456E12":167,"1.211022903E12":68,"1.211026495E12":114,"1.211030403E12":163,"1.211032625E12":191,"1.211036661E12":244,"1.211036556E12":242,"1.211018461E12":21,"1.211031397E12":180,"1.211018409E12":7,"1.211025471E12":97,"1.211022531E12":59,"1.211094022E12":377,"1.211041669E12":287,"1.211029994E12":147,"1.211025802E12":102,"1.211065137E12":325,"1.211038539E12":268,"1.211044128E12":295,"1.211039382E12":275,"1.21108031E12":358,"1.211032614E12":190,"1.211039005E12":273,"1.211044955E12":298,"1.211019377E12":42,"1.211026487E12":113,"1.211018423E12":9,"1.211026144E12":112,"1.211034114E12":204,"1.211071514E12":340,"1.211084242E12":363,"1.211038758E12":272,"1.211022658E12":63,"1.21102819E12":130,"1.21103282E12":197,"1.211022946E12":69,"1.211065372E12":329,"1.211030411E12":165,"1.211065202E12":326,"1.211025593E12":99,"1.211081833E12":361,"1.211030384E12":161,"1.211076352E12":352,"1.211031117E12":172,"1.211032035E12":184,"1.211030205E12":152,"1.211030907E12":171,"1.21105024E12":316,"1.211032725E12":193,"1.211035805E12":231,"1.211018488E12":24,"1.21101844E12":14,"1.2110214E12":54,"1.211018869E12":31,"1.211018474E12":23,"1.2110404E12":278,"1.211018713E12":25,"1.211034352E12":209,"1.211022891E12":67,"1.211021813E12":56,"1.211166203E12":386,"1.211023074E12":71,"1.211022739E12":64,"1.211018889E12":33,"1.211029112E12":139,"1.211049762E12":312,"1.211048701E12":309,"1.211034061E12":203,"1.21110668E12":381,"1.211046981E12":300,"1.211057542E12":323,"1.211022844E12":66,"1.211044979E12":299,"1.211027496E12":121,"1.211023865E12":80,"1.211073579E12":349,"1.211018435E12":12,"1.211030405E12":164,"1.211027623E12":125,"1.211094816E12":379,"1.211035776E12":229,"1.211034926E12":215,"1.211069982E12":337,"1.211018406E12":6,"1.211026841E12":117,"1.211035897E12":237,"1.211038106E12":261,"1.2110345E12":212,"1.211022743E12":65,"1.211037828E12":255,"1.211028238E12":131,"1.211027515E12":122,"1.211037565E12":250,"1.211032061E12":185,"1.211032885E12":198,"1.211023241E12":75,"1.211022527E12":58,"1.211072273E12":343,"1.211072376E12":344,"1.211018874E12":32,"1.21102613E12":110,"1.21102468E12":86,"1.211021252E12":53,"1.21108436E12":365,"1.211037632E12":252,"1.2110237E12":77,"1.211069639E12":336,"1.211047684E12":306,"1.211035152E12":218,"1.211019625E12":46,"1.21102664E12":115,"1.211030039E12":148,"1.211031276E12":175,"1.211031303E12":177,"1.211084316E12":364,"1.211018453E12":20,"1.211042328E12":288,"1.211035821E12":232,"1.211030225E12":156,"1.211029738E12":143,"1.211031737E12":183,"1.211019149E12":34,"1.211072418E12":345,"1.211068245E12":332,"1.211024671E12":85,"1.211049118E12":311,"1.211018404E12":2,"1.211024071E12":81,"1.211019291E12":40,"1.211072682E12":347,"1.211144644E12":385,"1.211038646E12":270,"1.211036179E12":239,"1.211034488E12":211,"1.211031319E12":178,"1.211037759E12":254,"1.211029752E12":144,"1.211036168E12":238,"1.211028576E12":136,"1.211018754E12":27,"1.211039398E12":276,"1.211023827E12":78,"1.211139885E12":383,"1.21103667E12":245,"1.211035858E12":233,"1.21102818E12":129,"1.211030246E12":157,"1.211049888E12":314,"1.2110692E12":335,"1.211036365E12":241,"1.211034347E12":208,"1.211023225E12":74,"1.211029735E12":142,"1.211038261E12":263,"1.211040532E12":281,"1.211023155E12":72,"1.211048794E12":310,"1.211070027E12":338,"1.211089005E12":374,"1.211025058E12":92,"1.211030812E12":168,"1.211085453E12":368,"1.211034791E12":214,"1.211022539E12":60,"1.211030813E12":169,"1.211025836E12":103,"1.211018719E12":26,"1.2110304E12":162,"1.211084675E12":367,"1.211024203E12":83,"1.211026896E12":119,"1.211065292E12":328,"1.211025235E12":95,"1.211029257E12":140,"1.211074056E12":351,"1.211022955E12":70,"1.211047657E12":305,"1.211072102E12":342,"1.211019206E12":39,"1.21102614E12":111,"1.211079428E12":356,"1.211041578E12":286,"1.211032767E12":195,"1.21103412E12":205,"1.211019515E12":44,"1.2110324E12":189,"1.211025742E12":100,"1.211093849E12":376,"1.211043169E12":292,"1.211042395E12":289,"1.211018816E12":29,"1.21102883E12":137,"1.211018446E12":17,"1.211085998E12":370,"1.211020814E12":51,"1.211028519E12":134,"1.211030427E12":166,"1.211025523E12":98,"1.211026852E12":118,"1.211030335E12":158,"1.211019982E12":48,"1.211035024E12":217,"1.211032062E12":186,"1.211031243E12":173,"1.211025173E12":93,"1.211035468E12":224,"1.211034774E12":213,"1.211038088E12":260,"1.211043664E12":293,"1.211142957E12":384,"1.211026052E12":105,"1.211044634E12":296,"1.21102482E12":87,"1.211019521E12":45,"1.211035877E12":234,"1.211051413E12":322,"1.21103578E12":230,"1.211031428E12":181,"1.211024362E12":84,"1.211019293E12":41,"1.211035595E12":226,"1.211030217E12":153,"1.211019191E12":36,"1.211025745E12":101,"1.211022614E12":61,"1.211032721E12":192,"1.211040844E12":284,"1.211018765E12":28,"1.2110302E12":151,"1.211078224E12":355,"1.211030197E12":150,"1.211081053E12":360,"1.211034011E12":200,"1.211019438E12":43,"1.211025195E12":94,"1.21105109E12":321,"1.211038345E12":264,"1.211035348E12":222,"1.21103554E12":225,"1.211079962E12":357,"1.211035878E12":235,"1.211028528E12":135,"1.211094705E12":378,"1.211037931E12":256,"1.211032307E12":187,"1.211034159E12":206,"1.211065251E12":327,"1.211028835E12":138,"1.211038589E12":269,"1.211037577E12":251,"1.211018432E12":11,"1.211018437E12":13,"1.211019196E12":38,"1.211080346E12":359,"1.21105095E12":319,"1.211077822E12":353,"1.211038018E12":258,"1.21103406E12":202,"1.211034206E12":207,"1.21104069E12":282,"1.211021121E12":52,"1.211070114E12":339,"1.211024991E12":89,"1.211042397E12":290,"1.211028413E12":133,"1.211040512E12":280,"1.211035234E12":219,"1.211026075E12":106,"1.211018442E12":15,"1.211019956E12":47,"1.211025323E12":96,"1.211084574E12":366,"1.211065568E12":331,"1.211023844E12":79,"1.211037349E12":246,"1.211029901E12":146,"1.211035255E12":220,"1.211031273E12":174,"1.211068856E12":334,"1.211044933E12":297,"1.211037947E12":257,"1.211022629E12":62,"1.211025025E12":91,"1.211088851E12":373,"1.211018443E12":16,"1.211085709E12":369,"1.211051066E12":320,"1.211028052E12":127,"1.211047304E12":301,"1.211020187E12":49,"1.211093613E12":375,"1.2110717E12":341,"1.211024202E12":82,"1.211032771E12":196,"1.211035318E12":221,"1.211018817E12":30,"1.211037558E12":249,"1.211027519E12":123,"1.211023166E12":73,"1.211077875E12":354,"1.211043759E12":294,"1.211042568E12":291,"1.211039276E12":274,"1.211072721E12":348,"1.211038402E12":266,"1.211020232E12":50,"1.211029511E12":141,"1.211057694E12":324,"1.211050138E12":315,"1.211038144E12":262,"1.211021769E12":55,"1.211028312E12":132,"1.21103405E12":201,"1.211049831E12":313,"1.211026104E12":107,"1.211087788E12":372,"1.211072546E12":346,"1.211048352E12":307,"1.211034962E12":216,"1.21104759E12":304,"1.211038358E12":265,"1.211099599E12":380,"1.211032309E12":188,"1.211038666E12":271,"1.21101841E12":8,"1.211026117E12":108,"1.211082071E12":362,"1.211035429E12":223,"1.211074044E12":350,"1.211037667E12":253,"1.211032735E12":194,"1.211036196E12":240,"1.211031669E12":182,"1.211036586E12":243,"1.211031384E12":179,"1.211179575E12":387,"1.211037364E12":247,"1.211025983E12":104,"1.211047534E12":303,"1.211030052E12":149,"1.211029875E12":145,"1.21101917E12":35,"1.211033907E12":199,"1.211047496E12":302,"1.211023667E12":76,"1.211027715E12":126,"1.211027351E12":120},"NUMBER_OF_PEOPLE":400,"minTimeSeen":1.211018404E12,"maxTimeSeen":1.211558405E12,"NEIGHBORHOOD_RADIUS":20.0,"ENCOUNTER_CHANCE":0.05,"priority":1.0,