{"propagationData":{"1.211022432E12":40,"1.211048683E12":300,"1.211038167E12":251,"1.211035581E12":229,"1.211043244E12":275,"1.211035456E12":225,"1.211035567E12":228,"1.211023139E12":44,"1.2110884E12":371,"1.211039275E12":253,"1.211032123E12":185,"1.211029717E12":141,"1.211040879E12":263,"1.211018728E12":3,"1.211030255E12":151,"1.211023493E12":66,"1.211025842E12":107,"1.211088129E12":370,"1.21105035E12":305,"1.211025318E12":95,"1.211033025E12":201,"1.211045337E12":285,"1.211023422E12":59,"1.211031787E12":175,"1.211022494E12":43,"1.211034272E12":213,"1.211026127E12":112,"1.211061153E12":327,"1.211023407E12":54,"1.21103238E12":189,"1.211020571E12":25,"1.21105453E12":313,"1.211024136E12":73,"1.211029439E12":131,"1.211052954E12":308,"1.21107506E12":351,"1.211032625E12":195,"1.211029612E12":139,"1.211029357E12":128,"1.211020313E12":21,"1.211030409E12":158,"1.211023233E12":49,"1.211021759E12":33,"1.211025353E12":98,"1.211061947E12":332,"1.21102341E12":56,"1.21102543E12":102,"1.2110234E12":52,"1.211032404E12":190,"1.211175479E12":382,"1.211023409E12":55,"1.21104143E12":269,"1.211024414E12":77,"1.21105757E12":322,"1.211019691E12":14,"1.211029575E12":136,"1.211020461E12":23,"1.211019403E12":12,"1.211033523E12":205,"1.21107429E12":349,"1.211026442E12":114,"1.21103179E12":176,"1.211104329E12":380,"1.211030586E12":160,"1.211088015E12":369,"1.211070858E12":343,"1.211040692E12":259,"1.211033074E12":202,"1.211024869E12":87,"1.211043667E12":277,"1.211083283E12":364,"1.211063737E12":333,"1.211030329E12":156,"1.211064219E12":335,"1.211061248E12":328,"1.211035974E12":236,"1.211040706E12":260,"1.211024732E12":83,"1.211019615E12":13,"1.211029726E12":143,"1.211100883E12":378,"1.211024243E12":76,"1.211027108E12":121,"1.211031179E12":166,"1.211022123E12":37,"1.21102992E12":148,"1.211070932E12":344,"1.211035805E12":232,"1.211031998E12":181,"1.211074248E12":348,"1.211037766E12":244,"1.211034568E12":214,"1.211023454E12":63,"1.211035631E12":230,"1.211023507E12":67,"1.211041169E12":267,"1.211078585E12":353,"1.211025398E12":100,"1.211023221E12":47,"1.211057294E12":320,"1.211035254E12":222,"1.211047843E12":298,"1.211029939E12":149,"1.211102204E12":379,"1.211031563E12":170,"1.211029402E12":129,"1.211032558E12":194,"1.211030656E12":163,"1.21102383E12":71,"1.211030272E12":154,"1.211250867E12":386,"1.211035268E12":223,"1.211057622E12":324,"1.211059084E12":325,"1.211032794E12":198,"1.211054473E12":312,"1.211021976E12":35,"1.211080522E12":357,"1.211056904E12":317,"1.211046083E12":291,"1.211029859E12":146,"1.21103801E12":248,"1.211024644E12":80,"1.211035982E12":237,"1.211041486E12":271,"1.211026425E12":113,"1.211031811E12":177,"1.211033204E12":203,"1.211054329E12":309,"1.211023209E12":46,"1.211040545E12":257,"1.211031653E12":172,"1.211026885E12":118,"1.211030602E12":162,"1.21103469E12":217,"1.21103492E12":220,"1.211092071E12":373,"1.211069685E12":340,"1.211069148E12":338,"1.21106498E12":337,"1.211061755E12":331,"1.211025262E12":94,"1.211035872E12":234,"1.211039765E12":255,"1.211032555E12":193,"1.211030269E12":153,"1.211035927E12":235,"1.211034149E12":210,"1.211025392E12":99,"1.211047854E12":299,"1.211031971E12":179,"1.211056842E12":316,"1.211030692E12":165,"1.211023458E12":65,"1.211024854E12":86,"1.211026022E12":110,"1.211041352E12":268,"1.211046553E12":294,"1.211026912E12":119,"1.211022474E12":42,"1.211073295E12":346,"1.211083171E12":363,"1.211035699E12":231,"1.211080532E12":358,"1.211025193E12":92,"1.211019722E12":15,"1.211063778E12":334,"1.211080227E12":356,"1.211079678E12":355,"1.211023639E12":68,"1.211029844E12":144,"1.211074088E12":347,"1.211018404E12":1,"1.21103173E12":174,"1.211078098E12":352,"1.211044023E12":282,"1.211019291E12":8,"1.211029896E12":147,"1.211019286E12":7,"1.211031949E12":178,"1.211073168E12":345,"1.21103556E12":227,"1.211201656E12":383,"1.211041457E12":270,"1.211041001E12":266,"1.211020472E12":24,"1.211078954E12":354,"1.211023756E12":70,"1.211024183E12":74,"1.211074654E12":350,"1.211029589E12":137,"1.211019273E12":5,"1.211057517E12":321,"1.211040908E12":265,"1.211020849E12":27,"1.211097984E12":374,"1.211024655E12":81,"1.211099011E12":376,"1.211037661E12":242,"1.211038148E12":250,"1.21102406E12":72,"1.211039828E12":256,"1.211030417E12":159,"1.211064247E12":336,"1.211019819E12":17,"1.211029499E12":132,"1.211025334E12":97,"1.211019281E12":6,"1.21104386E12":279,"1.211034161E12":211,"1.211025121E12":90,"1.211100782E12":377,"1.21106129E12":329,"1.211026466E12":116,"1.211037882E12":245,"1.211023411E12":58,"1.211046209E12":292,"1.211030237E12":150,"1.211035865E12":233,"1.211032016E12":182,"1.211024501E12":78,"1.211030663E12":164,"1.211028813E12":123,"1.211030274E12":155,"1.211040772E12":261,"1.211044009E12":281,"1.211054342E12":310,"1.211029574E12":134,"1.211025992E12":109,"1.211023397E12":50,"1.211037929E12":246,"1.211254231E12":387,"1.211049915E12":302,"1.211057077E12":318,"1.211069691E12":341,"1.211025173E12":91,"1.211036259E12":238,"1.211090644E12":372,"1.211019936E12":18,"1.211018878E12":4,"1.211025897E12":108,"1.211045432E12":288,"1.211055733E12":314,"1.211033008E12":200,"1.211043807E12":278,"1.211023406E12":53,"1.211057284E12":319,"1.211023448E12":62,"1.211024561E12":79,"1.211085041E12":367,"1.211060591E12":326,"1.211029609E12":138,"1.211045805E12":290,"1.21103119E12":167,"1.211022467E12":41,"1.211025535E12":104,"1.211030601E12":161,"1.211026457E12":115,"1.2110312E12":168,"1.211061311E12":330,"1.211086847E12":368,"1.211045428E12":287,"1.211021693E12":31,"1.211032131E12":186,"1.21104661E12":295,"1.211029345E12":126,"1.211042149E12":274,"1.211021956E12":34,"1.211031614E12":171,"1.211024827E12":85,"1.211046826E12":296,"1.211045299E12":284,"1.211021433E12":29,"1.21103038E12":157,"1.211043978E12":280,"1.211022217E12":38,"1.211155043E12":381,"1.211069342E12":339,"1.211081286E12":360,"1.211034245E12":212,"1.211034714E12":218,"1.211024794E12":84,"1.21102488E12":88,"1.211029521E12":133,"1.211018513E12":2,"1.211023229E12":48,"1.211033572E12":206,"1.211032352E12":187,"1.211039696E12":254,"1.211043259E12":276,"1.211019292E12":9,"1.211030261E12":152,"1.211042098E12":273,"1.211050083E12":303,"1.211023705E12":69,"1.211020258E12":20,"1.211032633E12":196,"1.211021011E12":28,"1.211037664E12":243,"1.211023442E12":61,"1.211025762E12":106,"1.211026604E12":117,"1.211020363E12":22,"1.211029854E12":145,"1.21103632E12":239,"1.211033377E12":204,"1.211029722E12":142,"1.211025321E12":96,"1.211024218E12":75,"1.211021726E12":32,"1.211019727E12":16,"1.211049881E12":301,"1.211029685E12":140,"1.211260603E12":388,"1.211038066E12":249,"1.211031544E12":169,"1.211028649E12":122,"1.211032356E12":188,"1.211052928E12":307,"1.211022218E12":39,"1.211023149E12":45,"1.211025194E12":93,"1.211080945E12":359,"1.211038237E12":252,"1.211208593E12":385,"1.211025407E12":101,"1.211029406E12":130,"1.211035513E12":226,"1.211035213E12":221,"1.211045355E12":286,"1.211024894E12":89,"1.21103474E12":219,"1.211033574E12":208,"1.211040639E12":258,"1.21102549E12":103,"1.211054402E12":311,"1.21103534E12":224,"1.211045757E12":289,"1.211032984E12":199,"1.21109819E12":375,"1.211032641E12":197,"1.211057574E12":323,"1.21102574E12":105,"1.211027049E12":120,"1.211032097E12":184,"1.211034569E12":216,"1.21102935E12":127,"1.211019383E12":11,"1.211021505E12":30,"1.211037028E12":241,"1.211037933E12":247,"1.211031723E12":173,"1.211082187E12":361,"1.211036366E12":240,"1.211032483E12":192,"1.211040785E12":262,"1.211046552E12":293,"1.211084287E12":365,"1.211050679E12":306,"1.211083137E12":362,"1.211024699E12":82,"1.211032406E12":191,"1.211050348E12":304,"1.2110706E12":342,"1.211023456E12":64,"1.211084968E12":366,"1.211020634E12":26,"1.211023441E12":60,"1.211022118E12":36,"1.211020252E12":19,"1.211034137E12":209,"1.211032048E12":183,"1.211028818E12":124,"1.211047833E12":297,"1.211204847E12":384,"1.211026114E12":111,"1.211056776E12":315,"1.211019325E12":10,"1.21103198E12":180,"1.211044236E12":283},"NUMBER_OF_PEOPLE":400,"minTimeSeen":1.211018404E12,"maxTimeSeen":1.211558405E12,"NEIGHBORHOOD_RADIUS":20.0,"ENCOUNTER_CHANCE":0.05,