{"propagationData":{"1.211083948E12":69,"1.211125455E12":217,"1.21107907E12":47,"1.211136611E12":235,"1.21107399E12":31,"1.211123945E12":210,"1.211092463E12":118,"1.211097893E12":149,"1.211146421E12":244,"1.211136685E12":238,"1.211082653E12":58,"1.211093215E12":129,"1.21111583E12":197,"1.211090336E12":114,"1.211087916E12":98,"1.211092548E12":121,"1.211085014E12":82,"1.211082917E12":60,"1.211092669E12":125,"1.211194846E12":247,"1.211088945E12":108,"1.211146283E12":240,"1.211111878E12":179,"1.211088255E12":104,"1.21109324E12":130,"1.21108876E12":105,"1.211195447E12":248,"1.211084346E12":74,"1.211101965E12":166,"1.211078498E12":44,"1.211094984E12":140,"1.211092584E12":122,"1.211114263E12":188,"1.211081931E12":57,"1.211087842E12":93,"1.211146371E12":243,"1.211081703E12":53,"1.211115771E12":194,"1.211101713E12":163,"1.211114332E12":189,"1.211065171E12":12,"1.211094845E12":133,"1.211094905E12":137,"1.211079546E12":49,"1.211083933E12":68,"1.211198971E12":251,"1.211084874E12":79,"1.211087999E12":100,"1.211093178E12":127,"1.211064219E12":6,"1.211186801E12":245,"1.211081653E12":52,"1.211087901E12":96,"1.211112576E12":184,"1.211100009E12":156,"1.211105267E12":175,"1.211088769E12":106,"1.211123818E12":209,"1.211099428E12":153,"1.211132232E12":226,"1.211083732E12":65,"1.211095888E12":147,"1.211099354E12":152,"1.21119475E12":246,"1.211132574E12":227,"1.211083997E12":71,"1.211199979E12":255,"1.211199966E12":254,"1.211125395E12":212,"1.211101961E12":165,"1.211086176E12":87,"1.211077441E12":39,"1.211080438E12":50,"1.211088247E12":103,"1.211125412E12":214,"1.211102819E12":173,"1.211093157E12":126,"1.211199536E12":252,"1.211090803E12":116,"1.211099754E12":154,"1.211102393E12":169,"1.211095714E12":144,"1.211085491E12":85,"1.211085539E12":86,"1.211092489E12":119,"1.21110119E12":159,"1.211091165E12":117,"1.211087294E12":90,"1.211071561E12":23,"1.2111254E12":213,"1.211099337E12":151,"1.211146288E12":241,"1.211126214E12":220,"1.211132588E12":229,"1.211065793E12":15,"1.211123806E12":208,"1.211074537E12":36,"1.211115703E12":193,"1.211018404E12":1,"1.211078449E12":43,"1.21107397E12":29,"1.211117311E12":202,"1.211074081E12":32,"1.211094842E12":132,"1.211101199E12":160,"1.211120196E12":206,"1.211129255E12":224,"1.211078446E12":42,"1.211126482E12":221,"1.211136637E12":237,"1.211119589E12":205,"1.211119549E12":204,"1.21108896E12":110,"1.211097779E12":148,"1.211084261E12":73,"1.211100008E12":155,"1.211132757E12":231,"1.21107092E12":17,"1.211065411E12":14,"1.211117304E12":201,"1.211085291E12":84,"1.211064888E12":8,"1.211102077E12":167,"1.211134798E12":232,"1.211087974E12":99,"1.211101742E12":164,"1.211126213E12":219,"1.211089002E12":113,"1.211196066E12":249,"1.211083612E12":64,"1.211057698E12":5,"1.211077387E12":38,"1.211070981E12":18,"1.211094862E12":136,"1.211064818E12":7,"1.211136636E12":236,"1.211087885E12":94,"1.211101663E12":161,"1.211124095E12":211,"1.211071673E12":27,"1.211132679E12":230,"1.211087781E12":91,"1.211057338E12":4,"1.211077371E12":37,"1.211086225E12":88,"1.211071642E12":25,"1.211092521E12":120,"1.211074325E12":34,"1.21109573E12":145,"1.211071509E12":21,"1.211078638E12":45,"1.211093278E12":131,"1.21109493E12":138,"1.211083772E12":67,"1.211081926E12":56,"1.211112312E12":181,"1.21110167E12":162,"1.211113832E12":187,"1.21108493E12":80,"1.211071395E12":20,"1.211070819E12":16,"1.211117287E12":199,"1.211109743E12":176,"1.211115293E12":191,"1.211082881E12":59,"1.211092645E12":124,"1.211086226E12":89,"1.211085027E12":83,"1.211071193E12":19,"1.211113536E12":186,"1.211136538E12":233,"1.211074146E12":33,"1.211090362E12":115,"1.211136593E12":234,"1.211071652E12":26,"1.211092598E12":123,"1.211084849E12":78,"1.211065081E12":11,"1.211088953E12":109,"1.211102804E12":172,"1.21108784E12":92,"1.211071587E12":24,"1.211088026E12":101,"1.211083416E12":63,"1.211088797E12":107,"1.211115856E12":198,"1.211020462E12":2,"1.211114626E12":190,"1.211087892E12":95,"1.211095269E12":143,"1.211080504E12":51,"1.21108182E12":54,"1.21113075E12":225,"1.211129233E12":223,"1.211117319E12":203,"1.211144873E12":239,"1.211125431E12":216,"1.21107156E12":22,"1.211083966E12":70,"1.21108495E12":81,"1.211084788E12":76,"1.211102272E12":168,"1.211109875E12":178,"1.211132578E12":228,"1.211082951E12":61,"1.211112436E12":183,"1.211084215E12":72,"1.211093202E12":128,"1.21112618E12":218,"1.211078284E12":40,"1.211094858E12":135,"1.211199794E12":253,"1.211115503E12":192,"1.211112395E12":182,"1.211196131E12":250,"1.211095001E12":142,"1.211125415E12":215,"1.211088977E12":111,"1.211065024E12":9,"1.211094997E12":141,"1.211055157E12":3,"1.211146366E12":242,"1.21110108E12":158,"1.211071726E12":28,"1.211109789E12":177,"1.211079304E12":48,"1.211098242E12":150,"1.211115818E12":196,"1.211084797E12":77,"1.21111729E12":200,"1.21108339E12":62,"1.211073985E12":30,"1.211089E12":112,"1.211112111E12":180,"1.21108435E12":75,"1.211128534E12":222,"1.211112702E12":185,"1.211100014E12":157,"1.211083765E12":66,"1.211081915E12":55,"1.211105246E12":174,"1.211094846E12":134,"1.211102427E12":170,"1.211078386E12":41,"1.211074526E12":35,"1.211102704E12":171,"1.211065071E12":10,"1.211094945E12":139,"1.211120198E12":207,"1.21111579E12":195,"1.211087904E12":97,"1.211065206E12":13,"1.211079068E12":46},"NUMBER_OF_PEOPLE":400,"minTimeSeen":1.211018404E12,"maxTimeSeen":1.211558405E12,"NEIGHBORHOOD_RADIUS":20.0,"ENCOUNTER_CHANCE":0.05,"priority":1.0,"duration":540001.0,"minutesDuration":9000.016666666666,"hoursDuration":150.00027777777777,"daysDuration":6.250011574074073}
