{"propagationData":{"1.211224847E12":367,"1.21102563E12":73,"1.211060343E12":311,"1.211045915E12":245,"1.211023579E12":58,"1.211045325E12":241,"1.211041534E12":216,"1.211045342E12":242,"1.211027778E12":87,"1.211034309E12":147,"1.211081694E12":347,"1.211030615E12":110,"1.211024663E12":66,"1.211018462E12":26,"1.211037928E12":184,"1.211083609E12":348,"1.211043803E12":231,"1.21103014E12":99,"1.21103818E12":186,"1.211034045E12":144,"1.211061691E12":315,"1.211030224E12":103,"1.211030632E12":111,"1.211022098E12":50,"1.211087408E12":353,"1.211041835E12":219,"1.211025907E12":75,"1.211025023E12":68,"1.211039467E12":199,"1.211018461E12":25,"1.211041438E12":213,"1.211034031E12":143,"1.211065394E12":330,"1.21104354E12":228,"1.211066348E12":333,"1.211041445E12":214,"1.211031695E12":123,"1.211038198E12":187,"1.211025435E12":70,"1.211063194E12":323,"1.211042279E12":223,"1.211038531E12":193,"1.211047162E12":256,"1.211038177E12":185,"1.211032326E12":132,"1.211038446E12":190,"1.211031748E12":125,"1.211034311E12":148,"1.21106188E12":316,"1.211023474E12":56,"1.211079546E12":341,"1.211068898E12":336,"1.211055123E12":296,"1.211060938E12":314,"1.211023014E12":53,"1.211024608E12":65,"1.211031353E12":119,"1.211038355E12":189,"1.211018412E12":21,"1.211028193E12":88,"1.211030385E12":107,"1.211034431E12":150,"1.211020278E12":43,"1.211064677E12":327,"1.211023498E12":57,"1.21106226E12":318,"1.211025422E12":69,"1.211023944E12":60,"1.211018766E12":31,"1.211030868E12":112,"1.211051839E12":279,"1.211056982E12":300,"1.211031621E12":122,"1.211055838E12":297,"1.211020383E12":45,"1.211052127E12":282,"1.211048247E12":266,"1.211018595E12":30,"1.211029315E12":92,"1.211043972E12":233,"1.211080212E12":343,"1.211030212E12":102,"1.211037113E12":177,"1.211037765E12":181,"1.211053294E12":286,"1.21103106E12":115,"1.211035754E12":158,"1.211028583E12":89,"1.211071128E12":338,"1.211023265E12":54,"1.211340331E12":371,"1.211018406E12":11,"1.211084033E12":351,"1.211050716E12":274,"1.211053339E12":287,"1.211028754E12":90,"1.211211804E12":361,"1.211059727E12":310,"1.211041486E12":215,"1.211030098E12":98,"1.211039505E12":201,"1.211018503E12":28,"1.21103451E12":152,"1.211040358E12":206,"1.211209655E12":358,"1.211047273E12":258,"1.211080535E12":345,"1.211020834E12":47,"1.211214272E12":364,"1.211065113E12":328,"1.211036224E12":168,"1.211211228E12":359,"1.21106586E12":332,"1.211045906E12":244,"1.211049727E12":272,"1.211039079E12":195,"1.211044084E12":236,"1.211045381E12":243,"1.211037926E12":183,"1.211041267E12":212,"1.21104411E12":238,"1.211211739E12":360,"1.211209199E12":356,"1.211043046E12":224,"1.211030225E12":104,"1.211027246E12":83,"1.211029738E12":95,"1.211037768E12":182,"1.211060565E12":313,"1.211027683E12":86,"1.211054585E12":292,"1.211025537E12":71,"1.211031406E12":120,"1.211034507E12":151,"1.211019032E12":35,"1.211018768E12":32,"1.211087443E12":354,"1.21108073E12":346,"1.211019983E12":40,"1.211339587E12":370,"1.211018404E12":6,"1.211030988E12":114,"1.211031349E12":118,"1.211046456E12":250,"1.211079858E12":342,"1.21103231E12":131,"1.211036179E12":165,"1.211083971E12":350,"1.211080448E12":344,"1.211024836E12":67,"1.211039568E12":202,"1.211029103E12":91,"1.211040367E12":207,"1.211054477E12":290,"1.211043931E12":232,"1.211040724E12":209,"1.211024127E12":61,"1.211032031E12":126,"1.211043597E12":229,"1.211046426E12":248,"1.211040503E12":208,"1.211029339E12":93,"1.211052972E12":285,"1.211040347E12":205,"1.211036121E12":162,"1.211037574E12":180,"1.211047589E12":260,"1.211041834E12":218,"1.211032118E12":127,"1.211020372E12":44,"1.211056959E12":299,"1.211022584E12":52,"1.211084552E12":352,"1.211042113E12":221,"1.211213971E12":363,"1.211047171E12":257,"1.211050194E12":273,"1.211209582E12":357,"1.21105462E12":294,"1.211035357E12":156,"1.211039594E12":203,"1.211026787E12":80,"1.211033392E12":138,"1.211035181E12":155,"1.211037105E12":176,"1.211037362E12":179,"1.211036129E12":163,"1.211061937E12":317,"1.211037088E12":175,"1.211212527E12":362,"1.211046625E12":251,"1.211018826E12":33,"1.211026868E12":81,"1.211034635E12":154,"1.211034266E12":146,"1.211043518E12":227,"1.211018483E12":27,"1.211030356E12":105,"1.211018411E12":20,"1.211018408E12":16,"1.211038456E12":191,"1.211030081E12":97,"1.211024451E12":64,"1.211049071E12":268,"1.21103141E12":121,"1.211042064E12":220,"1.211034579E12":153,"1.211019561E12":38,"1.211019052E12":36,"1.211054518E12":291,"1.211036181E12":166,"1.211036867E12":174,"1.211046817E12":253,"1.211047738E12":262,"1.211047153E12":255,"1.211020146E12":41,"1.211066549E12":335,"1.211056998E12":301,"1.211056912E12":298,"1.211046082E12":246,"1.211036625E12":171,"1.211018576E12":29,"1.211024215E12":62,"1.211036759E12":172,"1.211078966E12":340,"1.211031177E12":116,"1.211049061E12":267,"1.211030952E12":113,"1.211032222E12":130,"1.211036472E12":170,"1.211036285E12":169,"1.211030155E12":100,"1.211040058E12":204,"1.211029551E12":94,"1.211026494E12":79,"1.211054596E12":293,"1.211054713E12":295,"1.211026457E12":78,"1.211026391E12":77,"1.211065596E12":331,"1.211030197E12":101,"1.211018915E12":34,"1.211066407E12":334,"1.211040729E12":210,"1.21103319E12":136,"1.211044179E12":240,"1.211022127E12":51,"1.211031237E12":117,"1.21104967E12":271,"1.211034011E12":142,"1.211060393E12":312,"1.211057682E12":303,"1.211032173E12":129,"1.211049117E12":269,"1.211020267E12":42,"1.211043315E12":226,"1.21107163E12":339,"1.211030433E12":108,"1.211038537E12":194,"1.211030371E12":106,"1.211021035E12":48,"1.211224838E12":366,"1.211033938E12":141,"1.211047561E12":259,"1.211059435E12":309,"1.21105263E12":283,"1.211044152E12":239,"1.211062489E12":320,"1.21104404E12":234,"1.21102329E12":55,"1.211058586E12":308,"1.211041779E12":217,"1.211032388E12":133,"1.211044071E12":235,"1.211057789E12":306,"1.21104819E12":265,"1.211039263E12":197,"1.211032393E12":134,"1.21103927E12":198,"1.211063272E12":324,"1.211052012E12":281,"1.211024417E12":63,"1.21105108E12":278,"1.211057765E12":305,"1.211042132E12":222,"1.211035358E12":157,"1.211224963E12":368,"1.211063435E12":325,"1.211026355E12":76,"1.211100344E12":355,"1.211027123E12":82,"1.2110382E12":188,"1.211020704E12":46,"1.211039474E12":200,"1.2110361E12":160,"1.211034097E12":145,"1.211034363E12":149,"1.211018443E12":24,"1.211023924E12":59,"1.211051066E12":277,"1.211030058E12":96,"1.211036042E12":159,"1.211037158E12":178,"1.21106512E12":329,"1.211046451E12":249,"1.211043796E12":230,"1.211031729E12":124,"1.211046825E12":254,"1.211018413E12":23,"1.211339218E12":369,"1.211057632E12":302,"1.211041103E12":211,"1.211039245E12":196,"1.21103046E12":109,"1.211027456E12":84,"1.211053362E12":288,"1.211046143E12":247,"1.211049181E12":270,"1.211050948E12":275,"1.211057694E12":304,"1.211047593E12":261,"1.211032171E12":128,"1.211033787E12":139,"1.211224132E12":365,"1.211044098E12":237,"1.211057804E12":307,"1.211033822E12":140,"1.211062959E12":322,"1.211052722E12":284,"1.211036761E12":173,"1.21101841E12":17,"1.211036108E12":161,"1.211047782E12":263,"1.211047861E12":264,"1.211027615E12":85,"1.21105189E12":280,"1.211036196E12":167,"1.211083958E12":349,"1.211053374E12":289,"1.211032427E12":135,"1.211019921E12":39,"1.211025557E12":72,"1.211019054E12":37,"1.211018407E12":15,"1.21107078E12":337,"1.211038491E12":192,"1.211036165E12":164,"1.211064069E12":326,"1.211021847E12":49,"1.211062381E12":319,"1.211025771E12":74,"1.211050965E12":276,"1.211033391E12":137,"1.21104309E12":225},"NUMBER_OF_PEOPLE":400,"minTimeSeen":1.211018404E12,"maxTimeSeen":1.211558405E12,"NEIGHBORHOOD_RADIUS":20.0,"ENCOUNTER_CHANCE":0.05,"priority":1.0,"duration":540001.0,"minutesDuration":9000.016666666666,"hoursDuration":150.00027777777777,"daysDuration":6.250011574074073}
