{"propagationData":{"1.211040961E12":186,"1.211018465E12":26,"1.211043902E12":205,"1.21103654E12":148,"1.211054869E12":282,"1.211019303E12":41,"1.211018864E12":35,"1.21105063E12":252,"1.211051032E12":259,"1.211061594E12":294,"1.211038214E12":155,"1.211053683E12":276,"1.211052945E12":272,"1.211052783E12":270,"1.211030372E12":82,"1.211038841E12":161,"1.211046482E12":233,"1.211045606E12":220,"1.211033755E12":109,"1.211032182E12":93,"1.211027323E12":71,"1.211031052E12":90,"1.211034031E12":111,"1.211022377E12":54,"1.211018409E12":11,"1.211063941E12":300,"1.211050034E12":247,"1.211045714E12":221,"1.211083522E12":306,"1.211032341E12":95,"1.211041488E12":192,"1.211036027E12":138,"1.211046954E12":240,"1.211046682E12":234,"1.211019096E12":40,"1.211038554E12":160,"1.21103903E12":163,"1.211028812E12":73,"1.21103398E12":110,"1.211045726E12":222,"1.211035067E12":126,"1.211040297E12":175,"1.211019478E12":46,"1.211027166E12":70,"1.211083448E12":301,"1.211034763E12":122,"1.211050099E12":249,"1.211030847E12":87,"1.211050869E12":254,"1.211046042E12":228,"1.211040471E12":177,"1.211033601E12":108,"1.211039641E12":172,"1.211034489E12":120,"1.211019543E12":47,"1.211038164E12":154,"1.211389352E12":316,"1.211018412E12":19,"1.211044565E12":213,"1.211046141E12":231,"1.211018849E12":34,"1.211032672E12":97,"1.211039088E12":166,"1.211028761E12":72,"1.211033395E12":104,"1.21104192E12":197,"1.211054861E12":281,"1.211056414E12":285,"1.211040901E12":183,"1.211032695E12":98,"1.211035028E12":124,"1.211054265E12":280,"1.2110527E12":268,"1.211047388E12":243,"1.211018488E12":29,"1.211018474E12":28,"1.211018955E12":37,"1.211051088E12":260,"1.211035112E12":129,"1.211040242E12":173,"1.211026375E12":67,"1.211018454E12":23,"1.211039262E12":169,"1.21104095E12":185,"1.211060386E12":289,"1.211046689E12":235,"1.211019555E12":48,"1.211018802E12":33,"1.211034138E12":115,"1.211051016E12":257,"1.211030845E12":86,"1.21138516E12":314,"1.211034155E12":116,"1.211030783E12":85,"1.211041017E12":189,"1.211044858E12":217,"1.211038915E12":162,"1.211035982E12":135,"1.211046033E12":227,"1.211101793E12":313,"1.211033449E12":105,"1.211019439E12":44,"1.211041695E12":196,"1.21105167E12":263,"1.211056282E12":284,"1.211045466E12":218,"1.211034459E12":119,"1.211025942E12":64,"1.21104073E12":178,"1.21103642E12":146,"1.211038146E12":153,"1.211060123E12":288,"1.211040878E12":181,"1.211050612E12":251,"1.21102135E12":53,"1.211060576E12":291,"1.211050866E12":253,"1.21104406E12":208,"1.211025424E12":62,"1.21106124E12":293,"1.211018404E12":5,"1.211041011E12":188,"1.211030889E12":89,"1.211047375E12":242,"1.211034064E12":114,"1.211018466E12":27,"1.211036708E12":149,"1.211042062E12":198,"1.211045543E12":219,"1.211038427E12":156,"1.211026566E12":68,"1.211038442E12":158,"1.211051932E12":264,"1.211037703E12":152,"1.211018419E12":21,"1.211084873E12":307,"1.211046001E12":226,"1.211022982E12":55,"1.211043774E12":203,"1.211029359E12":76,"1.211023668E12":57,"1.211036088E12":140,"1.211032724E12":99,"1.211026742E12":69,"1.211029372E12":77,"1.211035921E12":132,"1.211060396E12":290,"1.211040416E12":176,"1.211018411E12":16,"1.211018408E12":10,"1.211034998E12":123,"1.211035071E12":127,"1.211038462E12":159,"1.21103337E12":103,"1.211034039E12":112,"1.211036122E12":141,"1.211046743E12":236,"1.211019401E12":43,"1.211036266E12":143,"1.211045929E12":225,"1.211030748E12":83,"1.211018596E12":31,"1.211062286E12":298,"1.211056204E12":283,"1.211101782E12":312,"1.211051018E12":258,"1.21104408E12":210,"1.211018499E12":30,"1.211061595E12":295,"1.211053473E12":275,"1.211035931E12":133,"1.211053737E12":278,"1.211083518E12":305,"1.211025486E12":63,"1.211040887E12":182,"1.211036395E12":145,"1.211045833E12":223,"1.21102419E12":59,"1.211050966E12":255,"1.21109835E12":311,"1.211019064E12":38,"1.211018451E12":22,"1.211023202E12":56,"1.21106168E12":296,"1.21101846E12":25,"1.21103624E12":142,"1.211042265E12":201,"1.211053714E12":277,"1.211039261E12":168,"1.211035184E12":130,"1.211035065E12":125,"1.211061232E12":292,"1.211043975E12":207,"1.211031232E12":91,"1.211033351E12":102,"1.211047544E12":245,"1.21101932E12":42,"1.211034298E12":118,"1.211036069E12":139,"1.211050971E12":256,"1.211041515E12":193,"1.211018603E12":32,"1.211019095E12":39,"1.211035984E12":136,"1.211040256E12":174,"1.211056482E12":286,"1.211019447E12":45,"1.2110289E12":74,"1.211052779E12":269,"1.211046399E12":232,"1.211036385E12":144,"1.211097885E12":308,"1.211034717E12":121,"1.211044068E12":209,"1.211040962E12":187,"1.211051098E12":261,"1.211043791E12":204,"1.211035087E12":128,"1.211036716E12":150,"1.211097941E12":309,"1.211043917E12":206,"1.211042069E12":199,"1.211021154E12":51,"1.211018947E12":36,"1.211034063E12":113,"1.211033454E12":106,"1.211041122E12":190,"1.211029066E12":75,"1.211039039E12":165,"1.211052944E12":271,"1.211042074E12":200,"1.211052477E12":267,"1.211034168E12":117,"1.211026222E12":66,"1.211046834E12":238,"1.211044782E12":216,"1.21102974E12":80,"1.211036536E12":147,"1.211035989E12":137,"1.21108351E12":304,"1.211044733E12":215,"1.211050206E12":250,"1.211025171E12":60,"1.211051646E12":262,"1.211045917E12":224,"1.211041485E12":191,"1.211049881E12":246,"1.21103956E12":170,"1.211046878E12":239,"1.211041582E12":194,"1.211031757E12":92,"1.211052221E12":265,"1.211044721E12":214,"1.211030755E12":84,"1.211040775E12":180,"1.211097962E12":310,"1.211038431E12":157,"1.211029467E12":79,"1.211032536E12":96,"1.211047523E12":244,"1.211026066E12":65,"1.211025213E12":61,"1.211039245E12":167,"1.211019632E12":49,"1.211044126E12":211,"1.211042462E12":202,"1.211083474E12":303,"1.211044214E12":212,"1.211035892E12":131,"1.211059347E12":287,"1.211020167E12":50,"1.211046099E12":230,"1.211033221E12":100,"1.211050053E12":248,"1.211030297E12":81,"1.211062959E12":299,"1.211046072E12":229,"1.21101841E12":13,"1.211040761E12":179,"1.211033507E12":107,"1.211385346E12":315,"1.211046776E12":237,"1.211062265E12":297,"1.211047275E12":241,"1.211023784E12":58,"1.211041628E12":195,"1.211018407E12":8,"1.211040914E12":184,"1.211083457E12":302,"1.211054105E12":279,"1.211030864E12":88,"1.211033317E12":101,"1.211021244E12":52,"1.211036916E12":151,"1.21103597E12":134,"1.211032334E12":94,"1.211052412E12":266,"1.211039636E12":171},"NUMBER_OF_PEOPLE":400,"minTimeSeen":1.211018404E12,"maxTimeSeen":1.211558405E12,"NEIGHBORHOOD_RADIUS":20.0,"ENCOUNTER_CHANCE":0.05,"priority":1.0,"duration":540001.0,"minutesDuration":9000.016666666666,"hoursDuration":150.00027777777777,"daysDuration":6.250011574074073}
