{"propagationData":{"1.211042162E12":232,"1.211052612E12":312,"1.211047402E12":283,"1.211034964E12":164,"1.211036603E12":181,"1.211022448E12":6,"1.211037925E12":201,"1.211043466E12":243,"1.211053756E12":322,"1.211040087E12":218,"1.211036662E12":184,"1.211039609E12":215,"1.211084961E12":353,"1.211031787E12":113,"1.211035876E12":175,"1.211022642E12":14,"1.211100691E12":360,"1.211034598E12":158,"1.211031279E12":101,"1.211032973E12":135,"1.211041879E12":230,"1.211027575E12":55,"1.211039269E12":211,"1.2110298E12":79,"1.211030662E12":92,"1.21105309E12":317,"1.211039479E12":212,"1.211051082E12":311,"1.211055429E12":326,"1.211039596E12":214,"1.211048637E12":292,"1.211046997E12":281,"1.211030865E12":96,"1.211236446E12":383,"1.211034624E12":159,"1.211034754E12":162,"1.211033511E12":146,"1.211049168E12":296,"1.21104116E12":224,"1.211032725E12":132,"1.21104086E12":222,"1.211025317E12":40,"1.211033357E12":141,"1.211026448E12":47,"1.211032701E12":130,"1.21104751E12":288,"1.21102589E12":43,"1.211022745E12":18,"1.21103583E12":174,"1.211035451E12":170,"1.211029443E12":77,"1.211026113E12":44,"1.211037698E12":198,"1.21110105E12":361,"1.211030886E12":97,"1.211049278E12":299,"1.211063349E12":334,"1.211029794E12":78,"1.211043901E12":250,"1.211046033E12":271,"1.211204873E12":381,"1.211043274E12":240,"1.211032212E12":122,"1.211041536E12":226,"1.211050731E12":308,"1.211054832E12":324,"1.211111976E12":368,"1.211064619E12":341,"1.21102828E12":62,"1.211022616E12":7,"1.211029906E12":82,"1.211031254E12":100,"1.211028696E12":66,"1.211019215E12":3,"1.211035946E12":177,"1.211018404E12":1,"1.211044839E12":261,"1.211031949E12":118,"1.21110118E12":362,"1.2110497E12":301,"1.211029362E12":75,"1.211031314E12":102,"1.211037258E12":192,"1.211044376E12":256,"1.211033273E12":138,"1.21102799E12":61,"1.211034982E12":165,"1.211022661E12":15,"1.211159225E12":377,"1.211043541E12":246,"1.211025218E12":39,"1.211049993E12":303,"1.211031473E12":104,"1.211022986E12":21,"1.211042587E12":238,"1.211028322E12":64,"1.211031944E12":117,"1.211030584E12":91,"1.211045744E12":267,"1.211022617E12":8,"1.211157328E12":376,"1.211030214E12":87,"1.211027554E12":54,"1.211036893E12":190,"1.211047484E12":287,"1.211032198E12":121,"1.2110846E12":352,"1.211037934E12":202,"1.211034502E12":154,"1.211037909E12":200,"1.211024527E12":33,"1.211026376E12":45,"1.211036774E12":187,"1.211033255E12":137,"1.211033456E12":143,"1.211023223E12":24,"1.211107023E12":366,"1.211031243E12":99,"1.211046814E12":278,"1.211047522E12":289,"1.211024574E12":34,"1.211026546E12":49,"1.21109242E12":356,"1.211031324E12":103,"1.211042551E12":237,"1.211032381E12":124,"1.211022912E12":20,"1.211063739E12":337,"1.211063785E12":338,"1.211033332E12":139,"1.211038039E12":203,"1.211042399E12":236,"1.211046401E12":275,"1.211032718E12":131,"1.211024209E12":31,"1.211053434E12":319,"1.211338838E12":388,"1.211030696E12":93,"1.211032836E12":134,"1.211038351E12":206,"1.211061468E12":329,"1.21104377E12":247,"1.211030758E12":95,"1.21102941E12":76,"1.211022673E12":16,"1.211036796E12":188,"1.211031602E12":107,"1.21102488E12":36,"1.211020908E12":4,"1.211041707E12":229,"1.211045923E12":269,"1.211029276E12":74,"1.211084565E12":351,"1.211046002E12":270,"1.211083178E12":346,"1.211036468E12":179,"1.211041941E12":231,"1.21103409E12":153,"1.211024941E12":37,"1.211033847E12":150,"1.211038775E12":207,"1.211043304E12":241,"1.211041266E12":225,"1.211048987E12":294,"1.211037188E12":191,"1.211029919E12":84,"1.211039509E12":213,"1.211048443E12":291,"1.211043525E12":245,"1.211030117E12":85,"1.21102774E12":58,"1.211063243E12":333,"1.211052629E12":313,"1.211034581E12":157,"1.211030556E12":89,"1.211042163E12":233,"1.211035371E12":169,"1.211050456E12":304,"1.211033593E12":148,"1.211024061E12":29,"1.211027746E12":59,"1.21103257E12":126,"1.21103174E12":112,"1.211028738E12":67,"1.211031855E12":115,"1.211033655E12":149,"1.211260598E12":385,"1.21105072E12":307,"1.211145222E12":375,"1.211032825E12":133,"1.211038879E12":209,"1.211038169E12":205,"1.211160921E12":378,"1.211041104E12":223,"1.211039981E12":217,"1.211053071E12":316,"1.211063461E12":336,"1.211042327E12":234,"1.211031638E12":110,"1.211053048E12":315,"1.211041693E12":228,"1.211071876E12":343,"1.211031616E12":109,"1.211053578E12":321,"1.211022635E12":12,"1.211048432E12":290,"1.211045816E12":268,"1.211035523E12":171,"1.211205203E12":382,"1.211023036E12":22,"1.211049235E12":298,"1.211028858E12":70,"1.21102881E12":69,"1.211038838E12":208,"1.211046503E12":276,"1.211023514E12":25,"1.211028805E12":68,"1.211033461E12":144,"1.211027003E12":51,"1.211053459E12":320,"1.211045091E12":265,"1.211099336E12":357,"1.211044844E12":262,"1.211021143E12":5,"1.211063381E12":335,"1.211101708E12":364,"1.211022822E12":19,"1.211024207E12":30,"1.211031959E12":119,"1.211027517E12":53,"1.211052833E12":314,"1.211083392E12":348,"1.211027813E12":60,"1.211032396E12":125,"1.211029908E12":83,"1.211046035E12":272,"1.211033074E12":136,"1.211035808E12":173,"1.21102264E12":13,"1.211039829E12":216,"1.211050513E12":305,"1.211044329E12":255,"1.211040095E12":219,"1.211023715E12":27,"1.211044851E12":263,"1.21103553E12":172,"1.211035932E12":176,"1.211043972E12":251,"1.211037285E12":193,"1.211056536E12":327,"1.211047444E12":284,"1.21111189E12":367,"1.211049809E12":302,"1.211033541E12":147,"1.211046131E12":273,"1.211083322E12":347,"1.211047465E12":285,"1.211049213E12":297,"1.211024649E12":35,"1.211023076E12":23,"1.211043514E12":244,"1.21110141E12":363,"1.211027583E12":56,"1.211023697E12":26,"1.211267966E12":386,"1.211028935E12":71,"1.211061635E12":330,"1.21103334E12":140,"1.211040119E12":220,"1.211028498E12":65,"1.21106303E12":332,"1.211025389E12":41,"1.211033446E12":142,"1.211100128E12":359,"1.211036174E12":178,"1.211031547E12":105,"1.211037435E12":196,"1.211091867E12":355,"1.21107236E12":345,"1.21103677E12":186,"1.21103073E12":94,"1.211044515E12":257,"1.211035212E12":167,"1.21108393E12":349,"1.211256768E12":384,"1.211025731E12":42,"1.211049136E12":295,"1.211035273E12":168,"1.211046828E12":279,"1.211035191E12":166,"1.211125127E12":372,"1.211042994E12":239,"1.211029068E12":73,"1.211037715E12":199,"1.211022625E12":11,"1.211038148E12":204,"1.211028315E12":63,"1.211034508E12":155,"1.211039208E12":210,"1.211064074E12":339,"1.211037304E12":194,"1.211043973E12":252,"1.211033493E12":145,"1.211024306E12":32,"1.211036867E12":189,"1.211031969E12":120,"1.21103024E12":88,"1.211026512E12":48,"1.211284685E12":387,"1.211054565E12":323,"1.211034906E12":163,"1.211019126E12":2,"1.211036613E12":182,"1.211030189E12":86,"1.211050966E12":310,"1.211043326E12":242,"1.211048925E12":293,"1.211123854E12":371,"1.211044161E12":253,"1.21103666E12":183,"1.211026905E12":50,"1.211031667E12":111,"1.211026391E12":46,"1.21104473E12":260,"1.211028971E12":72,"1.21102984E12":80,"1.211045428E12":266,"1.211031608E12":108,"1.211044635E12":259,"1.211121893E12":369,"1.211029846E12":81,"1.211025032E12":38,"1.211044213E12":254,"1.211032219E12":123,"1.211046974E12":280,"1.211056748E12":328,"1.211032624E12":127,"1.211034072E12":152,"1.211046669E12":277,"1.2110464E12":274,"1.21105057E12":306,"1.211036598E12":180,"1.21105096E12":309,"1.211022729E12":17,"1.211037419E12":195,"1.211055224E12":325,"1.211071885E12":344,"1.211100065E12":358,"1.211040646E12":221,"1.211032627E12":128,"1.2110319E12":116,"1.211064205E12":340,"1.211047201E12":282,"1.211036673E12":185,"1.211031847E12":114,"1.211047472E12":286,"1.211034659E12":160,"1.211041673E12":227,"1.211084272E12":350,"1.211023732E12":28,"1.211027313E12":52,"1.211043811E12":249,"1.211090385E12":354,"1.21105321E12":318,"1.211125224E12":373,"1.211061713E12":331,"1.211032675E12":129,"1.211022622E12":9,"1.211161365E12":379,"1.211042383E12":235,"1.211034557E12":156,"1.211030929E12":98,"1.211049309E12":300,"1.211043799E12":248,"1.21103389E12":151,"1.211044896E12":264,"1.211106354E12":365,"1.211037647E12":197,"1.21107166E12":342,"1.211163967E12":380,"1.211122971E12":370,"1.211027652E12":57,"1.211044567E12":258,"1.211034721E12":161,"1.21114115E12":374},"NUMBER_OF_PEOPLE":400,