{"propagationData":{"1.211092403E12":289,"1.211069967E12":30,"1.21108449E12":237,"1.211083671E12":226,"1.211074083E12":99,"1.211097272E12":304,"1.211074847E12":110,"1.211100657E12":317,"1.211076423E12":135,"1.2110737E12":94,"1.211079166E12":165,"1.211213194E12":381,"1.211078252E12":155,"1.211068746E12":14,"1.2111378E12":359,"1.211069805E12":27,"1.211085196E12":245,"1.211088874E12":272,"1.211089313E12":273,"1.211074913E12":113,"1.211072663E12":77,"1.211090125E12":280,"1.21109765E12":306,"1.211078653E12":162,"1.211078255E12":156,"1.211083981E12":229,"1.21107488E12":112,"1.211079294E12":168,"1.211080896E12":193,"1.211076872E12":142,"1.211079828E12":175,"1.211071313E12":47,"1.211078015E12":151,"1.211098348E12":310,"1.211078718E12":163,"1.211069865E12":28,"1.211068815E12":16,"1.211086016E12":251,"1.211072659E12":76,"1.211091804E12":286,"1.211073471E12":91,"1.211079932E12":180,"1.211086275E12":255,"1.21111957E12":338,"1.211077292E12":146,"1.211083139E12":218,"1.211084286E12":235,"1.211084002E12":230,"1.211084082E12":233,"1.211024426E12":3,"1.211078269E12":157,"1.211073353E12":86,"1.211072654E12":75,"1.211204883E12":379,"1.211243482E12":385,"1.211119991E12":339,"1.211070781E12":38,"1.211100139E12":314,"1.211085912E12":250,"1.211068617E12":12,"1.211078394E12":159,"1.211174371E12":375,"1.211063242E12":4,"1.211088055E12":268,"1.211094202E12":295,"1.211082099E12":206,"1.211081002E12":196,"1.211104324E12":327,"1.211079323E12":169,"1.211072425E12":68,"1.211075991E12":127,"1.211124702E12":345,"1.211137894E12":361,"1.211085214E12":246,"1.211087847E12":265,"1.211229744E12":383,"1.211100278E12":315,"1.211076941E12":143,"1.211071137E12":46,"1.211018404E12":1,"1.211072923E12":80,"1.211082574E12":213,"1.211086229E12":253,"1.211098354E12":311,"1.211070626E12":35,"1.211068829E12":17,"1.211130327E12":354,"1.211072134E12":63,"1.211124117E12":344,"1.21108755E12":261,"1.211090349E12":281,"1.211137843E12":360,"1.211076394E12":133,"1.21107416E12":101,"1.211075712E12":123,"1.21112707E12":349,"1.211083198E12":220,"1.211083739E12":227,"1.211093784E12":292,"1.211072041E12":62,"1.211123505E12":342,"1.211072519E12":70,"1.21118337E12":378,"1.211084734E12":240,"1.211071418E12":52,"1.211081307E12":197,"1.211072965E12":82,"1.211080128E12":182,"1.211078153E12":154,"1.211117504E12":335,"1.211093952E12":293,"1.211126286E12":348,"1.211074515E12":106,"1.211110561E12":330,"1.211076798E12":140,"1.211129859E12":353,"1.211071594E12":54,"1.211366635E12":388,"1.211072603E12":73,"1.211087613E12":262,"1.21107756E12":147,"1.211082117E12":207,"1.211097314E12":305,"1.211076148E12":129,"1.211102146E12":321,"1.211087973E12":267,"1.211085003E12":241,"1.211144288E12":365,"1.211119262E12":337,"1.211094219E12":296,"1.211071048E12":44,"1.211083595E12":225,"1.211098405E12":312,"1.211080997E12":195,"1.211074355E12":102,"1.211079495E12":170,"1.211070887E12":39,"1.211071079E12":45,"1.211069322E12":24,"1.211068888E12":20,"1.211119005E12":336,"1.211072158E12":64,"1.211084342E12":236,"1.211227724E12":382,"1.211146352E12":367,"1.211129083E12":351,"1.211071002E12":42,"1.211117186E12":334,"1.211075584E12":121,"1.211080698E12":189,"1.211087896E12":266,"1.211072501E12":69,"1.211079581E12":171,"1.21107042E12":34,"1.211081652E12":200,"1.211114971E12":332,"1.211071657E12":57,"1.211075259E12":116,"1.21108263E12":215,"1.211089315E12":274,"1.211092339E12":287,"1.211070995E12":40,"1.211083373E12":221,"1.211079989E12":181,"1.211076115E12":128,"1.211067931E12":8,"1.211100505E12":316,"1.211107521E12":329,"1.211073911E12":98,"1.21107065E12":36,"1.211072761E12":78,"1.211075918E12":126,"1.211069899E12":29,"1.211076644E12":137,"1.211072543E12":71,"1.211075605E12":122,"1.211082809E12":216,"1.211082562E12":212,"1.211083536E12":224,"1.211080784E12":192,"1.211071374E12":51,"1.211095948E12":302,"1.211260589E12":386,"1.21108237E12":209,"1.211069207E12":21,"1.211080983E12":194,"1.211072817E12":79,"1.211089462E12":276,"1.211080178E12":185,"1.211085404E12":248,"1.211083187E12":219,"1.21110261E12":323,"1.211072549E12":72,"1.211073665E12":92,"1.211150952E12":370,"1.211077107E12":144,"1.211071604E12":55,"1.211078636E12":161,"1.211071326E12":49,"1.211087752E12":264,"1.211078068E12":153,"1.211073891E12":96,"1.211072374E12":66,"1.211094001E12":294,"1.21107993E12":179,"1.211076194E12":131,"1.211094625E12":298,"1.211086337E12":256,"1.211074429E12":103,"1.211072961E12":81,"1.211089794E12":278,"1.211070696E12":37,"1.211135427E12":356,"1.211082013E12":205,"1.211086622E12":259,"1.21108294E12":217,"1.211097987E12":308,"1.211080404E12":188,"1.211114484E12":331,"1.211068309E12":11,"1.211075526E12":119,"1.211074853E12":111,"1.211097872E12":307,"1.211076751E12":138,"1.211069689E12":26,"1.211093747E12":291,"1.211121522E12":340,"1.211077576E12":148,"1.211073903E12":97,"1.21108471E12":239,"1.211082418E12":210,"1.211121941E12":341,"1.211174834E12":376,"1.211078526E12":160,"1.211071607E12":56,"1.211086253E12":254,"1.211101628E12":320,"1.21109537E12":301,"1.211095092E12":300,"1.211147019E12":368,"1.211088317E12":270,"1.211071E12":41,"1.211068011E12":9,"1.211092373E12":288,"1.211103124E12":325,"1.211071833E12":59,"1.211073409E12":89,"1.211083936E12":228,"1.211101262E12":318,"1.211074446E12":104,"1.2110901E12":279,"1.211088373E12":271,"1.211086224E12":252,"1.211086753E12":260,"1.211103228E12":326,"1.21109153E12":284,"1.211074987E12":114,"1.211076516E12":136,"1.211076764E12":139,"1.211080741E12":191,"1.211074797E12":109,"1.211081735E12":201,"1.211145028E12":366,"1.211078373E12":158,"1.211070092E12":32,"1.211102884E12":324,"1.2110745E12":105,"1.211077954E12":150,"1.211071047E12":43,"1.211125983E12":347,"1.211075878E12":125,"1.211074617E12":107,"1.211073395E12":88,"1.211093449E12":290,"1.211089363E12":275,"1.211128979E12":350,"1.211081744E12":202,"1.211068083E12":10,"1.211073096E12":83,"1.211106972E12":328,"1.211068654E12":13,"1.211083504E12":223,"1.211069275E12":22,"1.211078769E12":164,"1.211073858E12":95,"1.211075734E12":124,"1.211073669E12":93,"1.211070099E12":33,"1.211070016E12":31,"1.211080246E12":187,"1.211074095E12":100,"1.211079194E12":166,"1.211135767E12":357,"1.211076152E12":130,"1.211082422E12":211,"1.211136471E12":358,"1.211083446E12":222,"1.21108505E12":242,"1.211085313E12":247,"1.211073345E12":85,"1.211094681E12":299,"1.211091737E12":285,"1.21108403E12":232,"1.211071316E12":48,"1.211071346E12":50,"1.2111524E12":371,"1.211077175E12":145,"1.211233913E12":384,"1.211115658E12":333,"1.211080172E12":184,"1.211019663E12":2,"1.211270635E12":387,"1.211079877E12":176,"1.211086398E12":257,"1.211098414E12":313,"1.211091315E12":283,"1.211072609E12":74,"1.211141961E12":363,"1.211074642E12":108,"1.211072411E12":67,"1.211085484E12":249,"1.211123776E12":343,"1.211156939E12":372,"1.211175501E12":377,"1.211082162E12":208,"1.211209989E12":380,"1.211073301E12":84,"1.211163723E12":373,"1.211088232E12":269,"1.211102264E12":322,"1.21107978E12":174,"1.211135229E12":355,"1.211079602E12":172,"1.211094231E12":297,"1.211081952E12":203,"1.211079609E12":173,"1.211071531E12":53,"1.211068861E12":19,"1.211071846E12":60,"1.211076258E12":132,"1.211066191E12":7,"1.211147477E12":369,"1.211140714E12":362,"1.211080203E12":186,"1.211129233E12":352,"1.211081459E12":198,"1.211096252E12":303,"1.211069422E12":25,"1.211101574E12":319,"1.211085083E12":243,"1.211124801E12":346,"1.211084014E12":231,"1.211081601E12":199,"1.211080707E12":190,"1.211073364E12":87,"1.211087714E12":263,"1.211069298E12":23,"1.211079898E12":177,"1.211086588E12":258,"1.21114267E12":364,"1.211075472E12":118,"1.211068844E12":18,"1.211077834E12":149,"1.21106876E12":15,"1.211076836E12":141,"1.211081956E12":204,"1.211080141E12":183,"1.211090371E12":282,"1.211098149E12":309,"1.211085089E12":244,"1.211071722E12":58,"1.211075581E12":120,"1.211075348E12":117,"1.211164098E12":374,"1.211073432E12":90,"1.211078025E12":152,"1.211072244E12":65,"1.211079242E12":167,"1.211084616E12":238,"1.211076416E12":134,"1.211065408E12":6,"1.211089639E12":277,"1.2110842E12":234,"1.211075154E12":115,"1.211063484E12":5,"1.211082597E12":214},