{"propagationData":{"1.211074733E12":122,"1.211074776E12":124,"1.211084385E12":215,"1.211101583E12":306,"1.211080706E12":182,"1.211071989E12":99,"1.211102516E12":310,"1.211088492E12":247,"1.21108449E12":216,"1.211087311E12":242,"1.211086924E12":240,"1.211065892E12":55,"1.211081747E12":195,"1.21107548E12":132,"1.211116402E12":329,"1.211101786E12":307,"1.211063613E12":37,"1.211071697E12":97,"1.211085724E12":227,"1.211080332E12":177,"1.211079412E12":167,"1.211076395E12":144,"1.211101861E12":308,"1.211084278E12":213,"1.211120937E12":338,"1.211070622E12":82,"1.21106994E12":77,"1.211076282E12":141,"1.211103417E12":315,"1.211071676E12":96,"1.211062726E12":34,"1.211085196E12":224,"1.211098574E12":297,"1.211091707E12":264,"1.211079822E12":168,"1.211077369E12":154,"1.211059447E12":15,"1.21107395E12":115,"1.211084601E12":219,"1.21109282E12":272,"1.211135001E12":361,"1.211099445E12":300,"1.211094399E12":279,"1.211167018E12":371,"1.211085781E12":228,"1.211064869E12":48,"1.211080267E12":173,"1.211086356E12":235,"1.21110323E12":313,"1.211092118E12":267,"1.211064967E12":49,"1.211081606E12":190,"1.211069622E12":75,"1.211069405E12":74,"1.211058201E12":11,"1.211077192E12":151,"1.211080428E12":179,"1.211099017E12":298,"1.211063282E12":36,"1.211080285E12":175,"1.21108124E12":186,"1.211058016E12":7,"1.21107987E12":169,"1.211093036E12":274,"1.211072787E12":106,"1.211103561E12":316,"1.211083213E12":204,"1.211166805E12":370,"1.211116543E12":330,"1.211090266E12":257,"1.211150974E12":364,"1.211071145E12":92,"1.21108033E12":176,"1.211100417E12":303,"1.211067216E12":59,"1.211134354E12":359,"1.211118298E12":335,"1.211061378E12":28,"1.21107032E12":79,"1.211060044E12":19,"1.211074002E12":116,"1.211112871E12":323,"1.211155409E12":368,"1.211059887E12":18,"1.211086021E12":231,"1.211075341E12":128,"1.211071111E12":90,"1.211073525E12":110,"1.211097127E12":288,"1.21108002E12":171,"1.211076791E12":147,"1.211116878E12":331,"1.211065458E12":52,"1.211069896E12":76,"1.211124817E12":346,"1.211083535E12":208,"1.211076418E12":146,"1.211080857E12":183,"1.211080438E12":180,"1.211134987E12":360,"1.211085093E12":221,"1.211084832E12":220,"1.211070638E12":83,"1.211068762E12":69,"1.211130664E12":354,"1.211083741E12":210,"1.211070988E12":86,"1.211077039E12":150,"1.21106886E12":70,"1.211075831E12":136,"1.211112153E12":321,"1.211080607E12":181,"1.211058548E12":13,"1.211122995E12":341,"1.211128036E12":350,"1.211060679E12":20,"1.211133623E12":358,"1.211087174E12":241,"1.211067389E12":60,"1.211089926E12":254,"1.211074774E12":123,"1.211097654E12":289,"1.211097006E12":286,"1.211060814E12":23,"1.211076174E12":138,"1.211077432E12":155,"1.211082518E12":199,"1.211077293E12":153,"1.2111233E12":342,"1.211077859E12":158,"1.211059251E12":14,"1.211067918E12":64,"1.211079901E12":170,"1.211151332E12":365,"1.211090496E12":260,"1.211100136E12":302,"1.211086409E12":237,"1.211075184E12":127,"1.211088745E12":249,"1.211058039E12":9,"1.211065592E12":54,"1.211069084E12":71,"1.211090786E12":262,"1.211213316E12":378,"1.21102333E12":3,"1.211090767E12":261,"1.211018404E12":1,"1.211081664E12":193,"1.211092371E12":270,"1.211067992E12":66,"1.211072323E12":101,"1.21107369E12":112,"1.211084556E12":218,"1.211077971E12":161,"1.211080348E12":178,"1.211093348E12":276,"1.211064502E12":45,"1.211089165E12":252,"1.211105905E12":320,"1.211066535E12":57,"1.211117377E12":332,"1.211081337E12":187,"1.211097717E12":292,"1.211081356E12":188,"1.211096635E12":285,"1.211099685E12":301,"1.211068563E12":68,"1.211129588E12":352,"1.211101261E12":305,"1.211092165E12":268,"1.211089982E12":255,"1.211068526E12":67,"1.211076265E12":140,"1.211073306E12":109,"1.211076217E12":139,"1.211075443E12":130,"1.211061047E12":27,"1.211093626E12":277,"1.211088426E12":245,"1.211087962E12":244,"1.211072163E12":100,"1.211083405E12":207,"1.211075461E12":131,"1.211070989E12":87,"1.211124519E12":345,"1.211064699E12":47,"1.211082278E12":197,"1.211077863E12":159,"1.211061858E12":29,"1.211122048E12":340,"1.211062516E12":33,"1.211075741E12":135,"1.211066197E12":56,"1.211073277E12":108,"1.211093953E12":278,"1.211079114E12":166,"1.211085864E12":229,"1.211065237E12":50,"1.211074427E12":119,"1.211144496E12":363,"1.211071673E12":95,"1.211097657E12":290,"1.211085233E12":225,"1.211070764E12":84,"1.211063738E12":38,"1.211081655E12":192,"1.211098178E12":296,"1.211090952E12":263,"1.211083332E12":205,"1.211088458E12":246,"1.211377715E12":381,"1.211078016E12":162,"1.211083929E12":211,"1.211070931E12":85,"1.211154724E12":367,"1.211118203E12":334,"1.2110779E12":160,"1.211086365E12":236,"1.211019743E12":2,"1.211072735E12":104,"1.211091773E12":265,"1.211069166E12":72,"1.21121249E12":375,"1.211024147E12":4,"1.211126369E12":347,"1.211100452E12":304,"1.211092098E12":266,"1.211071277E12":93,"1.211075026E12":125,"1.211113272E12":324,"1.211076295E12":142,"1.211154693E12":366,"1.21112127E12":339,"1.211117689E12":333,"1.211092651E12":271,"1.211075044E12":126,"1.211131906E12":356,"1.211092196E12":269,"1.211082881E12":203,"1.211112597E12":322,"1.211069288E12":73,"1.211114121E12":328,"1.21110296E12":312,"1.211078044E12":163,"1.211103405E12":314,"1.211104396E12":317,"1.211097014E12":287,"1.211081158E12":185,"1.211082738E12":202,"1.211076402E12":145,"1.211080279E12":174,"1.211086099E12":232,"1.21108737E12":243,"1.211060863E12":24,"1.211071037E12":89,"1.211085685E12":226,"1.211222366E12":379,"1.211082172E12":196,"1.211085152E12":223,"1.211084325E12":214,"1.211064397E12":44,"1.211072718E12":103,"1.211441972E12":383,"1.211073234E12":107,"1.211097762E12":293,"1.211090063E12":256,"1.211083639E12":209,"1.211102768E12":311,"1.211077812E12":157,"1.211074186E12":118,"1.2110583E12":12,"1.21116868E12":373,"1.211024317E12":5,"1.211081443E12":189,"1.211206134E12":374,"1.211127818E12":349,"1.211105386E12":319,"1.21109529E12":283,"1.211060697E12":22,"1.211076326E12":143,"1.211092885E12":273,"1.211070386E12":81,"1.211081669E12":194,"1.21107239E12":102,"1.211119013E12":336,"1.211067027E12":58,"1.211073661E12":111,"1.21109497E12":281,"1.211077742E12":156,"1.211060998E12":26,"1.211065539E12":53,"1.211093213E12":275,"1.211077256E12":152,"1.211119014E12":337,"1.211057941E12":6,"1.211062365E12":32,"1.21107593E12":137,"1.211080025E12":172,"1.211098171E12":295,"1.21108906E12":250,"1.211071032E12":88,"1.211089157E12":251,"1.211083353E12":206,"1.211067462E12":61,"1.211113365E12":325,"1.211074087E12":117,"1.211164454E12":369,"1.211090283E12":258,"1.211104667E12":318,"1.211086585E12":239,"1.211088535E12":248,"1.211085964E12":230,"1.211067589E12":63,"1.211373897E12":380,"1.211127702E12":348,"1.211086317E12":234,"1.211067584E12":62,"1.211072785E12":105,"1.211102294E12":309,"1.211064342E12":42,"1.211144472E12":362,"1.211123989E12":343,"1.211124269E12":344,"1.211073881E12":114,"1.211084153E12":212,"1.211065278E12":51,"1.211070371E12":80,"1.211212546E12":376,"1.211213299E12":377,"1.21105812E12":10,"1.211075401E12":129,"1.211082516E12":198,"1.211074663E12":121,"1.211058028E12":8,"1.211086547E12":238,"1.211064698E12":46,"1.211059648E12":16,"1.211071122E12":91,"1.211067936E12":65,"1.211062971E12":35,"1.211095016E12":282,"1.211063954E12":39,"1.211064386E12":43,"1.211062149E12":30,"1.211097705E12":291,"1.211082733E12":201,"1.211075678E12":134,"1.211097782E12":294,"1.211062208E12":31,"1.211129968E12":353,"1.211080902E12":184,"1.211133272E12":357,"1.21109043E12":259,"1.21108511E12":222,"1.211078599E12":165,"1.211095361E12":284,"1.211129529E12":351,"1.21107686E12":148,"1.211167806E12":372,"1.211070311E12":78,"1.211064323E12":41,"1.211113677E12":327,"1.211084522E12":217,"1.211059844E12":17,"1.21107198E12":98,"1.2110948E12":280,"1.211064184E12":40,"1.21113117E12":355,"1.211099436E12":299,"1.21108626E12":233,"1.211076973E12":149,"1.211441647E12":382,"1.21107132E12":94,"1.211089629E12":253,"1.211082689E12":200,"1.211060871E12":25,"1.211074644E12":120,"1.211081635E12":191,"1.211075491E12":133,"1.211078222E12":164,"1.211073704E12":113},"NUMBER_OF_PEOPLE":400,"minTimeSeen":1.211018404E12,"maxTimeSeen":1.211558405E12,"NEIGHBORHOOD_RADIUS":20.0,