{"propagationData":{"1.211057448E12":251,"1.211050204E12":169,"1.211042998E12":74,"1.211044506E12":92,"1.21104847E12":146,"1.211086032E12":345,"1.211056168E12":234,"1.211105259E12":366,"1.211039234E12":29,"1.21106703E12":297,"1.211124209E12":372,"1.211044069E12":87,"1.211050189E12":168,"1.211050371E12":172,"1.211054799E12":219,"1.21104239E12":62,"1.211055272E12":226,"1.21103864E12":26,"1.211054404E12":211,"1.211041751E12":53,"1.211060262E12":266,"1.211045392E12":108,"1.211052797E12":199,"1.211049456E12":158,"1.211055482E12":227,"1.211039361E12":30,"1.211047164E12":130,"1.211037449E12":15,"1.211284595E12":388,"1.211030047E12":3,"1.211049051E12":152,"1.211042867E12":73,"1.211045774E12":113,"1.211046402E12":121,"1.21107961E12":333,"1.211055535E12":228,"1.211085312E12":341,"1.211041417E12":48,"1.211049685E12":161,"1.211064819E12":287,"1.211119806E12":369,"1.211095074E12":361,"1.211054827E12":220,"1.21104141E12":47,"1.211044937E12":98,"1.211052186E12":192,"1.211119939E12":370,"1.21108769E12":348,"1.211043772E12":79,"1.211043989E12":85,"1.211065141E12":292,"1.211040651E12":42,"1.211175479E12":379,"1.211061726E12":276,"1.211074376E12":316,"1.211056222E12":235,"1.211039431E12":33,"1.211045771E12":112,"1.211044873E12":96,"1.21104862E12":149,"1.211060368E12":267,"1.211051082E12":180,"1.211051929E12":189,"1.211062263E12":281,"1.211038506E12":22,"1.2110778E12":331,"1.211055183E12":225,"1.21110224E12":363,"1.21105342E12":205,"1.211054756E12":217,"1.21103711E12":8,"1.211056143E12":233,"1.211054462E12":213,"1.211061517E12":274,"1.211039632E12":34,"1.211046322E12":119,"1.211046364E12":120,"1.211051564E12":186,"1.211144213E12":375,"1.211056769E12":243,"1.211042282E12":59,"1.211048514E12":148,"1.211056869E12":246,"1.211073436E12":310,"1.211060562E12":269,"1.21105774E12":254,"1.21105337E12":204,"1.21104995E12":165,"1.211094458E12":360,"1.211101597E12":362,"1.211068536E12":301,"1.211062145E12":279,"1.211043705E12":78,"1.211044765E12":94,"1.21108517E12":339,"1.211042777E12":69,"1.211039206E12":28,"1.211061862E12":278,"1.211041737E12":52,"1.21107535E12":321,"1.211102729E12":364,"1.211043514E12":77,"1.211059778E12":263,"1.21105733E12":249,"1.211038418E12":20,"1.211053837E12":209,"1.211038274E12":19,"1.211044908E12":97,"1.211045139E12":102,"1.21121052E12":382,"1.21104731E12":132,"1.211050055E12":166,"1.211087882E12":349,"1.211047742E12":138,"1.211044097E12":88,"1.21107012E12":307,"1.211043096E12":75,"1.211053548E12":207,"1.21108082E12":337,"1.211042419E12":65,"1.211069521E12":304,"1.211053602E12":208,"1.211052727E12":197,"1.211046301E12":117,"1.211074617E12":319,"1.211045753E12":110,"1.211045213E12":103,"1.211040186E12":38,"1.211040816E12":46,"1.211040102E12":37,"1.21107522E12":320,"1.211050544E12":173,"1.211043819E12":80,"1.211042652E12":67,"1.211042238E12":57,"1.211045094E12":100,"1.211046992E12":125,"1.211075801E12":322,"1.211085955E12":344,"1.211080227E12":335,"1.211055132E12":224,"1.211090877E12":355,"1.21104226E12":58,"1.211048123E12":142,"1.211049632E12":160,"1.211018404E12":1,"1.211047751E12":140,"1.211049883E12":164,"1.211049004E12":151,"1.211060141E12":265,"1.211059872E12":264,"1.211089401E12":351,"1.211044116E12":89,"1.211088733E12":350,"1.211065314E12":294,"1.211044654E12":93,"1.21104942E12":157,"1.211049874E12":163,"1.211051336E12":181,"1.21107653E12":325,"1.211050822E12":177,"1.211058694E12":258,"1.21103846E12":21,"1.211047133E12":129,"1.211055667E12":231,"1.211054291E12":210,"1.211038674E12":27,"1.211046314E12":118,"1.211042728E12":68,"1.211183256E12":381,"1.211076147E12":324,"1.211086762E12":346,"1.211048662E12":150,"1.211054459E12":212,"1.211053463E12":206,"1.2110386E12":25,"1.211045755E12":111,"1.211057589E12":252,"1.211042215E12":56,"1.211057282E12":248,"1.21105159E12":187,"1.2110809E12":338,"1.211050207E12":170,"1.211070002E12":305,"1.211055643E12":230,"1.211116454E12":368,"1.211040806E12":45,"1.211047722E12":135,"1.211233933E12":385,"1.211045423E12":109,"1.211178238E12":380,"1.211173956E12":378,"1.211058582E12":257,"1.211053226E12":203,"1.211089862E12":354,"1.211047015E12":126,"1.211042196E12":54,"1.211064908E12":289,"1.211042866E12":72,"1.211055072E12":222,"1.211077489E12":330,"1.211039787E12":35,"1.211047422E12":134,"1.211052548E12":195,"1.211037683E12":18,"1.211060992E12":273,"1.211056502E12":240,"1.211048342E12":144,"1.211050647E12":176,"1.211037191E12":9,"1.211047417E12":133,"1.211054535E12":215,"1.211043965E12":83,"1.211056868E12":245,"1.211048136E12":143,"1.211065117E12":290,"1.211040744E12":44,"1.211061556E12":275,"1.211042371E12":60,"1.211057369E12":250,"1.211091791E12":356,"1.211047738E12":137,"1.211050085E12":167,"1.211037068E12":7,"1.211044488E12":91,"1.211087379E12":347,"1.211049596E12":159,"1.211047849E12":141,"1.211053223E12":202,"1.211132981E12":374,"1.211222399E12":384,"1.21112331E12":371,"1.211073462E12":311,"1.211031129E12":4,"1.211040578E12":41,"1.211047098E12":128,"1.211089594E12":353,"1.211073293E12":309,"1.211047744E12":139,"1.211056622E12":242,"1.211040679E12":43,"1.211085231E12":340,"1.211074413E12":317,"1.211065152E12":293,"1.211075964E12":323,"1.21106481E12":286,"1.211056942E12":247,"1.211067996E12":299,"1.211045364E12":107,"1.211049767E12":162,"1.211063785E12":285,"1.211052421E12":194,"1.211054954E12":221,"1.211037371E12":10,"1.211042424E12":66,"1.211051459E12":183,"1.21104912E12":154,"1.211041657E12":51,"1.211046415E12":123,"1.211068475E12":300,"1.211052731E12":198,"1.211042414E12":64,"1.211068705E12":302,"1.211031447E12":6,"1.211031141E12":5,"1.211039952E12":36,"1.211049117E12":153,"1.211132932E12":373,"1.211045302E12":105,"1.211061804E12":277,"1.21107734E12":328,"1.21103855E12":23,"1.211065386E12":295,"1.211043978E12":84,"1.211063451E12":284,"1.21104395E12":82,"1.211070034E12":306,"1.211045282E12":104,"1.211037547E12":16,"1.211063362E12":283,"1.211051552E12":185,"1.211085915E12":343,"1.21105822E12":256,"1.211055075E12":223,"1.211260674E12":387,"1.21105056E12":174,"1.211037395E12":12,"1.211080139E12":334,"1.21103738E12":11,"1.211049368E12":156,"1.211077881E12":332,"1.211050626E12":175,"1.21105095E12":178,"1.211055564E12":229,"1.211056484E12":239,"1.211146553E12":377,"1.211047724E12":136,"1.211043826E12":81,"1.211042373E12":61,"1.211054497E12":214,"1.211051439E12":182,"1.211055725E12":232,"1.211046403E12":122,"1.211049164E12":155,"1.211074196E12":315,"1.211056297E12":236,"1.211045098E12":101,"1.211039427E12":32,"1.211066872E12":296,"1.211065124E12":291,"1.211093468E12":359,"1.211040478E12":40,"1.211052153E12":191,"1.211042214E12":55,"1.211235238E12":386,"1.211093134E12":358,"1.211045881E12":116,"1.21106215E12":280,"1.211045013E12":99,"1.211050354E12":171,"1.21105793E12":255,"1.211060702E12":270,"1.211037401E12":13,"1.211045843E12":115,"1.211060811E12":271,"1.211074548E12":318,"1.211077366E12":329,"1.211058716E12":259,"1.211052837E12":200,"1.211048367E12":145,"1.211038586E12":24,"1.211041647E12":49,"1.211060538E12":268,"1.211046422E12":124,"1.211073516E12":312,"1.21105654E12":241,"1.211218173E12":383,"1.211067843E12":298,"1.211037558E12":17,"1.211056819E12":244,"1.211060912E12":272,"1.211037411E12":14,"1.211073967E12":313,"1.21108537E12":342,"1.211074105E12":314,"1.211051921E12":188,"1.211043992E12":86,"1.211059347E12":261,"1.21106488E12":288,"1.211056452E12":238,"1.21107692E12":327,"1.211052357E12":193,"1.211107909E12":367,"1.211042403E12":63,"1.211051958E12":190,"1.211044824E12":95,"1.211041656E12":50,"1.21108944E12":352,"1.211073187E12":308,"1.211052941E12":201,"1.211045361E12":106,"1.211144501E12":376,"1.21104281E12":70,"1.21103939E12":31,"1.211056359E12":237,"1.211043471E12":76,"1.211047051E12":127,"1.211093079E12":357,"1.211076683E12":326,"1.211040404E12":39,"1.211051046E12":179,"1.211018407E12":2,"1.211047174E12":131,"1.211103564E12":365,"1.211044277E12":90,"1.211068708E12":303,"1.211042841E12":71,"1.211057641E12":253,"1.211059448E12":262,"1.211045837E12":114,"1.211080753E12":336,"1.211062381E12":282,"1.211059135E12":260,"1.211054683E12":216,"1.211048511E12":147,"1.211054768E12":218},"NUMBER_OF_PEOPLE":400,