{"propagationData":{"1.211030349E12":96,"1.21103036E12":97,"1.211023487E12":57,"1.211029543E12":86,"1.211042091E12":223,"1.211034216E12":148,"1.211046266E12":259,"1.211044738E12":249,"1.211037352E12":172,"1.21104832E12":267,"1.211063712E12":324,"1.211039859E12":197,"1.211038067E12":180,"1.211018417E12":21,"1.21105279E12":302,"1.211032784E12":133,"1.211032957E12":136,"1.211046447E12":264,"1.21102955E12":87,"1.211025763E12":64,"1.211031052E12":107,"1.211029346E12":80,"1.211025199E12":61,"1.211026147E12":70,"1.21103176E12":118,"1.211030409E12":99,"1.211032747E12":131,"1.211018409E12":17,"1.211034831E12":150,"1.211031315E12":108,"1.211031938E12":119,"1.211032341E12":125,"1.211018491E12":28,"1.211038539E12":186,"1.211038559E12":187,"1.211121957E12":350,"1.211044394E12":243,"1.211040703E12":205,"1.211098531E12":347,"1.211030662E12":102,"1.21102344E12":56,"1.211074376E12":334,"1.211042337E12":233,"1.211032945E12":135,"1.211045319E12":251,"1.211031586E12":114,"1.211018512E12":30,"1.211040222E12":198,"1.211029568E12":88,"1.211033735E12":142,"1.211042393E12":235,"1.211046051E12":256,"1.211051844E12":298,"1.21104867E12":269,"1.211033987E12":143,"1.211051318E12":295,"1.211036406E12":159,"1.211040866E12":206,"1.21104132E12":216,"1.211036543E12":163,"1.211077029E12":338,"1.211040486E12":201,"1.211042245E12":226,"1.211018488E12":27,"1.211035566E12":154,"1.211036538E12":161,"1.211045446E12":252,"1.211027029E12":74,"1.211089799E12":343,"1.211030722E12":103,"1.211018454E12":23,"1.211026046E12":69,"1.211018991E12":41,"1.21106747E12":330,"1.211029942E12":91,"1.211038403E12":185,"1.211065221E12":327,"1.211051638E12":296,"1.211044463E12":244,"1.211033217E12":137,"1.211018515E12":32,"1.211063001E12":320,"1.211044042E12":238,"1.211018406E12":5,"1.211039237E12":190,"1.211063707E12":323,"1.211040867E12":207,"1.21103437E12":149,"1.211025945E12":66,"1.211030375E12":98,"1.211053205E12":305,"1.211041389E12":218,"1.211020865E12":46,"1.211042263E12":227,"1.211027568E12":77,"1.211041008E12":210,"1.211027583E12":78,"1.211046347E12":263,"1.211018994E12":42,"1.211040423E12":200,"1.211037264E12":169,"1.211063342E12":322,"1.211031746E12":117,"1.211018518E12":33,"1.21104424E12":240,"1.211032932E12":134,"1.211033285E12":139,"1.211031411E12":110,"1.211044468E12":245,"1.211041891E12":221,"1.211023762E12":59,"1.211037236E12":168,"1.211050383E12":286,"1.211038216E12":183,"1.211098956E12":349,"1.211098495E12":345,"1.211063117E12":321,"1.211044713E12":247,"1.211050624E12":287,"1.211042189E12":225,"1.211033338E12":140,"1.211040613E12":203,"1.211031547E12":113,"1.211021449E12":49,"1.211020947E12":47,"1.211018404E12":4,"1.211050338E12":284,"1.211042312E12":230,"1.211032395E12":126,"1.211046456E12":265,"1.211030472E12":100,"1.211030836E12":106,"1.211074305E12":333,"1.211020767E12":45,"1.211060439E12":314,"1.211030828E12":104,"1.211029407E12":83,"1.211039704E12":196,"1.211046236E12":258,"1.211038034E12":179,"1.211042268E12":228,"1.211029342E12":79,"1.21104425E12":241,"1.211035437E12":153,"1.211018521E12":35,"1.211041334E12":217,"1.211031649E12":115,"1.211051083E12":292,"1.211045286E12":250,"1.211040665E12":204,"1.211022607E12":53,"1.211026389E12":71,"1.211033989E12":144,"1.211037271E12":171,"1.211038108E12":181,"1.211037737E12":174,"1.211042319E12":231,"1.211030025E12":92,"1.21103674E12":165,"1.21105928E12":310,"1.211035745E12":155,"1.21104968E12":278,"1.211033997E12":145,"1.211035921E12":156,"1.211018853E12":36,"1.21102277E12":55,"1.211062177E12":318,"1.211098525E12":346,"1.211030834E12":105,"1.211018483E12":25,"1.211026506E12":73,"1.211018408E12":13,"1.211032727E12":129,"1.211089898E12":344,"1.211044003E12":236,"1.211049805E12":279,"1.211037887E12":177,"1.211039702E12":195,"1.211042086E12":222,"1.211049615E12":277,"1.211035957E12":158,"1.21106014E12":313,"1.211018968E12":39,"1.211059294E12":311,"1.211022594E12":52,"1.21103798E12":178,"1.211080188E12":341,"1.211059954E12":312,"1.21105305E12":303,"1.211057199E12":306,"1.211036472E12":160,"1.211018858E12":37,"1.211079926E12":340,"1.211018971E12":40,"1.211039689E12":194,"1.211058061E12":309,"1.21101846E12":24,"1.211061849E12":317,"1.211019189E12":44,"1.211040902E12":208,"1.211049817E12":280,"1.211022E12":51,"1.211045967E12":255,"1.211032282E12":124,"1.211044735E12":248,"1.211031413E12":111,"1.211050378E12":285,"1.211036539E12":162,"1.211029818E12":90,"1.211021956E12":50,"1.211061019E12":315,"1.211076089E12":337,"1.211038174E12":182,"1.211041419E12":219,"1.211064328E12":326,"1.211057515E12":308,"1.211042323E12":232,"1.211033253E12":138,"1.211046067E12":257,"1.211077043E12":339,"1.21106693E12":329,"1.211029373E12":81,"1.211037742E12":175,"1.211029381E12":82,"1.211057351E12":307,"1.211048922E12":270,"1.211018415E12":19,"1.211051101E12":293,"1.211046316E12":261,"1.211025966E12":68,"1.21105318E12":304,"1.211049882E12":281,"1.211018513E12":31,"1.211073485E12":332,"1.211041122E12":214,"1.211023489E12":58,"1.21108025E12":342,"1.211030621E12":101,"1.211030261E12":94,"1.211034199E12":147,"1.211045502E12":254,"1.211065235E12":328,"1.211035092E12":151,"1.211025281E12":62,"1.21104431E12":242,"1.211048927E12":271,"1.211031338E12":109,"1.211076081E12":336,"1.211029494E12":85,"1.211037843E12":176,"1.211040938E12":209,"1.211041249E12":215,"1.211030303E12":95,"1.211041113E12":213,"1.211039229E12":189,"1.211040525E12":202,"1.211098535E12":348,"1.211045461E12":253,"1.21104451E12":246,"1.211042281E12":229,"1.211027416E12":76,"1.211046332E12":262,"1.211050941E12":290,"1.211050638E12":288,"1.211048994E12":272,"1.2110297E12":89,"1.211050337E12":283,"1.211018485E12":26,"1.21101905E12":43,"1.211035349E12":152,"1.211037102E12":167,"1.211046298E12":260,"1.211032476E12":128,"1.211035924E12":157,"1.2110622E12":319,"1.211075571E12":335,"1.211051964E12":300,"1.211049244E12":275,"1.211061045E12":316,"1.211049188E12":273,"1.211029428E12":84,"1.211018413E12":18,"1.211049471E12":276,"1.211041103E12":211,"1.211037089E12":166,"1.211052023E12":301,"1.211050092E12":282,"1.211042096E12":224,"1.211051671E12":297,"1.211025086E12":60,"1.211032097E12":123,"1.21104235E12":234,"1.211031443E12":112,"1.211026505E12":72,"1.211032777E12":132,"1.211031723E12":116,"1.211039613E12":192,"1.211032039E12":121,"1.211051901E12":299,"1.211025963E12":67,"1.211040299E12":199,"1.21105114E12":294,"1.211073384E12":331,"1.211041104E12":212,"1.211032735E12":130,"1.211050673E12":289,"1.211032022E12":120,"1.211051059E12":291,"1.211022632E12":54,"1.211020997E12":48,"1.211038376E12":184,"1.211037587E12":173,"1.211018862E12":38,"1.211018407E12":9,"1.211041539E12":220,"1.211036545E12":164,"1.21103968E12":193,"1.211030188E12":93,"1.21103863E12":188,"1.211047923E12":266,"1.211025644E12":63,"1.211033581E12":141,"1.211064215E12":325,"1.211049194E12":274,"1.211044183E12":239,"1.211027034E12":75,"1.211025771E12":65,"1.211044041E12":237,"1.211034115E12":146,"1.211048517E12":268,"1.211039459E12":191,"1.21103206E12":122},"NUMBER_OF_PEOPLE":400,"minTimeSeen":1.211018404E12,"maxTimeSeen":1.211558405E12,"NEIGHBORHOOD_RADIUS":20.0,"ENCOUNTER_CHANCE":0.05,"priority":1.0,"duration":540001.0,"minutesDuration":9000.016666666666,"hoursDuration":150.00027777777777,"daysDuration":6.250011574074073}
