{"propagationData":{"1.211039441E12":73,"1.21106953E12":216,"1.211062438E12":196,"1.211037412E12":65,"1.211032705E12":34,"1.211035723E12":56,"1.211034491E12":48,"1.211042892E12":99,"1.211080489E12":226,"1.211036494E12":61,"1.211045433E12":118,"1.211030613E12":9,"1.211046795E12":129,"1.2110407E12":81,"1.211029803E12":3,"1.211044577E12":114,"1.21103238E12":32,"1.211064123E12":204,"1.211049821E12":146,"1.21103471E12":51,"1.21104249E12":96,"1.211088176E12":229,"1.211044002E12":107,"1.211044218E12":111,"1.211055442E12":167,"1.211031548E12":17,"1.211064148E12":205,"1.211062764E12":199,"1.211058904E12":187,"1.21109525E12":238,"1.211188236E12":247,"1.211030657E12":10,"1.211056545E12":175,"1.211045616E12":121,"1.211030818E12":12,"1.211058614E12":185,"1.211063978E12":203,"1.211030815E12":11,"1.211033115E12":39,"1.211058092E12":180,"1.211039528E12":75,"1.211030902E12":14,"1.211047473E12":132,"1.211043043E12":101,"1.21107032E12":218,"1.211064486E12":208,"1.211042504E12":97,"1.211070344E12":219,"1.211041556E12":88,"1.211042921E12":100,"1.211036277E12":58,"1.211032318E12":31,"1.21105902E12":190,"1.211058589E12":182,"1.211055565E12":168,"1.211073392E12":223,"1.211034877E12":53,"1.211032964E12":38,"1.211056028E12":173,"1.211054365E12":157,"1.211049062E12":136,"1.211188286E12":248,"1.211036295E12":59,"1.211039203E12":71,"1.211051463E12":148,"1.211059248E12":194,"1.211074395E12":224,"1.211047465E12":131,"1.211043211E12":104,"1.211040495E12":79,"1.211051985E12":151,"1.211096942E12":240,"1.211039608E12":77,"1.211054829E12":159,"1.211059101E12":191,"1.211044421E12":113,"1.211056166E12":174,"1.211033161E12":41,"1.211097016E12":241,"1.211097056E12":243,"1.211044631E12":115,"1.211041695E12":89,"1.21104424E12":112,"1.211040825E12":84,"1.211049016E12":135,"1.211049266E12":139,"1.211038359E12":69,"1.211029817E12":4,"1.211053072E12":153,"1.211047377E12":130,"1.211222352E12":251,"1.211034541E12":49,"1.211031066E12":15,"1.211059238E12":193,"1.211041551E12":87,"1.211052449E12":152,"1.21105917E12":192,"1.211042147E12":93,"1.211031946E12":22,"1.211055223E12":164,"1.211095229E12":235,"1.211018404E12":1,"1.211045611E12":120,"1.211030889E12":13,"1.211080575E12":227,"1.21103368E12":43,"1.211044023E12":108,"1.21107339E12":222,"1.211032252E12":30,"1.211045658E12":122,"1.21103202E12":24,"1.211030598E12":8,"1.211059542E12":195,"1.211188086E12":246,"1.211037218E12":64,"1.211042451E12":94,"1.211042516E12":98,"1.211039614E12":78,"1.211046596E12":125,"1.211033148E12":40,"1.211500458E12":255,"1.211030215E12":5,"1.211058593E12":183,"1.211067701E12":211,"1.211056928E12":179,"1.211088204E12":230,"1.211043201E12":102,"1.211495439E12":252,"1.21104383E12":105,"1.211040533E12":80,"1.211073346E12":221,"1.211056554E12":176,"1.21105894E12":188,"1.211056919E12":177,"1.211032727E12":35,"1.211095234E12":236,"1.211048972E12":133,"1.211058533E12":181,"1.211031623E12":18,"1.211032736E12":36,"1.211097029E12":242,"1.211088263E12":232,"1.211088209E12":231,"1.211064574E12":209,"1.211053149E12":154,"1.211058956E12":189,"1.211054944E12":161,"1.211037665E12":67,"1.211037658E12":66,"1.21107024E12":217,"1.211067464E12":210,"1.211095227E12":234,"1.211058848E12":186,"1.211041366E12":86,"1.2110627E12":198,"1.211049325E12":141,"1.21149554E12":253,"1.211034789E12":52,"1.211041809E12":91,"1.211054985E12":162,"1.21105505E12":163,"1.211031626E12":19,"1.211045506E12":119,"1.211031953E12":23,"1.211036326E12":60,"1.211039126E12":70,"1.211049333E12":142,"1.21106248E12":197,"1.211055596E12":169,"1.211067712E12":213,"1.211031821E12":20,"1.211046792E12":128,"1.211097137E12":244,"1.211046702E12":126,"1.211088522E12":233,"1.21105579E12":171,"1.211045425E12":117,"1.211062985E12":202,"1.211037103E12":62,"1.211032193E12":29,"1.211030527E12":7,"1.211039442E12":74,"1.211053192E12":155,"1.21105543E12":166,"1.211055236E12":165,"1.211049834E12":147,"1.211046408E12":124,"1.211046232E12":123,"1.211054481E12":158,"1.211055855E12":172,"1.211049362E12":144,"1.211044024E12":109,"1.211054925E12":160,"1.211044191E12":110,"1.211033988E12":45,"1.211069233E12":215,"1.211039427E12":72,"1.211051961E12":149,"1.211049359E12":143,"1.211495788E12":254,"1.211034124E12":46,"1.211053492E12":156,"1.211043203E12":103,"1.211056924E12":178,"1.211062944E12":200,"1.211048994E12":134,"1.211055601E12":170,"1.211051981E12":150,"1.211222338E12":250,"1.211033398E12":42,"1.211033833E12":44,"1.211049119E12":137,"1.211049287E12":140,"1.21103958E12":76,"1.211096897E12":239,"1.211042457E12":95,"1.211070769E12":220,"1.211501638E12":256,"1.211031941E12":21,"1.211080689E12":228,"1.211049181E12":138,"1.211097171E12":245,"1.211035202E12":55,"1.211032166E12":28,"1.211049397E12":145,"1.211062971E12":201,"1.211221602E12":249,"1.211074554E12":225,"1.211034576E12":50,"1.211043913E12":106,"1.211037145E12":63,"1.211036108E12":57,"1.211040761E12":83,"1.211046782E12":127,"1.211032022E12":25,"1.211041192E12":85,"1.211023456E12":2,"1.211045205E12":116,"1.2110417E12":90,"1.211034969E12":54,"1.211032042E12":26,"1.211032385E12":33,"1.211040746E12":82,"1.21103793E12":68,"1.211067706E12":212,"1.211034137E12":47,"1.211064453E12":206,"1.211030503E12":6,"1.211031405E12":16,"1.211064483E12":207,"1.21103206E12":27},"NUMBER_OF_PEOPLE":400,"minTimeSeen":1.211018404E12,"maxTimeSeen":1.211558405E12,"NEIGHBORHOOD_RADIUS":20.0,"ENCOUNTER_CHANCE":0.05,"priority":1.0,"duration":540001.0,"minutesDuration":9000.016666666666,"hoursDuration":150.00027777777777,"daysDuration":6.250011574074073}
