{"propagationData":{"1.21102578E12":10,"1.21104591E12":221,"1.211026418E12":23,"1.211031828E12":69,"1.211047402E12":235,"1.211075388E12":325,"1.211304301E12":391,"1.211044489E12":209,"1.211032106E12":77,"1.211040075E12":170,"1.211055319E12":273,"1.211033072E12":93,"1.211032114E12":78,"1.211070126E12":317,"1.2110514E12":256,"1.211029803E12":50,"1.211025866E12":14,"1.211044039E12":200,"1.211057285E12":282,"1.211046325E12":225,"1.211179344E12":389,"1.211051338E12":254,"1.211101554E12":365,"1.211028836E12":42,"1.211041728E12":185,"1.211045297E12":216,"1.211038118E12":157,"1.211047586E12":237,"1.211045312E12":217,"1.211080886E12":338,"1.211139034E12":383,"1.211053262E12":265,"1.211040229E12":173,"1.211315217E12":392,"1.211037282E12":142,"1.211134132E12":379,"1.211034942E12":116,"1.211043818E12":198,"1.211048563E12":245,"1.211018931E12":2,"1.211032475E12":84,"1.21104523E12":214,"1.211025854E12":13,"1.211042097E12":190,"1.211034225E12":106,"1.211027627E12":31,"1.211031645E12":65,"1.211055724E12":276,"1.211032269E12":79,"1.211084966E12":341,"1.211028153E12":33,"1.211034479E12":109,"1.211048766E12":247,"1.211032274E12":80,"1.211031702E12":66,"1.211046603E12":230,"1.211037202E12":140,"1.211028766E12":39,"1.211031724E12":67,"1.211057609E12":283,"1.211037555E12":146,"1.211040927E12":178,"1.211065453E12":314,"1.211100057E12":364,"1.211093107E12":353,"1.211040113E12":171,"1.21105948E12":288,"1.211137286E12":380,"1.211054844E12":271,"1.211111828E12":370,"1.211040186E12":172,"1.211095212E12":358,"1.211043436E12":194,"1.211040727E12":176,"1.211040021E12":169,"1.21104406E12":202,"1.211047381E12":234,"1.211041359E12":181,"1.211018404E12":1,"1.211056E12":279,"1.211152655E12":386,"1.211037945E12":153,"1.21117917E12":388,"1.211028182E12":34,"1.21103026E12":55,"1.211042844E12":192,"1.211046505E12":228,"1.211098153E12":362,"1.211019061E12":3,"1.211037639E12":148,"1.21103667E12":135,"1.211045251E12":215,"1.211035477E12":122,"1.211029489E12":47,"1.211051856E12":258,"1.211032883E12":89,"1.211036842E12":136,"1.211034791E12":115,"1.211030711E12":61,"1.211036407E12":132,"1.211029564E12":49,"1.211027796E12":32,"1.211039006E12":165,"1.211032756E12":86,"1.211060508E12":294,"1.211047604E12":238,"1.211047753E12":240,"1.211029813E12":51,"1.211060875E12":297,"1.211019129E12":4,"1.211077325E12":330,"1.211043576E12":196,"1.211096377E12":360,"1.211061234E12":302,"1.211028813E12":40,"1.211040542E12":175,"1.211052789E12":260,"1.211055394E12":274,"1.211036884E12":138,"1.21102823E12":36,"1.211028854E12":43,"1.211052985E12":262,"1.211093926E12":357,"1.211025615E12":9,"1.211053165E12":264,"1.211043807E12":197,"1.211073934E12":322,"1.211093152E12":355,"1.211027067E12":26,"1.211087743E12":349,"1.211026778E12":25,"1.211036899E12":139,"1.21104444E12":208,"1.211031953E12":75,"1.211044056E12":201,"1.211080249E12":333,"1.211053434E12":268,"1.211028476E12":38,"1.211080633E12":335,"1.211054355E12":270,"1.211049364E12":248,"1.211026227E12":18,"1.211035665E12":123,"1.211062217E12":305,"1.21104559E12":219,"1.211070918E12":318,"1.211031891E12":70,"1.211033802E12":101,"1.211033898E12":102,"1.211050573E12":250,"1.211028827E12":41,"1.211030247E12":54,"1.21102644E12":24,"1.211029153E12":46,"1.211064287E12":310,"1.21103496E12":117,"1.211043453E12":195,"1.211126032E12":374,"1.21105132E12":253,"1.211030306E12":57,"1.211054863E12":272,"1.211033397E12":97,"1.211047036E12":232,"1.211047827E12":242,"1.211046041E12":222,"1.211037272E12":141,"1.211047313E12":233,"1.211035057E12":120,"1.211025789E12":11,"1.211059723E12":290,"1.211037507E12":143,"1.211078052E12":331,"1.211116634E12":372,"1.21105172E12":257,"1.211068185E12":316,"1.211030714E12":62,"1.211034594E12":113,"1.211033185E12":96,"1.211092194E12":352,"1.211093704E12":356,"1.211064795E12":313,"1.211026066E12":17,"1.211031941E12":73,"1.211042621E12":191,"1.211053362E12":267,"1.211051909E12":259,"1.211096704E12":361,"1.21105574E12":277,"1.211178405E12":387,"1.211040457E12":174,"1.211038595E12":160,"1.211032984E12":91,"1.211036084E12":129,"1.211032833E12":87,"1.211091466E12":351,"1.211076086E12":327,"1.211033129E12":95,"1.211029017E12":45,"1.211057192E12":281,"1.211071563E12":319,"1.211050673E12":252,"1.211031638E12":64,"1.21105866E12":284,"1.21103795E12":154,"1.211041019E12":180,"1.211064767E12":312,"1.211032466E12":83,"1.211027479E12":30,"1.211035721E12":124,"1.211037585E12":147,"1.211034522E12":110,"1.211033461E12":98,"1.21105063E12":251,"1.211039818E12":168,"1.211038022E12":156,"1.211048543E12":244,"1.211127893E12":375,"1.211039463E12":167,"1.211087114E12":347,"1.211037937E12":152,"1.211034343E12":107,"1.211061027E12":299,"1.211033755E12":99,"1.211030095E12":53,"1.211053476E12":269,"1.211032891E12":90,"1.211031938E12":71,"1.211061006E12":298,"1.211034741E12":114,"1.211045605E12":220,"1.211028353E12":37,"1.211019232E12":5,"1.211035802E12":125,"1.211116737E12":373,"1.211027398E12":28,"1.211047425E12":236,"1.21106439E12":311,"1.211040993E12":179,"1.211033969E12":103,"1.211035929E12":128,"1.211033122E12":94,"1.21108086E12":337,"1.211027448E12":29,"1.211075824E12":326,"1.211025958E12":15,"1.211030685E12":60,"1.21103288E12":88,"1.211044872E12":211,"1.211061218E12":301,"1.211058821E12":285,"1.211025995E12":16,"1.211037792E12":150,"1.211098746E12":363,"1.211035823E12":126,"1.211032312E12":81,"1.211086466E12":346,"1.211029519E12":48,"1.21105921E12":286,"1.211028882E12":44,"1.211026269E12":20,"1.21104437E12":207,"1.211034575E12":112,"1.211080847E12":336,"1.211035462E12":121,"1.211035016E12":118,"1.211038915E12":163,"1.211034079E12":104,"1.211062132E12":304,"1.211085241E12":344,"1.211044237E12":204,"1.211044249E12":205,"1.211044583E12":210,"1.211046363E12":227,"1.211115747E12":371,"1.211084987E12":342,"1.211030416E12":58,"1.2110567E12":280,"1.21104854E12":243,"1.211031946E12":74,"1.211046627E12":231,"1.211034218E12":105,"1.211027207E12":27,"1.211062357E12":307,"1.211046515E12":229,"1.211093145E12":354,"1.211037819E12":151,"1.211048758E12":246,"1.211030676E12":59,"1.211047713E12":239,"1.211129131E12":376,"1.211067648E12":315,"1.211026263E12":19,"1.211044884E12":212,"1.211222354E12":390,"1.211055874E12":278,"1.211062331E12":306,"1.211138491E12":382,"1.211087536E12":348,"1.211104206E12":369,"1.211102494E12":367,"1.211035921E12":127,"1.211085135E12":343,"1.211031939E12":72,"1.2110282E12":35,"1.211060155E12":291,"1.21103752E12":144,"1.21107205E12":321,"1.211036867E12":137,"1.211030274E12":56,"1.211025823E12":12,"1.211053069E12":263,"1.211033014E12":92,"1.211052957E12":261,"1.211104045E12":368,"1.21104149E12":182,"1.21104614E12":223,"1.21104426E12":206,"1.211041549E12":184,"1.211055538E12":275,"1.211036175E12":130,"1.211038992E12":164,"1.211049452E12":249,"1.21104417E12":203,"1.211060608E12":296,"1.211045559E12":218,"1.211025452E12":8,"1.211071582E12":320,"1.211032721E12":85,"1.211039406E12":166,"1.211037958E12":155,"1.211147433E12":385,"1.211076654E12":328,"1.21105335E12":266,"1.21107673E12":329,"1.211037547E12":145,"1.211042955E12":193,"1.21103645E12":133,"1.211131194E12":378,"1.211088941E12":350,"1.211061046E12":300,"1.211074517E12":324,"1.211034564E12":111,"1.211032383E12":82,"1.211036474E12":134,"1.211080135E12":332,"1.211131176E12":377,"1.211026349E12":22,"1.211036211E12":131,"1.211038165E12":159,"1.211064243E12":309,"1.211030069E12":52,"1.211044933E12":213,"1.211041546E12":183,"1.211061828E12":303,"1.211042031E12":188,"1.211035017E12":119,"1.211033782E12":100,"1.211047796E12":241,"1.211095744E12":359,"1.211038744E12":161,"1.211101924E12":366,"1.211064161E12":308,"1.21103764E12":149,"1.211084797E12":339,"1.2110803E12":334,"1.211038144E12":158,"1.211046351E12":226,"1.211059692E12":289,"1.2110388E12":162,"1.21106045E12":293,"1.211041789E12":186,"1.211074119E12":323,"1.211042067E12":189,"1.211044004E12":199,"1.21103076E12":63,"1.211041827E12":187,"1.211025408E12":7,"1.21105138E12":255,"1.21105946E12":287,"1.211023937E12":6,"1.211046247E12":224,"1.211146756E12":384,"1.211040905E12":177,"1.211085272E12":345,"1.211031995E12":76,"1.21106057E12":295,"1.211084811E12":340,