{"propagationData":{"1.211057448E12":210,"1.21104591E12":116,"1.211240594E12":318,"1.211054377E12":187,"1.21104221E12":73,"1.21105076E12":161,"1.211053946E12":183,"1.211042145E12":69,"1.211453875E12":321,"1.21102858E12":11,"1.211071189E12":284,"1.211058574E12":218,"1.211062435E12":251,"1.211050371E12":154,"1.211063651E12":257,"1.211040894E12":47,"1.211026413E12":5,"1.211048219E12":142,"1.211042301E12":76,"1.211041751E12":61,"1.211042088E12":68,"1.211044439E12":99,"1.211049177E12":147,"1.211069943E12":278,"1.211025636E12":3,"1.211031429E12":27,"1.211026555E12":6,"1.211044039E12":95,"1.211060986E12":238,"1.211046852E12":128,"1.211240625E12":319,"1.211041459E12":56,"1.211053013E12":176,"1.211042295E12":75,"1.21104515E12":106,"1.211042401E12":80,"1.211028932E12":16,"1.211047436E12":131,"1.211050899E12":164,"1.21106994E12":277,"1.211062165E12":247,"1.211046021E12":117,"1.211040359E12":39,"1.211067221E12":263,"1.211045889E12":115,"1.211225076E12":306,"1.211030629E12":23,"1.211071818E12":287,"1.211028604E12":13,"1.211061443E12":241,"1.211041584E12":59,"1.211053976E12":185,"1.211038911E12":30,"1.211067345E12":267,"1.21103074E12":24,"1.211043605E12":93,"1.211046845E12":127,"1.211046957E12":129,"1.211047672E12":133,"1.211224875E12":304,"1.211066979E12":259,"1.211058706E12":220,"1.211030421E12":22,"1.211050933E12":165,"1.211044082E12":97,"1.211040841E12":46,"1.211067163E12":262,"1.21105596E12":200,"1.211073087E12":291,"1.211043098E12":85,"1.211054471E12":189,"1.211059574E12":225,"1.211058768E12":221,"1.211056756E12":202,"1.211465751E12":322,"1.211057253E12":207,"1.211063586E12":256,"1.21105546E12":195,"1.211039726E12":33,"1.211067285E12":266,"1.211045712E12":113,"1.211039942E12":38,"1.211050794E12":163,"1.211038635E12":29,"1.211047805E12":138,"1.211051122E12":166,"1.211050477E12":156,"1.21107182E12":288,"1.211046459E12":124,"1.211071643E12":286,"1.211068723E12":275,"1.211055373E12":193,"1.211068494E12":273,"1.211041752E12":62,"1.211043089E12":84,"1.211049467E12":150,"1.211051229E12":167,"1.211059036E12":222,"1.211056226E12":201,"1.211060914E12":236,"1.211042839E12":81,"1.211046323E12":121,"1.211060099E12":230,"1.211043211E12":88,"1.211041491E12":57,"1.211063349E12":253,"1.211070613E12":280,"1.211057378E12":208,"1.211041763E12":63,"1.211047612E12":132,"1.211227529E12":309,"1.211045105E12":104,"1.211044566E12":100,"1.211057409E12":209,"1.21105149E12":171,"1.211053483E12":179,"1.211058701E12":219,"1.211057572E12":213,"1.211031037E12":26,"1.21105691E12":203,"1.211049196E12":148,"1.211042185E12":71,"1.211060138E12":231,"1.211044072E12":96,"1.21105257E12":174,"1.211042017E12":67,"1.211233798E12":315,"1.211073582E12":296,"1.211048818E12":144,"1.211062402E12":250,"1.211052573E12":175,"1.211060595E12":234,"1.21104906E12":146,"1.211045434E12":108,"1.211060942E12":237,"1.211050365E12":153,"1.211069376E12":276,"1.21106161E12":242,"1.211045457E12":109,"1.211028196E12":8,"1.211059576E12":226,"1.211042972E12":83,"1.211063462E12":254,"1.211060273E12":233,"1.211018404E12":1,"1.211047751E12":137,"1.211054935E12":191,"1.211053255E12":177,"1.211062292E12":248,"1.211027712E12":7,"1.211050336E12":152,"1.211232715E12":312,"1.211039264E12":31,"1.211055695E12":199,"1.211041237E12":55,"1.211061367E12":239,"1.211043538E12":92,"1.211039757E12":35,"1.211048522E12":143,"1.211051596E12":172,"1.211053967E12":184,"1.211225022E12":305,"1.211042847E12":82,"1.211048191E12":141,"1.211067348E12":268,"1.211040749E12":43,"1.211067118E12":261,"1.211028297E12":9,"1.211050704E12":160,"1.211074915E12":302,"1.211465765E12":323,"1.211041903E12":66,"1.211046139E12":119,"1.2110386E12":28,"1.211074969E12":303,"1.211043124E12":86,"1.211059063E12":224,"1.211019273E12":2,"1.211074884E12":301,"1.211062486E12":252,"1.211040477E12":41,"1.211067284E12":265,"1.211029257E12":19,"1.211046395E12":122,"1.211043518E12":91,"1.211039612E12":32,"1.21105826E12":217,"1.211045475E12":111,"1.211041109E12":50,"1.211068699E12":274,"1.211047704E12":134,"1.211058052E12":215,"1.211055462E12":196,"1.211061895E12":246,"1.211057107E12":205,"1.21105988E12":228,"1.211047732E12":135,"1.211047738E12":136,"1.211041177E12":54,"1.21105124E12":168,"1.211042314E12":77,"1.211057478E12":211,"1.211051394E12":169,"1.211043682E12":94,"1.211050592E12":159,"1.211053894E12":182,"1.21104093E12":48,"1.211040722E12":42,"1.211050775E12":162,"1.211240163E12":317,"1.211073293E12":293,"1.211067051E12":260,"1.211041161E12":52,"1.211045514E12":112,"1.211053523E12":181,"1.211043138E12":87,"1.211048839E12":145,"1.211070903E12":282,"1.211067996E12":272,"1.21103986E12":36,"1.211074657E12":298,"1.211042173E12":70,"1.211028514E12":10,"1.211059049E12":223,"1.211054853E12":190,"1.211045134E12":105,"1.211042204E12":72,"1.211044735E12":102,"1.21107281E12":290,"1.21104661E12":125,"1.211042399E12":79,"1.211050378E12":155,"1.21106795E12":271,"1.211053277E12":178,"1.211050517E12":157,"1.211070866E12":281,"1.211041515E12":58,"1.211050308E12":151,"1.211052315E12":173,"1.21104468E12":101,"1.21103077E12":25,"1.211055656E12":198,"1.211044127E12":98,"1.211232462E12":310,"1.211041112E12":51,"1.211029807E12":21,"1.211049239E12":149,"1.211046316E12":120,"1.211067242E12":264,"1.211232473E12":311,"1.211226362E12":307,"1.211067885E12":270,"1.211072767E12":289,"1.211041833E12":64,"1.211073224E12":292,"1.2110624E12":249,"1.211233681E12":313,"1.211055539E12":197,"1.211042225E12":74,"1.211028822E12":14,"1.21105778E12":214,"1.211071146E12":283,"1.211041088E12":49,"1.211048104E12":140,"1.211058101E12":216,"1.211043478E12":90,"1.21107478E12":300,"1.211039919E12":37,"1.211055265E12":192,"1.211233808E12":316,"1.211056924E12":204,"1.211041686E12":60,"1.211061736E12":244,"1.21107476E12":299,"1.211050536E12":158,"1.211029715E12":20,"1.211046837E12":126,"1.211054359E12":186,"1.211063494E12":255,"1.211046422E12":123,"1.211070072E12":279,"1.211055447E12":194,"1.211054391E12":188,"1.211071439E12":285,"1.21104046E12":40,"1.211073331E12":295,"1.21104327E12":89,"1.211243155E12":320,"1.211063655E12":258,"1.211061752E12":245,"1.211039746E12":34,"1.211060075E12":229,"1.211074506E12":297,"1.211061668E12":243,"1.211025807E12":4,"1.211028591E12":12,"1.211045465E12":110,"1.211045713E12":114,"1.211059735E12":227,"1.211067523E12":269,"1.211046078E12":118,"1.211040761E12":44,"1.211029255E12":18,"1.211057178E12":206,"1.21102889E12":15,"1.211045072E12":103,"1.211040773E12":45,"1.211051417E12":170,"1.211041836E12":65,"1.211047361E12":130,"1.211041165E12":53,"1.211060152E12":232,"1.211233682E12":314,"1.211028989E12":17,"1.21105754E12":212,"1.211073324E12":294,"1.211061411E12":240,"1.211047833E12":139,"1.211060871E12":235,"1.211227167E12":308,"1.211045222E12":107},"NUMBER_OF_PEOPLE":400,"minTimeSeen":1.211018404E12,"maxTimeSeen":1.211558405E12,"NEIGHBORHOOD_RADIUS":20.0,"ENCOUNTER_CHANCE":0.05,"priority":1.0,"duration":540001.0,"minutesDuration":9000.016666666666,"hoursDuration":150.00027777777777,"daysDuration":6.250011574074073}
