{"propagationData":{"1.211050501E12":235,"1.21104991E12":227,"1.211044135E12":132,"1.211056763E12":279,"1.211042514E12":117,"1.211038708E12":67,"1.211046134E12":174,"1.211035078E12":31,"1.211043235E12":125,"1.211040714E12":82,"1.21104227E12":111,"1.211044525E12":146,"1.211039756E12":72,"1.211034297E12":16,"1.211045458E12":165,"1.211046646E12":186,"1.211036071E12":38,"1.211046768E12":187,"1.211042379E12":114,"1.21105598E12":275,"1.211054595E12":268,"1.211130587E12":373,"1.211200337E12":385,"1.211058876E12":290,"1.211048648E12":212,"1.211041776E12":104,"1.211057791E12":286,"1.211068735E12":315,"1.211037985E12":60,"1.21104443E12":143,"1.211094794E12":359,"1.211088386E12":354,"1.211043503E12":126,"1.211040592E12":79,"1.21105279E12":251,"1.211081012E12":337,"1.211035081E12":32,"1.211061388E12":302,"1.211041708E12":101,"1.211068706E12":314,"1.211064853E12":309,"1.211049042E12":216,"1.21103716E12":50,"1.211044574E12":148,"1.211046302E12":179,"1.211065004E12":310,"1.211042083E12":108,"1.211406059E12":389,"1.211053276E12":256,"1.211085505E12":349,"1.211053641E12":261,"1.211056895E12":280,"1.211097465E12":364,"1.211025493E12":7,"1.211040522E12":77,"1.211034253E12":15,"1.21104166E12":100,"1.211037756E12":55,"1.211042906E12":121,"1.21104058E12":78,"1.211034349E12":18,"1.211043776E12":129,"1.211047557E12":199,"1.211040624E12":81,"1.211042909E12":122,"1.211044873E12":153,"1.211067655E12":312,"1.211053527E12":260,"1.211036655E12":43,"1.211059859E12":293,"1.211040471E12":75,"1.211038949E12":68,"1.211057692E12":285,"1.211037107E12":47,"1.211080158E12":335,"1.211054462E12":265,"1.211076352E12":333,"1.211161964E12":382,"1.211071324E12":323,"1.211046098E12":172,"1.211051935E12":243,"1.211047734E12":205,"1.211034346E12":17,"1.211104462E12":368,"1.211045203E12":158,"1.211175482E12":384,"1.211082536E12":339,"1.211074024E12":327,"1.211049148E12":217,"1.211060108E12":295,"1.211040758E12":84,"1.211059864E12":294,"1.21105738E12":284,"1.211042684E12":118,"1.211046441E12":183,"1.211137809E12":377,"1.21106077E12":298,"1.211053417E12":258,"1.211131588E12":374,"1.211068695E12":313,"1.211047702E12":204,"1.211034688E12":23,"1.211055623E12":274,"1.21104437E12":140,"1.211047143E12":192,"1.211049733E12":224,"1.211049226E12":218,"1.211040615E12":80,"1.211034355E12":19,"1.211043189E12":124,"1.211095818E12":360,"1.211049809E12":226,"1.21104484E12":151,"1.211046317E12":180,"1.211127682E12":372,"1.211041837E12":105,"1.211048773E12":214,"1.211044558E12":147,"1.211134363E12":375,"1.211087827E12":352,"1.211037951E12":58,"1.211136184E12":376,"1.211056922E12":281,"1.211042971E12":123,"1.21103548E12":35,"1.211074155E12":328,"1.211067314E12":311,"1.211057832E12":287,"1.211047562E12":201,"1.211047362E12":195,"1.211060135E12":296,"1.211101521E12":367,"1.211053654E12":262,"1.211097445E12":363,"1.211085893E12":350,"1.211063752E12":308,"1.211051973E12":244,"1.211058398E12":288,"1.211079218E12":334,"1.211088691E12":355,"1.211074505E12":332,"1.211073242E12":325,"1.211034412E12":20,"1.211045906E12":171,"1.211044468E12":145,"1.211047591E12":202,"1.211063735E12":307,"1.211096267E12":362,"1.211045381E12":163,"1.211127303E12":371,"1.211047377E12":196,"1.211052356E12":248,"1.21122887E12":386,"1.211018464E12":2,"1.211139391E12":378,"1.211073887E12":326,"1.211054513E12":267,"1.211081964E12":338,"1.211074458E12":331,"1.211036535E12":40,"1.211044181E12":133,"1.211041158E12":92,"1.211051999E12":245,"1.211050426E12":233,"1.211018404E12":1,"1.211046781E12":188,"1.211039623E12":71,"1.211053409E12":257,"1.211071075E12":319,"1.211044326E12":139,"1.211053154E12":254,"1.21105639E12":278,"1.211091592E12":356,"1.211034485E12":21,"1.211035926E12":37,"1.211096117E12":361,"1.211037864E12":56,"1.211042062E12":107,"1.211042847E12":120,"1.211045688E12":168,"1.211038468E12":64,"1.211036469E12":39,"1.211094651E12":358,"1.211053238E12":255,"1.211045286E12":161,"1.211070725E12":318,"1.21104767E12":203,"1.211038527E12":65,"1.21104813E12":209,"1.211047934E12":208,"1.21103424E12":13,"1.211056016E12":276,"1.21107125E12":320,"1.211037595E12":53,"1.211042487E12":116,"1.211042113E12":109,"1.211052946E12":252,"1.211042765E12":119,"1.211040351E12":73,"1.211044241E12":135,"1.211041719E12":102,"1.211049482E12":220,"1.211040797E12":85,"1.211038999E12":69,"1.211040865E12":88,"1.211044436E12":144,"1.211045128E12":155,"1.211047484E12":197,"1.211045416E12":164,"1.211034841E12":27,"1.211041851E12":106,"1.211049637E12":222,"1.211040985E12":90,"1.211034153E12":10,"1.211038651E12":66,"1.211044032E12":130,"1.211044418E12":141,"1.211046976E12":191,"1.211036877E12":45,"1.211092092E12":357,"1.211045211E12":159,"1.211040947E12":89,"1.211023542E12":5,"1.211048564E12":210,"1.211034811E12":25,"1.211043583E12":127,"1.211071311E12":321,"1.211034127E12":9,"1.211034814E12":26,"1.211046105E12":173,"1.211046926E12":190,"1.211046185E12":176,"1.211024147E12":6,"1.211058964E12":292,"1.211053523E12":259,"1.211049937E12":228,"1.211039462E12":70,"1.211051048E12":237,"1.211041323E12":96,"1.21103454E12":22,"1.211038363E12":62,"1.211049767E12":225,"1.211037912E12":57,"1.211074388E12":330,"1.211083558E12":341,"1.211071908E12":324,"1.211260594E12":388,"1.211040844E12":87,"1.211056286E12":277,"1.211037594E12":52,"1.211042376E12":113,"1.211068837E12":317,"1.211050143E12":229,"1.211041374E12":97,"1.211160692E12":381,"1.211034931E12":28,"1.211044275E12":137,"1.211061232E12":300,"1.211044924E12":154,"1.21110143E12":366,"1.211084979E12":343,"1.211062348E12":305,"1.211051771E12":241,"1.211060387E12":297,"1.211068752E12":316,"1.211048638E12":211,"1.21103425E12":14,"1.211055014E12":270,"1.211037131E12":48,"1.211037142E12":49,"1.211046575E12":185,"1.21104692E12":189,"1.211054889E12":269,"1.211041515E12":99,"1.211045669E12":167,"1.21104468E12":149,"1.211019726E12":3,"1.211085152E12":347,"1.211044696E12":150,"1.211045734E12":170,"1.211034809E12":24,"1.211042258E12":110,"1.211085284E12":348,"1.211047561E12":200,"1.211034159E12":11,"1.211045641E12":166,"1.211044869E12":152,"1.211052238E12":247,"1.211080966E12":336,"1.21104072E12":83,"1.211049667E12":223,"1.211061694E12":304,"1.211046208E12":177,"1.211141898E12":380,"1.211050148E12":230,"1.211167581E12":383,"1.211057018E12":282,"1.211140944E12":379,"1.211047853E12":206,"1.211047503E12":198,"1.21103495E12":29,"1.211054497E12":266,"1.211044115E12":131,"1.211052741E12":249,"1.211036908E12":46,"1.211237281E12":387,"1.211041322E12":95,"1.211036611E12":42,"1.211126081E12":370,"1.211036542E12":41,"1.211055598E12":273,"1.211053935E12":263,"1.211047319E12":194,"1.211043652E12":128,"1.21104121E12":93,"1.211052153E12":246,"1.211084991E12":344,"1.211049389E12":219,"1.211099905E12":365,"1.21103797E12":59,"1.211041414E12":98,"1.21104229E12":112,"1.211058727E12":289,"1.211083455E12":340,"1.211049569E12":221,"1.211041062E12":91,"1.211037212E12":51,"1.211050484E12":234,"1.211048677E12":213,"1.211034212E12":12,"1.211055035E12":271,"1.211046318E12":181,"1.211044248E12":136,"1.211126047E12":369,"1.211042435E12":115,"1.211061291E12":301,"1.211048817E12":215,"1.21105015E12":231,"1.211047858E12":207,"1.211035009E12":30,"1.211035154E12":34,"1.21104442E12":142,"1.211046341E12":182,"1.21107417E12":329,"1.211038402E12":63,"1.211036673E12":44,"1.211061202E12":299,"1.211057193E12":283,"1.211045719E12":169,"1.211045188E12":157,"1.211041768E12":103,"1.211051926E12":242,"1.211040519E12":76,"1.21104513E12":156,"1.211052983E12":253,"1.211051056E12":238,"1.211088066E12":353,"1.211037634E12":54,"1.211045257E12":160,"1.211055159E12":272,"1.211041264E12":94,"1.211051219E12":239,"1.211038162E12":61,"1.211046159E12":175,"1.211050233E12":232,"1.211040404E12":74,"1.211051713E12":240,"1.211052778E12":250,"1.211040812E12":86,"1.211023315E12":4,"1.211047163E12":193,"1.211044325E12":138,"1.21105889E12":291,"1.211054174E12":264,"1.211084971E12":342,"1.211063715E12":306,"1.211050735E12":236,"1.211085929E12":351,"1.211034125E12":8,"1.211045327E12":162,"1.21107132E12":322,"1.211035695E12":36,"1.211061507E12":303,"1.211085113E12":346},"NUMBER_OF_PEOPLE":400,"minTimeSeen":1.211018404E12,