{"propagationData":{"1.211022143E12":57,"1.21102334E12":66,"1.211035291E12":177,"1.211044008E12":248,"1.211041534E12":242,"1.211019953E12":35,"1.211019497E12":29,"1.211037412E12":207,"1.211030174E12":121,"1.211035799E12":186,"1.211056733E12":287,"1.211025967E12":79,"1.211032436E12":151,"1.211076574E12":328,"1.211060495E12":303,"1.21102938E12":110,"1.211033007E12":160,"1.211035873E12":188,"1.211063712E12":315,"1.211027875E12":94,"1.211026619E12":87,"1.211023215E12":65,"1.211048648E12":273,"1.211039652E12":231,"1.21103706E12":200,"1.211028638E12":102,"1.211018792E12":20,"1.211021875E12":56,"1.211018416E12":13,"1.211037299E12":203,"1.211035876E12":189,"1.211030456E12":132,"1.21101921E12":26,"1.211036575E12":195,"1.211031591E12":146,"1.211025817E12":78,"1.211023953E12":72,"1.211019799E12":33,"1.211018409E12":8,"1.211019931E12":34,"1.211026992E12":90,"1.211035524E12":182,"1.211061947E12":307,"1.21102408E12":73,"1.211030523E12":136,"1.211231106E12":342,"1.211040703E12":234,"1.211045085E12":255,"1.211019053E12":24,"1.211035527E12":183,"1.211075807E12":323,"1.211026017E12":80,"1.211045856E12":264,"1.211039366E12":226,"1.211020284E12":38,"1.211030476E12":133,"1.211078081E12":334,"1.211030518E12":135,"1.211030595E12":138,"1.211062652E12":311,"1.211021335E12":50,"1.211028848E12":104,"1.211022637E12":63,"1.211062458E12":310,"1.211018488E12":18,"1.21105836E12":298,"1.211076449E12":327,"1.211030319E12":125,"1.211062452E12":309,"1.211050211E12":280,"1.211029102E12":108,"1.211410398E12":348,"1.211036862E12":196,"1.211041624E12":243,"1.211028551E12":100,"1.211057563E12":294,"1.211042684E12":247,"1.211029894E12":115,"1.211057013E12":289,"1.21102144E12":53,"1.211036995E12":199,"1.211412833E12":349,"1.211057086E12":290,"1.211088034E12":340,"1.211028385E12":96,"1.211044185E12":249,"1.211037335E12":205,"1.211030332E12":126,"1.211030308E12":124,"1.211044877E12":254,"1.211026047E12":82,"1.211032085E12":149,"1.211018406E12":5,"1.211036107E12":194,"1.211027033E12":91,"1.211045711E12":260,"1.211032626E12":155,"1.211033915E12":168,"1.211030077E12":118,"1.211021319E12":49,"1.211078043E12":333,"1.211018479E12":17,"1.211029598E12":111,"1.211046824E12":270,"1.211076595E12":331,"1.21104064E12":233,"1.211050808E12":285,"1.211075926E12":326,"1.211079072E12":337,"1.211018793E12":21,"1.211028498E12":98,"1.211019199E12":25,"1.211020432E12":41,"1.211058401E12":299,"1.211407245E12":344,"1.211022353E12":61,"1.211428119E12":352,"1.211020243E12":37,"1.211088137E12":341,"1.211026027E12":81,"1.211046766E12":269,"1.211023452E12":68,"1.211036959E12":198,"1.211023941E12":71,"1.211034228E12":170,"1.211037678E12":213,"1.211030057E12":117,"1.211031547E12":142,"1.211023361E12":67,"1.211061762E12":305,"1.211057491E12":292,"1.211063772E12":317,"1.211045733E12":262,"1.211035514E12":181,"1.211033027E12":161,"1.21104487E12":253,"1.211019224E12":27,"1.211046419E12":265,"1.211041011E12":240,"1.211018404E12":1,"1.211035531E12":184,"1.211038424E12":218,"1.211021317E12":48,"1.211427941E12":350,"1.211050064E12":279,"1.211062736E12":312,"1.211029639E12":112,"1.211030373E12":130,"1.211033652E12":164,"1.211033739E12":165,"1.211062775E12":313,"1.211028978E12":105,"1.211057105E12":291,"1.211056777E12":288,"1.211036061E12":192,"1.211035948E12":190,"1.211030444E12":131,"1.211036066E12":193,"1.211078981E12":336,"1.211030898E12":140,"1.211075881E12":325,"1.211031818E12":148,"1.211035306E12":178,"1.211022346E12":60,"1.211020818E12":43,"1.211030895E12":139,"1.211075362E12":321,"1.211045673E12":259,"1.211057517E12":293,"1.211021042E12":44,"1.211049999E12":276,"1.211026626E12":88,"1.211030509E12":134,"1.211029E12":107,"1.211031574E12":144,"1.211058486E12":300,"1.211028549E12":99,"1.21102277E12":64,"1.211042476E12":246,"1.211029696E12":114,"1.211032455E12":152,"1.211032653E12":156,"1.211078292E12":335,"1.211018795E12":22,"1.211039612E12":230,"1.211030115E12":119,"1.211046442E12":266,"1.211038877E12":221,"1.211028779E12":103,"1.211026506E12":86,"1.211018408E12":6,"1.211038932E12":223,"1.211022325E12":59,"1.211031806E12":147,"1.211018421E12":16,"1.211022219E12":58,"1.211040725E12":235,"1.211020474E12":42,"1.21108663E12":339,"1.211037304E12":204,"1.211021741E12":54,"1.211045849E12":263,"1.211039547E12":229,"1.211045356E12":258,"1.211076577E12":329,"1.211038313E12":216,"1.211021439E12":52,"1.211031561E12":143,"1.211057787E12":297,"1.2110265E12":85,"1.211037281E12":202,"1.211021422E12":51,"1.211029899E12":116,"1.211038718E12":220,"1.211037596E12":211,"1.211078011E12":332,"1.211037421E12":208,"1.211023938E12":70,"1.211410377E12":347,"1.211018932E12":23,"1.211075307E12":320,"1.211019743E12":32,"1.211024094E12":74,"1.211030346E12":129,"1.211060496E12":304,"1.211057679E12":295,"1.21103734E12":206,"1.211024664E12":76,"1.21103317E12":163,"1.21103454E12":172,"1.211023931E12":69,"1.211018489E12":19,"1.211048453E12":272,"1.21105054E12":281,"1.211048712E12":275,"1.211021274E12":46,"1.21105666E12":286,"1.21103526E12":175,"1.211075372E12":322,"1.211048409E12":271,"1.211076582E12":330,"1.211040513E12":232,"1.211063717E12":316,"1.211035871E12":187,"1.211407259E12":345,"1.211079897E12":338,"1.211022588E12":62,"1.211032992E12":158,"1.211037479E12":209,"1.211407335E12":346,"1.211032739E12":157,"1.211035331E12":179,"1.211050056E12":278,"1.211030566E12":137,"1.211050712E12":284,"1.211018415E12":12,"1.211407173E12":343,"1.211428772E12":353,"1.211044656E12":251,"1.211037061E12":201,"1.21105056E12":283,"1.211038934E12":224,"1.211037625E12":212,"1.211036949E12":197,"1.211034826E12":174,"1.211031285E12":141,"1.211044818E12":252,"1.211075808E12":324,"1.211030247E12":122,"1.211032433E12":150,"1.211039399E12":227,"1.211044188E12":250,"1.211033847E12":167,"1.211025762E12":77,"1.21102704E12":92,"1.211026349E12":84,"1.21104121E12":241,"1.211027527E12":93,"1.211063578E12":314,"1.211019261E12":28,"1.211038165E12":215,"1.211048668E12":274,"1.211034239E12":171,"1.21105E12":277,"1.211038893E12":222,"1.211062427E12":308,"1.211031582E12":145,"1.211032476E12":153,"1.211019706E12":30,"1.211028572E12":101,"1.211021198E12":45,"1.211057762E12":296,"1.211029134E12":109,"1.211060425E12":302,"1.211026713E12":89,"1.211032621E12":154,"1.211042362E12":244,"1.21101842E12":15,"1.211018413E12":11,"1.211038701E12":219,"1.211039356E12":225,"1.211028992E12":106,"1.211040837E12":236,"1.211033825E12":166,"1.211038402E12":217,"1.211019729E12":31,"1.211034614E12":173,"1.211035479E12":180,"1.211050558E12":282,"1.211040889E12":238,"1.211040838E12":237,"1.211428058E12":351,"1.211021295E12":47,"1.211030297E12":123,"1.211033958E12":169,"1.211035791E12":185,"1.211075095E12":318,"1.211040923E12":239,"1.211032993E12":159,"1.211026048E12":83,"1.211029657E12":113,"1.211021873E12":55,"1.211036058E12":191,"1.211037723E12":214,"1.211030161E12":120,"1.211075257E12":319,"1.211037587E12":210,"1.211045352E12":257,"1.211019963E12":36,"1.21106184E12":306,"1.21104514E12":256,"1.211024637E12":75,"1.211046478E12":267,"1.211020287E12":40,"1.211033033E12":162,"1.211060369E12":301,"1.211046523E12":268,"1.211039526E12":228,"1.211028364E12":95,"1.211035272E12":176,"1.211042468E12":245},"NUMBER_OF_PEOPLE":400,"minTimeSeen":1.211018404E12,"maxTimeSeen":1.211558405E12,"NEIGHBORHOOD_RADIUS":20.0,"ENCOUNTER_CHANCE":0.05,"priority":1.0,"duration":540001.0,"minutesDuration":9000.016666666666,"hoursDuration":150.00027777777777,"daysDuration":6.250011574074073}
