{"propagationData":{"1.21102276E12":69,"1.211060519E12":315,"1.211064757E12":330,"1.211041964E12":245,"1.211020262E12":39,"1.211023012E12":78,"1.211040714E12":237,"1.211050532E12":291,"1.211022755E12":68,"1.21104045E12":233,"1.211018462E12":19,"1.211024936E12":95,"1.211018864E12":24,"1.211020012E12":33,"1.211134173E12":380,"1.211035546E12":211,"1.211063743E12":327,"1.211028758E12":128,"1.211072451E12":347,"1.211018416E12":11,"1.211103956E12":376,"1.211101468E12":374,"1.211036475E12":229,"1.211022642E12":60,"1.211026074E12":108,"1.211063533E12":325,"1.211020307E12":40,"1.211025234E12":98,"1.211022903E12":76,"1.211072999E12":348,"1.211041661E12":244,"1.211026009E12":104,"1.21103055E12":156,"1.211018409E12":7,"1.211046349E12":276,"1.211047399E12":285,"1.211078246E12":358,"1.211024408E12":84,"1.211050943E12":292,"1.21102281E12":72,"1.211034253E12":201,"1.211079944E12":360,"1.211018423E12":15,"1.211023819E12":81,"1.211018477E12":20,"1.211066445E12":337,"1.211042289E12":252,"1.211028125E12":122,"1.211102874E12":375,"1.211024929E12":93,"1.211033187E12":192,"1.211033975E12":198,"1.211036166E12":224,"1.211022846E12":73,"1.211032732E12":180,"1.21105162E12":300,"1.21102861E12":125,"1.211244076E12":387,"1.211032357E12":172,"1.211079958E12":361,"1.211054312E12":309,"1.211046151E12":274,"1.21104248E12":254,"1.211030385E12":152,"1.211033987E12":199,"1.211052898E12":308,"1.211035576E12":212,"1.211123235E12":379,"1.211042097E12":248,"1.211030756E12":160,"1.211032933E12":185,"1.211065809E12":334,"1.211043135E12":260,"1.211026363E12":112,"1.211035749E12":215,"1.211035472E12":208,"1.211024723E12":87,"1.211077706E12":357,"1.211032451E12":174,"1.211032889E12":183,"1.211022716E12":63,"1.211029126E12":132,"1.211018713E12":22,"1.211021292E12":44,"1.21103213E12":170,"1.211035817E12":219,"1.211047255E12":284,"1.211022739E12":65,"1.211044149E12":268,"1.211043202E12":261,"1.211032734E12":181,"1.211042291E12":253,"1.211024931E12":94,"1.211041119E12":241,"1.211018406E12":4,"1.211033661E12":193,"1.211018428E12":16,"1.211026198E12":111,"1.211022743E12":66,"1.211024724E12":88,"1.211021319E12":45,"1.211028634E12":126,"1.211022527E12":54,"1.211025224E12":97,"1.211032914E12":184,"1.21103247E12":175,"1.211067756E12":338,"1.211022668E12":61,"1.211027843E12":119,"1.211032691E12":177,"1.211040982E12":239,"1.211019613E12":31,"1.211030487E12":153,"1.211086324E12":364,"1.211058929E12":313,"1.21102287E12":74,"1.211052265E12":306,"1.211033016E12":190,"1.211044132E12":267,"1.211029831E12":141,"1.211033668E12":194,"1.211051398E12":294,"1.211025917E12":103,"1.211025392E12":99,"1.211028826E12":130,"1.211032014E12":167,"1.211051823E12":302,"1.211024854E12":92,"1.211028062E12":121,"1.211087713E12":366,"1.21103054E12":155,"1.211068654E12":341,"1.211040712E12":236,"1.211069877E12":344,"1.211020089E12":35,"1.211054772E12":310,"1.211036535E12":232,"1.211029822E12":140,"1.211019668E12":32,"1.211031775E12":164,"1.211062822E12":323,"1.211032717E12":179,"1.211063476E12":324,"1.211033027E12":191,"1.211314397E12":388,"1.211045353E12":270,"1.211036293E12":226,"1.211018404E12":2,"1.211046047E12":273,"1.211035682E12":213,"1.211027712E12":116,"1.21104977E12":287,"1.211035844E12":220,"1.211022261E12":52,"1.211073882E12":350,"1.211051616E12":299,"1.21103194E12":165,"1.211067761E12":339,"1.21105144E12":295,"1.211093042E12":371,"1.211035091E12":204,"1.211042657E12":257,"1.211019501E12":30,"1.211030287E12":145,"1.211067835E12":340,"1.211018896E12":26,"1.211024418E12":85,"1.211054811E12":311,"1.211024337E12":83,"1.211026125E12":109,"1.211022206E12":50,"1.211045286E12":269,"1.211077401E12":356,"1.211141774E12":382,"1.211020788E12":43,"1.211029741E12":139,"1.211022346E12":53,"1.211026059E12":107,"1.21105159E12":298,"1.211051513E12":296,"1.211035719E12":214,"1.21102485E12":91,"1.211066167E12":335,"1.211061194E12":318,"1.211024655E12":86,"1.211020049E12":34,"1.211051718E12":301,"1.211050231E12":289,"1.211091222E12":369,"1.211051019E12":293,"1.211018853E12":23,"1.211097309E12":373,"1.211023702E12":79,"1.211040694E12":234,"1.21103233E12":171,"1.211018421E12":13,"1.211042154E12":249,"1.211043576E12":263,"1.211032958E12":187,"1.211046973E12":280,"1.211036122E12":223,"1.211065628E12":333,"1.211035305E12":206,"1.211040715E12":238,"1.211065117E12":331,"1.211027784E12":118,"1.211022634E12":58,"1.211018959E12":29,"1.211022715E12":62,"1.211018865E12":25,"1.211018938E12":28,"1.211029601E12":136,"1.211068726E12":342,"1.211030335E12":149,"1.211031982E12":166,"1.211091327E12":370,"1.211062475E12":321,"1.211036297E12":227,"1.211045951E12":271,"1.211073058E12":349,"1.211077266E12":355,"1.211058102E12":312,"1.211052049E12":304,"1.211018439E12":18,"1.211031585E12":163,"1.211093572E12":372,"1.211060945E12":316,"1.211047175E12":283,"1.211030784E12":161,"1.211030315E12":147,"1.211047165E12":282,"1.211025637E12":101,"1.211032414E12":173,"1.211042198E12":251,"1.211029698E12":137,"1.211029923E12":142,"1.211063697E12":326,"1.211022768E12":71,"1.211042688E12":258,"1.211030337E12":150,"1.211022614E12":55,"1.211026391E12":113,"1.211029163E12":133,"1.211089107E12":368,"1.21102207E12":48,"1.211024965E12":96,"1.211077111E12":354,"1.211028852E12":131,"1.211033899E12":197,"1.211035266E12":205,"1.211058933E12":314,"1.211046401E12":277,"1.211024832E12":89,"1.21103052E12":154,"1.211062459E12":320,"1.211022127E12":49,"1.211032961E12":188,"1.211032982E12":189,"1.21112057E12":378,"1.211030661E12":158,"1.211049841E12":288,"1.211043849E12":265,"1.21103554E12":210,"1.211087686E12":365,"1.211031558E12":162,"1.211032112E12":169,"1.211020329E12":41,"1.211332252E12":389,"1.211034452E12":202,"1.211041118E12":240,"1.211080565E12":362,"1.211046445E12":278,"1.211018415E12":10,"1.211035087E12":203,"1.211036495E12":230,"1.211027847E12":120,"1.211018432E12":17,"1.211061116E12":317,"1.211042069E12":246,"1.211035797E12":217,"1.211023724E12":80,"1.211052692E12":307,"1.211033754E12":196,"1.211066261E12":336,"1.211052247E12":305,"1.211049757E12":286,"1.211224812E12":386,"1.211075633E12":351,"1.211072348E12":346,"1.211064141E12":329,"1.211024835E12":90,"1.211022718E12":64,"1.211043478E12":262,"1.211020213E12":38,"1.211020162E12":37,"1.211021989E12":47,"1.211028689E12":127,"1.211032682E12":176,"1.211030364E12":151,"1.211042179E12":250,"1.211026747E12":114,"1.211022762E12":70,"1.211046841E12":279,"1.21103551E12":209,"1.211036359E12":228,"1.211022876E12":75,"1.211142266E12":383,"1.211175517E12":385,"1.211036508E12":231,"1.21102774E12":117,"1.211028422E12":124,"1.211046226E12":275,"1.211042494E12":255,"1.211022629E12":56,"1.211030667E12":159,"1.211081283E12":363,"1.211070151E12":345,"1.211051573E12":297,"1.211029719E12":138,"1.211025809E12":102,"1.211030324E12":148,"1.211036005E12":221,"1.211020471E12":42,"1.211028816E12":129,"1.21103295E12":186,"1.211087714E12":367,"1.211023004E12":77,"1.211030283E12":144,"1.211022227E12":51,"1.21103606E12":222,"1.211023958E12":82,"1.211040696E12":235,"1.211035785E12":216,"1.211043779E12":264,"1.211018422E12":14,"1.211167692E12":384,"1.211022749E12":67,"1.211026051E12":106,"1.211063854E12":328,"1.211020148E12":36,"1.211069598E12":343,"1.211035367E12":207,"1.211029367E12":134,"1.211042096E12":247,"1.211042553E12":256,"1.211035801E12":218,"1.211116789E12":377,"1.211065503E12":332,"1.211076267E12":353,"1.211034038E12":200,"1.211028186E12":123,"1.211061278E12":319,"1.211062552E12":322,"1.211025414E12":100,"1.21101841E12":9,"1.211026048E12":105,"1.211134745E12":381,"1.211021652E12":46,"1.211046043E12":272,"1.211032855E12":182,"1.211033729E12":195,"1.211075959E12":352,"1.211036196E12":225,"1.211026754E12":115,"1.211018407E12":5,"1.211018918E12":27,"1.211030127E12":143,"1.211029465E12":135,"1.211030575E12":157,"1.211032698E12":178,"1.211046983E12":281,"1.211051866E12":303,"1.211043112E12":259,"1.211022635E12":59,"1.211018708E12":21,"1.211032048E12":168,"1.211030294E12":146,"1.211050499E12":290,"1.211041375E12":243,"1.211041355E12":242,"1.211044041E12":266,"1.211026165E12":110,"1.211078443E12":359},"NUMBER_OF_PEOPLE":400,"minTimeSeen":1.211018404E12,