{"propagationData":{"1.211053731E12":299,"1.211065207E12":331,"1.211048683E12":273,"1.211036989E12":133,"1.211045915E12":248,"1.211032775E12":54,"1.211020262E12":8,"1.211031392E12":38,"1.211035351E12":98,"1.21103655E12":124,"1.21103549E12":103,"1.211033628E12":67,"1.211044456E12":226,"1.211043414E12":213,"1.211130668E12":379,"1.2110851E12":361,"1.211044028E12":221,"1.211034241E12":76,"1.2110407E12":183,"1.211035186E12":96,"1.211040598E12":180,"1.211034937E12":85,"1.211049518E12":280,"1.211047975E12":269,"1.211379136E12":387,"1.211045138E12":237,"1.211053533E12":298,"1.211030742E12":30,"1.211071186E12":348,"1.21106678E12":341,"1.211051033E12":292,"1.211035465E12":101,"1.211036191E12":118,"1.211054945E12":306,"1.211039597E12":174,"1.211035641E12":106,"1.211084467E12":359,"1.211180958E12":382,"1.211037935E12":149,"1.211042814E12":207,"1.211054242E12":304,"1.211033386E12":60,"1.211043509E12":215,"1.211020912E12":11,"1.211030675E12":27,"1.211554272E12":388,"1.211037793E12":147,"1.211039479E12":170,"1.211032805E12":56,"1.21106407E12":329,"1.211049543E12":281,"1.211041105E12":188,"1.211065281E12":334,"1.21104561E12":244,"1.211066464E12":337,"1.211020776E12":10,"1.211039596E12":173,"1.211049408E12":278,"1.21104482E12":232,"1.211040446E12":179,"1.211116969E12":377,"1.211038075E12":156,"1.211036543E12":123,"1.211038542E12":165,"1.211034819E12":82,"1.211032003E12":46,"1.211037674E12":145,"1.211063586E12":324,"1.211035701E12":108,"1.211070598E12":347,"1.211183457E12":383,"1.211020108E12":7,"1.211046917E12":255,"1.211046228E12":251,"1.211044851E12":234,"1.21103514E12":95,"1.211049187E12":277,"1.211083953E12":358,"1.211044031E12":223,"1.211095846E12":375,"1.211051072E12":293,"1.21104301E12":210,"1.211036239E12":119,"1.211040615E12":181,"1.211036614E12":128,"1.211054238E12":303,"1.211046618E12":253,"1.211066477E12":339,"1.211043353E12":212,"1.211034258E12":77,"1.21103358E12":64,"1.21104792E12":268,"1.211035471E12":102,"1.21103104E12":33,"1.211091987E12":372,"1.211038032E12":154,"1.211048636E12":272,"1.211047362E12":262,"1.211039583E12":172,"1.211044566E12":227,"1.211020441E12":9,"1.211032126E12":49,"1.211043884E12":220,"1.211035498E12":104,"1.21106413E12":330,"1.211045847E12":246,"1.211047699E12":267,"1.211085132E12":362,"1.211034817E12":81,"1.211038038E12":155,"1.211031118E12":37,"1.211035862E12":111,"1.211041068E12":186,"1.211069521E12":345,"1.211061755E12":319,"1.211060917E12":315,"1.211037151E12":138,"1.211037976E12":151,"1.211089351E12":370,"1.211084611E12":360,"1.211030738E12":29,"1.211036582E12":125,"1.211050052E12":284,"1.21103078E12":32,"1.211034547E12":78,"1.211035955E12":113,"1.211041042E12":185,"1.211045093E12":236,"1.211036036E12":114,"1.211019483E12":6,"1.211042082E12":197,"1.211061056E12":317,"1.211034954E12":87,"1.211095808E12":374,"1.21105039E12":288,"1.211063073E12":323,"1.211042238E12":201,"1.21101901E12":5,"1.211035747E12":109,"1.211034126E12":75,"1.21103336E12":59,"1.211031108E12":36,"1.211043839E12":218,"1.21104406E12":225,"1.211038348E12":161,"1.211018404E12":1,"1.211054416E12":305,"1.211044839E12":233,"1.211044688E12":229,"1.211034064E12":72,"1.211227235E12":386,"1.21103707E12":134,"1.211032076E12":47,"1.211054235E12":302,"1.211050463E12":289,"1.21104735E12":260,"1.211033652E12":68,"1.21103556E12":105,"1.211071257E12":349,"1.211053128E12":295,"1.211047564E12":265,"1.211032107E12":48,"1.211034793E12":80,"1.211088733E12":367,"1.211086425E12":363,"1.211046742E12":254,"1.211050149E12":286,"1.211225657E12":385,"1.211092309E12":373,"1.21105011E12":285,"1.211036402E12":121,"1.211037343E12":141,"1.211034122E12":74,"1.21103342E12":62,"1.211037703E12":146,"1.211036066E12":115,"1.211035069E12":91,"1.211031727E12":43,"1.211043767E12":217,"1.211042192E12":200,"1.211033578E12":63,"1.211038774E12":167,"1.211041079E12":187,"1.211038156E12":158,"1.2110476E12":266,"1.211047076E12":257,"1.211065272E12":333,"1.211030391E12":18,"1.211053281E12":296,"1.211083463E12":356,"1.211062537E12":321,"1.211042496E12":203,"1.211033051E12":58,"1.211045423E12":243,"1.211035302E12":97,"1.211034968E12":89,"1.211063791E12":327,"1.211042699E12":206,"1.211037265E12":139,"1.211033404E12":61,"1.211069302E12":344,"1.211055244E12":308,"1.211037108E12":136,"1.21105351E12":297,"1.211035133E12":94,"1.211045175E12":239,"1.211046605E12":252,"1.211062386E12":320,"1.211063822E12":328,"1.2110452E12":240,"1.211089334E12":369,"1.211044767E12":231,"1.211041791E12":194,"1.211031838E12":44,"1.211030445E12":21,"1.211030748E12":31,"1.211038505E12":163,"1.211090406E12":371,"1.211043625E12":216,"1.211032254E12":51,"1.211032226E12":50,"1.211035096E12":93,"1.211080063E12":351,"1.211036884E12":130,"1.211045867E12":247,"1.211037929E12":148,"1.211036412E12":122,"1.211031098E12":35,"1.211047522E12":264,"1.21108211E12":355,"1.211065566E12":336,"1.211057199E12":309,"1.211037994E12":152,"1.211049176E12":276,"1.21103734E12":140,"1.211041275E12":190,"1.21104507E12":235,"1.211034767E12":79,"1.211036899E12":131,"1.211039715E12":175,"1.211035031E12":90,"1.211030377E12":16,"1.2110869E12":365,"1.211086718E12":364,"1.211045202E12":241,"1.211037498E12":142,"1.211057447E12":310,"1.211036592E12":126,"1.21105394E12":301,"1.211041518E12":191,"1.211081755E12":354,"1.21104705E12":256,"1.21101852E12":3,"1.211035871E12":112,"1.21103853E12":164,"1.211036178E12":117,"1.211042084E12":198,"1.211031061E12":34,"1.211043849E12":219,"1.211038166E12":159,"1.211040631E12":182,"1.211037121E12":137,"1.211037557E12":144,"1.211041004E12":184,"1.211049503E12":279,"1.211030433E12":20,"1.211066476E12":338,"1.211032906E12":57,"1.211041535E12":192,"1.21105747E12":311,"1.211030646E12":26,"1.211030566E12":24,"1.211118946E12":378,"1.211032792E12":55,"1.211041867E12":195,"1.211049689E12":283,"1.211080867E12":353,"1.211051787E12":294,"1.211068719E12":343,"1.211062968E12":322,"1.211031891E12":45,"1.211035757E12":110,"1.211080576E12":352,"1.21108869E12":366,"1.211061039E12":316,"1.211053741E12":300,"1.211050193E12":287,"1.21103495E12":86,"1.211047458E12":263,"1.211033595E12":66,"1.211036173E12":116,"1.211060457E12":314,"1.21103409E12":73,"1.211049568E12":282,"1.211036611E12":127,"1.211061745E12":318,"1.211030544E12":22,"1.211040303E12":178,"1.211069854E12":346,"1.211031419E12":40,"1.211039057E12":169,"1.21104121E12":189,"1.211042887E12":209,"1.211030561E12":23,"1.211045917E12":249,"1.211034957E12":88,"1.211045284E12":242,"1.21107999E12":350,"1.211035454E12":100,"1.211050941E12":291,"1.211039509E12":171,"1.211035681E12":107,"1.21108919E12":368,"1.211063637E12":325,"1.211047172E12":259,"1.211043044E12":211,"1.21104516E12":238,"1.211033792E12":70,"1.211038028E12":153,"1.211037086E12":135,"1.211047135E12":258,"1.211065353E12":335,"1.211031401E12":39,"1.21103635E12":120,"1.211034864E12":84,"1.211046221E12":250,"1.211032751E12":53,"1.211030381E12":17,"1.211037556E12":143,"1.211034016E12":71,"1.211030376E12":14,"1.211105371E12":376,"1.211018985E12":4,"1.211031457E12":41,"1.211038184E12":160,"1.211038503E12":162,"1.21104025E12":177,"1.211044581E12":228,"1.211030401E12":19,"1.211040114E12":176,"1.211042142E12":199,"1.211031491E12":42,"1.211030737E12":28,"1.211066511E12":340,"1.211043507E12":214,"1.21103507E12":92,"1.211036932E12":132,"1.211042052E12":196,"1.211033584E12":65,"1.211042677E12":205,"1.211035429E12":99,"1.211037968E12":150,"1.211044697E12":230,"1.211050673E12":290,"1.211022856E12":13,"1.211036865E12":129,"1.211049121E12":275,"1.211158807E12":381,"1.211032385E12":52,"1.211060318E12":313,"1.211047355E12":261,"1.211068439E12":342,"1.211021377E12":12,"1.211030575E12":25,"1.211054981E12":307,"1.211042547E12":204,"1.211034839E12":83,"1.211207055E12":384,"1.211083896E12":357,"1.211018492E12":2,"1.21104241E12":202,"1.211063667E12":326,"1.211038763E12":166,"1.211135248E12":380,"1.211049022E12":274,"1.211048284E12":271,"1.211045792E12":245,"1.211065216E12":332,"1.211038981E12":168,"1.21106018E12":312,"1.211044041E12":224,"1.211042837E12":208,"1.21104798E12":270},"NUMBER_OF_PEOPLE":400,"minTimeSeen":1.211018404E12,"maxTimeSeen":1.211558405E12,