{"propagationData":{"1.211037808E12":128,"1.211035581E12":92,"1.211024816E12":9,"1.211056987E12":281,"1.211042851E12":165,"1.211031219E12":31,"1.211036177E12":101,"1.211042981E12":169,"1.211048648E12":226,"1.211034539E12":78,"1.211038286E12":133,"1.21105935E12":291,"1.211047687E12":219,"1.211097949E12":365,"1.211037548E12":124,"1.211045769E12":188,"1.21108434E12":342,"1.211098188E12":366,"1.211050975E12":243,"1.211030379E12":26,"1.2110313E12":33,"1.211051287E12":249,"1.211051524E12":252,"1.211054016E12":266,"1.211032806E12":48,"1.211046963E12":208,"1.211030085E12":23,"1.211054663E12":270,"1.211064362E12":305,"1.211095129E12":363,"1.21104167E12":154,"1.211048673E12":227,"1.211051082E12":245,"1.211141793E12":381,"1.21146701E12":387,"1.211045158E12":179,"1.211089067E12":355,"1.2110421E12":158,"1.211077145E12":330,"1.211036907E12":115,"1.21104283E12":163,"1.211064404E12":306,"1.211034128E12":71,"1.2110958E12":364,"1.211038755E12":139,"1.211032454E12":43,"1.211102702E12":373,"1.211079932E12":339,"1.21103584E12":95,"1.211058955E12":287,"1.211043202E12":170,"1.211031497E12":36,"1.211025382E12":14,"1.211037988E12":129,"1.211049428E12":233,"1.211036353E12":104,"1.211085417E12":351,"1.211039637E12":146,"1.211042136E12":159,"1.211131168E12":379,"1.211037629E12":126,"1.211038498E12":138,"1.211024823E12":10,"1.211065981E12":307,"1.211216077E12":386,"1.211025429E12":15,"1.211036148E12":98,"1.211036505E12":107,"1.211067017E12":311,"1.211034228E12":75,"1.211046745E12":201,"1.211045346E12":181,"1.211048234E12":224,"1.211036487E12":105,"1.211047406E12":214,"1.211047202E12":212,"1.211042978E12":168,"1.211018404E12":1,"1.211050338E12":239,"1.21105325E12":262,"1.211045556E12":183,"1.211067617E12":313,"1.211040591E12":149,"1.211050191E12":238,"1.21103414E12":72,"1.211043767E12":174,"1.211033578E12":64,"1.211142385E12":382,"1.211036528E12":110,"1.211059063E12":288,"1.21104598E12":192,"1.211045614E12":184,"1.211048798E12":229,"1.211102239E12":371,"1.211046684E12":200,"1.211054072E12":268,"1.211037551E12":125,"1.211045744E12":187,"1.211066738E12":310,"1.211035068E12":84,"1.211061559E12":297,"1.211039455E12":142,"1.211034192E12":73,"1.211079919E12":338,"1.211046973E12":209,"1.211079114E12":333,"1.211030084E12":22,"1.211033258E12":59,"1.211054061E12":267,"1.211024255E12":4,"1.211036877E12":112,"1.211056907E12":280,"1.211033769E12":66,"1.211085166E12":348,"1.211046464E12":196,"1.211033088E12":56,"1.211070452E12":320,"1.211033291E12":60,"1.21106389E12":303,"1.211038836E12":140,"1.211030899E12":30,"1.211036623E12":111,"1.211035859E12":96,"1.211038488E12":137,"1.21106795E12":316,"1.211079646E12":335,"1.21103803E12":130,"1.211031385E12":34,"1.211052754E12":257,"1.21104723E12":213,"1.211076011E12":326,"1.211035683E12":93,"1.21103499E12":83,"1.211050078E12":235,"1.21108903E12":354,"1.211042521E12":161,"1.211068427E12":317,"1.211045796E12":189,"1.211050543E12":240,"1.211047567E12":216,"1.211051101E12":246,"1.211086986E12":353,"1.21104333E12":171,"1.211025525E12":17,"1.211034542E12":79,"1.211052843E12":260,"1.211090468E12":357,"1.211079662E12":336,"1.211044073E12":177,"1.211076529E12":328,"1.21109852E12":367,"1.211033847E12":67,"1.211071165E12":322,"1.211090409E12":356,"1.211024204E12":3,"1.211024338E12":6,"1.211049028E12":231,"1.2110328E12":47,"1.211073846E12":323,"1.211055252E12":275,"1.211084736E12":344,"1.211101837E12":370,"1.211042931E12":166,"1.211036167E12":100,"1.211046885E12":205,"1.211052642E12":256,"1.211049005E12":230,"1.21104285E12":164,"1.211124131E12":376,"1.21104742E12":215,"1.211030628E12":28,"1.211036227E12":102,"1.211073985E12":324,"1.211041888E12":156,"1.211056599E12":279,"1.211060845E12":293,"1.211064072E12":304,"1.211039578E12":144,"1.211032907E12":52,"1.211030297E12":24,"1.211032825E12":49,"1.211047082E12":211,"1.211050673E12":241,"1.211024699E12":8,"1.211051506E12":251,"1.211040543E12":148,"1.211063779E12":302,"1.211024174E12":2,"1.211051046E12":244,"1.211057623E12":285,"1.211025638E12":20,"1.21103477E12":82,"1.211084816E12":345,"1.211031539E12":37,"1.211067881E12":315,"1.211033391E12":62,"1.211041928E12":157,"1.211038398E12":134,"1.211047756E12":220,"1.211046296E12":195,"1.211035258E12":86,"1.211099059E12":368,"1.211045671E12":186,"1.211040187E12":147,"1.211046768E12":203,"1.211085014E12":347,"1.211041632E12":153,"1.211085408E12":350,"1.211050161E12":237,"1.211036887E12":114,"1.211025453E12":16,"1.211038875E12":141,"1.211039635E12":145,"1.211076439E12":327,"1.211060288E12":292,"1.211077393E12":332,"1.211046591E12":199,"1.211033168E12":58,"1.211032055E12":39,"1.211034645E12":80,"1.211043334E12":172,"1.211032491E12":44,"1.211055484E12":277,"1.211054242E12":269,"1.211036351E12":103,"1.211050059E12":234,"1.211083933E12":341,"1.21103709E12":118,"1.211053107E12":261,"1.211024839E12":12,"1.211040692E12":151,"1.211033074E12":55,"1.211061034E12":294,"1.211085884E12":352,"1.211077221E12":331,"1.211044037E12":175,"1.211050781E12":242,"1.211059087E12":289,"1.211037461E12":123,"1.211037765E12":127,"1.211040644E12":150,"1.211039531E12":143,"1.211032969E12":53,"1.211024443E12":7,"1.211048708E12":228,"1.211051117E12":247,"1.211036502E12":106,"1.211041875E12":155,"1.211037157E12":121,"1.211042661E12":162,"1.211024838E12":11,"1.211053843E12":265,"1.211135156E12":380,"1.211052078E12":254,"1.211047972E12":222,"1.211045323E12":180,"1.211079908E12":337,"1.211094914E12":362,"1.211035578E12":91,"1.211066399E12":308,"1.211058929E12":286,"1.211051312E12":250,"1.211032778E12":46,"1.211025799E12":21,"1.211047684E12":218,"1.211094025E12":361,"1.211068677E12":318,"1.211035321E12":87,"1.211053509E12":263,"1.211048646E12":225,"1.211040752E12":152,"1.211033437E12":63,"1.211049143E12":232,"1.211033163E12":57,"1.211043686E12":173,"1.211030322E12":25,"1.21105359E12":264,"1.211035976E12":97,"1.211038152E12":131,"1.21104567E12":185,"1.211030407E12":27,"1.211038232E12":132,"1.211057105E12":282,"1.211047802E12":221,"1.211045925E12":191,"1.211055426E12":276,"1.211071041E12":321,"1.211034709E12":81,"1.211055673E12":278,"1.211054712E12":271,"1.211055059E12":272,"1.211030761E12":29,"1.211099399E12":369,"1.211034535E12":77,"1.211037154E12":120,"1.211052166E12":255,"1.21105199E12":253,"1.21104762E12":217,"1.211120107E12":375,"1.211076739E12":329,"1.211046037E12":193,"1.211051121E12":248,"1.21103517E12":85,"1.211067291E12":312,"1.211031239E12":32,"1.2110501E12":236,"1.211024283E12":5,"1.21103204E12":38,"1.211082423E12":340,"1.211031438E12":35,"1.211084902E12":346,"1.211206878E12":384,"1.211033389E12":61,"1.211045914E12":190,"1.211208081E12":385,"1.211063665E12":300,"1.211034082E12":69,"1.211046926E12":206,"1.211048106E12":223,"1.21105277E12":258,"1.21103555E12":90,"1.211066735E12":309,"1.211035525E12":88,"1.211052822E12":259,"1.211084613E12":343,"1.211035537E12":89,"1.211055126E12":274,"1.211032448E12":42,"1.211034058E12":68,"1.211032895E12":51,"1.211061213E12":296,"1.211037103E12":119,"1.211032193E12":40,"1.211067811E12":314,"1.211044216E12":178,"1.211057601E12":284,"1.211055066E12":273,"1.211033732E12":65,"1.21113026E12":378,"1.211042464E12":160,"1.211061051E12":295,"1.211085305E12":349,"1.211033063E12":54,"1.211046044E12":194,"1.211206134E12":383,"1.211024921E12":13,"1.211046749E12":202,"1.211036885E12":113,"1.211092308E12":359,"1.211045396E12":182,"1.211104336E12":374,"1.211042963E12":167,"1.21107507E12":325,"1.211092849E12":360,"1.211046834E12":204,"1.211035803E12":94,"1.21103726E12":122,"1.211034443E12":76,"1.211044047E12":176,"1.211063345E12":299,"1.21112995E12":377,"1.211032661E12":45,"1.211036928E12":116,"1.211046465E12":197,"1.211034097E12":70,"1.211057488E12":283,"1.211068701E12":319,"1.211038431E12":135,"1.211079502E12":334,"1.211034212E12":74,"1.21104694E12":207,"1.211038464E12":136,"1.211102255E12":372,"1.211036506E12":108,"1.211032249E12":41,"1.211036518E12":109,"1.211047026E12":210,"1.211046566E12":198,"1.211059185E12":290,"1.211036937E12":117,"1.21103615E12":99,"1.211032855E12":50,"1.21106372E12":301,"1.211062265E12":298,"1.211025635E12":19,"1.211092207E12":358},"NUMBER_OF_PEOPLE":400,