{"propagationData":{"1.211043727E12":238,"1.211032679E12":130,"1.211087392E12":329,"1.211036641E12":182,"1.211036735E12":185,"1.211035672E12":176,"1.21108834E12":331,"1.211018496E12":26,"1.211032636E12":129,"1.211032775E12":131,"1.211038596E12":203,"1.211047235E12":263,"1.211031335E12":113,"1.211037946E12":196,"1.211045721E12":251,"1.211021098E12":53,"1.211035481E12":173,"1.211047138E12":262,"1.211044129E12":245,"1.211020519E12":46,"1.211218362E12":342,"1.211383888E12":349,"1.2110407E12":223,"1.211042418E12":235,"1.211037287E12":190,"1.211026074E12":65,"1.211031296E12":112,"1.211036639E12":181,"1.211099625E12":341,"1.211032089E12":123,"1.211035066E12":170,"1.211062967E12":308,"1.211020838E12":51,"1.211053296E12":282,"1.211025234E12":58,"1.211037208E12":187,"1.211040234E12":218,"1.211020753E12":50,"1.211018461E12":24,"1.21104615E12":258,"1.211018409E12":15,"1.211032835E12":134,"1.211035478E12":171,"1.211043834E12":240,"1.211038695E12":209,"1.211035013E12":167,"1.211049402E12":266,"1.21107608E12":314,"1.211056529E12":293,"1.211077777E12":315,"1.211056629E12":296,"1.211037943E12":195,"1.211031628E12":117,"1.21103484E12":161,"1.211030171E12":89,"1.211031779E12":119,"1.211028812E12":72,"1.211056382E12":292,"1.211052943E12":278,"1.211040757E12":224,"1.211033386E12":143,"1.211037888E12":193,"1.211032805E12":133,"1.211046042E12":257,"1.211051082E12":274,"1.211033703E12":148,"1.211084874E12":324,"1.211030243E12":92,"1.211029386E12":78,"1.211038233E12":200,"1.21102584E12":63,"1.211037259E12":189,"1.211018731E12":39,"1.211045762E12":252,"1.211055698E12":291,"1.211057151E12":299,"1.21104582E12":254,"1.211018718E12":38,"1.211038675E12":206,"1.211029383E12":77,"1.211029893E12":84,"1.211031453E12":115,"1.211033472E12":147,"1.211218435E12":343,"1.211029011E12":73,"1.211045712E12":249,"1.211029894E12":85,"1.211052807E12":277,"1.211050988E12":273,"1.211033455E12":146,"1.211055058E12":289,"1.21105353E12":284,"1.2110293E12":75,"1.211040167E12":216,"1.21108178E12":321,"1.211032194E12":127,"1.211031545E12":116,"1.211052996E12":281,"1.211018406E12":10,"1.211034722E12":159,"1.211027201E12":68,"1.211044091E12":243,"1.211050942E12":271,"1.211035982E12":180,"1.211026871E12":67,"1.211035051E12":168,"1.21103339E12":144,"1.21103548E12":172,"1.21103957E12":213,"1.211045862E12":255,"1.211053568E12":285,"1.211031979E12":121,"1.211032932E12":137,"1.211099227E12":339,"1.211038684E12":208,"1.211025852E12":64,"1.21108949E12":332,"1.211033956E12":153,"1.211403528E12":355,"1.211084611E12":323,"1.211030298E12":95,"1.211034903E12":163,"1.211039765E12":214,"1.211027727E12":70,"1.211079323E12":319,"1.211040326E12":220,"1.211018562E12":31,"1.211399772E12":351,"1.211090213E12":334,"1.211038628E12":204,"1.211034787E12":160,"1.21102618E12":66,"1.211030679E12":102,"1.21104076E12":225,"1.211039428E12":211,"1.211047137E12":261,"1.211018438E12":21,"1.211038486E12":201,"1.211018651E12":36,"1.211084992E12":327,"1.211078724E12":317,"1.211021997E12":55,"1.211038667E12":205,"1.211025507E12":61,"1.211018404E12":8,"1.211033041E12":139,"1.211053639E12":286,"1.211020722E12":49,"1.21106269E12":307,"1.211034081E12":156,"1.211033436E12":145,"1.211034069E12":155,"1.211034064E12":154,"1.21103552E12":175,"1.211018497E12":27,"1.211050098E12":270,"1.211032163E12":126,"1.211030923E12":110,"1.211029605E12":80,"1.211042268E12":232,"1.211030921E12":109,"1.211051962E12":276,"1.211032928E12":136,"1.211032899E12":135,"1.211036708E12":184,"1.21109302E12":338,"1.211037249E12":188,"1.21103488E12":162,"1.211030459E12":100,"1.211400776E12":352,"1.211433371E12":356,"1.211018815E12":41,"1.211032939E12":138,"1.211042478E12":236,"1.211038156E12":197,"1.211041994E12":228,"1.211029819E12":81,"1.211075318E12":311,"1.211046199E12":259,"1.211018642E12":35,"1.211056836E12":297,"1.211030684E12":103,"1.211058015E12":304,"1.211037733E12":192,"1.211032208E12":128,"1.211035921E12":179,"1.211032798E12":132,"1.211030834E12":106,"1.211050071E12":269,"1.211044813E12":248,"1.211030721E12":104,"1.211035003E12":166,"1.21107541E12":312,"1.211018511E12":28,"1.211025183E12":57,"1.211038583E12":202,"1.211040484E12":222,"1.211089553E12":333,"1.211042395E12":234,"1.211025609E12":62,"1.211049308E12":265,"1.211034166E12":157,"1.211027694E12":69,"1.211044117E12":244,"1.21105496E12":287,"1.211029307E12":76,"1.211036884E12":186,"1.211401034E12":353,"1.211045867E12":256,"1.211071649E12":309,"1.211030152E12":88,"1.211403277E12":354,"1.211227174E12":345,"1.211035512E12":174,"1.211053333E12":283,"1.211018573E12":32,"1.211029873E12":83,"1.211018434E12":20,"1.211057885E12":302,"1.211056593E12":295,"1.211035877E12":177,"1.21105766E12":301,"1.21101846E12":23,"1.211019431E12":44,"1.211081779E12":320,"1.211062254E12":305,"1.211047068E12":260,"1.211045805E12":253,"1.211030223E12":91,"1.211044686E12":246,"1.211037371E12":191,"1.211087456E12":330,"1.211035065E12":169,"1.211043784E12":239,"1.21103338E12":142,"1.211052994E12":280,"1.211029867E12":82,"1.211030312E12":96,"1.211090376E12":335,"1.21101852E12":29,"1.211031227E12":111,"1.211018818E12":42,"1.211038166E12":198,"1.21103193E12":120,"1.211025439E12":60,"1.211040225E12":217,"1.211033834E12":150,"1.211040428E12":221,"1.211042049E12":230,"1.211086371E12":328,"1.211032105E12":124,"1.211050051E12":268,"1.211051579E12":275,"1.211018432E12":19,"1.211099582E12":340,"1.211082222E12":322,"1.21103043E12":99,"1.211078337E12":316,"1.211075525E12":313,"1.211062647E12":306,"1.211039258E12":210,"1.211030111E12":86,"1.211042359E12":233,"1.21103082E12":105,"1.211084919E12":325,"1.211035912E12":178,"1.211038231E12":199,"1.211041143E12":226,"1.211021924E12":54,"1.211041962E12":227,"1.21103203E12":122,"1.211033737E12":149,"1.211388817E12":350,"1.211040321E12":219,"1.21101864E12":34,"1.211020545E12":47,"1.211044066E12":242,"1.211057069E12":298,"1.211025423E12":59,"1.211034994E12":165,"1.211030855E12":108,"1.211020884E12":52,"1.211093001E12":337,"1.211018733E12":40,"1.211030678E12":101,"1.211044721E12":247,"1.211018405E12":9,"1.211079142E12":318,"1.211052969E12":279,"1.21104985E12":267,"1.211030151E12":87,"1.211227969E12":346,"1.211025025E12":56,"1.211030389E12":98,"1.211033926E12":152,"1.21105502E12":288,"1.211018443E12":22,"1.211374877E12":347,"1.211030288E12":93,"1.211031401E12":114,"1.211018422E12":18,"1.211084932E12":326,"1.211047244E12":264,"1.211031685E12":118,"1.211034992E12":164,"1.21101856E12":30,"1.211033919E12":151,"1.211030376E12":97,"1.211092679E12":336,"1.211018495E12":25,"1.211042081E12":231,"1.211019927E12":45,"1.211057901E12":303,"1.211029548E12":79,"1.211043926E12":241,"1.211028584E12":71,"1.211045713E12":250,"1.211030853E12":107,"1.211019413E12":43,"1.211383831E12":348,"1.211057283E12":300,"1.21101841E12":17,"1.211050962E12":272,"1.211039548E12":212,"1.211042574E12":237,"1.211029255E12":74,"1.211036652E12":183,"1.211033294E12":141,"1.211039893E12":215,"1.211018407E12":12,"1.21103793E12":194,"1.211056578E12":294,"1.21122309E12":344,"1.211018575E12":33,"1.211018708E12":37,"1.211055227E12":290,"1.211032127E12":125,"1.211075182E12":310,"1.211033281E12":140,"1.211042036E12":229,"1.211038682E12":207,"1.211020669E12":48,"1.211034219E12":158},"NUMBER_OF_PEOPLE":400,"minTimeSeen":1.211018404E12,"maxTimeSeen":1.211558405E12,"NEIGHBORHOOD_RADIUS":20.0,"ENCOUNTER_CHANCE":0.05,"priority":1.0,"duration":540001.0,"minutesDuration":9000.016666666666,"hoursDuration":150.00027777777777,"daysDuration":6.250011574074073}
