{"propagationData":{"1.21103549E12":14,"1.211200956E12":281,"1.211088766E12":251,"1.21104094E12":24,"1.211050189E12":100,"1.211051047E12":112,"1.211052948E12":131,"1.211046646E12":60,"1.211050977E12":108,"1.211056338E12":146,"1.211050563E12":105,"1.211045484E12":47,"1.211053855E12":137,"1.211072858E12":206,"1.211163968E12":275,"1.211080332E12":223,"1.211042631E12":32,"1.211055535E12":138,"1.211041519E12":28,"1.211059186E12":172,"1.211079896E12":217,"1.211041475E12":26,"1.211049067E12":86,"1.211072849E12":205,"1.211049913E12":93,"1.211057965E12":158,"1.211059839E12":176,"1.211042509E12":31,"1.211157523E12":271,"1.211082119E12":233,"1.211163297E12":273,"1.211047314E12":71,"1.211085033E12":241,"1.211044791E12":40,"1.211139982E12":258,"1.211057198E12":155,"1.211018412E12":2,"1.211051079E12":113,"1.211168477E12":280,"1.211034695E12":11,"1.211056654E12":147,"1.211050594E12":107,"1.211040266E12":22,"1.211057073E12":153,"1.211265816E12":285,"1.211055819E12":142,"1.211047115E12":66,"1.211050578E12":106,"1.211056992E12":150,"1.211080098E12":221,"1.211055632E12":140,"1.211050386E12":101,"1.211080192E12":222,"1.21105828E12":165,"1.211051088E12":114,"1.21104696E12":64,"1.21106048E12":180,"1.211037461E12":17,"1.211049113E12":87,"1.211060569E12":181,"1.211049612E12":89,"1.211085072E12":243,"1.21108072E12":228,"1.21132932E12":287,"1.211022491E12":4,"1.211053819E12":136,"1.211327971E12":286,"1.211168419E12":279,"1.211152893E12":269,"1.211056226E12":144,"1.211080676E12":227,"1.211046651E12":61,"1.21105816E12":163,"1.211055738E12":141,"1.211082126E12":234,"1.211080529E12":224,"1.211043163E12":36,"1.211063661E12":191,"1.211045152E12":45,"1.211046394E12":57,"1.211044861E12":41,"1.211079908E12":218,"1.211052095E12":126,"1.211040122E12":21,"1.211050553E12":103,"1.21105167E12":124,"1.211056952E12":149,"1.211042185E12":30,"1.211027036E12":7,"1.211058047E12":162,"1.21104965E12":90,"1.211045822E12":50,"1.211051645E12":123,"1.211046112E12":54,"1.211035321E12":13,"1.211060468E12":179,"1.211050175E12":99,"1.211045492E12":48,"1.211057062E12":152,"1.211100535E12":252,"1.211058009E12":160,"1.211084975E12":239,"1.211080665E12":225,"1.211046924E12":63,"1.211139962E12":257,"1.211140225E12":260,"1.211082031E12":231,"1.211072597E12":202,"1.211058985E12":170,"1.211079237E12":214,"1.21104148E12":27,"1.211051109E12":117,"1.211042978E12":35,"1.211035946E12":15,"1.211018404E12":1,"1.211077942E12":210,"1.211050172E12":98,"1.211046456E12":59,"1.211051728E12":125,"1.211086135E12":250,"1.211047665E12":76,"1.21108584E12":247,"1.211052402E12":130,"1.211029524E12":8,"1.211057209E12":156,"1.211053497E12":134,"1.211023132E12":5,"1.211156764E12":270,"1.211085158E12":244,"1.211061441E12":182,"1.211079959E12":219,"1.211041399E12":25,"1.211051344E12":119,"1.211052338E12":129,"1.211085897E12":248,"1.211058971E12":169,"1.211164644E12":277,"1.211071448E12":196,"1.211052188E12":128,"1.211021452E12":3,"1.211059602E12":174,"1.211057971E12":159,"1.211074202E12":207,"1.211101591E12":254,"1.211085777E12":246,"1.211051364E12":120,"1.211057051E12":151,"1.211072013E12":198,"1.211051334E12":118,"1.21106044E12":178,"1.211080669E12":226,"1.211045039E12":43,"1.211329807E12":288,"1.211078495E12":212,"1.21104488E12":42,"1.211041671E12":29,"1.211079405E12":216,"1.211075955E12":209,"1.211051624E12":122,"1.211149103E12":267,"1.21108502E12":240,"1.21106145E12":185,"1.211148293E12":261,"1.211053473E12":133,"1.211139998E12":259,"1.211039433E12":20,"1.211061972E12":187,"1.211049914E12":94,"1.211043877E12":39,"1.211053774E12":135,"1.21105899E12":171,"1.211148404E12":263,"1.211070432E12":193,"1.211059756E12":175,"1.211085658E12":245,"1.211048946E12":81,"1.211058029E12":161,"1.211059339E12":173,"1.211084958E12":237,"1.211222523E12":284,"1.211050981E12":109,"1.211046652E12":62,"1.211047144E12":67,"1.211049435E12":88,"1.211103219E12":255,"1.211047685E12":77,"1.211047206E12":69,"1.211049024E12":85,"1.211080821E12":229,"1.211043483E12":38,"1.211047386E12":73,"1.211045939E12":51,"1.211058933E12":168,"1.211032841E12":10,"1.211046962E12":65,"1.211050125E12":97,"1.21104643E12":58,"1.211037091E12":16,"1.211085901E12":249,"1.211072171E12":200,"1.211058897E12":167,"1.211060248E12":177,"1.211051562E12":121,"1.21105056E12":104,"1.211038258E12":19,"1.211043196E12":37,"1.211061447E12":184,"1.211072833E12":204,"1.211065695E12":192,"1.211046108E12":53,"1.211079375E12":215,"1.211046235E12":55,"1.211045985E12":52,"1.211072811E12":203,"1.211045512E12":49,"1.211055836E12":143,"1.211047354E12":72,"1.211051013E12":111,"1.211061574E12":186,"1.211047935E12":80,"1.211072054E12":199,"1.211061976E12":188,"1.211063401E12":190,"1.211085042E12":242,"1.211070817E12":194,"1.211034909E12":12,"1.211080828E12":230,"1.211050409E12":102,"1.21108204E12":232,"1.211049683E12":92,"1.211074261E12":208,"1.211030151E12":9,"1.211162915E12":272,"1.211047714E12":78,"1.21104757E12":75,"1.211049011E12":84,"1.211047183E12":68,"1.21105714E12":154,"1.211058302E12":166,"1.211148322E12":262,"1.211077943E12":211,"1.211052116E12":127,"1.211079983E12":220,"1.211047565E12":74,"1.21104898E12":83,"1.211042949E12":34,"1.211163932E12":274,"1.21102702E12":6,"1.211071069E12":195,"1.211047847E12":79,"1.211149341E12":268,"1.211061445E12":183,"1.211057963E12":157,"1.211148936E12":264,"1.211201678E12":283,"1.2110454E12":46,"1.211055624E12":139,"1.211082377E12":235,"1.211050104E12":96,"1.211071702E12":197,"1.211042649E12":33,"1.211047281E12":70,"1.211072239E12":201,"1.21104513E12":44,"1.211051099E12":115,"1.211037561E12":18,"1.211058223E12":164,"1.211053374E12":132,"1.211084926E12":236,"1.211164632E12":276,"1.211056277E12":145,"1.211062014E12":189,"1.21104994E12":95,"1.211201545E12":282,"1.211168381E12":278,"1.211148995E12":266,"1.211084971E12":238,"1.211050985E12":110,"1.211101565E12":253,"1.211079116E12":213,"1.211056752E12":148,"1.211125802E12":256,"1.211048957E12":82,"1.211051105E12":116},"NUMBER_OF_PEOPLE":400,"minTimeSeen":1.211018404E12,"maxTimeSeen":1.211558405E12,"NEIGHBORHOOD_RADIUS":20.0,"ENCOUNTER_CHANCE":0.05,"priority":1.0,"duration":540001.0,"minutesDuration":9000.016666666666,"hoursDuration":150.00027777777777,"daysDuration":6.250011574074073}
