{"propagationData":{"1.211046416E12":43,"1.21105203E12":111,"1.211436528E12":388,"1.211087473E12":333,"1.211115727E12":360,"1.211055909E12":165,"1.211055083E12":152,"1.21105338E12":131,"1.211050587E12":81,"1.21105495E12":151,"1.211072432E12":274,"1.21104794E12":56,"1.211070126E12":262,"1.211063617E12":226,"1.211051338E12":92,"1.211079754E12":302,"1.211063035E12":220,"1.211054229E12":140,"1.211077788E12":296,"1.211057123E12":174,"1.211049777E12":69,"1.211052092E12":114,"1.211051548E12":101,"1.211131017E12":364,"1.211056558E12":172,"1.211087709E12":334,"1.211065363E12":238,"1.211157069E12":375,"1.211045312E12":32,"1.211052658E12":121,"1.211061475E12":212,"1.211107489E12":358,"1.211222918E12":385,"1.211045998E12":40,"1.211042898E12":22,"1.211042313E12":20,"1.211093327E12":348,"1.211043889E12":28,"1.211061827E12":214,"1.211082644E12":318,"1.211064457E12":230,"1.211060794E12":208,"1.211175176E12":381,"1.211079846E12":304,"1.21104536E12":34,"1.211047721E12":54,"1.211042286E12":19,"1.211192818E12":383,"1.211072621E12":275,"1.211093337E12":349,"1.211118257E12":361,"1.211052284E12":117,"1.211084295E12":324,"1.211047492E12":49,"1.211071609E12":271,"1.211070383E12":263,"1.211068901E12":257,"1.21105401E12":137,"1.211105268E12":357,"1.211097445E12":353,"1.211064579E12":231,"1.211041241E12":13,"1.211053689E12":132,"1.211051426E12":98,"1.211047699E12":52,"1.211135693E12":368,"1.211083921E12":323,"1.211124125E12":362,"1.211052433E12":118,"1.211069467E12":259,"1.211082617E12":317,"1.211077741E12":295,"1.211054099E12":138,"1.211051321E12":91,"1.21106584E12":241,"1.211046921E12":46,"1.211065243E12":237,"1.211050762E12":82,"1.211051368E12":95,"1.21104406E12":29,"1.211139993E12":369,"1.211018404E12":1,"1.211051578E12":102,"1.211057336E12":177,"1.211051273E12":89,"1.211050353E12":77,"1.211040232E12":5,"1.21105179E12":106,"1.211066182E12":244,"1.211052059E12":112,"1.211042826E12":21,"1.211112094E12":359,"1.211057466E12":179,"1.211042212E12":18,"1.211073792E12":281,"1.211055667E12":158,"1.211054307E12":142,"1.211070656E12":264,"1.211056441E12":171,"1.211060389E12":203,"1.211052946E12":124,"1.211049789E12":70,"1.211085493E12":331,"1.211051255E12":88,"1.211051415E12":97,"1.211041726E12":15,"1.211059694E12":198,"1.211067562E12":248,"1.211047389E12":48,"1.211043055E12":23,"1.211081909E12":313,"1.211077121E12":292,"1.211053342E12":130,"1.211057897E12":182,"1.211060064E12":201,"1.211050398E12":78,"1.211060759E12":207,"1.211057654E12":181,"1.211059178E12":195,"1.211060384E12":202,"1.211075974E12":288,"1.211076221E12":289,"1.211040278E12":7,"1.211040578E12":10,"1.211085097E12":329,"1.211051346E12":94,"1.21105734E12":178,"1.211058919E12":192,"1.211219552E12":384,"1.211055226E12":154,"1.211093556E12":350,"1.211055767E12":163,"1.211080367E12":309,"1.211040089E12":4,"1.211047544E12":50,"1.211070045E12":261,"1.211039545E12":2,"1.211054694E12":146,"1.211080308E12":308,"1.211080875E12":310,"1.211062217E12":216,"1.211060437E12":206,"1.211064282E12":228,"1.211045796E12":38,"1.211055236E12":155,"1.211099335E12":354,"1.211165685E12":378,"1.211082141E12":314,"1.211040394E12":8,"1.211088641E12":336,"1.211051579E12":103,"1.211068871E12":256,"1.211046369E12":42,"1.211050552E12":80,"1.211051615E12":104,"1.211055913E12":166,"1.211049921E12":72,"1.211059168E12":194,"1.211064734E12":232,"1.211058943E12":193,"1.211057322E12":176,"1.211055731E12":160,"1.211054778E12":148,"1.211045315E12":33,"1.211059285E12":197,"1.211082194E12":315,"1.211083839E12":321,"1.21105488E12":150,"1.211067529E12":247,"1.21108333E12":319,"1.211051343E12":93,"1.211051887E12":108,"1.211060809E12":210,"1.211069686E12":260,"1.211065438E12":239,"1.211174879E12":380,"1.211051968E12":110,"1.211056322E12":169,"1.211062971E12":219,"1.211053318E12":129,"1.211169812E12":379,"1.211084715E12":327,"1.211052781E12":123,"1.211099434E12":355,"1.211088954E12":338,"1.211059868E12":199,"1.211075623E12":287,"1.211073523E12":280,"1.211050351E12":76,"1.211071097E12":268,"1.211051228E12":86,"1.211063127E12":221,"1.211073441E12":279,"1.211071533E12":270,"1.211075077E12":285,"1.211048391E12":59,"1.211077856E12":297,"1.211055314E12":157,"1.211043066E12":24,"1.211049221E12":68,"1.211071022E12":266,"1.211054425E12":144,"1.211071631E12":272,"1.211085666E12":332,"1.2111622E12":377,"1.211069099E12":258,"1.211074109E12":283,"1.211054162E12":139,"1.211073209E12":278,"1.211043571E12":27,"1.211091029E12":342,"1.211058425E12":187,"1.211079904E12":305,"1.211057651E12":180,"1.211048797E12":63,"1.211077679E12":294,"1.211068836E12":255,"1.211048047E12":57,"1.211047905E12":55,"1.211041475E12":14,"1.211062518E12":217,"1.211175479E12":382,"1.211050503E12":79,"1.211066758E12":245,"1.211064992E12":235,"1.211051951E12":109,"1.211156214E12":374,"1.211060417E12":205,"1.211056332E12":170,"1.21105575E12":161,"1.211055239E12":156,"1.211046683E12":44,"1.211065224E12":236,"1.211058416E12":186,"1.211050781E12":83,"1.211053135E12":126,"1.211040467E12":9,"1.211058703E12":189,"1.211066154E12":243,"1.211045504E12":35,"1.211055168E12":153,"1.211052469E12":119,"1.211134324E12":366,"1.211058676E12":188,"1.211051106E12":85,"1.21106404E12":227,"1.211063303E12":224,"1.211093589E12":351,"1.211047571E12":51,"1.211064402E12":229,"1.21106191E12":215,"1.211082614E12":316,"1.211056141E12":167,"1.211055762E12":162,"1.211066861E12":246,"1.211077549E12":293,"1.211049199E12":67,"1.211076248E12":290,"1.211053051E12":125,"1.211047719E12":53,"1.211067671E12":251,"1.21105679E12":173,"1.211050086E12":73,"1.211093025E12":345,"1.211063199E12":222,"1.211083906E12":322,"1.211067708E12":252,"1.211040245E12":6,"1.211064826E12":234,"1.211051312E12":90,"1.211045887E12":39,"1.211040898E12":12,"1.211048398E12":60,"1.211060039E12":200,"1.211064803E12":233,"1.211050866E12":84,"1.211051786E12":105,"1.211053303E12":128,"1.211085251E12":330,"1.211089985E12":340,"1.211061591E12":213,"1.211072639E12":276,"1.211133859E12":365,"1.211054483E12":145,"1.211059195E12":196,"1.21104903E12":66,"1.211093212E12":346,"1.211067867E12":253,"1.21105183E12":107,"1.211081617E12":312,"1.21104577E12":37,"1.211071123E12":269,"1.211054712E12":147,"1.211080198E12":306,"1.211043124E12":25,"1.211067976E12":254,"1.211071027E12":267,"1.211238716E12":386,"1.211091909E12":343,"1.211053712E12":133,"1.211054305E12":141,"1.211071799E12":273,"1.211088833E12":337,"1.211045715E12":36,"1.21108161E12":311,"1.21109291E12":344,"1.211152016E12":373,"1.211162117E12":376,"1.211044117E12":30,"1.2110656E12":240,"1.211083332E12":320,"1.211102811E12":356,"1.21108826E12":335,"1.211051487E12":100,"1.211054393E12":143,"1.211050328E12":74,"1.211084513E12":326,"1.211052698E12":122,"1.211042137E12":17,"1.211053953E12":135,"1.211058226E12":184,"1.211060409E12":204,"1.211063414E12":225,"1.211134911E12":367,"1.211058403E12":185,"1.211052568E12":120,"1.211040088E12":3,"1.211051371E12":96,"1.211079787E12":303,"1.211054846E12":149,"1.211060804E12":209,"1.2110676E12":249,"1.211061232E12":211,"1.211076857E12":291,"1.21105148E12":99,"1.211093225E12":347,"1.21109363E12":352,"1.211260597E12":387,"1.211057145E12":175,"1.211085092E12":328,"1.21108431E12":325,"1.211062837E12":218,"1.211041793E12":16,"1.211049829E12":71,"1.211141769E12":370,"1.211079066E12":298,"1.211070796E12":265,"1.211090288E12":341,"1.211055704E12":159,"1.211075264E12":286,"1.211047334E12":47,"1.211147527E12":371,"1.211080303E12":307,"1.211052197E12":116,"1.211044889E12":31,"1.211079632E12":300,"1.211065884E12":242,"1.211054003E12":136,"1.211053938E12":134,"1.211074825E12":284,"1.211058751E12":190,"1.211072783E12":277,"1.211052088E12":113,"1.211043155E12":26,"1.211149171E12":372,"1.211049025E12":65,"1.211073984E12":282,"1.21107965E12":301,"1.211058811E12":191,"1.211052139E12":115,"1.211063295E12":223,"1.211124529E12":363,"1.211048934E12":64,"1.211056219E12":168,"1.211046078E12":41,"1.211053159E12":127,"1.211055852E12":164,"1.211040587E12":11,"1.211048579E12":62,"1.211048576E12":61,"1.211051237E12":87,"1.211067651E12":250,"1.211046887E12":45,"1.211079135E12":299,"1.211089629E12":339,"1.211048127E12":58,