{"propagationData":{"1.211039132E12":142,"1.211050968E12":196,"1.211318652E12":305,"1.211033718E12":106,"1.211072587E12":243,"1.211062266E12":219,"1.211026351E12":57,"1.211038708E12":135,"1.211047312E12":182,"1.211019497E12":25,"1.211024184E12":52,"1.21106619E12":232,"1.211063681E12":222,"1.211021361E12":38,"1.211033151E12":100,"1.211047566E12":184,"1.211046636E12":173,"1.211061667E12":212,"1.211061696E12":214,"1.211020245E12":27,"1.211041621E12":160,"1.211105713E12":294,"1.211030857E12":82,"1.211018884E12":19,"1.211027602E12":61,"1.211033665E12":105,"1.211080045E12":271,"1.211073785E12":246,"1.211018542E12":5,"1.211080023E12":270,"1.211068746E12":235,"1.211060805E12":209,"1.211070991E12":239,"1.2110334E12":104,"1.211029251E12":68,"1.211117054E12":298,"1.21110525E12":292,"1.211018834E12":17,"1.211046588E12":172,"1.211030576E12":79,"1.211018586E12":10,"1.211018807E12":15,"1.211039998E12":152,"1.211070648E12":237,"1.211023387E12":49,"1.211038931E12":139,"1.211047504E12":183,"1.211098693E12":283,"1.21110369E12":290,"1.211102372E12":286,"1.211083849E12":276,"1.211066004E12":231,"1.211079876E12":268,"1.211040987E12":156,"1.211075706E12":253,"1.211038545E12":133,"1.211328426E12":315,"1.211103792E12":291,"1.21132482E12":310,"1.211023475E12":50,"1.211027031E12":58,"1.211020339E12":30,"1.211102361E12":285,"1.211043591E12":166,"1.211063682E12":223,"1.211073897E12":247,"1.211037792E12":129,"1.211047289E12":181,"1.211039655E12":148,"1.211047196E12":177,"1.211060746E12":206,"1.211050727E12":191,"1.211050776E12":194,"1.211318621E12":303,"1.211037583E12":128,"1.211029702E12":71,"1.211071E12":240,"1.211029894E12":73,"1.211025391E12":56,"1.211327401E12":311,"1.21102024E12":26,"1.211029929E12":75,"1.211079834E12":267,"1.211038538E12":132,"1.211035756E12":119,"1.211065988E12":230,"1.211043593E12":167,"1.211018414E12":3,"1.211063817E12":225,"1.211021319E12":37,"1.211025159E12":55,"1.211035298E12":117,"1.211023241E12":47,"1.211031581E12":88,"1.211020732E12":33,"1.211018577E12":8,"1.211036866E12":125,"1.2110638E12":224,"1.211018874E12":18,"1.211084237E12":277,"1.211070593E12":236,"1.211050731E12":192,"1.211031976E12":92,"1.211031984E12":95,"1.211060781E12":207,"1.211033381E12":102,"1.211019199E12":21,"1.211318717E12":306,"1.211046524E12":171,"1.21103455E12":111,"1.21103911E12":140,"1.211041613E12":158,"1.211076174E12":256,"1.21103688E12":126,"1.211327866E12":314,"1.211044019E12":168,"1.211060494E12":204,"1.211023268E12":48,"1.211102944E12":289,"1.211044067E12":169,"1.21107762E12":261,"1.211046648E12":175,"1.211039986E12":151,"1.211046657E12":176,"1.211318812E12":307,"1.211105734E12":295,"1.211097668E12":282,"1.211081045E12":274,"1.211036955E12":127,"1.211065645E12":229,"1.21106345E12":221,"1.211034521E12":110,"1.211032082E12":98,"1.211029718E12":72,"1.211031406E12":86,"1.211018404E12":1,"1.21103963E12":146,"1.211062246E12":215,"1.211029239E12":66,"1.211318615E12":302,"1.211018447E12":4,"1.211030963E12":84,"1.211049125E12":186,"1.21108505E12":280,"1.211031863E12":91,"1.211049375E12":187,"1.211085067E12":281,"1.211105686E12":293,"1.21101878E12":12,"1.211020773E12":34,"1.211041672E12":162,"1.211024999E12":53,"1.211066195E12":233,"1.211039181E12":144,"1.211042728E12":163,"1.211024183E12":51,"1.211035685E12":118,"1.21103071E12":81,"1.211022367E12":44,"1.211058305E12":203,"1.211074872E12":250,"1.211049381E12":188,"1.211020269E12":28,"1.211051313E12":199,"1.211039224E12":145,"1.211034597E12":112,"1.211018582E12":9,"1.211057877E12":202,"1.211018795E12":14,"1.211076481E12":258,"1.211018411E12":2,"1.211038877E12":138,"1.211031806E12":89,"1.211047225E12":179,"1.211063431E12":220,"1.211039662E12":150,"1.211042964E12":164,"1.211318855E12":308,"1.211025035E12":54,"1.211050725E12":190,"1.211105751E12":296,"1.211040008E12":153,"1.211019052E12":20,"1.211085039E12":279,"1.211041671E12":161,"1.211223147E12":301,"1.211077616E12":260,"1.211062248E12":216,"1.211034368E12":109,"1.211041617E12":159,"1.21103024E12":78,"1.211031982E12":93,"1.211029899E12":74,"1.211038733E12":136,"1.211018789E12":13,"1.211020671E12":32,"1.211020802E12":35,"1.211037809E12":130,"1.211029964E12":76,"1.211018573E12":7,"1.211072674E12":244,"1.211066333E12":234,"1.211050775E12":193,"1.211035105E12":114,"1.211039115E12":141,"1.211327647E12":313,"1.211047278E12":180,"1.211020314E12":29,"1.211078029E12":264,"1.211047667E12":185,"1.211036787E12":123,"1.21110245E12":287,"1.211081034E12":272,"1.211020354E12":31,"1.211038411E12":131,"1.211223072E12":300,"1.211030013E12":77,"1.211034687E12":113,"1.21104664E12":174,"1.211021995E12":42,"1.211102864E12":288,"1.211051371E12":201,"1.211327574E12":312,"1.211046511E12":170,"1.211018772E12":11,"1.211022287E12":43,"1.211034224E12":107,"1.211065643E12":228,"1.211040976E12":155,"1.211081211E12":275,"1.211028463E12":64,"1.211021284E12":36,"1.211030592E12":80,"1.211060848E12":210,"1.21107571E12":254,"1.211060801E12":208,"1.211050812E12":195,"1.211030999E12":85,"1.211073532E12":245,"1.211051329E12":200,"1.211036819E12":124,"1.211079921E12":269,"1.211077574E12":259,"1.211040967E12":154,"1.211035209E12":115,"1.211029248E12":67,"1.211078032E12":265,"1.211051101E12":197,"1.211061694E12":213,"1.211022399E12":45,"1.211036553E12":120,"1.211072484E12":242,"1.211318631E12":304,"1.211028832E12":65,"1.211018814E12":16,"1.211074111E12":248,"1.211019274E12":23,"1.211019487E12":24,"1.21107534E12":252,"1.211036701E12":122,"1.211038704E12":134,"1.211047197E12":178,"1.211063861E12":226,"1.211030958E12":83,"1.211031817E12":90,"1.211070951E12":238,"1.211021387E12":39,"1.211033172E12":101,"1.211213482E12":299,"1.211051274E12":198,"1.211074878E12":251,"1.211065427E12":227,"1.211075711E12":255,"1.211033398E12":103,"1.211041159E12":157,"1.211029523E12":70,"1.211021896E12":41,"1.211038759E12":137,"1.211071913E12":241,"1.21110232E12":284,"1.211028377E12":63,"1.211077755E12":263,"1.211060709E12":205,"1.211036616E12":121,"1.211074579E12":249,"1.211112088E12":297,"1.211029511E12":69,"1.211318869E12":309,"1.211043557E12":165,"1.211027495E12":59,"1.211034233E12":108,"1.211027587E12":60,"1.211039173E12":143,"1.211033142E12":99,"1.21103966E12":149,"1.211039638E12":147,"1.211077754E12":262,"1.211079826E12":266,"1.211062265E12":218,"1.211035228E12":116,"1.211081035E12":273,"1.21106162E12":211,"1.211076376E12":257,"1.211085029E12":278,"1.211032048E12":97,"1.211031995E12":96,"1.211019221E12":22,"1.211021847E12":40,"1.211031412E12":87,"1.211022461E12":46,"1.21102764E12":62,"1.211018547E12":6},"NUMBER_OF_PEOPLE":400,"minTimeSeen":1.211018404E12,"maxTimeSeen":1.211558405E12,"NEIGHBORHOOD_RADIUS":20.0,"ENCOUNTER_CHANCE":0.05,"priority":1.0,"duration":540001.0,"minutesDuration":9000.016666666666,"hoursDuration":150.00027777777777,"daysDuration":6.250011574074073}
