{"propagationData":{"1.211043394E12":266,"1.211024081E12":55,"1.211055519E12":323,"1.211042916E12":261,"1.211041534E12":247,"1.211034318E12":178,"1.211044636E12":280,"1.211024828E12":57,"1.211039234E12":227,"1.21103019E12":92,"1.211018902E12":19,"1.211035541E12":193,"1.211032429E12":147,"1.211054605E12":318,"1.211050556E12":305,"1.211023082E12":49,"1.211032484E12":148,"1.211045954E12":290,"1.211045671E12":286,"1.211060513E12":330,"1.211020012E12":44,"1.211045433E12":284,"1.211034203E12":174,"1.211054443E12":314,"1.211048167E12":300,"1.21103238E12":144,"1.211061027E12":333,"1.211019666E12":40,"1.211041689E12":250,"1.211041272E12":242,"1.211041438E12":245,"1.211030438E12":105,"1.211034546E12":181,"1.211040686E12":234,"1.211018946E12":24,"1.211074652E12":352,"1.211030437E12":104,"1.211075122E12":355,"1.211018834E12":10,"1.211061839E12":336,"1.211019897E12":42,"1.211018819E12":6,"1.211040313E12":231,"1.211049067E12":303,"1.211031041E12":117,"1.211032315E12":141,"1.211038177E12":220,"1.211046284E12":293,"1.211034213E12":175,"1.211085021E12":361,"1.211019578E12":38,"1.211018866E12":13,"1.211036302E12":209,"1.21103158E12":126,"1.211039405E12":229,"1.211044359E12":275,"1.211019093E12":32,"1.211053799E12":310,"1.211019851E12":41,"1.211044232E12":273,"1.211026034E12":68,"1.211038211E12":221,"1.21104248E12":257,"1.211055352E12":322,"1.211018822E12":7,"1.211035469E12":192,"1.211030181E12":91,"1.211026171E12":69,"1.211043458E12":269,"1.211073093E12":351,"1.211027414E12":70,"1.211035169E12":188,"1.211032046E12":135,"1.211046629E12":297,"1.211021851E12":46,"1.211031394E12":121,"1.211033417E12":165,"1.21101913E12":36,"1.211034346E12":179,"1.211042331E12":256,"1.211071945E12":350,"1.211031675E12":127,"1.211032413E12":146,"1.211033314E12":162,"1.211025938E12":67,"1.211018848E12":11,"1.211086166E12":363,"1.211028385E12":78,"1.211071706E12":349,"1.211041413E12":244,"1.211043031E12":264,"1.211039373E12":228,"1.211036614E12":215,"1.211030792E12":113,"1.211018919E12":21,"1.211043787E12":271,"1.211075048E12":354,"1.211064778E12":343,"1.211141845E12":373,"1.211043158E12":265,"1.211442171E12":388,"1.211036502E12":213,"1.211044576E12":279,"1.21103044E12":106,"1.21103497E12":185,"1.211055791E12":325,"1.211036434E12":211,"1.211033904E12":172,"1.211035011E12":187,"1.21112084E12":372,"1.211045847E12":287,"1.211018518E12":4,"1.211055865E12":326,"1.211042266E12":254,"1.211044964E12":281,"1.21103137E12":119,"1.21103349E12":166,"1.211019106E12":33,"1.211040846E12":238,"1.211018905E12":20,"1.211033328E12":163,"1.211018929E12":22,"1.211036123E12":203,"1.211030125E12":89,"1.211031789E12":131,"1.211034484E12":180,"1.211029313E12":83,"1.21105452E12":316,"1.211077518E12":357,"1.21103117E12":118,"1.211060979E12":331,"1.211040473E12":232,"1.211027839E12":73,"1.211033155E12":161,"1.211064065E12":342,"1.211029738E12":87,"1.211025648E12":64,"1.21101888E12":15,"1.21104828E12":301,"1.211031406E12":123,"1.211066251E12":346,"1.211030195E12":93,"1.211044407E12":276,"1.211032873E12":156,"1.211018404E12":1,"1.21102504E12":61,"1.211024071E12":54,"1.211080056E12":358,"1.211077508E12":356,"1.211053907E12":311,"1.21103202E12":134,"1.211033652E12":167,"1.211031751E12":130,"1.211030921E12":116,"1.211063546E12":340,"1.211054477E12":315,"1.211054652E12":319,"1.21104378E12":270,"1.211045888E12":288,"1.211035787E12":198,"1.211054746E12":321,"1.211029339E12":84,"1.211046565E12":295,"1.211054383E12":313,"1.211039116E12":226,"1.211036507E12":214,"1.21129996E12":386,"1.211061062E12":334,"1.211116397E12":370,"1.211035419E12":191,"1.211019231E12":37,"1.211029417E12":85,"1.211018887E12":17,"1.211038901E12":224,"1.211036129E12":205,"1.211019039E12":29,"1.211031713E12":128,"1.211046473E12":294,"1.211036184E12":207,"1.211019036E12":28,"1.211060396E12":329,"1.211032503E12":149,"1.211034288E12":177,"1.21104273E12":260,"1.211046037E12":291,"1.211044246E12":274,"1.211019107E12":34,"1.211065127E12":344,"1.211032319E12":143,"1.211036672E12":216,"1.211046645E12":298,"1.211035789E12":199,"1.211063942E12":341,"1.211032736E12":154,"1.2110324E12":145,"1.211032958E12":158,"1.211042964E12":262,"1.211018894E12":18,"1.211036155E12":206,"1.211031376E12":120,"1.211058371E12":328,"1.211032161E12":139,"1.211042086E12":252,"1.211040542E12":233,"1.211030274E12":96,"1.211186375E12":382,"1.211041349E12":243,"1.211071246E12":347,"1.211030776E12":112,"1.211037665E12":218,"1.211027442E12":71,"1.211022356E12":48,"1.211035593E12":195,"1.211053737E12":308,"1.211053774E12":309,"1.211045104E12":282,"1.211029046E12":80,"1.211117167E12":371,"1.211023648E12":52,"1.211063489E12":339,"1.211047139E12":299,"1.211030143E12":90,"1.211036395E12":210,"1.21101907E12":31,"1.211029736E12":86,"1.211029298E12":82,"1.2110314E12":122,"1.21103815E12":219,"1.211044461E12":277,"1.211030594E12":107,"1.211058184E12":327,"1.211055543E12":324,"1.211075026E12":353,"1.21102911E12":81,"1.211018885E12":16,"1.211024877E12":58,"1.211063296E12":337,"1.211089541E12":366,"1.211035635E12":197,"1.211175486E12":380,"1.211025337E12":62,"1.211019005E12":26,"1.211201669E12":384,"1.2110302E12":94,"1.211033746E12":170,"1.211045523E12":285,"1.211023642E12":51,"1.211032807E12":155,"1.211045939E12":289,"1.211024928E12":59,"1.211019608E12":39,"1.211113386E12":369,"1.211023973E12":53,"1.211032992E12":160,"1.211063322E12":338,"1.211041682E12":249,"1.211054729E12":320,"1.211032112E12":138,"1.211035937E12":202,"1.211030374E12":99,"1.211049114E12":304,"1.211054567E12":317,"1.211169456E12":378,"1.211031456E12":124,"1.211040815E12":236,"1.211030254E12":95,"1.211018974E12":25,"1.21104266E12":259,"1.21144047E12":387,"1.211061126E12":335,"1.211172043E12":379,"1.21104084E12":237,"1.211085015E12":360,"1.211033667E12":168,"1.211266546E12":385,"1.21103063E12":109,"1.211030774E12":111,"1.211039104E12":225,"1.211043409E12":267,"1.21104069E12":235,"1.211027873E12":74,"1.211030621E12":108,"1.211032316E12":142,"1.211041626E12":248,"1.211036125E12":204,"1.211018868E12":14,"1.211032654E12":152,"1.211023464E12":50,"1.211039421E12":230,"1.211025762E12":65,"1.211019031E12":27,"1.211168654E12":377,"1.211031531E12":125,"1.211042993E12":263,"1.211027654E12":72,"1.211033695E12":169,"1.211050941E12":306,"1.211030896E12":115,"1.211034638E12":182,"1.21104881E12":302,"1.211028334E12":76,"1.211177727E12":381,"1.211028914E12":79,"1.21102792E12":75,"1.21101905E12":30,"1.21104253E12":258,"1.21102034E12":45,"1.211038809E12":223,"1.211061003E12":332,"1.211035924E12":201,"1.211018827E12":9,"1.211036255E12":208,"1.211030434E12":102,"1.211033751E12":171,"1.211041505E12":246,"1.211044487E12":278,"1.211041783E12":251,"1.211025021E12":60,"1.211042269E12":255,"1.211032943E12":157,"1.211034997E12":186,"1.211031798E12":132,"1.211040873E12":239,"1.211018422E12":3,"1.21103208E12":137,"1.211032615E12":151,"1.211028355E12":77,"1.211033341E12":164,"1.211030381E12":100,"1.211032249E12":140,"1.211037549E12":217,"1.211035202E12":189,"1.211053614E12":307,"1.211163756E12":375,"1.21103299E12":159,"1.211030307E12":98,"1.211045322E12":283,"1.211046566E12":296,"1.211041247E12":241,"1.211019122E12":35,"1.211089033E12":365,"1.211030297E12":97,"1.21101893E12":23,"1.211091283E12":368,"1.211066218E12":345,"1.211036477E12":212,"1.211035577E12":194,"1.211030635E12":110,"1.211142275E12":374,"1.211025909E12":66,"1.211085257E12":362,"1.211040944E12":240,"1.211035597E12":196,"1.211046106E12":292,"1.211025479E12":63,"1.211043424E12":268,"1.21103012E12":88,"1.211035242E12":190,"1.21105393E12":312,"1.211042119E12":253,"1.211186516E12":383,"1.211043799E12":272,"1.211018862E12":12,"1.211080624E12":359,"1.211018407E12":2,"1.211022272E12":47,"1.211019907E12":43,"1.211030797E12":114,"1.211165208E12":376,"1.211032692E12":153,"1.211034839E12":184,"1.211033924E12":173,"1.21103477E12":183,"1.211090656E12":367,"1.211032048E12":136,"1.211086257E12":364,"1.211071604E12":348,"1.211035899E12":200,"1.211032598E12":150,"1.211034219E12":176},"NUMBER_OF_PEOPLE":400,"minTimeSeen":1.211018404E12,"maxTimeSeen":1.211558405E12,"NEIGHBORHOOD_RADIUS":20.0,"ENCOUNTER_CHANCE":0.05,