{"propagationData":{"1.21103835E12":190,"1.211164456E12":382,"1.211061703E12":337,"1.211045915E12":269,"1.211049269E12":293,"1.211044489E12":251,"1.211037262E12":167,"1.211057477E12":328,"1.211049326E12":294,"1.211041182E12":231,"1.211198721E12":385,"1.211046877E12":276,"1.211030955E12":86,"1.211049746E12":298,"1.211049578E12":296,"1.211033662E12":107,"1.211052313E12":314,"1.21104045E12":221,"1.211040536E12":222,"1.211018644E12":19,"1.211034057E12":116,"1.211019406E12":39,"1.211046778E12":275,"1.211044953E12":256,"1.211048533E12":289,"1.211050683E12":308,"1.211040663E12":223,"1.211046006E12":270,"1.211031429E12":89,"1.211018884E12":34,"1.211019855E12":40,"1.211018417E12":5,"1.211044039E12":248,"1.211034002E12":112,"1.211053282E12":316,"1.211051114E12":311,"1.211046597E12":274,"1.211044971E12":257,"1.211030939E12":85,"1.211051174E12":312,"1.211036556E12":157,"1.211034031E12":114,"1.211037866E12":178,"1.211044916E12":255,"1.21104091E12":229,"1.211085329E12":361,"1.211071662E12":349,"1.211034473E12":125,"1.211032614E12":97,"1.211018641E12":17,"1.211090534E12":364,"1.211045908E12":268,"1.211038273E12":187,"1.211040757E12":226,"1.211071161E12":345,"1.211026214E12":59,"1.211041064E12":230,"1.211077894E12":356,"1.211045041E12":258,"1.211058561E12":332,"1.211035076E12":132,"1.211052219E12":313,"1.211036183E12":149,"1.211018579E12":13,"1.21103975E12":208,"1.211039641E12":205,"1.211026286E12":60,"1.211021934E12":50,"1.211127541E12":374,"1.211040352E12":219,"1.211018676E12":25,"1.211018412E12":3,"1.211034022E12":113,"1.21103357E12":105,"1.211073748E12":351,"1.211041526E12":234,"1.211028761E12":74,"1.211077868E12":355,"1.211056908E12":324,"1.21106938E12":343,"1.211018766E12":28,"1.211032933E12":100,"1.211021796E12":48,"1.21105716E12":325,"1.211035028E12":130,"1.211036927E12":163,"1.211018804E12":31,"1.211034596E12":128,"1.211045712E12":266,"1.2110404E12":220,"1.211037613E12":174,"1.211049187E12":292,"1.211030134E12":75,"1.211030722E12":81,"1.211040788E12":227,"1.211039883E12":209,"1.21104231E12":243,"1.211019987E12":41,"1.211034544E12":127,"1.211080105E12":359,"1.211033314E12":102,"1.211104454E12":370,"1.21102682E12":65,"1.211018802E12":30,"1.211018515E12":10,"1.211018831E12":32,"1.211037388E12":171,"1.211038115E12":182,"1.211033742E12":109,"1.211040867E12":228,"1.211058579E12":333,"1.211034258E12":121,"1.211038551E12":192,"1.211028553E12":72,"1.211037731E12":177,"1.211073811E12":352,"1.211043532E12":246,"1.211026164E12":56,"1.211036917E12":162,"1.211067759E12":341,"1.211038832E12":197,"1.211139368E12":378,"1.211024277E12":52,"1.211045906E12":267,"1.211045513E12":263,"1.21104073E12":224,"1.211071634E12":348,"1.211018509E12":9,"1.211073218E12":350,"1.211018464E12":7,"1.211095178E12":366,"1.211057217E12":326,"1.211033629E12":106,"1.211075866E12":354,"1.211046908E12":278,"1.211035747E12":141,"1.21104828E12":283,"1.211045244E12":259,"1.211032333E12":96,"1.211018651E12":22,"1.211031775E12":93,"1.211024455E12":53,"1.21105345E12":317,"1.211032873E12":98,"1.211037345E12":170,"1.211018404E12":1,"1.21101884E12":33,"1.211035243E12":134,"1.211036492E12":154,"1.211062083E12":339,"1.211039264E12":203,"1.211050463E12":306,"1.211018466E12":8,"1.211038232E12":185,"1.211128769E12":375,"1.211018988E12":36,"1.211037218E12":166,"1.211042518E12":244,"1.211028576E12":73,"1.21103825E12":186,"1.211088852E12":362,"1.211026729E12":63,"1.211037703E12":176,"1.211030926E12":84,"1.211044846E12":253,"1.211030861E12":83,"1.211039969E12":212,"1.211036615E12":160,"1.2111771E12":383,"1.211101659E12":368,"1.211083815E12":360,"1.211031727E12":91,"1.211094969E12":365,"1.211047387E12":279,"1.21102621E12":58,"1.211044206E12":250,"1.211038087E12":180,"1.211031025E12":87,"1.211030391E12":80,"1.211018642E12":18,"1.211021758E12":47,"1.211071623E12":347,"1.211056863E12":323,"1.21105605E12":320,"1.211049753E12":299,"1.211135209E12":377,"1.211045614E12":265,"1.211027571E12":70,"1.211045304E12":260,"1.2110186E12":15,"1.211037428E12":172,"1.211031776E12":94,"1.211033329E12":103,"1.211058928E12":334,"1.21104972E12":297,"1.211061855E12":338,"1.211039654E12":206,"1.211026205E12":57,"1.211018675E12":24,"1.211036594E12":158,"1.211046424E12":272,"1.211234334E12":387,"1.211021197E12":43,"1.211232203E12":386,"1.211096538E12":367,"1.211060381E12":336,"1.211027711E12":71,"1.211035865E12":142,"1.211039748E12":207,"1.211018983E12":35,"1.211105907E12":371,"1.211035739E12":140,"1.211041987E12":240,"1.211041236E12":232,"1.211031561E12":90,"1.211038651E12":195,"1.211041848E12":239,"1.211026512E12":62,"1.211040262E12":216,"1.211035362E12":137,"1.21115409E12":380,"1.211020742E12":42,"1.211021852E12":49,"1.211036171E12":146,"1.211038088E12":181,"1.211044874E12":254,"1.211019124E12":38,"1.211034334E12":123,"1.211036218E12":150,"1.211042012E12":241,"1.211034076E12":117,"1.21101861E12":16,"1.211040215E12":215,"1.211021268E12":44,"1.211036669E12":161,"1.211058152E12":330,"1.211050165E12":303,"1.211035334E12":136,"1.211033567E12":104,"1.211332388E12":389,"1.211079696E12":357,"1.211053496E12":318,"1.211037198E12":165,"1.211046894E12":277,"1.211039059E12":201,"1.211040118E12":214,"1.211040014E12":213,"1.211048409E12":287,"1.211058207E12":331,"1.211054529E12":319,"1.211037628E12":175,"1.211260631E12":388,"1.21101852E12":11,"1.211018798E12":29,"1.211056336E12":321,"1.211048638E12":290,"1.211035288E12":135,"1.211036178E12":147,"1.21101865E12":21,"1.211026292E12":61,"1.211079884E12":358,"1.21102688E12":67,"1.211024654E12":54,"1.211034735E12":129,"1.211021623E12":45,"1.211042554E12":245,"1.211018684E12":26,"1.211037275E12":169,"1.21103856E12":194,"1.211026858E12":66,"1.211037263E12":168,"1.21115526E12":381,"1.211034274E12":122,"1.211042271E12":242,"1.211035624E12":138,"1.211041772E12":238,"1.211041652E12":236,"1.211059388E12":335,"1.211044832E12":252,"1.211043631E12":247,"1.211031796E12":95,"1.211036141E12":145,"1.211071126E12":344,"1.211018437E12":6,"1.211052571E12":315,"1.211057231E12":327,"1.211049757E12":300,"1.211038874E12":198,"1.211050193E12":304,"1.211047609E12":281,"1.211026792E12":64,"1.211034487E12":126,"1.211037127E12":164,"1.211036428E12":153,"1.211038886E12":200,"1.21101906E12":37,"1.211033785E12":110,"1.211057914E12":329,"1.211036533E12":156,"1.211048503E12":288,"1.211034094E12":119,"1.211044066E12":249,"1.211038881E12":199,"1.211182274E12":384,"1.211050307E12":305,"1.211031419E12":88,"1.211036595E12":159,"1.211040295E12":217,"1.2110399E12":210,"1.211067744E12":340,"1.211131406E12":376,"1.211027416E12":68,"1.211140365E12":379,"1.211046434E12":273,"1.211021726E12":46,"1.211034087E12":118,"1.211018584E12":14,"1.211027507E12":69,"1.211045384E12":262,"1.211036508E12":155,"1.211038178E12":184,"1.211038549E12":191,"1.21103906E12":202,"1.211033713E12":108,"1.211034056E12":115,"1.211036182E12":148,"1.211068173E12":342,"1.211031774E12":92,"1.211036078E12":143,"1.211050874E12":309,"1.211049371E12":295,"1.211030288E12":77,"1.211101945E12":369,"1.211046046E12":271,"1.211090235E12":363,"1.211041647E12":235,"1.211034212E12":120,"1.211018668E12":23,"1.211121884E12":372,"1.211018413E12":4,"1.211024171E12":51,"1.211036418E12":152,"1.211033809E12":111,"1.211036093E12":144,"1.211075543E12":353,"1.211030167E12":76,"1.211038311E12":188,"1.21103995E12":211,"1.211038337E12":189,"1.211050092E12":302,"1.211048786E12":291,"1.211056362E12":322,"1.211050558E12":307,"1.211030307E12":79,"1.211071566E12":346,"1.211045583E12":264,"1.211030297E12":78,"1.211041653E12":237,"1.211030736E12":82,"1.211051056E12":310,"1.211039638E12":204,"1.211048289E12":286,"1.211018649E12":20,"1.211037561E12":173,"1.211045347E12":261,"1.211035098E12":133,"1.211126853E12":373,"1.211034471E12":124,"1.211035039E12":131,"1.211040732E12":225,"1.21104033E12":218,"1.211048199E12":282,"1.211047401E12":280,"1.211018407E12":2,"1.21103793E12":179,"1.211032953E12":101,"1.211035713E12":139,"1.211024805E12":55,"1.211048287E12":285,"1.211018534E12":12,"1.211048284E12":284,"1.211032884E12":99,"1.211038831E12":196,"1.211041365E12":233},"NUMBER_OF_PEOPLE":400,"minTimeSeen":1.211018404E12,