{"propagationData":{"1.21102881E12":130,"1.21101922E12":44,"1.21103654E12":220,"1.211239679E12":357,"1.211030159E12":138,"1.211030615E12":146,"1.211036296E12":213,"1.211030759E12":149,"1.211042981E12":264,"1.21102391E12":83,"1.211023523E12":79,"1.211053804E12":307,"1.211034977E12":198,"1.211046795E12":286,"1.211023901E12":82,"1.211018507E12":30,"1.211030768E12":150,"1.211031787E12":165,"1.211032882E12":177,"1.211060101E12":318,"1.211037398E12":224,"1.211020438E12":55,"1.21103506E12":201,"1.211046482E12":285,"1.211042867E12":262,"1.211025763E12":102,"1.21105806E12":313,"1.211036012E12":211,"1.211060268E12":321,"1.211025567E12":97,"1.211018409E12":11,"1.211023233E12":78,"1.211022918E12":68,"1.211035013E12":200,"1.211060415E12":324,"1.211033196E12":181,"1.211046116E12":282,"1.211052186E12":299,"1.211043061E12":265,"1.211053336E12":306,"1.211018807E12":37,"1.21104197E12":250,"1.211018433E12":19,"1.211031736E12":161,"1.211019649E12":47,"1.211027753E12":121,"1.211039581E12":243,"1.21103143E12":156,"1.211043293E12":269,"1.211031636E12":160,"1.211042492E12":258,"1.211026053E12":110,"1.211024869E12":90,"1.211018527E12":36,"1.211047323E12":292,"1.211049169E12":297,"1.211027649E12":120,"1.211055584E12":311,"1.211043135E12":267,"1.211026006E12":108,"1.211032233E12":169,"1.211047241E12":290,"1.21102319E12":74,"1.211030144E12":137,"1.211059887E12":316,"1.211036898E12":223,"1.211026448E12":115,"1.211025819E12":105,"1.211221504E12":352,"1.2110306E12":145,"1.211048581E12":294,"1.211041982E12":252,"1.21103057E12":144,"1.21102891E12":134,"1.211034061E12":190,"1.211060386E12":323,"1.211032628E12":172,"1.211022002E12":59,"1.211039469E12":240,"1.211018515E12":31,"1.211042842E12":260,"1.211025813E12":104,"1.211032274E12":170,"1.211038748E12":236,"1.211044982E12":281,"1.211042812E12":259,"1.211023093E12":71,"1.211027623E12":119,"1.211025681E12":100,"1.211055153E12":309,"1.211018428E12":17,"1.211031143E12":152,"1.211060252E12":320,"1.211028766E12":129,"1.211029397E12":136,"1.211038547E12":231,"1.21102661E12":116,"1.211037562E12":226,"1.211032837E12":175,"1.211033213E12":182,"1.21103339E12":185,"1.211023209E12":76,"1.211052903E12":302,"1.211018518E12":32,"1.211031418E12":155,"1.211044043E12":275,"1.211043995E12":271,"1.21103328E12":183,"1.211020787E12":57,"1.21103223E12":168,"1.211232834E12":354,"1.211052795E12":301,"1.211036331E12":214,"1.211024946E12":92,"1.211032617E12":171,"1.211035725E12":208,"1.211018464E12":24,"1.211232849E12":355,"1.211047316E12":291,"1.211024674E12":89,"1.211018524E12":34,"1.211022905E12":65,"1.211019915E12":53,"1.211036535E12":219,"1.211025324E12":96,"1.211019876E12":50,"1.211032868E12":176,"1.211023661E12":81,"1.211042428E12":256,"1.211099365E12":348,"1.211038548E12":232,"1.211018404E12":9,"1.211035531E12":204,"1.211019895E12":52,"1.211028509E12":125,"1.211019557E12":46,"1.211043762E12":270,"1.211018497E12":27,"1.211043142E12":268,"1.211024254E12":85,"1.211039458E12":239,"1.211067292E12":331,"1.211091781E12":341,"1.211025572E12":98,"1.21102605E12":109,"1.211238436E12":356,"1.211018967E12":40,"1.211043105E12":266,"1.211042871E12":263,"1.211018521E12":33,"1.211018429E12":18,"1.211018441E12":22,"1.211028576E12":127,"1.211031792E12":166,"1.211035673E12":207,"1.211018419E12":14,"1.211030246E12":143,"1.211034163E12":194,"1.21101897E12":41,"1.211042283E12":255,"1.211061233E12":326,"1.211019099E12":42,"1.211023203E12":75,"1.211031207E12":153,"1.211221317E12":349,"1.211019436E12":45,"1.211024655E12":88,"1.211091547E12":340,"1.211046473E12":284,"1.211031753E12":162,"1.211091E12":338,"1.211022636E12":62,"1.211036398E12":217,"1.211028337E12":123,"1.211053134E12":304,"1.21104246E12":257,"1.211041688E12":247,"1.211018411E12":13,"1.211041493E12":245,"1.211018506E12":28,"1.211092142E12":343,"1.211091132E12":339,"1.211033382E12":184,"1.211052158E12":298,"1.211019206E12":43,"1.211044848E12":280,"1.21103557E12":205,"1.211042846E12":261,"1.211028841E12":133,"1.211032958E12":178,"1.211092122E12":342,"1.211019848E12":49,"1.211036352E12":215,"1.211032789E12":173,"1.211035603E12":206,"1.211022381E12":61,"1.211034925E12":196,"1.211052481E12":300,"1.211025625E12":99,"1.211025927E12":107,"1.211060384E12":322,"1.211027013E12":117,"1.211044009E12":272,"1.21102499E12":94,"1.211031564E12":158,"1.211027464E12":118,"1.211055677E12":312,"1.211024973E12":93,"1.211030624E12":147,"1.211222054E12":353,"1.211040859E12":244,"1.211023542E12":80,"1.211020548E12":56,"1.211060192E12":319,"1.211046814E12":287,"1.211046421E12":283,"1.211039146E12":238,"1.211025758E12":101,"1.21104703E12":288,"1.211018525E12":35,"1.211018439E12":21,"1.211033775E12":186,"1.211034231E12":195,"1.211024262E12":86,"1.211035963E12":210,"1.211018965E12":39,"1.211039566E12":242,"1.211044027E12":274,"1.211022753E12":64,"1.211030223E12":141,"1.211036515E12":218,"1.211023216E12":77,"1.211026391E12":112,"1.21103867E12":235,"1.211061757E12":327,"1.211028691E12":128,"1.211030168E12":139,"1.211032807E12":174,"1.211034133E12":191,"1.211088207E12":336,"1.211063442E12":330,"1.211044189E12":277,"1.211024587E12":87,"1.211022744E12":63,"1.211019917E12":54,"1.211055202E12":310,"1.211026184E12":111,"1.211035482E12":203,"1.211061191E12":325,"1.21104723E12":289,"1.211037557E12":225,"1.21102526E12":95,"1.211031558E12":157,"1.211034978E12":199,"1.211044416E12":278,"1.211044127E12":276,"1.211023024E12":70,"1.211028517E12":126,"1.211090787E12":337,"1.211024892E12":91,"1.211024082E12":84,"1.211060097E12":317,"1.211018463E12":23,"1.211031815E12":167,"1.211030242E12":142,"1.211028835E12":132,"1.211061763E12":328,"1.211037577E12":227,"1.211028387E12":124,"1.211034136E12":193,"1.211018437E12":20,"1.211019889E12":51,"1.211041996E12":253,"1.21103406E12":189,"1.211036863E12":221,"1.211018964E12":38,"1.211083878E12":332,"1.211018472E12":25,"1.21103178E12":163,"1.211059326E12":314,"1.211041978E12":251,"1.211048663E12":295,"1.211037623E12":228,"1.211041863E12":248,"1.211047334E12":293,"1.211093548E12":345,"1.211020881E12":58,"1.211085103E12":334,"1.211028214E12":122,"1.211019747E12":48,"1.211031401E12":154,"1.211025765E12":103,"1.211018422E12":16,"1.211026414E12":114,"1.211035213E12":202,"1.211030822E12":151,"1.211031613E12":159,"1.211084562E12":333,"1.211063361E12":329,"1.211097832E12":346,"1.211022941E12":69,"1.211030686E12":148,"1.211044572E12":279,"1.211036374E12":216,"1.211042061E12":254,"1.211026403E12":113,"1.211029356E12":135,"1.211037885E12":229,"1.211033972E12":188,"1.211034134E12":192,"1.211034962E12":197,"1.211098606E12":347,"1.211023143E12":73,"1.211221318E12":350,"1.21101841E12":12,"1.211055129E12":308,"1.211053094E12":303,"1.211093396E12":344,"1.211059414E12":315,"1.211038606E12":233,"1.211035813E12":209,"1.211039055E12":237,"1.21102291E12":66,"1.211041906E12":249,"1.211036196E12":212,"1.211022916E12":67,"1.211036888E12":222,"1.211025881E12":106,"1.211221502E12":351,"1.211038056E12":230,"1.21104402E12":273,"1.211053173E12":305,"1.211022224E12":60,"1.211033138E12":180,"1.211033912E12":187,"1.211023104E12":72,"1.211088165E12":335,"1.211033033E12":179,"1.211039526E12":241},"NUMBER_OF_PEOPLE":400,"minTimeSeen":1.211018404E12,"maxTimeSeen":1.211558405E12,"NEIGHBORHOOD_RADIUS":20.0,"ENCOUNTER_CHANCE":0.05,"priority":1.0,"duration":540001.0,"minutesDuration":9000.016666666666,"hoursDuration":150.00027777777777,"daysDuration":6.250011574074073}
