{"propagationData":{"1.211030193E12":76,"1.21103277E12":122,"1.211046296E12":251,"1.211105976E12":338,"1.211060343E12":311,"1.211037654E12":189,"1.211040975E12":213,"1.211018514E12":30,"1.21103654E12":173,"1.211023012E12":51,"1.211032466E12":111,"1.211037205E12":181,"1.21103019E12":75,"1.21103549E12":150,"1.211035885E12":161,"1.211019533E12":43,"1.211052485E12":291,"1.211031973E12":101,"1.211078473E12":329,"1.211039539E12":204,"1.211031293E12":94,"1.211018445E12":21,"1.211053852E12":298,"1.211030219E12":77,"1.211034203E12":146,"1.21107933E12":330,"1.211036287E12":166,"1.211031429E12":96,"1.211018417E12":19,"1.211019372E12":40,"1.211087764E12":334,"1.21108752E12":333,"1.21105279E12":293,"1.211046048E12":245,"1.211025964E12":62,"1.211087795E12":335,"1.211018468E12":24,"1.211019542E12":44,"1.211119797E12":342,"1.211018409E12":11,"1.211035696E12":153,"1.211052378E12":290,"1.21105208E12":287,"1.211032341E12":107,"1.211042619E12":228,"1.211040686E12":209,"1.211030629E12":82,"1.211034433E12":147,"1.21103297E12":124,"1.211040703E12":211,"1.211197449E12":345,"1.211050597E12":279,"1.211028812E12":67,"1.211019425E12":42,"1.211044671E12":237,"1.211032981E12":125,"1.211024173E12":54,"1.211030794E12":87,"1.211050267E12":274,"1.211018781E12":32,"1.211038584E12":199,"1.211119697E12":340,"1.21103269E12":116,"1.211040916E12":212,"1.21102416E12":53,"1.211044453E12":233,"1.211057674E12":307,"1.211040987E12":214,"1.211042393E12":225,"1.211046051E12":246,"1.211040692E12":210,"1.211046358E12":253,"1.211037259E12":184,"1.211018412E12":14,"1.211041129E12":217,"1.211030902E12":90,"1.211040594E12":207,"1.211037643E12":188,"1.211047473E12":265,"1.211038686E12":201,"1.21103327E12":130,"1.21104108E12":216,"1.211034184E12":144,"1.21101844E12":20,"1.211036538E12":172,"1.211020383E12":47,"1.211064031E12":315,"1.211032109E12":103,"1.211059255E12":310,"1.211049134E12":270,"1.211046452E12":255,"1.211019183E12":39,"1.211052931E12":294,"1.211049113E12":269,"1.211057714E12":308,"1.211055458E12":302,"1.211063438E12":314,"1.211037206E12":182,"1.211038201E12":196,"1.211105755E12":336,"1.211207998E12":350,"1.211018414E12":18,"1.211024686E12":55,"1.211052968E12":295,"1.211018406E12":5,"1.211085417E12":332,"1.211064706E12":319,"1.211030375E12":79,"1.211047424E12":264,"1.211032741E12":119,"1.211032752E12":121,"1.211036502E12":171,"1.211018503E12":28,"1.21103339E12":131,"1.211038223E12":197,"1.211042136E12":219,"1.211207968E12":349,"1.211034101E12":141,"1.211044566E12":235,"1.211042434E12":226,"1.211042375E12":224,"1.211046388E12":254,"1.211035807E12":157,"1.211025642E12":59,"1.211070929E12":326,"1.211018518E12":31,"1.211051397E12":286,"1.211044631E12":236,"1.211018473E12":25,"1.211049266E12":273,"1.211029303E12":70,"1.211029817E12":72,"1.211032632E12":114,"1.211041047E12":215,"1.211039552E12":205,"1.211027561E12":65,"1.211030184E12":74,"1.211036476E12":169,"1.211033515E12":132,"1.211032428E12":109,"1.211062523E12":312,"1.21104446E12":234,"1.211018796E12":33,"1.211036161E12":162,"1.211032707E12":117,"1.211064177E12":317,"1.211030789E12":86,"1.211034126E12":142,"1.21103869E12":202,"1.211031991E12":102,"1.211033257E12":129,"1.211018404E12":4,"1.211048993E12":267,"1.211047579E12":266,"1.211038723E12":203,"1.211033913E12":137,"1.211034191E12":145,"1.211051086E12":283,"1.211054508E12":301,"1.211063416E12":313,"1.211105809E12":337,"1.211020039E12":46,"1.211053042E12":296,"1.211030428E12":81,"1.211035437E12":148,"1.211042516E12":227,"1.211064082E12":316,"1.21103719E12":180,"1.211018821E12":36,"1.211045265E12":243,"1.211032191E12":105,"1.211208007E12":351,"1.211019551E12":45,"1.211037326E12":185,"1.21104065E12":208,"1.21103272E12":118,"1.211046995E12":261,"1.211030708E12":83,"1.211019393E12":41,"1.211044805E12":240,"1.211036923E12":177,"1.211031914E12":99,"1.211029382E12":71,"1.21103192E12":100,"1.2110357E12":154,"1.211064686E12":318,"1.211037108E12":178,"1.211037161E12":179,"1.211037949E12":191,"1.211018411E12":13,"1.211128088E12":343,"1.21103233E12":106,"1.211018408E12":8,"1.211044848E12":241,"1.211033984E12":138,"1.21104917E12":271,"1.211033651E12":133,"1.211025004E12":56,"1.21103413E12":143,"1.21104656E12":257,"1.211035865E12":160,"1.211019154E12":38,"1.211035744E12":155,"1.211058911E12":309,"1.211044032E12":230,"1.211030386E12":80,"1.211044009E12":229,"1.211018499E12":26,"1.211042273E12":222,"1.21104494E12":242,"1.211046282E12":250,"1.211028873E12":68,"1.2110365E12":170,"1.211054393E12":300,"1.211033728E12":135,"1.211032674E12":115,"1.211036698E12":174,"1.211033061E12":127,"1.211053059E12":297,"1.211119763E12":341,"1.21105277E12":292,"1.211046767E12":260,"1.21104187E12":218,"1.211018971E12":37,"1.21103578E12":156,"1.211045536E12":244,"1.211042265E12":221,"1.211035606E12":152,"1.211025198E12":57,"1.211050333E12":277,"1.211022902E12":50,"1.211033722E12":134,"1.211025913E12":61,"1.211031773E12":97,"1.211038199E12":195,"1.211031141E12":93,"1.211038153E12":193,"1.211032173E12":104,"1.211046575E12":258,"1.211020456E12":48,"1.21103281E12":123,"1.211032488E12":112,"1.211051116E12":285,"1.211037505E12":186,"1.211044696E12":238,"1.211018463E12":23,"1.211026559E12":63,"1.211034071E12":140,"1.211036203E12":164,"1.211050274E12":276,"1.211049015E12":268,"1.211050271E12":275,"1.211046263E12":248,"1.211018501E12":27,"1.211032459E12":110,"1.211027011E12":64,"1.21103723E12":183,"1.211071235E12":328,"1.211033819E12":136,"1.21103307E12":128,"1.211032393E12":108,"1.211065539E12":320,"1.211035822E12":159,"1.211018449E12":22,"1.211038532E12":198,"1.211031029E12":92,"1.211037623E12":187,"1.211052187E12":289,"1.211042179E12":220,"1.211046462E12":256,"1.211050758E12":281,"1.211029054E12":69,"1.211044699E12":239,"1.211069579E12":323,"1.211046335E12":252,"1.211018803E12":35,"1.211027569E12":66,"1.211047299E12":262,"1.211036202E12":163,"1.211035815E12":158,"1.211018797E12":34,"1.21104232E12":223,"1.211055769E12":304,"1.211050449E12":278,"1.211036255E12":165,"1.211032627E12":113,"1.211032742E12":120,"1.211035547E12":151,"1.211038586E12":200,"1.211018413E12":16,"1.211031777E12":98,"1.211036471E12":168,"1.211070627E12":324,"1.211038057E12":192,"1.211071078E12":327,"1.211018504E12":29,"1.211038188E12":194,"1.211044126E12":232,"1.211128447E12":344,"1.21105552E12":303,"1.211047391E12":263,"1.21104046E12":206,"1.21103088E12":89,"1.211020774E12":49,"1.211197854E12":347,"1.211036872E12":176,"1.211046737E12":259,"1.211070671E12":325,"1.211034025E12":139,"1.211030767E12":85,"1.211031395E12":95,"1.21103076E12":84,"1.211036357E12":167,"1.211065831E12":321,"1.211051099E12":284,"1.211207917E12":348,"1.211056219E12":305,"1.211046256E12":247,"1.211029937E12":73,"1.211036775E12":175,"1.211025479E12":58,"1.211197467E12":346,"1.211050673E12":280,"1.211046273E12":249,"1.21103094E12":91,"1.211067019E12":322,"1.211037874E12":190,"1.211051059E12":282,"1.211030323E12":78,"1.211018407E12":7,"1.211030864E12":88,"1.21103547E12":149,"1.211052097E12":288,"1.211057446E12":306,"1.211025776E12":60,"1.21102348E12":52,"1.211049194E12":272,"1.211054301E12":299,"1.21108526E12":331,"1.211044041E12":231,"1.211113543E12":339},"NUMBER_OF_PEOPLE":400,"minTimeSeen":1.211018404E12,"maxTimeSeen":1.211558405E12,"NEIGHBORHOOD_RADIUS":20.0,"ENCOUNTER_CHANCE":0.05,"priority":1.0,"duration":540001.0,"minutesDuration":9000.016666666666,"hoursDuration":150.00027777777777,"daysDuration":6.250011574074073}
