{"propagationData":{"1.211029534E12":67,"1.211029742E12":68,"1.21103988E12":223,"1.211054782E12":328,"1.211091787E12":357,"1.211035873E12":178,"1.211045797E12":277,"1.211053722E12":324,"1.211044143E12":265,"1.211030632E12":79,"1.211040955E12":229,"1.211063353E12":335,"1.21103858E12":206,"1.211053683E12":323,"1.211135275E12":374,"1.211031488E12":92,"1.2110634E12":337,"1.211030066E12":72,"1.211048608E12":295,"1.211044002E12":260,"1.211032852E12":131,"1.211044215E12":266,"1.211038711E12":211,"1.211147839E12":378,"1.211049873E12":303,"1.211031548E12":93,"1.211023283E12":22,"1.211041469E12":236,"1.211032623E12":123,"1.211026405E12":44,"1.211163392E12":380,"1.211034489E12":156,"1.211047173E12":288,"1.211079958E12":353,"1.211046999E12":287,"1.211029401E12":65,"1.211043818E12":259,"1.211067605E12":343,"1.211063354E12":336,"1.21104108E12":231,"1.211031658E12":96,"1.211032889E12":132,"1.211044086E12":261,"1.211049148E12":299,"1.211042523E12":252,"1.211062686E12":334,"1.211037403E12":191,"1.211036653E12":187,"1.211036445E12":182,"1.211027266E12":51,"1.211032051E12":105,"1.211097816E12":364,"1.211032837E12":130,"1.211042136E12":245,"1.211027958E12":59,"1.211167569E12":381,"1.211034817E12":161,"1.211035499E12":172,"1.211042791E12":254,"1.211045467E12":275,"1.211040957E12":230,"1.211032026E12":103,"1.211029831E12":69,"1.211052253E12":317,"1.211035934E12":180,"1.211092853E12":359,"1.21107762E12":350,"1.211039685E12":220,"1.21103442E12":154,"1.211048321E12":294,"1.211032082E12":107,"1.21104137E12":232,"1.21105345E12":322,"1.211018404E12":1,"1.211024462E12":30,"1.211047263E12":289,"1.21103194E12":100,"1.211030018E12":70,"1.211037657E12":196,"1.211041685E12":238,"1.211036708E12":188,"1.211050061E12":305,"1.211051049E12":311,"1.211025248E12":38,"1.211032417E12":117,"1.211029489E12":66,"1.211040684E12":225,"1.211026535E12":48,"1.211089007E12":354,"1.211058582E12":329,"1.211032208E12":112,"1.211033215E12":137,"1.211026481E12":46,"1.211024033E12":25,"1.211041462E12":235,"1.211028222E12":60,"1.211047302E12":290,"1.211030445E12":78,"1.211035739E12":176,"1.211039053E12":215,"1.211028873E12":63,"1.211060103E12":330,"1.211034231E12":153,"1.211042408E12":251,"1.211037622E12":194,"1.211030784E12":84,"1.211030917E12":86,"1.211040188E12":224,"1.211027607E12":57,"1.211024959E12":34,"1.211040871E12":227,"1.211098189E12":365,"1.211021693E12":6,"1.211032093E12":109,"1.211122489E12":367,"1.211029363E12":64,"1.211128914E12":370,"1.211032739E12":127,"1.211061438E12":333,"1.211033085E12":134,"1.211034071E12":147,"1.211041947E12":240,"1.211041846E12":239,"1.211068483E12":344,"1.211036496E12":185,"1.211022252E12":15,"1.211030247E12":76,"1.2110513E12":313,"1.211026026E12":42,"1.211036173E12":181,"1.211044115E12":262,"1.2110254E12":40,"1.211033184E12":135,"1.211049921E12":304,"1.211035609E12":174,"1.211045098E12":272,"1.211145673E12":376,"1.21104816E12":293,"1.211041966E12":241,"1.211025177E12":37,"1.211031985E12":101,"1.211066697E12":341,"1.211053733E12":325,"1.21103884E12":212,"1.211078014E12":351,"1.211030717E12":82,"1.211053422E12":321,"1.211041582E12":237,"1.211040912E12":228,"1.211039733E12":221,"1.211050097E12":306,"1.211030714E12":81,"1.211034594E12":159,"1.211033244E12":139,"1.211031903E12":99,"1.211044327E12":268,"1.21104895E12":297,"1.211034997E12":164,"1.211037752E12":197,"1.211034118E12":148,"1.211044126E12":264,"1.211041396E12":233,"1.211171751E12":382,"1.211063655E12":338,"1.211035337E12":168,"1.211034854E12":162,"1.21103257E12":118,"1.211042207E12":248,"1.21103418E12":151,"1.21114551E12":375,"1.211022243E12":14,"1.211040838E12":226,"1.211133251E12":372,"1.211026048E12":43,"1.21105155E12":314,"1.211038169E12":205,"1.211045479E12":276,"1.211046256E12":279,"1.211039506E12":219,"1.211046578E12":283,"1.211024239E12":29,"1.211123703E12":368,"1.211042055E12":243,"1.211024132E12":28,"1.211042775E12":253,"1.211042249E12":249,"1.211037637E12":195,"1.211033379E12":145,"1.211031598E12":95,"1.211035368E12":169,"1.211046529E12":281,"1.211032599E12":120,"1.211033278E12":143,"1.211023139E12":21,"1.211091376E12":356,"1.211035799E12":177,"1.211024658E12":31,"1.211039498E12":218,"1.211077612E12":349,"1.211027381E12":52,"1.211034203E12":152,"1.211022494E12":17,"1.211022203E12":13,"1.211092639E12":358,"1.211032089E12":108,"1.211051196E12":312,"1.211026935E12":49,"1.211023573E12":24,"1.211036488E12":184,"1.211224435E12":387,"1.211025013E12":35,"1.211037993E12":200,"1.211051793E12":316,"1.211022686E12":20,"1.211175352E12":384,"1.211042888E12":256,"1.211027528E12":56,"1.211047613E12":292,"1.211035929E12":179,"1.211109438E12":366,"1.211043766E12":258,"1.211177138E12":386,"1.211046141E12":278,"1.211032817E12":129,"1.211032586E12":119,"1.211050958E12":310,"1.211020071E12":3,"1.211025096E12":36,"1.211026443E12":45,"1.211065094E12":340,"1.211035224E12":166,"1.211028338E12":61,"1.211046275E12":280,"1.211027506E12":55,"1.21104225E12":250,"1.21102592E12":41,"1.211041413E12":234,"1.211021653E12":5,"1.211030262E12":77,"1.211028814E12":62,"1.211050674E12":309,"1.211021801E12":9,"1.211032616E12":122,"1.211047612E12":291,"1.211031581E12":94,"1.211031749E12":98,"1.211045152E12":274,"1.211063752E12":339,"1.211045139E12":273,"1.21102701E12":50,"1.211038634E12":208,"1.211038863E12":213,"1.211033263E12":141,"1.211022507E12":19,"1.211030222E12":75,"1.211038064E12":204,"1.211036715E12":189,"1.211022161E12":12,"1.21109623E12":361,"1.211024848E12":32,"1.211054526E12":327,"1.211095808E12":360,"1.211034759E12":160,"1.211021842E12":11,"1.211027635E12":58,"1.211038869E12":214,"1.211068517E12":345,"1.211037981E12":199,"1.211025315E12":39,"1.211030195E12":74,"1.211022498E12":18,"1.211050172E12":308,"1.211032073E12":106,"1.211033293E12":144,"1.211032412E12":116,"1.211021805E12":10,"1.211039274E12":217,"1.211038034E12":202,"1.211035064E12":165,"1.211036854E12":190,"1.211034163E12":150,"1.211027429E12":53,"1.211068739E12":346,"1.211046872E12":285,"1.211033198E12":136,"1.211032607E12":121,"1.211078433E12":352,"1.211024897E12":33,"1.211032355E12":115,"1.21105159E12":315,"1.211024062E12":27,"1.211044939E12":271,"1.211127851E12":369,"1.211032147E12":110,"1.211034975E12":163,"1.211050136E12":307,"1.21103862E12":207,"1.211060364E12":332,"1.21104972E12":300,"1.211032798E12":128,"1.211021728E12":7,"1.211260591E12":388,"1.211052708E12":319,"1.21103413E12":149,"1.21103005E12":71,"1.21103459E12":158,"1.211147347E12":377,"1.211030751E12":83,"1.211175478E12":385,"1.211035283E12":167,"1.211032733E12":126,"1.211027464E12":54,"1.211031306E12":88,"1.211044121E12":263,"1.211042181E12":247,"1.211097729E12":363,"1.21104297E12":257,"1.21103221E12":113,"1.211053059E12":320,"1.211131041E12":371,"1.211032261E12":114,"1.211046774E12":284,"1.211032721E12":125,"1.211035537E12":173,"1.211044924E12":270,"1.21103537E12":170,"1.211042084E12":244,"1.211030661E12":80,"1.211067574E12":342,"1.211049841E12":302,"1.211044226E12":267,"1.211034427E12":155,"1.211049775E12":301,"1.211030194E12":73,"1.211031741E12":97,"1.211042172E12":246,"1.211033754E12":146,"1.211032624E12":124,"1.211030987E12":87,"1.211032013E12":102,"1.211091276E12":355,"1.211037593E12":193,"1.211041978E12":242,"1.211022266E12":16,"1.21106034E12":331,"1.211032968E12":133,"1.211280166E12":389,"1.211021619E12":4,"1.21103542E12":171,"1.21103089E12":85,"1.211031313E12":91,"1.211036527E12":186,"1.211042843E12":255,"1.21101908E12":2,"1.211032189E12":111,"1.21104694E12":286,"1.211052273E12":318,"1.211035667E12":175,"1.211037558E12":192,"1.211034532E12":157,"1.211096262E12":362,"1.211048635E12":296,"1.211026527E12":47,"1.211031308E12":90,"1.211077075E12":347,"1.211155278E12":379,"1.211173138E12":383,"1.211077519E12":348,"1.211133906E12":373,"1.21102342E12":23,"1.211046552E12":282,"1.211039092E12":216,"1.211038648E12":209,"1.21103866E12":210,"1.211037874E12":198,"1.211038042E12":203,"1.211037995E12":201,"1.211044896E12":269,"1.211033259E12":140,"1.211021746E12":8,"1.211053975E12":326,"1.211032048E12":104,"1.211049022E12":298,"1.211036453E12":183,"1.21103974E12":222},"NUMBER_OF_PEOPLE":400,