{"propagationData":{"1.211033718E12":134,"1.211032227E12":119,"1.211038256E12":195,"1.211018787E12":29,"1.211040192E12":221,"1.211024706E12":62,"1.211018961E12":35,"1.21103127E12":104,"1.21103689E12":180,"1.211028817E12":80,"1.211133133E12":362,"1.211041126E12":227,"1.211028329E12":79,"1.211038286E12":196,"1.211042418E12":240,"1.211031296E12":105,"1.21102447E12":60,"1.21101937E12":46,"1.211036126E12":165,"1.211047642E12":264,"1.211019241E12":41,"1.211030012E12":86,"1.211037514E12":189,"1.211049432E12":275,"1.211023627E12":58,"1.211064195E12":326,"1.211032744E12":128,"1.211129406E12":357,"1.211069541E12":333,"1.211057417E12":304,"1.211032666E12":125,"1.211018409E12":16,"1.211022832E12":53,"1.211069083E12":332,"1.211060415E12":315,"1.211044568E12":247,"1.21108796E12":341,"1.211053276E12":296,"1.211035882E12":163,"1.211039606E12":214,"1.211019096E12":40,"1.211031548E12":108,"1.211027552E12":78,"1.211061726E12":319,"1.211044938E12":249,"1.21140782E12":369,"1.211133111E12":361,"1.21105757E12":305,"1.211018433E12":19,"1.211092186E12":343,"1.211407792E12":368,"1.21110037E12":352,"1.211026545E12":73,"1.211046042E12":261,"1.21102416E12":59,"1.211103212E12":354,"1.211050087E12":281,"1.211018579E12":23,"1.211046035E12":260,"1.211023159E12":55,"1.211064804E12":327,"1.211039508E12":213,"1.211029503E12":83,"1.211044565E12":246,"1.211018822E12":30,"1.211050591E12":286,"1.211038669E12":206,"1.21102131E12":47,"1.211088506E12":342,"1.211054265E12":300,"1.211029877E12":85,"1.21101844E12":21,"1.211018955E12":34,"1.21102689E12":76,"1.211034952E12":149,"1.211036152E12":168,"1.211062534E12":321,"1.211037285E12":186,"1.211031957E12":112,"1.211036995E12":182,"1.211035032E12":151,"1.21103621E12":170,"1.211032183E12":118,"1.211046005E12":259,"1.211093147E12":345,"1.21105058E12":285,"1.211042157E12":235,"1.211018406E12":9,"1.211034716E12":143,"1.211039024E12":207,"1.211041471E12":231,"1.211093325E12":349,"1.211018574E12":22,"1.211086927E12":339,"1.211038547E12":204,"1.211045903E12":257,"1.211060407E12":314,"1.211038504E12":203,"1.211052665E12":291,"1.211035138E12":153,"1.211060858E12":318,"1.211019254E12":43,"1.211069593E12":334,"1.211031653E12":109,"1.211122833E12":355,"1.211045139E12":251,"1.211031897E12":110,"1.211032178E12":117,"1.211087794E12":340,"1.211032439E12":123,"1.211040612E12":224,"1.211025632E12":67,"1.211031976E12":113,"1.211019253E12":42,"1.211029838E12":84,"1.211018763E12":27,"1.211074617E12":335,"1.211039765E12":216,"1.211033513E12":133,"1.211047489E12":263,"1.211058871E12":307,"1.211022616E12":52,"1.211042209E12":237,"1.211068736E12":331,"1.211031216E12":103,"1.21103949E12":212,"1.211026247E12":71,"1.211032371E12":120,"1.21104129E12":229,"1.211024671E12":61,"1.21104961E12":278,"1.211034725E12":144,"1.211057124E12":303,"1.211045525E12":252,"1.211100269E12":351,"1.2110679E12":330,"1.211018769E12":28,"1.211036414E12":173,"1.211025634E12":68,"1.211018404E12":4,"1.211039103E12":208,"1.211035976E12":164,"1.211036679E12":178,"1.211063693E12":325,"1.211050331E12":283,"1.211086135E12":338,"1.211036425E12":174,"1.211030157E12":88,"1.211018963E12":36,"1.211060846E12":317,"1.211029342E12":82,"1.211040155E12":219,"1.211100652E12":353,"1.211036168E12":169,"1.211038489E12":202,"1.211018623E12":24,"1.211042516E12":242,"1.211093307E12":348,"1.2110932E12":346,"1.211054291E12":301,"1.211051549E12":288,"1.211049382E12":274,"1.211045126E12":250,"1.211051983E12":289,"1.211040438E12":222,"1.211407133E12":366,"1.211049686E12":280,"1.211036507E12":176,"1.211049249E12":271,"1.211048806E12":267,"1.211030892E12":97,"1.211019279E12":44,"1.211045614E12":253,"1.21104244E12":241,"1.211060106E12":312,"1.211042544E12":243,"1.211035532E12":156,"1.211048606E12":265,"1.211027196E12":77,"1.211018411E12":17,"1.211018408E12":12,"1.211059983E12":311,"1.211034998E12":150,"1.211100183E12":350,"1.211030654E12":91,"1.211025742E12":69,"1.211034761E12":146,"1.211059973E12":310,"1.211021815E12":50,"1.211052942E12":294,"1.211032795E12":129,"1.211039702E12":215,"1.211018912E12":33,"1.211041282E12":228,"1.211022897E12":54,"1.2110606E12":316,"1.211058911E12":308,"1.211063449E12":324,"1.211033158E12":131,"1.211030776E12":95,"1.211407247E12":367,"1.211129438E12":358,"1.211042101E12":234,"1.211031982E12":114,"1.211035582E12":159,"1.211037929E12":191,"1.211039875E12":217,"1.211046421E12":262,"1.211136715E12":363,"1.211053591E12":298,"1.211025875E12":70,"1.211050562E12":284,"1.211040578E12":223,"1.211038241E12":194,"1.211058251E12":306,"1.211024826E12":63,"1.21104269E12":245,"1.211049133E12":268,"1.211040939E12":225,"1.211040103E12":218,"1.211034789E12":147,"1.211018971E12":37,"1.21113044E12":359,"1.211035542E12":158,"1.211034475E12":140,"1.211052791E12":293,"1.211034647E12":142,"1.211032069E12":116,"1.211032721E12":127,"1.211126715E12":356,"1.211044735E12":248,"1.211030439E12":90,"1.211039211E12":210,"1.211037053E12":183,"1.211075863E12":336,"1.211037325E12":187,"1.211053623E12":299,"1.211031035E12":99,"1.211026593E12":74,"1.211034058E12":135,"1.211049145E12":269,"1.211035692E12":160,"1.211036229E12":171,"1.211406477E12":365,"1.211049639E12":279,"1.211052607E12":290,"1.211031921E12":111,"1.211031546E12":107,"1.21103554E12":157,"1.21104264E12":244,"1.211035847E12":162,"1.21103136E12":106,"1.211025002E12":64,"1.211092319E12":344,"1.211049459E12":276,"1.211042405E12":239,"1.211018432E12":18,"1.2110189E12":32,"1.211018437E12":20,"1.211035103E12":152,"1.211021646E12":48,"1.211033454E12":132,"1.211042311E12":238,"1.211034542E12":141,"1.211019292E12":45,"1.211060376E12":313,"1.211032393E12":121,"1.211062443E12":320,"1.211038231E12":193,"1.211035736E12":161,"1.211037593E12":190,"1.211053369E12":297,"1.211051501E12":287,"1.211036908E12":181,"1.211018736E12":26,"1.211041547E12":232,"1.211034336E12":138,"1.211023544E12":57,"1.211063435E12":323,"1.211041465E12":230,"1.211040958E12":226,"1.211019084E12":38,"1.211028877E12":81,"1.211032644E12":124,"1.211025028E12":65,"1.211053201E12":295,"1.211130766E12":360,"1.211063015E12":322,"1.211036465E12":175,"1.211082555E12":337,"1.211030707E12":93,"1.211018405E12":5,"1.211039409E12":211,"1.211038349E12":198,"1.211066104E12":328,"1.211019091E12":39,"1.211030714E12":94,"1.211036255E12":172,"1.211045921E12":258,"1.211032963E12":130,"1.211037212E12":185,"1.211018837E12":31,"1.211023175E12":56,"1.211035443E12":155,"1.211059767E12":309,"1.211034212E12":137,"1.211038454E12":200,"1.211030658E12":92,"1.211038342E12":197,"1.211049471E12":277,"1.211038464E12":201,"1.211031036E12":100,"1.211049181E12":270,"1.211021961E12":51,"1.211034749E12":145,"1.211405039E12":364,"1.211050186E12":282,"1.211038224E12":192,"1.211045667E12":254,"1.211056322E12":302,"1.211030307E12":89,"1.211036149E12":166,"1.211093303E12":347,"1.211042067E12":233,"1.21103721E12":184,"1.211025076E12":66,"1.211026261E12":72,"1.211034471E12":139,"1.21103615E12":167,"1.211049297E12":272,"1.211035151E12":154,"1.211045707E12":256,"1.211031162E12":102,"1.211032022E12":115,"1.211042194E12":236,"1.211026639E12":75,"1.211040166E12":220,"1.211030884E12":96,"1.211036565E12":177,"1.211036823E12":179,"1.211037454E12":188,"1.211066413E12":329,"1.211039152E12":209,"1.211048706E12":266,"1.211031072E12":101,"1.211052666E12":292,"1.211018407E12":11,"1.211032426E12":122,"1.211038417E12":199,"1.211049327E12":273,"1.21103863E12":205,"1.211030949E12":98,"1.21102172E12":49,"1.211034115E12":136,"1.211030154E12":87},"NUMBER_OF_PEOPLE":400,"minTimeSeen":1.211018404E12,"maxTimeSeen":1.211558405E12,"NEIGHBORHOOD_RADIUS":20.0,"ENCOUNTER_CHANCE":0.05,"priority":1.0,"duration":540001.0,"minutesDuration":9000.016666666666,"hoursDuration":150.00027777777777,"daysDuration":6.250011574074073}
