{"propagationData":{"1.211125254E12":80,"1.211020945E12":5,"1.211022348E12":8,"1.211036151E12":34,"1.211040515E12":44,"1.211175633E12":84,"1.211080871E12":69,"1.211061672E12":55,"1.211081022E12":73,"1.211061723E12":58,"1.211030364E12":18,"1.211040128E12":42,"1.211074134E12":66,"1.211047261E12":52,"1.211034648E12":28,"1.211025306E12":12,"1.211032016E12":20,"1.211021506E12":7,"1.211040249E12":43,"1.211032122E12":23,"1.211040581E12":46,"1.211175759E12":85,"1.211046439E12":50,"1.211061673E12":56,"1.211040122E12":41,"1.211074159E12":67,"1.21102515E12":11,"1.211175629E12":83,"1.211085853E12":77,"1.211074118E12":64,"1.211040864E12":47,"1.21112649E12":81,"1.211047265E12":53,"1.211033109E12":25,"1.211046422E12":49,"1.211061722E12":57,"1.211080876E12":71,"1.211034736E12":31,"1.211026826E12":14,"1.211085837E12":76,"1.211026627E12":13,"1.211125149E12":79,"1.21104058E12":45,"1.211081056E12":75,"1.211036535E12":37,"1.211085863E12":78,"1.211034767E12":32,"1.211253689E12":89,"1.211047193E12":51,"1.211018404E12":1,"1.211019291E12":3,"1.211020057E12":4,"1.211081011E12":72,"1.211073578E12":63,"1.211029941E12":16,"1.211178635E12":86,"1.21104088E12":48,"1.211074228E12":68,"1.211030091E12":17,"1.211074123E12":65,"1.211018937E12":2,"1.211036108E12":33,"1.211126509E12":82,"1.211031117E12":19,"1.211021052E12":6,"1.211038174E12":39,"1.211025108E12":10,"1.211034653E12":29,"1.211178638E12":87,"1.211036854E12":38,"1.211080875E12":70,"1.211061738E12":59,"1.211032112E12":22,"1.211036265E12":35,"1.211178681E12":88,"1.211047277E12":54,"1.211073348E12":62,"1.211073303E12":61,"1.211034327E12":27,"1.211034658E12":30,"1.211061739E12":60,"1.21108105E12":74,"1.211036301E12":36,"1.211032413E12":24,"1.211024541E12":9,"1.211033667E12":26,"1.211038176E12":40,"1.211032036E12":21},"NUMBER_OF_PEOPLE":400,"minTimeSeen":1.211018404E12,"maxTimeSeen":1.211558405E12,"NEIGHBORHOOD_RADIUS":20.0,"ENCOUNTER_CHANCE":0.05,"priority":1.0,"duration":540001.0,"minutesDuration":9000.016666666666,"hoursDuration":150.00027777777777,"daysDuration":6.250011574074073}
