{"propagationData":{"1.21105908E12":316,"1.211042974E12":224,"1.211020945E12":45,"1.211060918E12":325,"1.211059302E12":318,"1.211032719E12":122,"1.211036816E12":160,"1.211050367E12":277,"1.211038245E12":175,"1.211039419E12":189,"1.211039429E12":190,"1.2110424E12":218,"1.211040192E12":197,"1.211051047E12":283,"1.211067357E12":334,"1.21104239E12":217,"1.211018864E12":33,"1.211032032E12":108,"1.211043492E12":229,"1.211034148E12":139,"1.211042217E12":214,"1.211040193E12":198,"1.211499632E12":362,"1.211041227E12":209,"1.211052951E12":293,"1.211040249E12":200,"1.211052157E12":289,"1.211052945E12":292,"1.21104026E12":201,"1.211032029E12":107,"1.211035066E12":151,"1.211038956E12":182,"1.211037208E12":163,"1.211019392E12":41,"1.211029346E12":86,"1.211023994E12":65,"1.211018468E12":20,"1.211309356E12":358,"1.211067819E12":336,"1.211018556E12":27,"1.211068122E12":338,"1.211047495E12":264,"1.211060211E12":320,"1.211090086E12":346,"1.21102408E12":66,"1.211062349E12":331,"1.211061839E12":329,"1.211021736E12":50,"1.211037192E12":162,"1.211039201E12":186,"1.21103293E12":131,"1.211055906E12":310,"1.211048183E12":269,"1.211029191E12":85,"1.211039369E12":188,"1.211026405E12":79,"1.211023474E12":60,"1.21102323E12":58,"1.211055123E12":305,"1.211032732E12":123,"1.211045307E12":245,"1.211057674E12":312,"1.211046035E12":253,"1.21102584E12":78,"1.211044232E12":236,"1.211019731E12":43,"1.211032391E12":114,"1.21105094E12":282,"1.211032762E12":124,"1.211045333E12":247,"1.211036593E12":156,"1.211046405E12":256,"1.211036751E12":158,"1.211093466E12":350,"1.211035028E12":150,"1.211031621E12":102,"1.211032967E12":132,"1.211035566E12":152,"1.211037598E12":168,"1.21102356E12":62,"1.211025554E12":74,"1.21106754E12":335,"1.211053211E12":296,"1.211054413E12":300,"1.211032558E12":117,"1.211053375E12":298,"1.211032969E12":133,"1.211084002E12":340,"1.211038238E12":174,"1.211021053E12":46,"1.211018435E12":19,"1.211065039E12":333,"1.211032794E12":125,"1.211044234E12":237,"1.211025516E12":73,"1.211018406E12":5,"1.211055153E12":306,"1.211060099E12":319,"1.211031724E12":103,"1.211048547E12":272,"1.211048708E12":274,"1.211034742E12":144,"1.211043624E12":232,"1.211040946E12":207,"1.211034988E12":148,"1.211055292E12":308,"1.211050837E12":280,"1.211031597E12":101,"1.211035025E12":149,"1.211029365E12":87,"1.211031917E12":105,"1.211047693E12":268,"1.21105844E12":313,"1.211038038E12":171,"1.211040982E12":208,"1.211061755E12":328,"1.211038885E12":181,"1.211231457E12":356,"1.211032026E12":106,"1.211018942E12":37,"1.211036754E12":159,"1.21103117E12":95,"1.211026529E12":81,"1.211023882E12":64,"1.211038839E12":178,"1.211030597E12":91,"1.211022882E12":55,"1.211084617E12":343,"1.211045611E12":251,"1.211018404E12":3,"1.21103963E12":192,"1.211030819E12":93,"1.211018836E12":30,"1.211034069E12":137,"1.211089498E12":345,"1.211047375E12":262,"1.211032412E12":115,"1.211042389E12":216,"1.211018867E12":34,"1.211055156E12":307,"1.211018546E12":26,"1.211018861E12":32,"1.211060667E12":323,"1.211034711E12":143,"1.211043964E12":234,"1.211018521E12":22,"1.211025005E12":69,"1.211043396E12":227,"1.211035673E12":153,"1.211040289E12":202,"1.211031802E12":104,"1.21103667E12":157,"1.211038983E12":183,"1.211042789E12":222,"1.211043993E12":235,"1.211018481E12":21,"1.211032116E12":111,"1.211042133E12":213,"1.211047076E12":259,"1.211040684E12":204,"1.211037499E12":166,"1.211021169E12":47,"1.211021854E12":51,"1.211024569E12":67,"1.211049789E12":276,"1.211044804E12":241,"1.211018887E12":36,"1.211026574E12":82,"1.211026526E12":80,"1.211029372E12":88,"1.211052073E12":288,"1.211022636E12":54,"1.211036386E12":154,"1.21103757E12":167,"1.21103909E12":185,"1.211047246E12":261,"1.211045382E12":249,"1.211018411E12":13,"1.211034983E12":147,"1.211044246E12":238,"1.211310086E12":360,"1.211018408E12":12,"1.211039634E12":193,"1.211050689E12":279,"1.211046038E12":254,"1.211084581E12":342,"1.211031512E12":100,"1.21104532E12":246,"1.211052794E12":291,"1.211043035E12":225,"1.211090619E12":348,"1.211030663E12":92,"1.211032795E12":126,"1.211042857E12":223,"1.211018956E12":38,"1.211032161E12":112,"1.211038849E12":179,"1.211018959E12":39,"1.211018847E12":31,"1.211055391E12":309,"1.211046032E12":252,"1.211052985E12":295,"1.211090781E12":349,"1.211200945E12":353,"1.211019378E12":40,"1.211032821E12":127,"1.211045379E12":248,"1.21104002E12":195,"1.211060742E12":324,"1.211025758E12":76,"1.211023626E12":63,"1.211018434E12":18,"1.2110314E12":98,"1.211061463E12":326,"1.211024882E12":68,"1.21104258E12":221,"1.21104187E12":211,"1.2110548E12":304,"1.211053366E12":297,"1.211022912E12":56,"1.211018543E12":25,"1.211019431E12":42,"1.211040176E12":196,"1.211043941E12":233,"1.21103209E12":109,"1.211052675E12":290,"1.211051473E12":287,"1.211062401E12":332,"1.21103268E12":120,"1.211018418E12":15,"1.211022481E12":52,"1.211068056E12":337,"1.211025652E12":75,"1.211032102E12":110,"1.211029084E12":84,"1.211046401E12":255,"1.211042066E12":212,"1.211043062E12":226,"1.211046475E12":257,"1.211059159E12":317,"1.211032662E12":118,"1.211042323E12":215,"1.211031299E12":97,"1.211034894E12":145,"1.211200893E12":352,"1.211060372E12":321,"1.211029674E12":89,"1.211228559E12":354,"1.211232594E12":357,"1.21105297E12":294,"1.211061869E12":330,"1.211018415E12":14,"1.211050557E12":278,"1.211031425E12":99,"1.211025007E12":70,"1.211021185E12":48,"1.211231263E12":355,"1.211051098E12":286,"1.211040374E12":203,"1.211038287E12":176,"1.21104072E12":206,"1.211033571E12":135,"1.21103723E12":164,"1.211054674E12":301,"1.21104069E12":205,"1.211310026E12":359,"1.211022926E12":57,"1.211032433E12":116,"1.211023497E12":61,"1.211018868E12":35,"1.211061643E12":327,"1.211200599E12":351,"1.21105108E12":285,"1.211018523E12":23,"1.211043453E12":228,"1.211047384E12":263,"1.211029069E12":83,"1.211090586E12":347,"1.211037349E12":165,"1.211499031E12":361,"1.211039057E12":184,"1.211060388E12":322,"1.211025028E12":72,"1.211019766E12":44,"1.211034087E12":138,"1.211054711E12":302,"1.211037679E12":169,"1.211034971E12":146,"1.211018405E12":4,"1.211032663E12":119,"1.211022629E12":53,"1.211039273E12":187,"1.211031109E12":94,"1.211084153E12":341,"1.211050874E12":281,"1.211051066E12":284,"1.211045147E12":244,"1.211033415E12":134,"1.211083308E12":339,"1.211041853E12":210,"1.2110425E12":220,"1.211032189E12":113,"1.21103943E12":191,"1.2110456E12":250,"1.211046943E12":258,"1.21101842E12":16,"1.211018537E12":24,"1.211043604E12":231,"1.211084723E12":344,"1.211038004E12":170,"1.211048721E12":275,"1.211044833E12":242,"1.211032898E12":129,"1.211048361E12":271,"1.211032853E12":128,"1.211030515E12":90,"1.211038884E12":180,"1.211054347E12":299,"1.211033941E12":136,"1.211044795E12":240,"1.21104863E12":273,"1.211031277E12":96,"1.211039876E12":194,"1.211040209E12":199,"1.211034569E12":142,"1.211047185E12":260,"1.211047662E12":266,"1.211018427E12":17,"1.211054742E12":303,"1.211025818E12":77,"1.211018758E12":28,"1.211047508E12":265,"1.211057612E12":311,"1.211037174E12":161,"1.211038169E12":172,"1.211043513E12":230,"1.211038215E12":173,"1.211021325E12":49,"1.21103291E12":130,"1.211036586E12":155,"1.211023456E12":59,"1.211018407E12":10,"1.21105866E12":314,"1.211044788E12":239,"1.211042459E12":219,"1.211038496E12":177,"1.211034236E12":140,"1.211058931E12":315,"1.211048325E12":270,"1.211018761E12":29,"1.211044915E12":243},"NUMBER_OF_PEOPLE":400,"minTimeSeen":1.211018404E12,"maxTimeSeen":1.211558405E12,"NEIGHBORHOOD_RADIUS":20.0,"ENCOUNTER_CHANCE":0.05,"priority":1.0,"duration":540001.0,"minutesDuration":9000.016666666666,"hoursDuration":150.00027777777777,"daysDuration":6.250011574074073}
