{"propagationData":{"1.211151104E12":180,"1.211089808E12":140,"1.211060932E12":20,"1.211055813E12":2,"1.211096066E12":149,"1.211081747E12":109,"1.211071341E12":54,"1.211064614E12":30,"1.211067794E12":46,"1.21115471E12":184,"1.211062967E12":26,"1.211078479E12":89,"1.21107266E12":63,"1.211080143E12":101,"1.21107259E12":60,"1.211150759E12":178,"1.211277249E12":202,"1.211076097E12":77,"1.211078436E12":88,"1.211272899E12":198,"1.211064575E12":29,"1.211091078E12":145,"1.211101607E12":158,"1.211066979E12":37,"1.211150035E12":177,"1.211273469E12":200,"1.211078361E12":87,"1.211088327E12":133,"1.211081373E12":108,"1.211086781E12":130,"1.211154602E12":183,"1.211074167E12":71,"1.211079793E12":93,"1.211062355E12":25,"1.211056954E12":7,"1.211084981E12":124,"1.211060327E12":17,"1.211095974E12":148,"1.211083484E12":119,"1.211072631E12":61,"1.211102985E12":162,"1.21107279E12":64,"1.211080028E12":99,"1.211068723E12":49,"1.211122248E12":169,"1.211076169E12":79,"1.211083492E12":121,"1.211061484E12":22,"1.211085034E12":126,"1.211146312E12":170,"1.211083322E12":116,"1.211058855E12":11,"1.211059727E12":14,"1.211223455E12":191,"1.211056975E12":8,"1.211078963E12":91,"1.211222698E12":190,"1.211074292E12":72,"1.211056768E12":3,"1.211078034E12":83,"1.211088389E12":135,"1.211067846E12":47,"1.211272758E12":197,"1.21106904E12":50,"1.211088336E12":134,"1.211220735E12":188,"1.211056771E12":4,"1.211080613E12":105,"1.211079028E12":92,"1.211072657E12":62,"1.211151332E12":182,"1.211060571E12":19,"1.211061631E12":23,"1.211083498E12":122,"1.211074366E12":75,"1.211018404E12":1,"1.211072323E12":58,"1.211078139E12":86,"1.211225942E12":194,"1.21109105E12":144,"1.21109533E12":146,"1.211076152E12":78,"1.21106571E12":35,"1.211102316E12":160,"1.211071891E12":57,"1.211079894E12":95,"1.211067188E12":39,"1.211090948E12":143,"1.21108015E12":103,"1.211079966E12":98,"1.211096741E12":155,"1.211151068E12":179,"1.211078511E12":90,"1.211058993E12":13,"1.211082578E12":111,"1.211067526E12":42,"1.211078023E12":82,"1.211096167E12":150,"1.211150019E12":176,"1.211155254E12":186,"1.21108265E12":112,"1.21107234E12":59,"1.211065143E12":31,"1.211080034E12":100,"1.211081118E12":107,"1.211067459E12":41,"1.21114702E12":171,"1.211076091E12":76,"1.211088467E12":137,"1.211071342E12":55,"1.211064481E12":27,"1.211225913E12":193,"1.211074325E12":73,"1.211223483E12":192,"1.211074121E12":69,"1.211067375E12":40,"1.211061042E12":21,"1.211074084E12":68,"1.211058748E12":9,"1.211079926E12":96,"1.211079878E12":94,"1.211095926E12":147,"1.211068615E12":48,"1.211221289E12":189,"1.211105319E12":167,"1.211155181E12":185,"1.211069091E12":51,"1.211083291E12":115,"1.211274259E12":201,"1.211102462E12":161,"1.211073004E12":65,"1.211147384E12":173,"1.211101665E12":159,"1.211096205E12":151,"1.211078111E12":84,"1.211105326E12":168,"1.211104903E12":164,"1.211073323E12":67,"1.211073076E12":66,"1.211085694E12":127,"1.211056926E12":5,"1.211265505E12":196,"1.211273097E12":199,"1.211096974E12":157,"1.211150005E12":174,"1.211065149E12":32,"1.211069942E12":52,"1.211077987E12":80,"1.21108981E12":141,"1.211085855E12":128,"1.211060258E12":16,"1.211083399E12":117,"1.211088529E12":138,"1.21105694E12":6,"1.211067765E12":45,"1.211064497E12":28,"1.21107435E12":74,"1.211086709E12":129,"1.211080698E12":106,"1.211105143E12":165,"1.2110677E12":43,"1.211165298E12":187,"1.211065568E12":33,"1.211096229E12":152,"1.211065613E12":34,"1.211078008E12":81,"1.211084215E12":123,"1.211071716E12":56,"1.211067739E12":44,"1.211151162E12":181,"1.211096633E12":154,"1.211277681E12":203,"1.211081752E12":110,"1.21108725E12":131,"1.211060524E12":18,"1.211066747E12":36,"1.211058758E12":10,"1.211070436E12":53,"1.211061663E12":24,"1.211227428E12":195,"1.211150017E12":175,"1.211096523E12":153,"1.211096955E12":156,"1.211080148E12":102,"1.211083409E12":118,"1.211074161E12":70,"1.211067184E12":38,"1.211104057E12":163,"1.211088159E12":132,"1.211080612E12":104,"1.211088462E12":136,"1.211083258E12":113,"1.21108503E12":125,"1.211089701E12":139,"1.211083263E12":114,"1.211105158E12":166,"1.211089905E12":142,"1.211059882E12":15,"1.211058931E12":12,"1.211079945E12":97,"1.21114737E12":172},"NUMBER_OF_PEOPLE":400,"minTimeSeen":1.211018404E12,"maxTimeSeen":1.211558405E12,"NEIGHBORHOOD_RADIUS":20.0,"ENCOUNTER_CHANCE":0.05,"priority":1.0,"duration":540001.0,"minutesDuration":9000.016666666666,"hoursDuration":150.00027777777777,"daysDuration":6.250011574074073}
