{"propagationData":{"1.211054187E12":257,"1.21104789E12":213,"1.211048269E12":220,"1.211040505E12":105,"1.211037494E12":59,"1.211040872E12":115,"1.211044342E12":170,"1.211042236E12":140,"1.211042016E12":133,"1.211042239E12":141,"1.21103804E12":67,"1.211035799E12":38,"1.211047507E12":209,"1.21104223E12":139,"1.211031973E12":6,"1.21104094E12":117,"1.211045591E12":185,"1.211040075E12":95,"1.211045671E12":187,"1.211049541E12":224,"1.211046398E12":198,"1.211040146E12":96,"1.211034057E12":19,"1.211033157E12":15,"1.211042818E12":151,"1.211040781E12":112,"1.211042892E12":153,"1.211044129E12":166,"1.211041315E12":124,"1.211054465E12":261,"1.211042065E12":136,"1.211046402E12":199,"1.211034598E12":21,"1.211038938E12":84,"1.211040719E12":111,"1.211047433E12":206,"1.211051094E12":240,"1.211115656E12":368,"1.211042442E12":149,"1.211063002E12":309,"1.211041816E12":128,"1.211073513E12":328,"1.211044341E12":169,"1.211073965E12":332,"1.211038539E12":78,"1.211045554E12":183,"1.211039776E12":91,"1.211037463E12":57,"1.211037671E12":61,"1.211034645E12":22,"1.211090992E12":358,"1.211055669E12":272,"1.211034924E12":26,"1.211043552E12":157,"1.211064126E12":310,"1.211054262E12":260,"1.211052254E12":248,"1.211061207E12":301,"1.211059108E12":293,"1.211055123E12":269,"1.211049571E12":225,"1.211042063E12":135,"1.211047326E12":203,"1.211057723E12":287,"1.211085191E12":350,"1.211057371E12":283,"1.211049739E12":227,"1.211038324E12":73,"1.211057374E12":284,"1.2110415E12":126,"1.21105094E12":235,"1.211038649E12":79,"1.21105614E12":273,"1.211045973E12":192,"1.211064219E12":311,"1.211044046E12":165,"1.211082037E12":346,"1.2110555E12":270,"1.211041214E12":123,"1.211047681E12":211,"1.211058073E12":289,"1.211042047E12":134,"1.211074509E12":334,"1.21109207E12":360,"1.211056407E12":278,"1.211060944E12":299,"1.211050625E12":231,"1.211033514E12":18,"1.211086263E12":351,"1.211045504E12":182,"1.211088811E12":353,"1.211053816E12":255,"1.211097625E12":364,"1.211044026E12":163,"1.211035254E12":32,"1.211044031E12":164,"1.211057697E12":285,"1.211035518E12":37,"1.211076418E12":338,"1.211036996E12":52,"1.211144124E12":379,"1.211075721E12":337,"1.211062972E12":308,"1.211096765E12":363,"1.211033476E12":17,"1.211077753E12":341,"1.211073127E12":326,"1.211040946E12":118,"1.211041491E12":125,"1.211044249E12":168,"1.211066048E12":318,"1.211052222E12":247,"1.211041096E12":120,"1.211042375E12":146,"1.211036965E12":50,"1.211051357E12":241,"1.211154479E12":381,"1.211049784E12":228,"1.211044481E12":172,"1.211042206E12":138,"1.211061032E12":300,"1.211034807E12":24,"1.211285575E12":388,"1.211034646E12":23,"1.211075347E12":335,"1.21103911E12":86,"1.211040441E12":103,"1.211041952E12":131,"1.211035321E12":34,"1.211052959E12":251,"1.211083266E12":347,"1.211092544E12":361,"1.211031971E12":5,"1.211038878E12":83,"1.211052505E12":249,"1.211140045E12":376,"1.211056266E12":275,"1.211055621E12":271,"1.211046879E12":200,"1.211035814E12":39,"1.211040161E12":97,"1.211051495E12":242,"1.211046196E12":195,"1.211047406E12":205,"1.211031991E12":10,"1.211042832E12":152,"1.211037196E12":55,"1.211077398E12":340,"1.211018404E12":1,"1.211043473E12":156,"1.211031961E12":3,"1.211042685E12":150,"1.211164926E12":382,"1.2110391E12":85,"1.211033139E12":13,"1.211037916E12":65,"1.21104209E12":137,"1.211043267E12":154,"1.211040508E12":106,"1.211137071E12":375,"1.211116143E12":369,"1.211037128E12":54,"1.211124186E12":372,"1.211054477E12":263,"1.211083523E12":348,"1.211043588E12":158,"1.211036168E12":42,"1.211080142E12":344,"1.211066078E12":320,"1.211054854E12":267,"1.211035064E12":29,"1.211045179E12":178,"1.211091422E12":359,"1.211044675E12":173,"1.211072472E12":325,"1.211057291E12":282,"1.211036365E12":45,"1.211054027E12":256,"1.211046331E12":197,"1.211038156E12":69,"1.211045755E12":191,"1.211040532E12":107,"1.211051513E12":243,"1.211073961E12":331,"1.211040452E12":104,"1.211031924E12":2,"1.211044804E12":174,"1.211035181E12":31,"1.211037733E12":63,"1.211038339E12":74,"1.21105426E12":259,"1.211048201E12":219,"1.211047389E12":204,"1.211058954E12":292,"1.211044207E12":167,"1.21103886E12":81,"1.211056398E12":277,"1.211054469E12":262,"1.211049646E12":226,"1.211089192E12":354,"1.211057264E12":281,"1.211035317E12":33,"1.21108943E12":355,"1.211058155E12":290,"1.211045581E12":184,"1.211040997E12":119,"1.211036352E12":44,"1.211045724E12":189,"1.211049935E12":230,"1.211045354E12":179,"1.211040822E12":113,"1.211042278E12":142,"1.211207649E12":385,"1.211126407E12":374,"1.211062224E12":306,"1.211098328E12":365,"1.21106014E12":297,"1.211039433E12":87,"1.211031982E12":9,"1.21103536E12":35,"1.211064319E12":312,"1.211203069E12":384,"1.211058925E12":291,"1.211054549E12":264,"1.211048125E12":217,"1.211037699E12":62,"1.211036534E12":46,"1.21107732E12":339,"1.211060452E12":298,"1.21104509E12":176,"1.211050658E12":232,"1.211038193E12":71,"1.211040228E12":99,"1.211048115E12":216,"1.211042436E12":148,"1.211062056E12":304,"1.211143312E12":378,"1.211040565E12":108,"1.211165088E12":383,"1.211090147E12":357,"1.211033135E12":12,"1.211126271E12":373,"1.211045737E12":190,"1.211061586E12":302,"1.211048149E12":218,"1.211041189E12":122,"1.211065596E12":316,"1.211036731E12":47,"1.211045125E12":177,"1.211051689E12":245,"1.211039924E12":93,"1.211035859E12":40,"1.21104368E12":159,"1.211062362E12":307,"1.211066058E12":319,"1.211048486E12":222,"1.211032025E12":11,"1.211065973E12":317,"1.211041815E12":127,"1.211034832E12":25,"1.211045456E12":180,"1.211039795E12":92,"1.211031975E12":7,"1.211056377E12":276,"1.211038166E12":70,"1.211043855E12":161,"1.211038315E12":72,"1.211084914E12":349,"1.211048043E12":215,"1.211050951E12":236,"1.211033144E12":14,"1.21106445E12":315,"1.211053405E12":253,"1.211039569E12":88,"1.211040698E12":110,"1.211048366E12":221,"1.211048021E12":214,"1.211045722E12":188,"1.211096497E12":362,"1.211055102E12":268,"1.211056803E12":279,"1.211051797E12":246,"1.211088345E12":352,"1.211045654E12":186,"1.211073571E12":329,"1.211035148E12":30,"1.211081663E12":345,"1.211046108E12":194,"1.211078447E12":342,"1.211038874E12":82,"1.211036967E12":51,"1.21103495E12":27,"1.211062075E12":305,"1.211064335E12":313,"1.211047694E12":212,"1.211040255E12":101,"1.211072006E12":324,"1.211040921E12":116,"1.211053331E12":252,"1.211037896E12":64,"1.211035411E12":36,"1.211061837E12":303,"1.211038155E12":68,"1.211041106E12":121,"1.211052793E12":250,"1.211047313E12":202,"1.211059606E12":295,"1.211057886E12":288,"1.211040324E12":102,"1.211146042E12":380,"1.211056238E12":274,"1.211057709E12":286,"1.211041882E12":130,"1.21104232E12":144,"1.211037478E12":58,"1.211037566E12":60,"1.211044841E12":175,"1.211073881E12":330,"1.211051621E12":244,"1.211050904E12":234,"1.21104757E12":210,"1.211038364E12":75,"1.211044423E12":171,"1.211243138E12":387,"1.211060121E12":296,"1.211053585E12":254,"1.211045477E12":181,"1.211073252E12":327,"1.211100084E12":366,"1.211059393E12":294,"1.211051087E12":239,"1.211033206E12":16,"1.211054704E12":266,"1.211040856E12":114,"1.211047002E12":201,"1.211039725E12":89,"1.211106457E12":367,"1.211038402E12":76,"1.211064406E12":314,"1.211037117E12":53,"1.211067713E12":323,"1.211040639E12":109,"1.211054695E12":265,"1.211066271E12":322,"1.211047472E12":207,"1.211043728E12":160,"1.211039746E12":90,"1.21104863E12":223,"1.211034242E12":20,"1.211040244E12":100,"1.211037306E12":56,"1.21104001E12":94,"1.211089735E12":356,"1.211078897E12":343,"1.211044004E12":162,"1.211046324E12":196,"1.211046078E12":193,"1.211040182E12":98,"1.211041827E12":129,"1.211047487E12":208,"1.211075623E12":336,"1.211035039E12":28,"1.211057082E12":280,"1.211050679E12":233,"1.211038405E12":77,"1.211037961E12":66,"1.2111405E12":377,"1.211121287E12":371,"1.211036865E12":49,"1.211043289E12":155,"1.211051046E12":238,"1.21112045E12":370,"1.211066174E12":321,"1.211042334E12":145,"1.211036007E12":41,"1.211050985E12":237,"1.211074462E12":333,"1.211225647E12":386,"1.211049905E12":229,"1.211041957E12":132,"1.211038729E12":80,"1.21103198E12":8,"1.211036733E12":48,"1.21104242E12":147},"NUMBER_OF_PEOPLE":400,"minTimeSeen":1.211018404E12,