{"propagationData":{"1.211042421E12":174,"1.211043247E12":182,"1.211032106E12":27,"1.211055727E12":273,"1.211036875E12":73,"1.21107752E12":345,"1.21107902E12":350,"1.211039753E12":128,"1.211100657E12":371,"1.211040931E12":150,"1.211039609E12":125,"1.211036717E12":70,"1.21109663E12":367,"1.211040649E12":143,"1.21105423E12":272,"1.211046472E12":215,"1.211049818E12":241,"1.211036126E12":62,"1.21105636E12":279,"1.211071516E12":333,"1.21109384E12":365,"1.211054053E12":270,"1.21109799E12":370,"1.211044568E12":192,"1.211041669E12":155,"1.211177324E12":384,"1.211053993E12":269,"1.211031041E12":13,"1.211043776E12":186,"1.211042337E12":168,"1.211069921E12":330,"1.211045834E12":207,"1.211051929E12":254,"1.211063524E12":311,"1.211039366E12":122,"1.211043128E12":181,"1.211045292E12":197,"1.211038471E12":108,"1.211039918E12":131,"1.211066772E12":319,"1.211037766E12":93,"1.211036082E12":61,"1.211045563E12":202,"1.211045659E12":203,"1.211032015E12":22,"1.211037997E12":98,"1.211076677E12":342,"1.211060775E12":294,"1.211036995E12":76,"1.211036025E12":60,"1.211037206E12":81,"1.211078572E12":349,"1.211063673E12":313,"1.211037854E12":94,"1.211038179E12":102,"1.211137138E12":380,"1.211040642E12":142,"1.211040687E12":145,"1.211045427E12":200,"1.211044796E12":195,"1.211048636E12":234,"1.211056934E12":282,"1.211030581E12":9,"1.211064854E12":316,"1.211038847E12":113,"1.211032111E12":28,"1.211085173E12":360,"1.211033717E12":42,"1.211037633E12":89,"1.211038401E12":104,"1.211042351E12":169,"1.211078146E12":347,"1.211047499E12":222,"1.21107746E12":344,"1.211043331E12":183,"1.211018404E12":1,"1.211063636E12":312,"1.211052467E12":258,"1.211087225E12":364,"1.211053061E12":262,"1.211041545E12":152,"1.211104183E12":373,"1.211040155E12":133,"1.211047686E12":224,"1.211030741E12":10,"1.211061171E12":296,"1.211055927E12":275,"1.211058942E12":288,"1.211052538E12":259,"1.211065439E12":318,"1.211032208E12":33,"1.211041726E12":156,"1.21110691E12":375,"1.211039351E12":121,"1.211039612E12":126,"1.211067116E12":321,"1.211032629E12":34,"1.211038423E12":106,"1.211042077E12":160,"1.211038849E12":114,"1.211037696E12":91,"1.211043122E12":180,"1.211069206E12":328,"1.211057874E12":284,"1.211135007E12":379,"1.211071608E12":335,"1.211063337E12":309,"1.211062849E12":303,"1.211042124E12":161,"1.211101494E12":372,"1.21104666E12":217,"1.211048075E12":227,"1.211039013E12":116,"1.21104173E12":157,"1.211056373E12":280,"1.21106412E12":314,"1.211038615E12":110,"1.211045737E12":204,"1.211043975E12":187,"1.211039281E12":119,"1.211040513E12":140,"1.211040408E12":138,"1.211045289E12":196,"1.211094688E12":366,"1.211058778E12":287,"1.211053857E12":268,"1.211045796E12":206,"1.211040815E12":148,"1.211026559E12":3,"1.211062974E12":305,"1.211097941E12":369,"1.211034407E12":43,"1.211031285E12":15,"1.211037973E12":97,"1.211035949E12":59,"1.211042213E12":165,"1.211042244E12":167,"1.21105631E12":276,"1.21108042E12":356,"1.211063034E12":307,"1.211040264E12":134,"1.211032074E12":26,"1.211034976E12":47,"1.211225652E12":385,"1.211054081E12":271,"1.211069092E12":327,"1.211040277E12":136,"1.211050523E12":246,"1.211052629E12":261,"1.211046612E12":216,"1.211035154E12":50,"1.211063343E12":310,"1.211028526E12":4,"1.211036511E12":69,"1.211036227E12":64,"1.211035175E12":52,"1.21104001E12":132,"1.211058598E12":286,"1.211041612E12":154,"1.211042052E12":159,"1.211039548E12":124,"1.211085531E12":361,"1.211036332E12":66,"1.211062994E12":306,"1.211038405E12":105,"1.211086947E12":362,"1.211041026E12":151,"1.211068084E12":325,"1.211056315E12":277,"1.21103274E12":35,"1.211038843E12":112,"1.211039085E12":118,"1.211035695E12":55,"1.211035182E12":53,"1.21104242E12":173,"1.21104237E12":170,"1.211036452E12":68,"1.211037641E12":90,"1.211042026E12":158,"1.211048286E12":231,"1.211051434E12":253,"1.211051395E12":252,"1.211062105E12":300,"1.211042128E12":162,"1.211038786E12":111,"1.211033662E12":40,"1.21103689E12":74,"1.211050406E12":244,"1.21106792E12":323,"1.211043769E12":185,"1.211045859E12":208,"1.211040842E12":149,"1.211338834E12":388,"1.211076537E12":340,"1.211071219E12":331,"1.211046979E12":220,"1.211038052E12":101,"1.211035696E12":56,"1.211046302E12":211,"1.211040414E12":139,"1.211048209E12":229,"1.211046081E12":209,"1.211040297E12":137,"1.211050266E12":243,"1.211055815E12":274,"1.211062949E12":304,"1.21106188E12":299,"1.21103195E12":20,"1.211031919E12":19,"1.211053222E12":265,"1.211039809E12":130,"1.211056824E12":281,"1.211067953E12":324,"1.211044565E12":191,"1.211069822E12":329,"1.211047825E12":226,"1.211032185E12":30,"1.21103762E12":88,"1.211047813E12":225,"1.211080233E12":355,"1.211052598E12":260,"1.211031998E12":21,"1.211035749E12":57,"1.211051057E12":250,"1.211037285E12":82,"1.211060386E12":291,"1.211042382E12":171,"1.21103621E12":63,"1.211045776E12":205,"1.21104437E12":189,"1.211046227E12":210,"1.211052177E12":255,"1.21104159E12":153,"1.211032203E12":32,"1.211050947E12":249,"1.211036773E12":71,"1.211039648E12":127,"1.211034988E12":48,"1.21103104E12":12,"1.211050182E12":242,"1.211033671E12":41,"1.211045323E12":198,"1.211031048E12":14,"1.211035171E12":51,"1.211072677E12":337,"1.211036993E12":75,"1.21103732E12":84,"1.211096661E12":368,"1.211045492E12":201,"1.211037727E12":92,"1.211077978E12":346,"1.211165165E12":383,"1.211037435E12":86,"1.211078199E12":348,"1.211038869E12":115,"1.211039779E12":129,"1.211139362E12":382,"1.211442205E12":389,"1.211026427E12":2,"1.211073365E12":338,"1.211031569E12":17,"1.211036432E12":67,"1.21106126E12":298,"1.211038034E12":99,"1.211137354E12":381,"1.211037311E12":83,"1.211032031E12":24,"1.211037535E12":87,"1.211029316E12":6,"1.211032191E12":31,"1.211030861E12":11,"1.211042722E12":178,"1.211035685E12":54,"1.211037144E12":79,"1.211079991E12":354,"1.211042487E12":175,"1.211048747E12":236,"1.211038186E12":103,"1.211056346E12":278,"1.211060396E12":292,"1.211057545E12":283,"1.211291288E12":387,"1.211037856E12":95,"1.211040704E12":146,"1.211048777E12":237,"1.211040276E12":135,"1.211071286E12":332,"1.211065117E12":317,"1.211039547E12":123,"1.211032016E12":23,"1.211032838E12":38,"1.211079089E12":351,"1.211051084E12":251,"1.21103845E12":107,"1.211037929E12":96,"1.211050421E12":245,"1.211064524E12":315,"1.211071601E12":334,"1.211068571E12":326,"1.211122602E12":378,"1.211042191E12":164,"1.211084792E12":359,"1.211059114E12":289,"1.211047448E12":221,"1.211058456E12":285,"1.211063296E12":308,"1.211060608E12":293,"1.211048712E12":235,"1.211039078E12":117,"1.211053328E12":266,"1.211050749E12":248,"1.211084613E12":358,"1.211076651E12":341,"1.211050636E12":247,"1.21103855E12":109,"1.211042513E12":177,"1.211030467E12":8,"1.211034726E12":45,"1.211036849E12":72,"1.21106765E12":322,"1.211046749E12":219,"1.21104251E12":176,"1.211049661E12":240,"1.211062147E12":301,"1.211044684E12":193,"1.211052247E12":256,"1.21126061E12":386,"1.211042412E12":172,"1.211042132E12":163,"1.211031593E12":18,"1.211044733E12":194,"1.211105025E12":374,"1.211048282E12":230,"1.21106034E12":290,"1.211044401E12":190,"1.211032155E12":29,"1.21105308E12":263,"1.211066918E12":320,"1.211076999E12":343,"1.211043768E12":184,"1.211048598E12":233,"1.211073626E12":339,"1.211040681E12":144,"1.211049569E12":239,"1.211037071E12":78,"1.211079709E12":352,"1.21107991E12":353,"1.211053334E12":267,"1.211060829E12":295,"1.211034727E12":46,"1.211080474E12":357,"1.211116799E12":377,"1.211035763E12":58,"1.211037194E12":80,"1.211037064E12":77,"1.211052327E12":257,"1.211087141E12":363,"1.211048508E12":232,"1.21106125E12":297,"1.211032802E12":37,"1.211040639E12":141,"1.211046723E12":218,"1.211034413E12":44,"1.211047616E12":223,"1.211036264E12":65,"1.21104633E12":212,"1.211049526E12":238,"1.211042834E12":179,"1.21103935E12":120,"1.211046427E12":214,"1.211035098E12":49,"1.211046344E12":213,"1.211031517E12":16,"1.211062634E12":302,"1.211114035E12":376,"1.211072148E12":336,"1.211029243E12":5,"1.211045358E12":199,"1.211048168E12":228,"1.211044013E12":188,"1.211037386E12":85,"1.211030347E12":7,"1.211032774E12":36,"1.21105311E12":264,"1.211033035E12":39,"1.211038035E12":100},