{"propagationData":{"1.211029905E12":136,"1.211030349E12":141,"1.21103066E12":149,"1.211024857E12":62,"1.211047498E12":292,"1.211018709E12":16,"1.211021248E12":43,"1.211020262E12":33,"1.211034828E12":210,"1.21103373E12":195,"1.211030955E12":152,"1.211018728E12":19,"1.211027256E12":106,"1.211025842E12":79,"1.211033304E12":191,"1.211050189E12":310,"1.211063136E12":343,"1.211028076E12":115,"1.211024385E12":60,"1.211030632E12":148,"1.21107744E12":362,"1.211026055E12":82,"1.211050312E12":311,"1.211042682E12":266,"1.211041126E12":259,"1.211020413E12":35,"1.211116365E12":382,"1.211150325E12":383,"1.211033374E12":192,"1.21103254E12":178,"1.211046402E12":286,"1.211056837E12":330,"1.21103485E12":212,"1.211019058E12":24,"1.211018715E12":17,"1.211026522E12":97,"1.211059099E12":334,"1.211030479E12":145,"1.211020927E12":41,"1.211028812E12":124,"1.211051197E12":317,"1.211045913E12":282,"1.211076477E12":357,"1.211057949E12":332,"1.211212728E12":387,"1.211041117E12":258,"1.211033254E12":189,"1.211028678E12":123,"1.211033619E12":193,"1.211030794E12":151,"1.211156556E12":384,"1.211060849E12":339,"1.211035925E12":227,"1.211033783E12":198,"1.211018656E12":12,"1.211029371E12":134,"1.211210434E12":386,"1.211038776E12":249,"1.211050441E12":312,"1.211034984E12":213,"1.211045783E12":281,"1.211038406E12":243,"1.211035469E12":218,"1.211019513E12":28,"1.211024906E12":63,"1.211020785E12":38,"1.211027649E12":110,"1.211053544E12":323,"1.21106695E12":346,"1.211026217E12":89,"1.211029922E12":138,"1.21104593E12":283,"1.211098642E12":380,"1.211035384E12":216,"1.211047572E12":293,"1.211082834E12":370,"1.211020386E12":34,"1.211027019E12":102,"1.211036231E12":230,"1.211031957E12":163,"1.211037725E12":238,"1.21103584E12":225,"1.211033012E12":184,"1.211027103E12":103,"1.211028894E12":128,"1.211026056E12":83,"1.211025669E12":73,"1.211035756E12":224,"1.211093633E12":379,"1.211085072E12":373,"1.211031497E12":158,"1.211025813E12":75,"1.211029924E12":139,"1.211033742E12":196,"1.211067849E12":347,"1.211030783E12":150,"1.211050942E12":315,"1.211019069E12":25,"1.211021319E12":45,"1.211040399E12":252,"1.21102615E12":84,"1.211047577E12":294,"1.211033793E12":199,"1.211084685E12":372,"1.21104064E12":255,"1.211052934E12":322,"1.211036894E12":234,"1.211066597E12":344,"1.211032103E12":167,"1.211055343E12":327,"1.211025855E12":80,"1.211062563E12":341,"1.211048725E12":303,"1.211042791E12":267,"1.211038827E12":251,"1.211020878E12":40,"1.211045634E12":277,"1.21105068E12":314,"1.211027382E12":108,"1.211025389E12":67,"1.211020812E12":39,"1.211029912E12":137,"1.211068083E12":349,"1.211045683E12":279,"1.211030317E12":140,"1.211033841E12":202,"1.211025367E12":66,"1.211090683E12":374,"1.211028834E12":125,"1.211033173E12":187,"1.211076998E12":360,"1.211049118E12":306,"1.21103546E12":217,"1.211020558E12":36,"1.211038619E12":245,"1.211031991E12":164,"1.211028196E12":119,"1.211025419E12":71,"1.211031102E12":155,"1.211041359E12":264,"1.211041203E12":261,"1.211071137E12":351,"1.211026238E12":90,"1.211018404E12":2,"1.211031955E12":162,"1.211034069E12":209,"1.211020588E12":37,"1.211042969E12":269,"1.211076881E12":359,"1.211035212E12":215,"1.21103202E12":165,"1.211022383E12":55,"1.211029554E12":135,"1.211060846E12":338,"1.211032468E12":177,"1.211031594E12":161,"1.211048757E12":305,"1.211028576E12":121,"1.211043491E12":270,"1.21104261E12":265,"1.211077131E12":361,"1.211032542E12":179,"1.211047725E12":296,"1.21105368E12":325,"1.211018667E12":13,"1.211021556E12":47,"1.211043521E12":271,"1.211026204E12":87,"1.211032417E12":176,"1.211026402E12":95,"1.211019728E12":30,"1.211232137E12":388,"1.211019451E12":27,"1.211028953E12":129,"1.211034829E12":211,"1.211025029E12":64,"1.211045103E12":275,"1.211070797E12":350,"1.211044805E12":274,"1.211026535E12":100,"1.211044804E12":273,"1.211057823E12":331,"1.211035745E12":222,"1.211048201E12":298,"1.211025816E12":76,"1.211027684E12":112,"1.211028175E12":117,"1.211027469E12":109,"1.211025393E12":69,"1.211038517E12":244,"1.211021333E12":46,"1.211111817E12":381,"1.211078122E12":364,"1.211026354E12":94,"1.21101958E12":29,"1.211042846E12":268,"1.211028841E12":126,"1.2110324E12":174,"1.211033778E12":197,"1.21102632E12":93,"1.21102539E12":68,"1.211048577E12":301,"1.211018956E12":21,"1.211079077E12":366,"1.211034051E12":206,"1.21102927E12":130,"1.211031567E12":160,"1.211027678E12":111,"1.211028191E12":118,"1.211035612E12":220,"1.211059506E12":335,"1.211021938E12":52,"1.211036236E12":231,"1.211028864E12":127,"1.211018576E12":8,"1.211021834E12":50,"1.211032821E12":182,"1.211332614E12":389,"1.211084138E12":371,"1.211041288E12":263,"1.211038756E12":247,"1.211038193E12":242,"1.211026801E12":101,"1.211092957E12":377,"1.211072366E12":354,"1.21104874E12":304,"1.211047218E12":291,"1.211025354E12":65,"1.211051438E12":318,"1.211047961E12":297,"1.211093075E12":378,"1.211019045E12":23,"1.211018721E12":18,"1.211022372E12":54,"1.211058082E12":333,"1.211178498E12":385,"1.211020249E12":31,"1.211021799E12":49,"1.211028437E12":120,"1.211046675E12":288,"1.211038657E12":246,"1.211045607E12":276,"1.211071778E12":353,"1.211047107E12":289,"1.211027787E12":114,"1.211018418E12":6,"1.211029314E12":132,"1.211074495E12":356,"1.211035565E12":219,"1.211046401E12":285,"1.211052842E12":321,"1.211053623E12":324,"1.211031035E12":154,"1.211056775E12":328,"1.211046674E12":287,"1.21101865E12":11,"1.21102628E12":91,"1.211048402E12":300,"1.211049692E12":308,"1.211038166E12":241,"1.211038051E12":239,"1.211025829E12":78,"1.211025439E12":72,"1.211060511E12":337,"1.211045751E12":280,"1.211026311E12":92,"1.211032152E12":170,"1.211040682E12":257,"1.211032384E12":173,"1.211035209E12":214,"1.21103315E12":185,"1.211046044E12":284,"1.211037207E12":236,"1.21103218E12":171,"1.211021277E12":44,"1.211032631E12":181,"1.211080639E12":369,"1.211021699E12":48,"1.211029279E12":131,"1.211033819E12":200,"1.21107156E12":352,"1.211047623E12":295,"1.211037593E12":237,"1.211051618E12":319,"1.211036701E12":233,"1.211031029E12":153,"1.211024428E12":61,"1.211022419E12":56,"1.211027208E12":105,"1.211074474E12":355,"1.21101923E12":26,"1.211021238E12":42,"1.211030353E12":142,"1.211076526E12":358,"1.211052427E12":320,"1.211023704E12":59,"1.21101895E12":20,"1.211018686E12":15,"1.211045657E12":278,"1.21107838E12":365,"1.211067949E12":348,"1.211018637E12":9,"1.211026208E12":88,"1.211018677E12":14,"1.211031121E12":156,"1.211026507E12":96,"1.211018405E12":3,"1.211028614E12":122,"1.21102936E12":133,"1.211079975E12":368,"1.211056794E12":329,"1.211036182E12":228,"1.21103214E12":169,"1.211047183E12":290,"1.211038759E12":248,"1.211051066E12":316,"1.211030538E12":147,"1.211032189E12":172,"1.211022227E12":53,"1.211030441E12":144,"1.21101842E12":7,"1.211025407E12":70,"1.211033838E12":201,"1.211025673E12":74,"1.211048721E12":302,"1.211032615E12":180,"1.211028173E12":116,"1.21103156E12":159,"1.211055294E12":326,"1.211043906E12":272,"1.211026202E12":86,"1.211032045E12":166,"1.211038144E12":240,"1.211040463E12":254,"1.211091274E12":375,"1.211049197E12":307,"1.211035863E12":226,"1.21103325E12":188,"1.211034029E12":204,"1.211050564E12":313,"1.21103575E12":223,"1.211034038E12":205,"1.211031443E12":157,"1.211033669E12":194,"1.21105003E12":309,"1.211040401E12":253,"1.211036985E12":235,"1.211062959E12":342,"1.211035628E12":221,"1.211025818E12":77,"1.211027114E12":104,"1.211033949E12":203,"1.211021873E12":51,"1.211025957E12":81,"1.211018649E12":10,"1.211033152E12":186,"1.21102261E12":57,"1.211036217E12":229,"1.211048326E12":299,"1.211033294E12":190,"1.21103285E12":183,"1.211079826E12":367,"1.211034065E12":208,"1.211018407E12":4,"1.211036545E12":232,"1.211023315E12":58,"1.211019043E12":22,"1.211059714E12":336,"1.211020252E12":32,"1.211038794E12":250,"1.211091555E12":376,"1.211066745E12":345,"1.211032127E12":168,"1.211027715E12":113,"1.211077856E12":363,"1.211061143E12":340,"1.211041217E12":262},"NUMBER_OF_PEOPLE":400,"minTimeSeen":1.211018404E12,"maxTimeSeen":1.211558405E12,"NEIGHBORHOOD_RADIUS":20.0,"ENCOUNTER_CHANCE":0.05,"priority":1.0,"duration":540001.0,