{"propagationData":{"1.211022479E12":63,"1.211071776E12":334,"1.211037654E12":197,"1.211034964E12":172,"1.211042851E12":241,"1.211047099E12":276,"1.211030174E12":107,"1.211043216E12":245,"1.211027411E12":87,"1.211018734E12":40,"1.211030493E12":116,"1.211024658E12":73,"1.211050652E12":289,"1.21103713E12":192,"1.211061564E12":318,"1.211028901E12":93,"1.21106154E12":317,"1.211033007E12":152,"1.211055892E12":299,"1.211042379E12":240,"1.211018452E12":25,"1.211058373E12":303,"1.211044143E12":258,"1.211043619E12":252,"1.211044129E12":257,"1.211032976E12":150,"1.211044033E12":253,"1.211101787E12":362,"1.211024998E12":75,"1.211018417E12":21,"1.211035115E12":175,"1.211066385E12":323,"1.211025684E12":81,"1.211120455E12":370,"1.21104026E12":218,"1.211055776E12":297,"1.211043503E12":249,"1.211018759E12":41,"1.211066583E12":324,"1.211043562E12":251,"1.211077023E12":342,"1.211101965E12":363,"1.211037682E12":199,"1.211042094E12":234,"1.211032891E12":148,"1.211067571E12":327,"1.211019636E12":54,"1.211146622E12":374,"1.211034618E12":169,"1.211041483E12":228,"1.211018502E12":29,"1.211077344E12":346,"1.211031813E12":130,"1.211022751E12":66,"1.211098353E12":360,"1.211043517E12":250,"1.211029541E12":98,"1.211050597E12":288,"1.211031464E12":123,"1.211033386E12":158,"1.21103374E12":161,"1.211039794E12":210,"1.211041117E12":226,"1.211168027E12":376,"1.211103951E12":364,"1.211046203E12":267,"1.211018512E12":33,"1.211054629E12":294,"1.211099065E12":361,"1.211067899E12":328,"1.211058975E12":306,"1.211035208E12":176,"1.211077354E12":347,"1.211068453E12":330,"1.211060102E12":310,"1.211038228E12":201,"1.211040199E12":215,"1.211029708E12":101,"1.211032391E12":140,"1.211066173E12":321,"1.211018412E12":20,"1.211029739E12":103,"1.211040446E12":220,"1.211035974E12":182,"1.21105791E12":301,"1.211019969E12":58,"1.211477173E12":384,"1.211053948E12":290,"1.211038191E12":200,"1.211028848E12":91,"1.211046441E12":270,"1.211040937E12":225,"1.211033312E12":155,"1.211059173E12":308,"1.211039262E12":209,"1.211018828E12":48,"1.211030308E12":112,"1.211031374E12":121,"1.211072756E12":336,"1.211036112E12":183,"1.211018406E12":13,"1.211045735E12":264,"1.211060394E12":311,"1.211034196E12":167,"1.21105402E12":291,"1.21104877E12":281,"1.211029847E12":104,"1.211018479E12":28,"1.211018503E12":30,"1.211092731E12":355,"1.211046033E12":265,"1.211031307E12":119,"1.211023209E12":69,"1.211030397E12":114,"1.211031312E12":120,"1.211167569E12":375,"1.211018875E12":50,"1.211033473E12":159,"1.211036894E12":190,"1.211028935E12":95,"1.211038495E12":204,"1.211049275E12":283,"1.211040145E12":213,"1.211059041E12":307,"1.211030207E12":109,"1.211042254E12":236,"1.211036897E12":191,"1.211066255E12":322,"1.211018562E12":38,"1.211069213E12":331,"1.211040201E12":216,"1.211036476E12":189,"1.21102887E12":92,"1.211032379E12":139,"1.211066851E12":325,"1.211048612E12":280,"1.211033143E12":153,"1.211054501E12":293,"1.211044345E12":259,"1.211029738E12":102,"1.211097453E12":359,"1.211033338E12":156,"1.211036161E12":184,"1.211031946E12":131,"1.211049118E12":282,"1.211018555E12":37,"1.21103546E12":180,"1.211037645E12":196,"1.21104148E12":227,"1.211036408E12":187,"1.211474062E12":383,"1.211018768E12":43,"1.211032237E12":136,"1.211032873E12":147,"1.211018404E12":8,"1.21106096E12":313,"1.21104342E12":247,"1.211019895E12":56,"1.211075612E12":340,"1.211058877E12":305,"1.211025153E12":77,"1.211034059E12":164,"1.211104016E12":365,"1.211043434E12":248,"1.211031751E12":128,"1.211061404E12":315,"1.2110497E12":284,"1.211030178E12":108,"1.211036179E12":185,"1.211022624E12":65,"1.211031068E12":118,"1.21103403E12":162,"1.211040208E12":217,"1.211044376E12":260,"1.211208831E12":377,"1.211043105E12":243,"1.211057808E12":300,"1.211037211E12":194,"1.211029676E12":99,"1.211018419E12":22,"1.211018475E12":27,"1.211031727E12":127,"1.211061233E12":314,"1.211026878E12":85,"1.211018824E12":46,"1.211069524E12":332,"1.211042092E12":233,"1.211034146E12":166,"1.211041702E12":229,"1.211036186E12":186,"1.211044104E12":256,"1.211032377E12":138,"1.211031601E12":126,"1.211037154E12":193,"1.21121391E12":379,"1.211030028E12":105,"1.211130703E12":371,"1.211057922E12":302,"1.211275098E12":380,"1.211040685E12":222,"1.21102107E12":61,"1.211018411E12":19,"1.211086597E12":349,"1.211046037E12":266,"1.211054469E12":292,"1.211035068E12":174,"1.211018408E12":18,"1.211031503E12":124,"1.211032108E12":135,"1.211018529E12":36,"1.211071215E12":333,"1.211079794E12":348,"1.211018511E12":32,"1.211092122E12":354,"1.211040674E12":221,"1.211049884E12":285,"1.211060446E12":312,"1.211043107E12":244,"1.21102361E12":71,"1.21103204E12":132,"1.211025609E12":79,"1.211093535E12":356,"1.211145192E12":373,"1.211041975E12":230,"1.21101847E12":26,"1.211039025E12":208,"1.211046458E12":272,"1.211019892E12":55,"1.211038292E12":202,"1.211026512E12":83,"1.211023938E12":72,"1.211033728E12":160,"1.211105146E12":367,"1.211040887E12":223,"1.211025758E12":82,"1.211093926E12":358,"1.211042338E12":239,"1.211040044E12":211,"1.211023084E12":67,"1.211018858E12":49,"1.211030594E12":117,"1.211088357E12":350,"1.211018508E12":31,"1.211030217E12":110,"1.211030094E12":106,"1.211040176E12":214,"1.211023509E12":70,"1.211042108E12":235,"1.211025127E12":76,"1.211034782E12":170,"1.211044062E12":254,"1.211018765E12":42,"1.211018773E12":44,"1.211050363E12":286,"1.211032402E12":141,"1.211034827E12":171,"1.211134237E12":372,"1.211032992E12":151,"1.211276149E12":381,"1.211114547E12":368,"1.21105043E12":287,"1.211043315E12":246,"1.21103038E12":113,"1.211032763E12":146,"1.21103329E12":154,"1.211038768E12":205,"1.211104651E12":366,"1.211019371E12":53,"1.211055826E12":298,"1.211091059E12":353,"1.211035062E12":173,"1.211035415E12":178,"1.211018974E12":51,"1.211047166E12":277,"1.211018432E12":24,"1.211075745E12":341,"1.21103723E12":195,"1.211023178E12":68,"1.211073224E12":339,"1.211032624E12":144,"1.211028827E12":90,"1.211036468E12":188,"1.211033356E12":157,"1.211019956E12":57,"1.211054771E12":296,"1.211044073E12":255,"1.211040921E12":224,"1.211046425E12":269,"1.211077174E12":344,"1.211061516E12":316,"1.211032644E12":145,"1.211046988E12":275,"1.211042038E12":231,"1.211068164E12":329,"1.211029506E12":97,"1.211058432E12":304,"1.21104229E12":237,"1.211020724E12":60,"1.211030398E12":115,"1.211046226E12":268,"1.211027578E12":89,"1.211277225E12":382,"1.211018711E12":39,"1.211088363E12":351,"1.211031582E12":125,"1.211044404E12":261,"1.211042299E12":238,"1.211018827E12":47,"1.211032955E12":149,"1.211024688E12":74,"1.211020589E12":59,"1.211046451E12":271,"1.211035213E12":177,"1.21102702E12":86,"1.211032615E12":143,"1.21104007E12":212,"1.21103891E12":206,"1.21104659E12":273,"1.211027567E12":88,"1.211072888E12":337,"1.211048604E12":279,"1.211065729E12":320,"1.211025233E12":78,"1.21103234E12":137,"1.211032045E12":133,"1.21102653E12":84,"1.211077052E12":343,"1.211072676E12":335,"1.211037663E12":198,"1.21111964E12":369,"1.211028933E12":94,"1.211042863E12":242,"1.211065114E12":319,"1.211034038E12":163,"1.21101843E12":23,"1.211054644E12":295,"1.211018516E12":35,"1.211045713E12":263,"1.211030297E12":111,"1.211031454E12":122,"1.211018811E12":45,"1.211046698E12":274,"1.211038965E12":207,"1.21102968E12":100,"1.211029017E12":96,"1.2112133E12":378,"1.211077246E12":345,"1.211025635E12":80,"1.211018407E12":17,"1.211034344E12":168,"1.21107309E12":338,"1.211038417E12":203,"1.21103244E12":142,"1.211090658E12":352,"1.211067497E12":326,"1.211042055E12":232,"1.211032048E12":134,"1.211048432E12":278,"1.21109356E12":357,"1.211044647E12":262,"1.211022508E12":64,"1.21102172E12":62,"1.211035899E12":181,"1.211031771E12":129,"1.211059486E12":309},"NUMBER_OF_PEOPLE":400,"minTimeSeen":1.211018404E12,"maxTimeSeen":1.211558405E12,"NEIGHBORHOOD_RADIUS":20.0,"ENCOUNTER_CHANCE":0.05,"priority":1.0,"duration":540001.0,"minutesDuration":9000.016666666666,"hoursDuration":150.00027777777777,"daysDuration":6.250011574074073}
