{"propagationData":{"1.211032239E12":118,"1.211037808E12":188,"1.211050501E12":280,"1.211018771E12":33,"1.211021285E12":48,"1.21103587E12":162,"1.211019307E12":40,"1.211024831E12":57,"1.211034318E12":137,"1.211040284E12":215,"1.211030579E12":99,"1.211176952E12":357,"1.211032688E12":123,"1.211030162E12":90,"1.211033E12":128,"1.211069104E12":333,"1.21105661E12":292,"1.211042673E12":236,"1.211025633E12":62,"1.211122258E12":346,"1.211061545E12":314,"1.211041602E12":230,"1.211036632E12":177,"1.211030092E12":87,"1.211066473E12":326,"1.211041339E12":228,"1.211023655E12":55,"1.211032407E12":120,"1.211040955E12":221,"1.211038799E12":197,"1.211036334E12":167,"1.211018417E12":15,"1.211048167E12":269,"1.211039361E12":210,"1.211031296E12":107,"1.211058983E12":304,"1.211049051E12":275,"1.211034598E12":143,"1.21102101E12":47,"1.211031052E12":105,"1.211029346E12":74,"1.211045718E12":255,"1.211029292E12":73,"1.211032897E12":127,"1.211039056E12":207,"1.211019542E12":43,"1.211040462E12":218,"1.211018857E12":35,"1.211061369E12":311,"1.211035524E12":155,"1.211038539E12":195,"1.211037276E12":182,"1.211032879E12":126,"1.211018737E12":32,"1.211019454E12":42,"1.211032614E12":122,"1.211057526E12":296,"1.211053336E12":286,"1.211029815E12":81,"1.211047162E12":263,"1.211058687E12":301,"1.211038581E12":196,"1.211045834E12":258,"1.211023474E12":53,"1.211041787E12":232,"1.211030231E12":95,"1.211033735E12":134,"1.211050087E12":278,"1.211034562E12":141,"1.211032531E12":121,"1.211176947E12":356,"1.21104308E12":237,"1.211066383E12":325,"1.211018412E12":13,"1.211036369E12":168,"1.211018849E12":34,"1.211039457E12":212,"1.211030595E12":100,"1.211025655E12":63,"1.211047575E12":266,"1.211045827E12":257,"1.211028897E12":71,"1.211034778E12":148,"1.211031004E12":104,"1.211018474E12":21,"1.211034704E12":146,"1.211053842E12":287,"1.211029812E12":80,"1.211034496E12":139,"1.21102558E12":61,"1.211050794E12":283,"1.211048581E12":274,"1.21103213E12":117,"1.211050062E12":277,"1.211041132E12":224,"1.211035817E12":159,"1.211034591E12":142,"1.211038993E12":204,"1.211050676E12":281,"1.211043207E12":241,"1.211041108E12":223,"1.2110185E12":25,"1.211050729E12":282,"1.211036389E12":171,"1.211043198E12":240,"1.21102211E12":50,"1.211029622E12":76,"1.211037308E12":183,"1.211041164E12":225,"1.211036567E12":175,"1.211029755E12":79,"1.211034625E12":145,"1.211121315E12":345,"1.211018406E12":7,"1.211018428E12":19,"1.211051199E12":285,"1.211037314E12":184,"1.211048324E12":270,"1.211046391E12":260,"1.211025231E12":60,"1.211036512E12":173,"1.211030718E12":102,"1.211027563E12":68,"1.211036371E12":169,"1.211068989E12":332,"1.211056961E12":294,"1.211036482E12":172,"1.211080535E12":343,"1.211029835E12":82,"1.211033603E12":131,"1.21104851E12":272,"1.211035807E12":158,"1.211025188E12":59,"1.211037602E12":185,"1.211040907E12":220,"1.211060481E12":306,"1.211077954E12":337,"1.211046414E12":261,"1.211176811E12":355,"1.211057059E12":295,"1.211033726E12":133,"1.21103839E12":192,"1.211030298E12":96,"1.21104458E12":250,"1.211062856E12":315,"1.211030225E12":93,"1.211025031E12":58,"1.211039907E12":213,"1.211033705E12":132,"1.211029738E12":78,"1.211037051E12":180,"1.211036535E12":174,"1.211079082E12":341,"1.211038869E12":200,"1.211056613E12":293,"1.211048565E12":273,"1.211045733E12":256,"1.21104406E12":247,"1.211176707E12":354,"1.211058389E12":299,"1.211018404E12":3,"1.211018928E12":38,"1.211066938E12":328,"1.211035844E12":160,"1.211173777E12":351,"1.211018497E12":24,"1.211030018E12":86,"1.211116992E12":344,"1.211054573E12":289,"1.211031594E12":111,"1.211018896E12":37,"1.211035881E12":163,"1.211054811E12":290,"1.211035069E12":149,"1.211043516E12":242,"1.211036903E12":178,"1.211035323E12":154,"1.211031575E12":110,"1.21104587E12":259,"1.211047963E12":268,"1.211078377E12":339,"1.211035187E12":151,"1.211029666E12":77,"1.211034399E12":138,"1.211066794E12":327,"1.211039267E12":209,"1.211039118E12":208,"1.211054469E12":288,"1.211043874E12":245,"1.211031726E12":112,"1.211033744E12":135,"1.211035071E12":150,"1.211027554E12":67,"1.211018421E12":18,"1.211023649E12":54,"1.211122958E12":348,"1.211023459E12":52,"1.211032099E12":114,"1.211037882E12":190,"1.211065117E12":321,"1.211067459E12":330,"1.211032795E12":125,"1.211126956E12":349,"1.211035739E12":157,"1.211039025E12":206,"1.211033158E12":129,"1.211040141E12":214,"1.211029851E12":83,"1.211122556E12":347,"1.211031407E12":109,"1.211029447E12":75,"1.211043592E12":243,"1.211041366E12":229,"1.211041198E12":227,"1.21101861E12":28,"1.211060496E12":307,"1.211061483E12":312,"1.211039013E12":205,"1.21103454E12":140,"1.211022254E12":51,"1.211030217E12":92,"1.211021718E12":49,"1.211047911E12":267,"1.211032313E12":119,"1.2110302E12":91,"1.211025779E12":64,"1.211037983E12":191,"1.21103767E12":186,"1.21103777E12":187,"1.211058058E12":298,"1.211039425E12":211,"1.211044635E12":251,"1.211076113E12":336,"1.211025925E12":66,"1.211080425E12":342,"1.211018977E12":39,"1.211034291E12":136,"1.211045162E12":253,"1.211067334E12":329,"1.211024654E12":56,"1.211041183E12":226,"1.211030374E12":98,"1.211028603E12":69,"1.211069113E12":334,"1.211030371E12":97,"1.211019371E12":41,"1.211035847E12":161,"1.21103785E12":189,"1.211032043E12":113,"1.21104053E12":219,"1.211066256E12":324,"1.211049882E12":276,"1.211065702E12":323,"1.211071292E12":335,"1.211018513E12":27,"1.211173667E12":350,"1.211018437E12":20,"1.211030015E12":85,"1.211031298E12":108,"1.211034777E12":147,"1.211030126E12":89,"1.211038874E12":201,"1.211041771E12":231,"1.211028822E12":70,"1.211036185E12":166,"1.211051163E12":284,"1.211031236E12":106,"1.211032119E12":115,"1.211025867E12":65,"1.211036611E12":176,"1.211020545E12":45,"1.211038833E12":199,"1.211060522E12":308,"1.211033377E12":130,"1.211058787E12":302,"1.211042093E12":233,"1.211037272E12":181,"1.21105032E12":279,"1.211032122E12":116,"1.211018487E12":22,"1.211030117E12":88,"1.21104232E12":235,"1.21102073E12":46,"1.211058926E12":303,"1.211044452E12":249,"1.211035237E12":152,"1.211019669E12":44,"1.211058415E12":300,"1.211062964E12":316,"1.211065161E12":322,"1.211030837E12":103,"1.211038975E12":203,"1.211063124E12":317,"1.211036042E12":165,"1.211037004E12":179,"1.211055119E12":291,"1.21101842E12":16,"1.21106452E12":320,"1.211040429E12":217,"1.211042302E12":234,"1.211030658E12":101,"1.211029041E12":72,"1.211047378E12":264,"1.211043132E12":239,"1.211018504E12":26,"1.211061301E12":310,"1.21103594E12":164,"1.211078709E12":340,"1.211018495E12":23,"1.211061535E12":313,"1.211030226E12":94,"1.211036384E12":170,"1.211045109E12":252,"1.211064468E12":318,"1.211048354E12":271,"1.211018892E12":36,"1.211018724E12":29,"1.211034617E12":144,"1.211174089E12":352,"1.211057659E12":297,"1.21102986E12":84,"1.211038476E12":193,"1.211038927E12":202,"1.211038479E12":194,"1.211045219E12":254,"1.211043093E12":238,"1.211060355E12":305,"1.211032754E12":124,"1.211038803E12":198,"1.211176507E12":353,"1.211068761E12":331,"1.211044131E12":248,"1.211047062E12":262,"1.211018407E12":10,"1.211041065E12":222,"1.211060632E12":309,"1.211043594E12":244,"1.21104037E12":216,"1.211078168E12":338,"1.211035695E12":156,"1.211064483E12":319},"NUMBER_OF_PEOPLE":400,"minTimeSeen":1.211018404E12,"maxTimeSeen":1.211558405E12,"NEIGHBORHOOD_RADIUS":20.0,"ENCOUNTER_CHANCE":0.05,"priority":1.0,"duration":540001.0,"minutesDuration":9000.016666666666,"hoursDuration":150.00027777777777,"daysDuration":6.250011574074073}
