{"propagationData":{"1.211062491E12":196,"1.211131401E12":369,"1.211054561E12":79,"1.21112487E12":365,"1.211054657E12":86,"1.211087205E12":337,"1.211077003E12":287,"1.211125975E12":367,"1.211059302E12":160,"1.211058543E12":153,"1.21107752E12":288,"1.211104987E12":360,"1.211050046E12":27,"1.21105338E12":59,"1.211054612E12":83,"1.2110823E12":313,"1.211086284E12":334,"1.211064223E12":211,"1.21105495E12":94,"1.211053521E12":60,"1.21106759E12":241,"1.211057451E12":137,"1.211056816E12":125,"1.211078808E12":293,"1.211074995E12":277,"1.211059744E12":167,"1.211054084E12":69,"1.21105636E12":115,"1.211073269E12":269,"1.21105528E12":99,"1.21106573E12":229,"1.211054339E12":73,"1.211048835E12":20,"1.211053305E12":58,"1.211065707E12":228,"1.211061017E12":183,"1.211051592E12":39,"1.211060153E12":170,"1.21106882E12":246,"1.21110058E12":354,"1.211057442E12":136,"1.211064404E12":214,"1.211087255E12":338,"1.211083945E12":323,"1.211064073E12":209,"1.211048542E12":17,"1.211064306E12":213,"1.211056267E12":113,"1.211049885E12":24,"1.211055304E12":100,"1.211053692E12":64,"1.211060061E12":168,"1.21105668E12":121,"1.211074992E12":276,"1.2110511E12":32,"1.211085894E12":332,"1.211057534E12":140,"1.211104305E12":357,"1.2110862E12":333,"1.211084624E12":325,"1.211058169E12":147,"1.211078235E12":292,"1.211056843E12":127,"1.211065654E12":227,"1.211082032E12":312,"1.211061009E12":182,"1.211062272E12":192,"1.211064758E12":217,"1.211053574E12":61,"1.21105691E12":130,"1.21106498E12":219,"1.211061035E12":184,"1.211059459E12":164,"1.211069849E12":255,"1.21114583E12":375,"1.211053747E12":65,"1.211062978E12":200,"1.211059272E12":158,"1.211225174E12":384,"1.211075771E12":280,"1.211054548E12":78,"1.211055223E12":97,"1.211172177E12":381,"1.211104253E12":356,"1.211018404E12":1,"1.211059334E12":161,"1.211054935E12":93,"1.211054814E12":91,"1.211072382E12":263,"1.211079371E12":296,"1.211225531E12":385,"1.211064117E12":210,"1.211026374E12":7,"1.211055961E12":110,"1.211060967E12":181,"1.211056393E12":118,"1.211077611E12":289,"1.211082376E12":314,"1.211055558E12":104,"1.211078114E12":291,"1.211052538E12":45,"1.211067552E12":239,"1.211072306E12":262,"1.211063866E12":207,"1.21107645E12":284,"1.211067096E12":234,"1.211066187E12":230,"1.21108299E12":318,"1.211080382E12":301,"1.211125614E12":366,"1.211053603E12":63,"1.211060875E12":178,"1.211067349E12":236,"1.211065333E12":223,"1.211054515E12":76,"1.211060322E12":171,"1.211083478E12":322,"1.211104885E12":359,"1.211022962E12":4,"1.211074046E12":271,"1.211076877E12":285,"1.211061049E12":186,"1.211084241E12":324,"1.211055347E12":101,"1.211088508E12":340,"1.211093926E12":348,"1.211095564E12":350,"1.211056942E12":132,"1.211069212E12":251,"1.211065194E12":222,"1.21105734E12":135,"1.211052442E12":44,"1.211053112E12":56,"1.211053035E12":53,"1.211054655E12":85,"1.21105165E12":40,"1.211048088E12":13,"1.211059286E12":159,"1.211053575E12":62,"1.211067154E12":235,"1.211069319E12":252,"1.211104542E12":358,"1.211051503E12":37,"1.211063237E12":202,"1.211065448E12":226,"1.211058938E12":157,"1.21106517E12":221,"1.211136508E12":372,"1.211051329E12":34,"1.211088604E12":341,"1.211059388E12":162,"1.211055536E12":103,"1.211062251E12":191,"1.211048961E12":22,"1.211061831E12":189,"1.21112241E12":364,"1.211079151E12":294,"1.211055004E12":95,"1.21104816E12":14,"1.211050422E12":30,"1.21105419E12":71,"1.211054158E12":70,"1.211083043E12":319,"1.21105677E12":122,"1.211165056E12":379,"1.211086585E12":335,"1.211082606E12":316,"1.211267929E12":387,"1.211288755E12":388,"1.211080262E12":300,"1.211048841E12":21,"1.211065421E12":225,"1.211062964E12":199,"1.211069092E12":250,"1.211060425E12":172,"1.211055374E12":102,"1.211052169E12":42,"1.211060802E12":175,"1.211060083E12":169,"1.211116369E12":363,"1.211061045E12":185,"1.211048781E12":19,"1.211054454E12":75,"1.211056819E12":126,"1.211063751E12":205,"1.21113492E12":370,"1.211069684E12":254,"1.21107929E12":295,"1.211050203E12":29,"1.21108336E12":321,"1.211064437E12":215,"1.211058193E12":148,"1.211062168E12":190,"1.211073142E12":268,"1.211057706E12":143,"1.211056873E12":129,"1.211071397E12":258,"1.211057923E12":144,"1.211052849E12":49,"1.211058542E12":152,"1.211060567E12":173,"1.211052725E12":48,"1.211055619E12":105,"1.211082595E12":315,"1.211081097E12":305,"1.211129211E12":368,"1.211050124E12":28,"1.211055803E12":107,"1.211025111E12":6,"1.211081798E12":311,"1.211049981E12":25,"1.211066811E12":233,"1.211021554E12":3,"1.211100274E12":353,"1.211057173E12":134,"1.211073041E12":267,"1.211068885E12":248,"1.21105594E12":109,"1.211055844E12":108,"1.211054614E12":84,"1.211068836E12":247,"1.211065394E12":224,"1.211056476E12":119,"1.211067596E12":242,"1.211060773E12":174,"1.211055659E12":106,"1.21106736E12":237,"1.211069613E12":253,"1.211074503E12":272,"1.211085143E12":328,"1.211027573E12":10,"1.211249619E12":386,"1.211164205E12":378,"1.21108086E12":304,"1.211102271E12":355,"1.211047926E12":12,"1.211065032E12":220,"1.211058768E12":156,"1.211080616E12":303,"1.211058372E12":149,"1.211092076E12":346,"1.211071658E12":260,"1.211074858E12":274,"1.211055095E12":96,"1.211057459E12":138,"1.211054516E12":77,"1.21106392E12":208,"1.211063759E12":206,"1.211081175E12":307,"1.21106642E12":231,"1.211080054E12":298,"1.211072948E12":266,"1.211053273E12":57,"1.211068925E12":249,"1.211175491E12":383,"1.211071916E12":261,"1.211054894E12":92,"1.211056388E12":117,"1.211082612E12":317,"1.211175142E12":382,"1.211052585E12":46,"1.211020827E12":2,"1.211080241E12":299,"1.211146336E12":376,"1.211056848E12":128,"1.211085482E12":330,"1.211063492E12":203,"1.211054784E12":89,"1.211058392E12":150,"1.211074895E12":275,"1.211054665E12":87,"1.211055269E12":98,"1.21109339E12":347,"1.211064603E12":216,"1.211074757E12":273,"1.21104869E12":18,"1.211077673E12":290,"1.211089917E12":343,"1.211088612E12":342,"1.21107578E12":281,"1.211062357E12":194,"1.211054576E12":81,"1.211084769E12":326,"1.211067648E12":243,"1.21106093E12":180,"1.211088391E12":339,"1.211052862E12":50,"1.211081143E12":306,"1.211053884E12":66,"1.211060896E12":179,"1.211076407E12":283,"1.211058639E12":155,"1.211057512E12":139,"1.21107258E12":265,"1.211026787E12":8,"1.211067675E12":244,"1.211050446E12":31,"1.211026896E12":9,"1.211052926E12":51,"1.211063664E12":204,"1.211371278E12":389,"1.211049989E12":26,"1.211055972E12":111,"1.211051121E12":33,"1.211059389E12":163,"1.211085673E12":331,"1.211098671E12":352,"1.211081433E12":309,"1.211057942E12":145,"1.211027779E12":11,"1.211049006E12":23,"1.211095304E12":349,"1.211061686E12":188,"1.211053047E12":54,"1.211053962E12":68,"1.211054736E12":88,"1.211091327E12":344,"1.211051845E12":41,"1.211056309E12":114,"1.211062703E12":197,"1.21108327E12":320,"1.211048316E12":15,"1.211067421E12":238,"1.211072431E12":264,"1.211076203E12":282,"1.211070909E12":256,"1.211081226E12":308,"1.211105343E12":361,"1.211056634E12":120,"1.211056792E12":124,"1.211052218E12":43,"1.211067572E12":240,"1.211059534E12":165,"1.211145739E12":374,"1.211165157E12":380,"1.211057595E12":141,"1.211057601E12":142,"1.211064225E12":212,"1.211056926E12":131,"1.211087079E12":336,"1.211053945E12":67,"1.211060843E12":177,"1.211054417E12":74,"1.211057157E12":133,"1.211067829E12":245,"1.211059707E12":166,"1.211064943E12":218,"1.211054572E12":80,"1.211056779E12":123,"1.211048518E12":16,"1.211051538E12":38,"1.211079818E12":297,"1.211051331E12":35,"1.211051408E12":36,"1.211052981E12":52,"1.211076999E12":286,"1.211062944E12":198,"1.211075206E12":278,"1.21115709E12":377,"1.211024103E12":5,"1.211060811E12":176,"1.211085207E12":329,"1.211142886E12":373,"1.211135224E12":371,"1.21107569E12":279,"1.211091495E12":345,"1.21107149E12":259,"1.211054337E12":72,"1.211095647E12":351,"1.211080395E12":302,"1.21105638E12":116,"1.211056219E12":112,"1.211071332E12":257,"1.211054597E12":82,"1.211081781E12":310,"1.211053065E12":55,"1.211073936E12":270,"1.211062425E12":195,"1.211062276E12":193,"1.211052678E12":47,"1.211061677E12":187,"1.211084917E12":327,"1.211058454E12":151,"1.21106662E12":232,"1.211063114E12":201,"1.211111868E12":362},"NUMBER_OF_PEOPLE":400,