{"propagationData":{"1.211076384E12":56,"1.211047444E12":4,"1.211093387E12":72,"1.211057922E12":27,"1.211078832E12":58,"1.211078221E12":57,"1.21107007E12":42,"1.211072292E12":49,"1.211047853E12":9,"1.21104743E12":2,"1.211058747E12":36,"1.211071888E12":46,"1.211047801E12":8,"1.211047977E12":12,"1.211080052E12":62,"1.21105307E12":17,"1.211058738E12":35,"1.211072186E12":48,"1.21108009E12":64,"1.211092047E12":67,"1.211080083E12":63,"1.211057937E12":28,"1.211050349E12":15,"1.211092618E12":69,"1.21107327E12":51,"1.211092565E12":68,"1.211073352E12":55,"1.211073286E12":52,"1.211058098E12":32,"1.211096395E12":78,"1.211058091E12":31,"1.211053585E12":21,"1.211053358E12":19,"1.211060802E12":38,"1.211091816E12":65,"1.211057502E12":23,"1.211053511E12":20,"1.211058696E12":33,"1.211093429E12":73,"1.211050311E12":14,"1.211047878E12":10,"1.21107214E12":47,"1.21107051E12":44,"1.21107922E12":61,"1.2110536E12":22,"1.21105312E12":18,"1.211047439E12":3,"1.211018404E12":1,"1.21106096E12":41,"1.211073211E12":50,"1.211047723E12":7,"1.211057938E12":29,"1.211070483E12":43,"1.211060804E12":39,"1.211070608E12":45,"1.211047936E12":11,"1.211091971E12":66,"1.21105759E12":24,"1.211058718E12":34,"1.21104752E12":6,"1.21105788E12":25,"1.211073323E12":53,"1.211052236E12":16,"1.211079211E12":60,"1.211047456E12":5,"1.211057966E12":30,"1.211092836E12":71,"1.211096132E12":74,"1.211096338E12":75,"1.211092685E12":70,"1.211050286E12":13,"1.211096378E12":76,"1.211078923E12":59,"1.211073337E12":54,"1.2110608E12":37,"1.211057898E12":26,"1.211060958E12":40},"NUMBER_OF_PEOPLE":400,"minTimeSeen":1.211018404E12,"maxTimeSeen":1.211558405E12,"NEIGHBORHOOD_RADIUS":20.0,"ENCOUNTER_CHANCE":0.05,"priority":1.0,"duration":540001.0,"minutesDuration":9000.016666666666,"hoursDuration":150.00027777777777,"daysDuration":6.250011574074073}
