{"propagationData":{"1.211073956E12":340,"1.211173123E12":384,"1.211038167E12":197,"1.21103586E12":173,"1.211033326E12":143,"1.211047402E12":263,"1.211035703E12":170,"1.211061023E12":305,"1.21103028E12":88,"1.211034825E12":159,"1.211026369E12":66,"1.211067729E12":326,"1.211065804E12":321,"1.211034424E12":154,"1.211082843E12":357,"1.211019485E12":18,"1.21107031E12":333,"1.211036176E12":175,"1.211025214E12":56,"1.211033004E12":136,"1.211032518E12":117,"1.211073274E12":335,"1.211027383E12":77,"1.211033019E12":138,"1.21103447E12":155,"1.211073584E12":338,"1.21104521E12":247,"1.211022244E12":36,"1.211032611E12":119,"1.211062789E12":310,"1.211047164E12":261,"1.211039361E12":211,"1.211020475E12":29,"1.211032897E12":133,"1.211037772E12":192,"1.211141659E12":376,"1.211060043E12":300,"1.211045362E12":251,"1.211018409E12":2,"1.211032472E12":116,"1.211037146E12":185,"1.211065154E12":319,"1.211035524E12":165,"1.211063716E12":316,"1.211030378E12":90,"1.211048091E12":268,"1.211037559E12":186,"1.211052179E12":281,"1.211034253E12":153,"1.211175479E12":386,"1.211018423E12":8,"1.211085935E12":362,"1.211041873E12":233,"1.211023387E12":43,"1.21103075E12":102,"1.211032945E12":134,"1.211033619E12":147,"1.211080359E12":352,"1.21107922E12":349,"1.211065009E12":317,"1.211054415E12":289,"1.21103894E12":207,"1.211035826E12":172,"1.211024064E12":48,"1.211132788E12":373,"1.211031919E12":107,"1.21112419E12":371,"1.211026895E12":74,"1.211040229E12":223,"1.211022667E12":39,"1.211044203E12":244,"1.211025593E12":58,"1.21101955E12":20,"1.21105094E12":277,"1.211038406E12":199,"1.211062031E12":306,"1.211019638E12":24,"1.211021322E12":34,"1.211034509E12":157,"1.211036457E12":179,"1.211046526E12":256,"1.21104116E12":229,"1.211032331E12":114,"1.211029176E12":85,"1.211032329E12":113,"1.211038873E12":205,"1.211038861E12":204,"1.211066264E12":322,"1.211141779E12":377,"1.211032583E12":118,"1.211036212E12":177,"1.211041595E12":230,"1.211057586E12":295,"1.211040771E12":227,"1.211023507E12":45,"1.211048918E12":270,"1.21107615E12":346,"1.211034486E12":156,"1.211025391E12":57,"1.211059709E12":298,"1.211066482E12":324,"1.211060139E12":302,"1.211085415E12":360,"1.211032403E12":115,"1.211043958E12":238,"1.211031698E12":106,"1.211032697E12":122,"1.211146638E12":379,"1.211032274E12":112,"1.211023042E12":40,"1.21103531E12":163,"1.211058945E12":297,"1.21106296E12":311,"1.211018428E12":9,"1.211026307E12":63,"1.211032779E12":125,"1.211120134E12":370,"1.211024901E12":52,"1.211027467E12":80,"1.211019433E12":17,"1.211019628E12":22,"1.211058027E12":296,"1.211027436E12":79,"1.211037659E12":189,"1.211046306E12":255,"1.211040099E12":221,"1.211098945E12":366,"1.211077104E12":347,"1.211049023E12":272,"1.211096309E12":365,"1.211039213E12":210,"1.211033161E12":141,"1.211040739E12":226,"1.211044169E12":243,"1.211025768E12":60,"1.21103334E12":144,"1.211151828E12":382,"1.211028869E12":84,"1.211024196E12":51,"1.211035406E12":164,"1.211031984E12":108,"1.211032886E12":132,"1.211035578E12":168,"1.211101635E12":367,"1.211039915E12":220,"1.211034615E12":158,"1.211049016E12":271,"1.211044005E12":239,"1.211044132E12":242,"1.211032026E12":110,"1.211026342E12":64,"1.211062618E12":307,"1.211067773E12":327,"1.211020596E12":31,"1.211039847E12":217,"1.211023847E12":46,"1.211032014E12":109,"1.21103664E12":184,"1.211094861E12":363,"1.211044067E12":241,"1.211026629E12":69,"1.211031662E12":105,"1.211046248E12":254,"1.211030068E12":86,"1.211036161E12":174,"1.211054221E12":288,"1.21112585E12":372,"1.211026755E12":72,"1.211038433E12":200,"1.211033272E12":142,"1.211032868E12":127,"1.211020558E12":30,"1.211073649E12":339,"1.211023942E12":47,"1.211038482E12":201,"1.211018404E12":1,"1.211044035E12":240,"1.21102322E12":41,"1.211045395E12":252,"1.211030676E12":99,"1.21103347E12":145,"1.21106262E12":308,"1.211075121E12":343,"1.211048346E12":269,"1.211020281E12":27,"1.211019507E12":19,"1.211019702E12":25,"1.211062676E12":309,"1.211039398E12":213,"1.211021356E12":35,"1.211038575E12":203,"1.211038924E12":206,"1.211054823E12":290,"1.211046589E12":258,"1.211023359E12":42,"1.211082783E12":356,"1.211033053E12":139,"1.211083924E12":358,"1.211047963E12":267,"1.211045311E12":250,"1.211157413E12":383,"1.211051406E12":279,"1.211018582E12":11,"1.211036509E12":180,"1.211065344E12":320,"1.21104658E12":257,"1.211080441E12":353,"1.211030721E12":101,"1.211030408E12":92,"1.211102051E12":368,"1.211036594E12":182,"1.21102614E12":61,"1.21103623E12":178,"1.211018421E12":5,"1.211047584E12":264,"1.211026759E12":73,"1.211025035E12":54,"1.21103656E12":181,"1.211178745E12":387,"1.211065022E12":318,"1.211040882E12":228,"1.211030669E12":97,"1.211074335E12":341,"1.211053029E12":283,"1.211018596E12":13,"1.211063507E12":314,"1.211067786E12":328,"1.211030393E12":91,"1.211026633E12":70,"1.211137727E12":375,"1.211066363E12":323,"1.211033137E12":140,"1.211068509E12":329,"1.211067609E12":325,"1.211044488E12":246,"1.211063307E12":313,"1.211032622E12":120,"1.211024097E12":49,"1.211050582E12":274,"1.211025168E12":55,"1.211053619E12":287,"1.211083929E12":359,"1.211033642E12":148,"1.211038088E12":195,"1.211035655E12":169,"1.211037791E12":193,"1.211053458E12":285,"1.211039684E12":214,"1.211026484E12":67,"1.211060999E12":304,"1.211038236E12":198,"1.211119065E12":369,"1.211055378E12":292,"1.211043872E12":237,"1.211027607E12":83,"1.211074907E12":342,"1.211060136E12":301,"1.211035525E12":166,"1.211022648E12":38,"1.211019735E12":26,"1.211173963E12":385,"1.211045271E12":249,"1.211043821E12":236,"1.211032878E12":131,"1.211070202E12":332,"1.211095272E12":364,"1.211063186E12":312,"1.211018602E12":15,"1.211034832E12":160,"1.21107523E12":345,"1.211050742E12":276,"1.211147754E12":381,"1.211039133E12":209,"1.211025697E12":59,"1.211032763E12":124,"1.211050585E12":275,"1.211060644E12":303,"1.211030566E12":93,"1.211032872E12":129,"1.211035276E12":162,"1.211020923E12":33,"1.211055353E12":291,"1.21108111E12":355,"1.211038023E12":194,"1.211046137E12":253,"1.211039713E12":215,"1.21126076E12":388,"1.211135799E12":374,"1.211075163E12":344,"1.21104433E12":245,"1.211026209E12":62,"1.21101851E12":10,"1.211038995E12":208,"1.211032624E12":121,"1.211034199E12":151,"1.211073464E12":337,"1.211068583E12":330,"1.211039913E12":219,"1.211034186E12":150,"1.211045243E12":248,"1.211030278E12":87,"1.211030577E12":94,"1.211047935E12":265,"1.211036611E12":183,"1.211031604E12":104,"1.211037746E12":191,"1.211051818E12":280,"1.211147108E12":380,"1.211079857E12":350,"1.211036211E12":176,"1.21101859E12":12,"1.211080488E12":354,"1.211030678E12":100,"1.211022517E12":37,"1.211034239E12":152,"1.21104796E12":266,"1.211018599E12":14,"1.211043282E12":235,"1.211025025E12":53,"1.211073171E12":334,"1.211051066E12":278,"1.211032963E12":135,"1.211027541E12":82,"1.211032742E12":123,"1.211035547E12":167,"1.21101842E12":4,"1.211032874E12":130,"1.211034853E12":161,"1.2110381E12":196,"1.211027425E12":78,"1.211030658E12":96,"1.211018422E12":7,"1.211080216E12":351,"1.211059741E12":299,"1.211053511E12":286,"1.211047378E12":262,"1.211037744E12":190,"1.211033825E12":149,"1.211033604E12":146,"1.211039362E12":212,"1.211085911E12":361,"1.211040616E12":225,"1.211020297E12":28,"1.211069333E12":331,"1.211042142E12":234,"1.211023415E12":44,"1.211055678E12":293,"1.211035755E12":171,"1.211030781E12":103,"1.211038523E12":202,"1.211040599E12":224,"1.211046938E12":260,"1.211030291E12":89,"1.211020804E12":32,"1.211052947E12":282,"1.211018673E12":16,"1.211041827E12":232,"1.211026346E12":65,"1.211073396E12":336,"1.211046638E12":259,"1.211019579E12":21,"1.211041619E12":231,"1.211040173E12":222,"1.21102738E12":76,"1.211033005E12":137,"1.211077151E12":348,"1.211026623E12":68,"1.211024149E12":50,"1.211032042E12":111,"1.211027536E12":81,"1.211049155E12":273,"1.211142685E12":378,"1.211039718E12":216,"1.211063667E12":315,"1.211057446E12":294,"1.211039873E12":218,"1.211030587E12":95,"1.211027034E12":75,"1.211026678E12":71,"1.211053117E12":284,"1.211037656E12":188},"NUMBER_OF_PEOPLE":400,"minTimeSeen":1.211018404E12,"maxTimeSeen":1.211558405E12,"NEIGHBORHOOD_RADIUS":20.0,