{"propagationData":{"1.211044388E12":28,"1.2110633E12":269,"1.211060181E12":235,"1.211173951E12":383,"1.211049329E12":84,"1.211050405E12":103,"1.211092705E12":373,"1.211044636E12":30,"1.211053485E12":157,"1.21106865E12":293,"1.211060484E12":241,"1.211048875E12":78,"1.211043216E12":16,"1.211051008E12":119,"1.21109342E12":374,"1.211073815E12":323,"1.21104009E12":3,"1.211076191E12":331,"1.211048658E12":69,"1.211077531E12":336,"1.211057339E12":207,"1.211048648E12":65,"1.211075968E12":328,"1.211076334E12":332,"1.211052157E12":135,"1.211088255E12":363,"1.211062559E12":259,"1.21106426E12":276,"1.21105106E12":121,"1.211087397E12":362,"1.211063026E12":264,"1.211062967E12":263,"1.211058712E12":222,"1.211053296E12":153,"1.211077071E12":335,"1.211063143E12":268,"1.211069828E12":300,"1.211062615E12":260,"1.211064195E12":275,"1.211047291E12":50,"1.211057519E12":209,"1.211048674E12":72,"1.211048631E12":64,"1.211042442E12":12,"1.211042761E12":14,"1.21105208E12":133,"1.211045714E12":40,"1.211060441E12":239,"1.211048653E12":67,"1.211060093E12":233,"1.211048903E12":80,"1.21107085E12":303,"1.211052963E12":146,"1.211066769E12":289,"1.211084529E12":357,"1.211071211E12":307,"1.211043605E12":19,"1.211051102E12":125,"1.211068786E12":294,"1.211066007E12":283,"1.211067254E12":290,"1.211049007E12":81,"1.211209829E12":385,"1.211063436E12":270,"1.211055364E12":181,"1.211055429E12":183,"1.211056202E12":193,"1.211052428E12":140,"1.211045452E12":35,"1.211065435E12":281,"1.211059799E12":231,"1.211043732E12":20,"1.211088675E12":364,"1.211048207E12":61,"1.211061326E12":249,"1.211078051E12":337,"1.211051991E12":132,"1.211056908E12":201,"1.211070277E12":301,"1.21105001E12":94,"1.211042344E12":8,"1.211049923E12":93,"1.211079126E12":338,"1.211051444E12":130,"1.21106076E12":244,"1.21104535E12":32,"1.211069512E12":297,"1.211085421E12":359,"1.211069711E12":299,"1.211053706E12":163,"1.211047702E12":54,"1.211042382E12":10,"1.211043958E12":22,"1.211240047E12":386,"1.211102872E12":379,"1.211050103E12":98,"1.211059736E12":229,"1.211047668E12":53,"1.211065725E12":282,"1.211043223E12":17,"1.211052878E12":144,"1.211088917E12":366,"1.211060286E12":236,"1.211060419E12":238,"1.211043535E12":18,"1.211079997E12":342,"1.211050443E12":105,"1.211050465E12":106,"1.211055648E12":185,"1.211050086E12":96,"1.211049629E12":88,"1.211047191E12":49,"1.211053488E12":158,"1.211084237E12":354,"1.211049707E12":90,"1.211052749E12":142,"1.211063728E12":272,"1.211083306E12":349,"1.211067961E12":292,"1.21105578E12":187,"1.211080922E12":345,"1.211079843E12":341,"1.21106303E12":265,"1.211076063E12":329,"1.211072317E12":315,"1.211045381E12":33,"1.211050577E12":113,"1.211042381E12":9,"1.211063848E12":273,"1.211050544E12":110,"1.211051E12":118,"1.211053571E12":162,"1.211064996E12":279,"1.21104869E12":74,"1.211053981E12":166,"1.211053556E12":161,"1.211047335E12":51,"1.211044181E12":26,"1.211046704E12":46,"1.21105821E12":217,"1.211045621E12":39,"1.211051109E12":126,"1.211048578E12":63,"1.211042972E12":15,"1.211098193E12":377,"1.211018404E12":1,"1.211072619E12":318,"1.211055254E12":179,"1.211059776E12":230,"1.211084933E12":358,"1.211051086E12":123,"1.211054658E12":171,"1.211075733E12":327,"1.211076404E12":333,"1.211055243E12":178,"1.211055842E12":189,"1.211084129E12":353,"1.211060831E12":245,"1.211066356E12":285,"1.211045585E12":38,"1.21105618E12":192,"1.211061069E12":248,"1.211060463E12":240,"1.21107329E12":321,"1.211053322E12":154,"1.211063097E12":266,"1.211044137E12":24,"1.211073359E12":322,"1.211053236E12":150,"1.211054027E12":167,"1.2110546E12":170,"1.211055831E12":188,"1.211061806E12":254,"1.211044586E12":29,"1.21104866E12":71,"1.211047712E12":55,"1.211060852E12":246,"1.211091848E12":371,"1.211069692E12":298,"1.211064699E12":277,"1.211066702E12":287,"1.211057152E12":203,"1.211059072E12":225,"1.211047914E12":58,"1.211060594E12":243,"1.211043843E12":21,"1.211042438E12":11,"1.211071218E12":308,"1.211057594E12":211,"1.211057588E12":210,"1.211092621E12":372,"1.211060508E12":242,"1.211058618E12":219,"1.211056871E12":198,"1.21108244E12":348,"1.211054707E12":172,"1.21105869E12":221,"1.211050545E12":111,"1.211284708E12":387,"1.211057741E12":214,"1.211042057E12":5,"1.211050268E12":101,"1.211128968E12":381,"1.211085844E12":360,"1.21104946E12":86,"1.211051297E12":128,"1.211071951E12":314,"1.211175478E12":384,"1.211061673E12":252,"1.211071224E12":309,"1.211053149E12":149,"1.211050442E12":104,"1.211063878E12":274,"1.211053353E12":155,"1.211080742E12":344,"1.211049288E12":83,"1.211048689E12":73,"1.211127627E12":380,"1.211072608E12":317,"1.211049914E12":91,"1.211066097E12":284,"1.211050497E12":108,"1.21114256E12":382,"1.211052892E12":145,"1.211089723E12":368,"1.211048752E12":76,"1.211062368E12":257,"1.211064753E12":278,"1.211046498E12":45,"1.211059339E12":226,"1.211053724E12":164,"1.211048004E12":59,"1.211050672E12":115,"1.211050818E12":116,"1.211053523E12":160,"1.211057284E12":206,"1.211047715E12":56,"1.2110548E12":173,"1.21105539E12":182,"1.2110691E12":295,"1.211051048E12":120,"1.21105675E12":195,"1.211044708E12":31,"1.211058152E12":216,"1.211056022E12":190,"1.211046436E12":44,"1.2110569E12":200,"1.211054853E12":175,"1.211055706E12":186,"1.211061757E12":253,"1.211093604E12":375,"1.211071193E12":306,"1.211079149E12":339,"1.211075129E12":324,"1.211056897E12":199,"1.211066438E12":286,"1.211048657E12":68,"1.211051131E12":127,"1.211055014E12":177,"1.211060416E12":237,"1.211089624E12":367,"1.21107571E12":326,"1.211058633E12":220,"1.211052314E12":138,"1.211057727E12":213,"1.211051977E12":131,"1.211066729E12":288,"1.21106517E12":280,"1.211050585E12":114,"1.211052209E12":137,"1.211069189E12":296,"1.211073234E12":319,"1.211052819E12":143,"1.211084265E12":356,"1.21106008E12":232,"1.211056914E12":202,"1.211055353E12":180,"1.211050171E12":100,"1.211052978E12":147,"1.211054958E12":176,"1.211045542E12":37,"1.211081823E12":346,"1.211062252E12":256,"1.211044228E12":27,"1.211062058E12":255,"1.211056779E12":197,"1.211042098E12":6,"1.211046283E12":43,"1.211056151E12":191,"1.211048892E12":79,"1.211051436E12":129,"1.211088792E12":365,"1.211053952E12":165,"1.21108241E12":347,"1.211047048E12":47,"1.21104543E12":34,"1.211052187E12":136,"1.211049917E12":92,"1.211057348E12":208,"1.211054836E12":174,"1.211086604E12":361,"1.211056759E12":196,"1.211048242E12":62,"1.211050076E12":95,"1.21104418E12":25,"1.211048651E12":66,"1.211079824E12":340,"1.211045881E12":42,"1.211053249E12":151,"1.211071129E12":305,"1.211058012E12":215,"1.211083656E12":352,"1.211058968E12":223,"1.211053263E12":152,"1.211054252E12":169,"1.21104879E12":77,"1.211048659E12":70,"1.211049678E12":89,"1.211053036E12":148,"1.211047135E12":48,"1.21107069E12":302,"1.211040417E12":4,"1.211071872E12":312,"1.211061547E12":250,"1.211043963E12":23,"1.211057236E12":204,"1.211050484E12":107,"1.21105903E12":224,"1.211060107E12":234,"1.21108344E12":350,"1.211073252E12":320,"1.211062471E12":258,"1.211052549E12":141,"1.211050164E12":99,"1.211054232E12":168,"1.211048728E12":75,"1.211070987E12":304,"1.211047847E12":57,"1.211095551E12":376,"1.211286089E12":388,"1.211062895E12":262,"1.211061671E12":251,"1.211050095E12":97,"1.211039584E12":2,"1.211045454E12":36,"1.211051065E12":122,"1.211090477E12":369,"1.211090817E12":370,"1.211084259E12":355,"1.211050558E12":112,"1.211058445E12":218,"1.211049412E12":85,"1.211077069E12":334,"1.211059376E12":227,"1.211067482E12":291,"1.211051099E12":124,"1.211071915E12":313,"1.211047342E12":52,"1.211083642E12":351,"1.211071592E12":310,"1.211042574E12":13,"1.21105033E12":102,"1.21105946E12":228,"1.211049256E12":82,"1.211053374E12":156,"1.211042105E12":7,"1.211075608E12":325,"1.211050521E12":109,"1.211076075E12":330,"1.211063674E12":271,"1.211052091E12":134,"1.211102217E12":378,"1.211062806E12":261,"1.211049551E12":87,"1.211072375E12":316,"1.2110524E12":139,"1.211057641E12":212,"1.211055629E12":184,"1.211071772E12":311,"1.211080081E12":343,"1.211056427E12":194,"1.211050985E12":117,"1.211048127E12":60,"1.211060871E12":247,"1.211045863E12":41,"1.211053499E12":159},"NUMBER_OF_PEOPLE":400,