{"propagationData":{"1.211050501E12":188,"1.211058522E12":260,"1.211125312E12":377,"1.211044051E12":92,"1.211048729E12":163,"1.211055825E12":237,"1.211045915E12":126,"1.211056317E12":242,"1.211042916E12":68,"1.211084784E12":350,"1.211056964E12":251,"1.211056178E12":241,"1.211044276E12":97,"1.211056601E12":245,"1.211067667E12":308,"1.211042227E12":54,"1.211046713E12":140,"1.211042876E12":67,"1.21104518E12":110,"1.211083467E12":347,"1.211053465E12":223,"1.211075613E12":328,"1.211075517E12":326,"1.211077848E12":335,"1.211075622E12":329,"1.211087434E12":358,"1.211037863E12":15,"1.211034689E12":6,"1.211086676E12":357,"1.211075273E12":325,"1.21114198E12":379,"1.21105098E12":190,"1.211079925E12":340,"1.211051546E12":201,"1.211065025E12":300,"1.211059588E12":268,"1.211062961E12":284,"1.211044687E12":103,"1.211055851E12":239,"1.211044971E12":108,"1.211048938E12":167,"1.211053367E12":218,"1.211048692E12":161,"1.211051033E12":192,"1.211056335E12":243,"1.211056148E12":240,"1.21103787E12":16,"1.211062627E12":283,"1.211060512E12":276,"1.21104927E12":171,"1.211044695E12":104,"1.211073482E12":319,"1.211041728E12":39,"1.211058008E12":258,"1.211044814E12":106,"1.211043213E12":76,"1.211043517E12":82,"1.211046327E12":132,"1.211094835E12":368,"1.211142719E12":380,"1.211085866E12":353,"1.211057949E12":257,"1.211041646E12":32,"1.211053406E12":220,"1.211043813E12":88,"1.211054096E12":229,"1.211043468E12":80,"1.211064847E12":298,"1.211053995E12":228,"1.211059455E12":267,"1.21104172E12":38,"1.211049631E12":174,"1.211056712E12":247,"1.211045307E12":113,"1.211094116E12":366,"1.211081216E12":343,"1.211085914E12":354,"1.211060102E12":273,"1.211086377E12":355,"1.211046358E12":134,"1.211042153E12":47,"1.211059015E12":263,"1.211102793E12":373,"1.211045517E12":121,"1.21104582E12":125,"1.211054909E12":234,"1.21108013E12":341,"1.211049566E12":173,"1.211055838E12":238,"1.211073861E12":322,"1.21105104E12":193,"1.211051088E12":195,"1.211039454E12":26,"1.211044017E12":91,"1.211048918E12":166,"1.211042684E12":63,"1.211051629E12":202,"1.211042003E12":45,"1.211045387E12":116,"1.211042523E12":60,"1.211045599E12":122,"1.211071133E12":314,"1.211070895E12":313,"1.211045076E12":109,"1.211049012E12":168,"1.211041108E12":27,"1.211051865E12":206,"1.211171037E12":383,"1.211043031E12":73,"1.211056814E12":249,"1.211018406E12":2,"1.211091788E12":363,"1.211042945E12":70,"1.211051361E12":198,"1.211044564E12":101,"1.2111227E12":376,"1.211048602E12":158,"1.211049763E12":177,"1.211020231E12":4,"1.211044703E12":105,"1.211052295E12":208,"1.211143112E12":381,"1.211053555E12":225,"1.211049694E12":175,"1.211211443E12":386,"1.21105304E12":212,"1.211043532E12":83,"1.211093938E12":365,"1.211065654E12":302,"1.211048639E12":160,"1.211087677E12":360,"1.211050134E12":184,"1.211050453E12":186,"1.211059875E12":271,"1.211070888E12":312,"1.211078034E12":336,"1.211064809E12":297,"1.211095277E12":370,"1.211085259E12":351,"1.211063728E12":289,"1.211057174E12":252,"1.211175481E12":384,"1.211045918E12":127,"1.211499917E12":388,"1.211042254E12":56,"1.211044308E12":98,"1.211049948E12":179,"1.211054457E12":232,"1.211060382E12":275,"1.211043573E12":85,"1.211051398E12":199,"1.211080738E12":342,"1.211047049E12":141,"1.21103664E12":8,"1.211066624E12":305,"1.211042849E12":66,"1.211044146E12":95,"1.21104534E12":114,"1.211062455E12":281,"1.211064803E12":296,"1.211057357E12":253,"1.211054772E12":233,"1.211057491E12":254,"1.21107555E12":327,"1.211063778E12":292,"1.211063772E12":291,"1.211053332E12":217,"1.211046531E12":137,"1.211100524E12":371,"1.211047381E12":144,"1.211082043E12":344,"1.21105345E12":222,"1.211018404E12":1,"1.211043263E12":77,"1.211053255E12":216,"1.211037283E12":11,"1.211044474E12":100,"1.211048163E12":155,"1.211041642E12":30,"1.211047869E12":149,"1.211047665E12":147,"1.211068458E12":309,"1.211065786E12":303,"1.211052323E12":209,"1.211043538E12":84,"1.211035735E12":7,"1.211048528E12":157,"1.211048065E12":154,"1.211046505E12":136,"1.211057649E12":255,"1.211043947E12":89,"1.211055782E12":236,"1.21104378E12":87,"1.211101223E12":372,"1.211070811E12":311,"1.211051093E12":196,"1.211049075E12":169,"1.21104176E12":40,"1.211051518E12":200,"1.211043612E12":86,"1.211043417E12":79,"1.211019728E12":3,"1.211053199E12":213,"1.211042638E12":61,"1.211049779E12":178,"1.211045758E12":124,"1.211042771E12":65,"1.211095072E12":369,"1.211049998E12":181,"1.211042665E12":62,"1.211042713E12":64,"1.211050136E12":185,"1.21136769E12":387,"1.211037265E12":10,"1.211041592E12":29,"1.21108474E12":349,"1.211053664E12":226,"1.211059254E12":265,"1.211079443E12":338,"1.211060155E12":274,"1.211076385E12":331,"1.21104596E12":128,"1.211117402E12":374,"1.211051667E12":203,"1.211052877E12":211,"1.211042211E12":52,"1.21106159E12":279,"1.211053473E12":224,"1.211149923E12":382,"1.211094147E12":367,"1.211045385E12":115,"1.211048695E12":162,"1.211047373E12":142,"1.211037929E12":17,"1.211042261E12":57,"1.211064863E12":299,"1.211058674E12":261,"1.211038969E12":24,"1.211077603E12":334,"1.211046498E12":135,"1.211045444E12":117,"1.211066766E12":306,"1.211063708E12":288,"1.211044461E12":99,"1.211044112E12":93,"1.21104187E12":42,"1.211063526E12":287,"1.21105185E12":205,"1.211042198E12":51,"1.211053412E12":221,"1.211048453E12":156,"1.211041657E12":34,"1.211022431E12":5,"1.21104464E12":102,"1.211048881E12":164,"1.211072684E12":318,"1.211061329E12":277,"1.211046138E12":131,"1.211060054E12":272,"1.211045258E12":112,"1.211062325E12":280,"1.211048632E12":159,"1.211041682E12":35,"1.211077548E12":333,"1.21104413E12":94,"1.211042308E12":59,"1.211056829E12":250,"1.21105111E12":197,"1.211082355E12":345,"1.211079745E12":339,"1.211036666E12":9,"1.211085459E12":352,"1.21104605E12":129,"1.211121115E12":375,"1.211078159E12":337,"1.211076275E12":330,"1.211067637E12":307,"1.211055022E12":235,"1.211053393E12":219,"1.211043987E12":90,"1.211037834E12":14,"1.211041897E12":43,"1.211045654E12":123,"1.211056748E12":248,"1.211073753E12":321,"1.211046108E12":130,"1.211064141E12":294,"1.211049994E12":180,"1.211088239E12":362,"1.211063757E12":290,"1.211051736E12":204,"1.211043268E12":78,"1.211059326E12":266,"1.211041978E12":44,"1.211038086E12":18,"1.211047588E12":146,"1.211073546E12":320,"1.211049713E12":176,"1.211042179E12":49,"1.211042253E12":55,"1.211045461E12":118,"1.211042281E12":58,"1.211052007E12":207,"1.211057715E12":256,"1.211087537E12":359,"1.211043515E12":81,"1.211051027E12":191,"1.211072555E12":317,"1.211043044E12":74,"1.211056612E12":246,"1.211053212E12":214,"1.211047918E12":151,"1.211063012E12":285,"1.211054366E12":230,"1.211083452E12":346,"1.211038444E12":20,"1.211059767E12":270,"1.211041783E12":41,"1.211049516E12":172,"1.211041647E12":33,"1.211047565E12":145,"1.211054376E12":231,"1.211053989E12":227,"1.211042949E12":71,"1.211065151E12":301,"1.211038576E12":21,"1.21104769E12":148,"1.211045225E12":111,"1.211064088E12":293,"1.211062605E12":282,"1.211043143E12":75,"1.21106428E12":295,"1.211049084E12":170,"1.211047378E12":143,"1.21107704E12":332,"1.211075065E12":324,"1.21105007E12":183,"1.21107145E12":316,"1.211037744E12":13,"1.211046341E12":133,"1.211050456E12":187,"1.211059652E12":269,"1.211087966E12":361,"1.211048055E12":153,"1.211038884E12":23,"1.211046711E12":139,"1.211066E12":304,"1.211058028E12":259,"1.211068738E12":310,"1.211046542E12":138,"1.211052357E12":210,"1.211037306E12":12,"1.211135239E12":378,"1.211041709E12":37,"1.211042067E12":46,"1.211047898E12":150,"1.211050053E12":182,"1.21104416E12":96,"1.211086517E12":356,"1.21105638E12":244,"1.211073917E12":323,"1.211045479E12":120,"1.211092577E12":364,"1.211059076E12":264,"1.211050673E12":189,"1.211038405E12":19,"1.211042194E12":50,"1.21104217E12":48,"1.21104222E12":53,"1.211061589E12":278,"1.211051059E12":194,"1.211071206E12":315,"1.211048895E12":165,"1.211058677E12":262,"1.211042979E12":72,"1.211044896E12":107,"1.211041693E12":36,"1.211063024E12":286,"1.211038843E12":22,"1.211042917E12":69,"1.211210188E12":385,"1.21103899E12":25,"1.21104798E12":152,"1.211083567E12":348},"NUMBER_OF_PEOPLE":400,"minTimeSeen":1.211018404E12,