{"propagationData":{"1.211060918E12":224,"1.211068233E12":278,"1.211071499E12":293,"1.211053946E12":159,"1.211063582E12":242,"1.211049365E12":65,"1.211065804E12":263,"1.211057117E12":197,"1.211052485E12":132,"1.211045557E12":24,"1.211079961E12":324,"1.211058172E12":209,"1.211067794E12":274,"1.211056397E12":182,"1.211103956E12":367,"1.211059588E12":216,"1.21108786E12":346,"1.211045606E12":25,"1.211122688E12":374,"1.211054926E12":173,"1.211045769E12":26,"1.211088021E12":347,"1.211086203E12":340,"1.211047629E12":47,"1.211086841E12":343,"1.211047344E12":39,"1.211080424E12":325,"1.211051194E12":110,"1.211045834E12":27,"1.211065753E12":262,"1.211068585E12":280,"1.211049478E12":67,"1.211065202E12":257,"1.211049688E12":72,"1.211056756E12":190,"1.211056851E12":192,"1.211047388E12":43,"1.211052266E12":128,"1.211053449E12":149,"1.21107615E12":306,"1.211069512E12":286,"1.211077292E12":313,"1.21107279E12":295,"1.211067954E12":275,"1.211050922E12":99,"1.211040718E12":12,"1.211037685E12":7,"1.211049656E12":71,"1.211053444E12":148,"1.211140377E12":378,"1.211063318E12":240,"1.211052163E12":125,"1.211079156E12":320,"1.211052168E12":126,"1.211056961E12":196,"1.211091292E12":353,"1.211051442E12":113,"1.211050055E12":77,"1.211164045E12":380,"1.211056453E12":185,"1.21110311E12":366,"1.211042987E12":15,"1.211066376E12":267,"1.211047356E12":42,"1.211038964E12":10,"1.21105227E12":129,"1.2110981E12":364,"1.211054513E12":165,"1.211076911E12":310,"1.211080656E12":327,"1.211056872E12":194,"1.211046745E12":33,"1.211087847E12":345,"1.211060089E12":221,"1.211047199E12":37,"1.211048271E12":57,"1.211063807E12":244,"1.211094571E12":357,"1.211079143E12":319,"1.211018404E12":1,"1.211050426E12":86,"1.211057748E12":206,"1.211064156E12":247,"1.211077508E12":314,"1.211058289E12":211,"1.21105087E12":98,"1.211051932E12":124,"1.211048383E12":59,"1.211045179E12":19,"1.211065027E12":255,"1.211050017E12":76,"1.211050293E12":83,"1.211053559E12":153,"1.211049996E12":75,"1.211068362E12":279,"1.211065828E12":265,"1.211049704E12":73,"1.211059694E12":217,"1.21104673E12":32,"1.211037383E12":6,"1.211049274E12":63,"1.211054602E12":167,"1.211140631E12":379,"1.211068158E12":277,"1.211071418E12":292,"1.211130425E12":375,"1.211057897E12":207,"1.211045533E12":23,"1.211073987E12":301,"1.211080669E12":328,"1.211116419E12":371,"1.211053977E12":161,"1.2110478E12":52,"1.211065061E12":256,"1.211046956E12":36,"1.21104976E12":74,"1.211065811E12":264,"1.211097003E12":363,"1.211118122E12":372,"1.211052231E12":127,"1.211051078E12":105,"1.211057159E12":198,"1.211085097E12":335,"1.211038003E12":8,"1.211042532E12":14,"1.211074566E12":302,"1.211095073E12":358,"1.21110704E12":368,"1.211065946E12":266,"1.211056435E12":184,"1.211055767E12":180,"1.211064901E12":253,"1.211171827E12":383,"1.211069069E12":285,"1.211051503E12":116,"1.211057555E12":205,"1.21108715E12":344,"1.211065403E12":259,"1.211049528E12":68,"1.211060097E12":222,"1.211063047E12":236,"1.211050557E12":92,"1.211063552E12":241,"1.211049313E12":64,"1.211078138E12":317,"1.211081014E12":330,"1.211032565E12":3,"1.211075584E12":305,"1.2111123E12":370,"1.211059412E12":213,"1.211058205E12":210,"1.21108495E12":334,"1.211169589E12":382,"1.211047817E12":53,"1.211049473E12":66,"1.211063195E12":238,"1.21106483E12":252,"1.211053133E12":140,"1.211043691E12":16,"1.211045284E12":21,"1.211051639E12":120,"1.211050953E12":101,"1.211420542E12":389,"1.211048443E12":60,"1.211050144E12":79,"1.21105258E12":133,"1.211068981E12":283,"1.211079284E12":321,"1.211064144E12":246,"1.21104769E12":49,"1.211070972E12":290,"1.211073852E12":300,"1.211067538E12":272,"1.211073157E12":297,"1.211050375E12":85,"1.211053913E12":158,"1.211285056E12":388,"1.211056729E12":188,"1.211086796E12":342,"1.211071007E12":291,"1.211061117E12":225,"1.211062959E12":235,"1.211069564E12":287,"1.211075117E12":304,"1.211034483E12":5,"1.211110962E12":369,"1.211050166E12":81,"1.211053168E12":142,"1.211054933E12":174,"1.211052388E12":131,"1.211098491E12":365,"1.211034013E12":4,"1.211073051E12":296,"1.21108172E12":333,"1.211054838E12":171,"1.211047346E12":41,"1.211048269E12":56,"1.21105146E12":115,"1.211078068E12":316,"1.211051409E12":112,"1.211052838E12":137,"1.211088401E12":349,"1.211047691E12":50,"1.211232791E12":386,"1.211048073E12":55,"1.211045392E12":22,"1.211059566E12":215,"1.211067638E12":273,"1.211053075E12":139,"1.211050688E12":95,"1.211055225E12":175,"1.211047793E12":51,"1.211056573E12":186,"1.2110528E12":136,"1.211064442E12":250,"1.21106645E12":268,"1.21108106E12":331,"1.211045165E12":18,"1.211050142E12":78,"1.211053476E12":150,"1.211060043E12":220,"1.211045982E12":28,"1.211065447E12":260,"1.211065289E12":258,"1.211061443E12":229,"1.211096877E12":362,"1.211057526E12":204,"1.21105324E12":143,"1.211060873E12":223,"1.211054813E12":170,"1.211095885E12":360,"1.211175479E12":384,"1.211053604E12":154,"1.211061173E12":226,"1.211054559E12":166,"1.21105162E12":119,"1.211048052E12":54,"1.211059966E12":218,"1.211067213E12":270,"1.211052871E12":138,"1.21106723E12":271,"1.211063178E12":237,"1.211053984E12":162,"1.211064343E12":249,"1.211064219E12":248,"1.211050958E12":102,"1.211068697E12":282,"1.211048493E12":61,"1.211057459E12":202,"1.211052674E12":134,"1.211053375E12":147,"1.211050729E12":96,"1.2110461E12":29,"1.211051652E12":122,"1.211050674E12":94,"1.211057177E12":200,"1.211058342E12":212,"1.211053974E12":160,"1.211069812E12":289,"1.211032425E12":2,"1.211047617E12":46,"1.211048516E12":62,"1.211048333E12":58,"1.211050459E12":89,"1.211085199E12":337,"1.21106805E12":276,"1.211080755E12":329,"1.211055422E12":178,"1.211040739E12":13,"1.211054867E12":172,"1.2110505E12":90,"1.211046803E12":35,"1.211066851E12":269,"1.21105164E12":121,"1.211086555E12":341,"1.211044758E12":17,"1.211076785E12":309,"1.211040361E12":11,"1.211056589E12":187,"1.211055386E12":177,"1.211064549E12":251,"1.211071741E12":294,"1.211053642E12":155,"1.211054777E12":169,"1.21105431E12":164,"1.211073844E12":299,"1.211050146E12":80,"1.211050446E12":88,"1.211052384E12":130,"1.211168039E12":381,"1.211038186E12":9,"1.211047461E12":44,"1.211049548E12":70,"1.211056871E12":193,"1.211047343E12":38,"1.211050282E12":82,"1.211088853E12":350,"1.211079621E12":323,"1.211046489E12":31,"1.211078675E12":318,"1.211051084E12":106,"1.211096708E12":361,"1.211063706E12":243,"1.211069575E12":288,"1.211057162E12":199,"1.211047506E12":45,"1.211053143E12":141,"1.211051108E12":108,"1.211059967E12":219,"1.211047639E12":48,"1.211051443E12":114,"1.211088036E12":348,"1.211053307E12":146,"1.211092261E12":355,"1.211057955E12":208,"1.211057493E12":203,"1.211046792E12":34,"1.21105083E12":97,"1.211045258E12":20,"1.211062628E12":232,"1.211073354E12":298,"1.211051157E12":109,"1.211085141E12":336,"1.211062226E12":230,"1.211063216E12":239,"1.211062649E12":233,"1.211085898E12":338,"1.211095097E12":359,"1.211077527E12":315,"1.211052758E12":135,"1.211080444E12":326,"1.21108596E12":339,"1.211092243E12":354,"1.211063889E12":245,"1.21105105E12":103,"1.211056433E12":183,"1.211065525E12":261,"1.211056909E12":195,"1.211051782E12":123,"1.211049538E12":69,"1.211053272E12":144,"1.211076462E12":308,"1.211051504E12":117,"1.211076443E12":307,"1.21105386E12":157,"1.211050567E12":93,"1.21113877E12":376,"1.211050298E12":84,"1.211054102E12":163,"1.211050932E12":100,"1.211065002E12":254,"1.211055469E12":179,"1.21106266E12":234,"1.21107494E12":303,"1.211053302E12":145,"1.211050502E12":91,"1.211081568E12":332,"1.211068997E12":284,"1.211079417E12":322,"1.211056841E12":191,"1.211119802E12":373,"1.211051532E12":118,"1.211089375E12":351,"1.211053691E12":156,"1.211046103E12":30,"1.211236424E12":387,"1.211062589E12":231,"1.211231071E12":385,"1.211051099E12":107,"1.211077123E12":312,"1.211061185E12":227,"1.211092577E12":356,"1.211056746E12":189,"1.211055893E12":181,"1.21105741E12":201,"1.211055339E12":176,"1.211051059E12":104,"1.211139783E12":377,"1.21109073E12":352,"1.211077117E12":311,"1.211053484E12":151,"1.211068686E12":281,"1.211054682E12":168,"1.211061222E12":228,"1.211059486E12":214,"1.211053542E12":152},"NUMBER_OF_PEOPLE":400,