{"propagationData":{"1.211059986E12":13,"1.211075529E12":123,"1.21106438E12":37,"1.211068459E12":58,"1.211066884E12":49,"1.211075313E12":120,"1.211081874E12":171,"1.211068346E12":57,"1.211080138E12":153,"1.211321754E12":287,"1.21108108E12":163,"1.211081837E12":168,"1.211075486E12":121,"1.211071646E12":85,"1.211089997E12":224,"1.211062012E12":23,"1.211081846E12":170,"1.211066635E12":47,"1.211064984E12":42,"1.211071777E12":87,"1.211077326E12":136,"1.211068904E12":60,"1.21107506E12":114,"1.211092301E12":238,"1.211074166E12":107,"1.211142975E12":275,"1.211130457E12":257,"1.211069083E12":61,"1.21107585E12":127,"1.211061839E12":22,"1.211075143E12":117,"1.211066798E12":48,"1.211070418E12":72,"1.211089492E12":220,"1.211059787E12":6,"1.211071329E12":76,"1.211076761E12":133,"1.211073496E12":102,"1.211089475E12":219,"1.211090199E12":225,"1.2110724E12":92,"1.211059859E12":8,"1.21108008E12":150,"1.211130612E12":258,"1.211080003E12":148,"1.211071505E12":82,"1.211071488E12":81,"1.211082094E12":175,"1.211069294E12":64,"1.21109466E12":250,"1.211179473E12":283,"1.211059975E12":12,"1.211171767E12":280,"1.211141875E12":271,"1.211072774E12":96,"1.211078244E12":140,"1.211179514E12":284,"1.211135405E12":268,"1.211064558E12":40,"1.211091443E12":233,"1.211075512E12":122,"1.211080074E12":149,"1.21114289E12":273,"1.211064071E12":35,"1.21108994E12":222,"1.211063291E12":30,"1.211090402E12":229,"1.211084842E12":197,"1.211083414E12":183,"1.211070243E12":70,"1.211073746E12":104,"1.211072822E12":98,"1.211172071E12":282,"1.211059922E12":10,"1.211091416E12":230,"1.211062294E12":25,"1.21107037E12":71,"1.211094659E12":249,"1.211093502E12":246,"1.211074185E12":108,"1.211096502E12":256,"1.211075831E12":126,"1.211068284E12":56,"1.211145082E12":279,"1.21108353E12":185,"1.211069618E12":67,"1.211134037E12":263,"1.211074937E12":113,"1.211095994E12":255,"1.21105986E12":9,"1.211314968E12":286,"1.211079781E12":147,"1.211092102E12":237,"1.211071355E12":77,"1.211092808E12":239,"1.211063332E12":32,"1.211087361E12":210,"1.211085616E12":201,"1.211060933E12":19,"1.211132576E12":260,"1.21107871E12":142,"1.211145048E12":278,"1.211081818E12":166,"1.21108209E12":174,"1.211072599E12":94,"1.21107148E12":80,"1.21109034E12":226,"1.21107578E12":125,"1.21108073E12":162,"1.211018404E12":1,"1.21107413E12":106,"1.2110709E12":75,"1.211059959E12":11,"1.211088315E12":214,"1.211072639E12":95,"1.211061458E12":21,"1.211171812E12":281,"1.211071517E12":83,"1.211082196E12":176,"1.21108692E12":206,"1.211084698E12":195,"1.211067475E12":53,"1.211090377E12":228,"1.211093509E12":247,"1.211072092E12":90,"1.211093317E12":243,"1.211077307E12":135,"1.211062072E12":24,"1.211066538E12":46,"1.211087172E12":208,"1.211064653E12":41,"1.211077611E12":137,"1.21114288E12":272,"1.211091541E12":234,"1.211087234E12":209,"1.211064416E12":38,"1.211084258E12":188,"1.211133967E12":262,"1.211078114E12":139,"1.211090349E12":227,"1.21107915E12":144,"1.211086915E12":205,"1.21105968E12":4,"1.211069454E12":65,"1.211143788E12":276,"1.211084552E12":192,"1.211091429E12":232,"1.211086911E12":204,"1.211076546E12":132,"1.211135325E12":267,"1.211069268E12":62,"1.211082036E12":173,"1.211091747E12":236,"1.211083485E12":184,"1.211060826E12":16,"1.211074202E12":109,"1.211063567E12":33,"1.211065143E12":43,"1.211072315E12":91,"1.211071639E12":84,"1.211074504E12":111,"1.211067249E12":51,"1.211080089E12":151,"1.21108669E12":203,"1.211062765E12":28,"1.211082915E12":178,"1.211089361E12":218,"1.211080358E12":156,"1.211080643E12":160,"1.211082877E12":177,"1.211075974E12":128,"1.211083146E12":180,"1.2110874E12":211,"1.211093482E12":245,"1.211093326E12":244,"1.211130613E12":259,"1.211081767E12":164,"1.211085097E12":198,"1.211063708E12":34,"1.211064499E12":39,"1.21107512E12":115,"1.211145027E12":277,"1.211074753E12":112,"1.211078339E12":141,"1.211083291E12":182,"1.211080099E12":152,"1.211081906E12":172,"1.211092895E12":241,"1.211070597E12":73,"1.211065721E12":45,"1.211094793E12":253,"1.211060733E12":14,"1.211134309E12":264,"1.211073004E12":99,"1.211084613E12":193,"1.211141773E12":270,"1.211079756E12":145,"1.211080407E12":157,"1.211075129E12":116,"1.211091557E12":235,"1.211086628E12":202,"1.211082987E12":179,"1.211071827E12":88,"1.211085591E12":200,"1.211080279E12":154,"1.211135159E12":266,"1.211089088E12":217,"1.211081827E12":167,"1.211093595E12":248,"1.211019012E12":3,"1.21107884E12":143,"1.211080351E12":155,"1.211067078E12":50,"1.211088323E12":215,"1.211083147E12":181,"1.211071841E12":89,"1.211067461E12":52,"1.211060762E12":15,"1.211072795E12":97,"1.211084428E12":191,"1.211080638E12":159,"1.211080698E12":161,"1.211069276E12":63,"1.211062462E12":26,"1.211084142E12":187,"1.211072424E12":93,"1.21107781E12":138,"1.211064353E12":36,"1.2110843E12":189,"1.211071456E12":79,"1.211075306E12":119,"1.211089567E12":221,"1.21108841E12":216,"1.211084313E12":190,"1.211071713E12":86,"1.21113515E12":265,"1.211068276E12":55,"1.211070019E12":69,"1.211070853E12":74,"1.211059779E12":5,"1.211092825E12":240,"1.211083545E12":186,"1.211095744E12":254,"1.211059832E12":7,"1.211314959E12":285,"1.211085133E12":199,"1.211080476E12":158,"1.21109468E12":251,"1.211087012E12":207,"1.211065417E12":44,"1.211084687E12":194,"1.211071439E12":78,"1.211068634E12":59,"1.211062971E12":29,"1.211074387E12":110,"1.211075201E12":118,"1.211060845E12":17,"1.211093303E12":242,"1.211084715E12":196,"1.211073933E12":105,"1.21107624E12":130,"1.211142921E12":274,"1.211069567E12":66,"1.211062696E12":27,"1.211060954E12":20,"1.211081802E12":165,"1.211075698E12":124,"1.211073588E12":103,"1.211060891E12":18,"1.211073389E12":100,"1.211073432E12":101,"1.211089951E12":223,"1.211063331E12":31,"1.211094726E12":252,"1.211133878E12":261,"1.211077058E12":134,"1.211088307E12":212,"1.211081839E12":169,"1.21108831E12":213,"1.211069935E12":68,"1.211067651E12":54,"1.211076376E12":131,"1.211091419E12":231,"1.211075983E12":129,"1.211018876E12":2,"1.211141761E12":269},"NUMBER_OF_PEOPLE":400,"minTimeSeen":1.211018404E12,"maxTimeSeen":1.211558405E12,"NEIGHBORHOOD_RADIUS":20.0,"ENCOUNTER_CHANCE":0.05,"priority":1.0,"duration":540001.0,"minutesDuration":9000.016666666666,"hoursDuration":150.00027777777777,"daysDuration":6.250011574074073}
