{"propagationData":{"1.211329424E12":222,"1.211308269E12":23,"1.211324357E12":178,"1.211320956E12":156,"1.21133354E12":250,"1.211341045E12":292,"1.211331491E12":230,"1.211317629E12":129,"1.211321536E12":162,"1.211409091E12":375,"1.211310905E12":48,"1.211330867E12":228,"1.211316473E12":116,"1.211328451E12":212,"1.211309957E12":36,"1.211323275E12":174,"1.211379748E12":354,"1.211314827E12":94,"1.211349971E12":323,"1.211352112E12":328,"1.211332931E12":244,"1.211340886E12":290,"1.211344659E12":305,"1.211335076E12":258,"1.211349497E12":317,"1.211314524E12":89,"1.211327319E12":204,"1.211349762E12":321,"1.211340554E12":287,"1.211316899E12":120,"1.211314124E12":85,"1.211311775E12":55,"1.21135514E12":334,"1.211311553E12":53,"1.211338378E12":278,"1.211327653E12":206,"1.21131883E12":139,"1.211331939E12":235,"1.211321562E12":164,"1.211313937E12":80,"1.211314194E12":86,"1.211314095E12":84,"1.211313016E12":70,"1.211318177E12":134,"1.211313692E12":74,"1.211316482E12":118,"1.21132697E12":200,"1.211316061E12":113,"1.211323784E12":177,"1.211340583E12":288,"1.211335592E12":261,"1.211314048E12":82,"1.211321291E12":161,"1.211321265E12":159,"1.211321584E12":165,"1.21132103E12":158,"1.211352298E12":329,"1.211305517E12":6,"1.211336438E12":267,"1.211314212E12":87,"1.211341243E12":293,"1.21131154E12":52,"1.211407491E12":373,"1.211348477E12":316,"1.211321274E12":160,"1.211309786E12":35,"1.211319231E12":144,"1.211380793E12":357,"1.211331426E12":229,"1.21131087E12":47,"1.211324834E12":182,"1.211328703E12":215,"1.211312305E12":60,"1.211320164E12":150,"1.211319383E12":146,"1.211351612E12":327,"1.211338073E12":276,"1.21130562E12":7,"1.211341019E12":291,"1.211312403E12":61,"1.211389976E12":365,"1.211332708E12":242,"1.211353069E12":330,"1.211320396E12":152,"1.211380599E12":355,"1.211322258E12":168,"1.211314548E12":90,"1.211338619E12":279,"1.211315066E12":98,"1.211320463E12":155,"1.21131509E12":99,"1.211327201E12":203,"1.211317944E12":131,"1.211359475E12":337,"1.211313468E12":71,"1.211350125E12":324,"1.211322836E12":173,"1.211320449E12":154,"1.211398556E12":370,"1.211329255E12":220,"1.211334547E12":255,"1.211305631E12":8,"1.211379542E12":351,"1.211472469E12":383,"1.211337457E12":274,"1.21132873E12":216,"1.211336549E12":268,"1.21132896E12":217,"1.211327697E12":207,"1.211325764E12":189,"1.211319131E12":142,"1.211319382E12":145,"1.211323539E12":176,"1.211378963E12":350,"1.211339777E12":285,"1.211379681E12":352,"1.211314046E12":81,"1.21131575E12":108,"1.211328535E12":213,"1.211331989E12":236,"1.211314058E12":83,"1.211306214E12":14,"1.211317543E12":127,"1.211327109E12":202,"1.211406932E12":372,"1.211407671E12":374,"1.211330407E12":226,"1.211316432E12":115,"1.211415964E12":376,"1.211324933E12":183,"1.211284712E12":3,"1.211305936E12":11,"1.211315455E12":102,"1.211333378E12":248,"1.211338828E12":281,"1.211344848E12":306,"1.211306896E12":16,"1.21138173E12":358,"1.211313722E12":76,"1.211306101E12":12,"1.211418536E12":377,"1.211334434E12":254,"1.211260616E12":2,"1.211326182E12":193,"1.211325052E12":184,"1.211311259E12":50,"1.211332652E12":241,"1.211341329E12":294,"1.211421903E12":378,"1.211330058E12":224,"1.21131175E12":54,"1.211391804E12":366,"1.21138266E12":359,"1.211341364E12":295,"1.211336551E12":269,"1.211326168E12":191,"1.211350789E12":326,"1.211341571E12":296,"1.211018404E12":1,"1.211306134E12":13,"1.211313489E12":72,"1.211322556E12":171,"1.211306964E12":17,"1.211328446E12":211,"1.211333587E12":251,"1.211310341E12":45,"1.211340842E12":289,"1.211376427E12":348,"1.211332183E12":239,"1.211318786E12":138,"1.211437085E12":380,"1.211339859E12":286,"1.211346194E12":310,"1.211309417E12":31,"1.211319052E12":141,"1.211337092E12":272,"1.211338922E12":283,"1.211308091E12":22,"1.211333468E12":249,"1.211314955E12":97,"1.211320179E12":151,"1.211309006E12":29,"1.211324799E12":181,"1.211316684E12":119,"1.211344062E12":303,"1.211312818E12":68,"1.211315402E12":101,"1.211349529E12":319,"1.211383754E12":361,"1.211347182E12":312,"1.211322051E12":167,"1.211338304E12":277,"1.211327357E12":205,"1.211312614E12":66,"1.211343085E12":301,"1.211314797E12":92,"1.211345471E12":308,"1.211311245E12":49,"1.211319673E12":148,"1.211312418E12":64,"1.211336998E12":271,"1.211307205E12":18,"1.211305321E12":5,"1.211331659E12":232,"1.211323361E12":175,"1.211315944E12":111,"1.211309527E12":33,"1.211335227E12":259,"1.211487811E12":385,"1.211326473E12":197,"1.211309589E12":34,"1.211353572E12":331,"1.211334852E12":257,"1.211345368E12":307,"1.211321544E12":163,"1.211315788E12":109,"1.211318901E12":140,"1.211309244E12":30,"1.211349774E12":322,"1.21132523E12":186,"1.21133045E12":227,"1.211326232E12":194,"1.211313788E12":78,"1.211383148E12":360,"1.211326621E12":198,"1.211311869E12":57,"1.211315613E12":104,"1.211326178E12":192,"1.211314768E12":91,"1.211311911E12":58,"1.211308462E12":24,"1.211315684E12":106,"1.211326875E12":199,"1.211328271E12":209,"1.211347374E12":313,"1.211326983E12":201,"1.211332984E12":245,"1.211309496E12":32,"1.211325156E12":185,"1.211328028E12":208,"1.211486922E12":384,"1.211314266E12":88,"1.211317179E12":123,"1.211312409E12":62,"1.211312428E12":65,"1.211305308E12":4,"1.211334707E12":256,"1.211311972E12":59,"1.211318092E12":133,"1.211326257E12":195,"1.211336996E12":270,"1.211312736E12":67,"1.211329301E12":221,"1.211329996E12":223,"1.211316289E12":114,"1.211325342E12":188,"1.211325855E12":190,"1.211308744E12":27,"1.211314831E12":95,"1.211380776E12":356,"1.211360228E12":338,"1.211440865E12":381,"1.211314861E12":96,"1.211322314E12":169,"1.211331777E12":234,"1.211317585E12":128,"1.211322603E12":172,"1.211337317E12":273,"1.211346466E12":311,"1.211393821E12":368,"1.211354933E12":332,"1.211317095E12":122,"1.211305858E12":9,"1.211338838E12":282,"1.211316475E12":117,"1.21131919E12":143,"1.211316006E12":112,"1.211310157E12":41,"1.21133031E12":225,"1.211318571E12":137,"1.211336334E12":265,"1.211307258E12":19,"1.211313828E12":79,"1.211374012E12":347,"1.211310352E12":46,"1.211316972E12":121,"1.211338807E12":280,"1.211337528E12":275,"1.211308622E12":25,"1.211310112E12":40,"1.21132844E12":210,"1.211326313E12":196,"1.2113137E12":75,"1.211311491E12":51,"1.211367963E12":341,"1.211310218E12":43,"1.211333084E12":246,"1.211331997E12":237,"1.211318283E12":136,"1.211306765E12":15,"1.211466185E12":382,"1.211319758E12":149,"1.211332813E12":243,"1.211377343E12":349,"1.211308701E12":26,"1.211393154E12":367,"1.211331664E12":233,"1.211314811E12":93,"1.211369945E12":344,"1.21132861E12":214,"1.211307591E12":20,"1.211368714E12":343,"1.21134749E12":314,"1.211342467E12":300,"1.21133321E12":247,"1.211315543E12":103,"1.211422295E12":379,"1.211346188E12":309,"1.211335332E12":260,"1.211310172E12":42,"1.211339348E12":284,"1.211320423E12":153,"1.211319482E12":147,"1.211350232E12":325,"1.211313543E12":73,"1.211311802E12":56,"1.211393957E12":369,"1.211335891E12":263,"1.21131571E12":107,"1.211317967E12":132,"1.211310056E12":38,"1.211332463E12":240,"1.211332E12":238,"1.211315191E12":100,"1.211344307E12":304,"1.211333752E12":252,"1.211315652E12":105,"1.211343503E12":302,"1.211335594E12":262,"1.211321007E12":157,"1.211355019E12":333,"1.211349498E12":318,"1.211310228E12":44,"1.211310028E12":37,"1.211336243E12":264,"1.211308756E12":28,"1.21132468E12":179,"1.211371461E12":345,"1.211310104E12":39,"1.211329089E12":219,"1.211322501E12":170,"1.211368167E12":342,"1.211317364E12":125,"1.211363079E12":340,"1.211328997E12":218,"1.21138902E12":362,"1.21138978E12":363,"1.211334135E12":253,"1.211358826E12":336,"1.211405978E12":371,"1.2113797E12":353,"1.211347752E12":315,"1.211305869E12":10,"1.211321997E12":166,"1.211317525E12":126,"1.211325313E12":187,"1.211362878E12":339,"1.21134969E12":320,"1.211342051E12":297,"1.211315803E12":110,"1.21131734E12":124,"1.211336429E12":266,"1.211307984E12":21,"1.211318276E12":135,"1.211342393E12":299,"1.21135551E12":335,"1.211331543E12":231,"1.211389865E12":364,"1.211313762E12":77,"1.211342341E12":298,"1.211312995E12":69,"1.211373892E12":346},"NUMBER_OF_PEOPLE":400,"minTimeSeen":1.211018404E12,"maxTimeSeen":1.211558405E12,