{"propagationData":{"1.211058434E12":63,"1.211092655E12":324,"1.211018496E12":2,"1.211056659E12":36,"1.211074114E12":243,"1.211055407E12":20,"1.211060796E12":96,"1.211071615E12":228,"1.211061672E12":107,"1.211062352E12":121,"1.211070492E12":220,"1.211060592E12":91,"1.21106874E12":208,"1.211064223E12":152,"1.211055399E12":19,"1.211262385E12":386,"1.21109274E12":325,"1.211087016E12":309,"1.211061697E12":108,"1.211058382E12":61,"1.211066355E12":183,"1.211093515E12":328,"1.211056898E12":41,"1.211069627E12":215,"1.211077023E12":258,"1.211064578E12":159,"1.211073785E12":241,"1.211077207E12":262,"1.211071006E12":223,"1.211046048E12":6,"1.211059842E12":82,"1.211059952E12":83,"1.211055371E12":17,"1.211076058E12":255,"1.211077855E12":265,"1.211171911E12":377,"1.211093665E12":330,"1.211084462E12":295,"1.211068845E12":209,"1.211067278E12":187,"1.211063746E12":145,"1.211148344E12":371,"1.211062532E12":125,"1.21109127E12":320,"1.211059445E12":74,"1.211093358E12":327,"1.211062518E12":124,"1.211063601E12":140,"1.211084043E12":293,"1.2110596E12":77,"1.211078364E12":274,"1.211057161E12":44,"1.211066007E12":178,"1.211062155E12":117,"1.211063064E12":131,"1.211065261E12":168,"1.2112086E12":381,"1.211060819E12":98,"1.211094644E12":333,"1.211067477E12":190,"1.211070471E12":219,"1.211055021E12":15,"1.211064451E12":157,"1.211057402E12":49,"1.211060321E12":88,"1.211058005E12":57,"1.211061085E12":102,"1.211083696E12":291,"1.211071593E12":227,"1.211092117E12":321,"1.211056258E12":31,"1.211070505E12":221,"1.211079259E12":280,"1.21106199E12":114,"1.21106417E12":150,"1.211090071E12":317,"1.211092823E12":326,"1.211063354E12":136,"1.211068656E12":206,"1.211059166E12":70,"1.211067371E12":189,"1.211057205E12":45,"1.211084092E12":294,"1.211206574E12":380,"1.211067692E12":197,"1.211064729E12":162,"1.211068021E12":202,"1.211137337E12":362,"1.211060315E12":87,"1.211068724E12":207,"1.211059001E12":68,"1.211064133E12":148,"1.211071686E12":230,"1.211057325E12":47,"1.211082329E12":289,"1.211074148E12":244,"1.211072108E12":234,"1.211067834E12":199,"1.211090887E12":319,"1.211056395E12":32,"1.211061777E12":112,"1.211184757E12":379,"1.211127567E12":352,"1.211060042E12":84,"1.211066105E12":179,"1.211145741E12":368,"1.211134449E12":360,"1.211057129E12":43,"1.211077277E12":263,"1.211078096E12":272,"1.21106857E12":205,"1.211069358E12":212,"1.211062259E12":119,"1.211075559E12":249,"1.211059804E12":81,"1.211057832E12":56,"1.211054616E12":9,"1.211146604E12":369,"1.211102884E12":342,"1.211079058E12":277,"1.211069599E12":213,"1.211085199E12":302,"1.211058095E12":58,"1.211089892E12":316,"1.211054634E12":10,"1.211072187E12":236,"1.211059205E12":71,"1.211103623E12":343,"1.21106929E12":210,"1.211078013E12":269,"1.211061561E12":104,"1.211131405E12":357,"1.211056765E12":37,"1.211072405E12":238,"1.21112159E12":349,"1.211060793E12":95,"1.211056189E12":29,"1.211070517E12":222,"1.21106239E12":122,"1.211116494E12":345,"1.211145569E12":367,"1.211045931E12":5,"1.211065792E12":175,"1.211095178E12":335,"1.211073368E12":240,"1.211069335E12":211,"1.211056771E12":38,"1.211084679E12":297,"1.211071641E12":229,"1.211069677E12":216,"1.21105821E12":59,"1.21108482E12":298,"1.21107555E12":248,"1.211056656E12":35,"1.211061665E12":106,"1.211071968E12":232,"1.211067549E12":195,"1.211018404E12":1,"1.211077942E12":267,"1.211055417E12":21,"1.211067992E12":201,"1.211097305E12":337,"1.21106624E12":181,"1.211059698E12":78,"1.211054637E12":12,"1.211054658E12":13,"1.21105554E12":23,"1.211055387E12":18,"1.21106444E12":156,"1.211083835E12":292,"1.211055479E12":22,"1.211092177E12":322,"1.211067531E12":193,"1.211057274E12":46,"1.211066808E12":185,"1.211055744E12":25,"1.211080885E12":284,"1.211065446E12":171,"1.211131839E12":358,"1.211088636E12":313,"1.211064016E12":146,"1.211066252E12":182,"1.211054884E12":14,"1.211018719E12":3,"1.21106192E12":113,"1.211064192E12":151,"1.211072085E12":233,"1.211058557E12":65,"1.211062143E12":116,"1.211124346E12":351,"1.211065591E12":174,"1.211067792E12":198,"1.21108583E12":305,"1.211075916E12":252,"1.211075693E12":251,"1.211099036E12":339,"1.211077028E12":260,"1.211072177E12":235,"1.211064245E12":153,"1.211166746E12":375,"1.211083688E12":290,"1.211075937E12":254,"1.211129505E12":355,"1.211338092E12":387,"1.21116565E12":374,"1.211152078E12":373,"1.211057381E12":48,"1.211060154E12":86,"1.211097977E12":338,"1.211089164E12":315,"1.211056204E12":30,"1.211062675E12":128,"1.211063706E12":144,"1.211061642E12":105,"1.211090604E12":318,"1.211081667E12":286,"1.211063307E12":134,"1.211056778E12":39,"1.211074734E12":245,"1.211066552E12":184,"1.211060371E12":90,"1.21105853E12":64,"1.211087429E12":311,"1.21106218E12":118,"1.211253354E12":384,"1.211072269E12":237,"1.211129222E12":354,"1.21108558E12":304,"1.21107787E12":266,"1.211057502E12":54,"1.211260637E12":385,"1.211057048E12":42,"1.21113577E12":361,"1.211086949E12":308,"1.21105586E12":27,"1.211063697E12":142,"1.21107807E12":271,"1.211057493E12":52,"1.211063576E12":139,"1.211063473E12":138,"1.211071233E12":225,"1.211065507E12":173,"1.211065814E12":176,"1.21111786E12":347,"1.211085197E12":301,"1.211076083E12":256,"1.211077179E12":261,"1.211058718E12":66,"1.211077503E12":264,"1.211092193E12":323,"1.21106755E12":196,"1.211045669E12":4,"1.211061729E12":110,"1.211102295E12":340,"1.211076143E12":257,"1.211069608E12":214,"1.21106091E12":100,"1.211071839E12":231,"1.211059717E12":79,"1.211063169E12":132,"1.211061738E12":111,"1.211094342E12":332,"1.211208847E12":382,"1.211080745E12":283,"1.211139392E12":363,"1.211102739E12":341,"1.211060818E12":97,"1.211087079E12":310,"1.211085152E12":300,"1.21105648E12":33,"1.211064978E12":163,"1.211143309E12":366,"1.211059388E12":72,"1.2110583E12":60,"1.211062616E12":126,"1.211073996E12":242,"1.211067488E12":192,"1.211150024E12":372,"1.211075618E12":250,"1.211064511E12":158,"1.211061039E12":101,"1.211109794E12":344,"1.211062443E12":123,"1.211071187E12":224,"1.211065235E12":167,"1.211079086E12":278,"1.211056896E12":40,"1.211063272E12":133,"1.211057494E12":53,"1.21112372E12":350,"1.211055719E12":24,"1.211147428E12":370,"1.211085982E12":306,"1.211059575E12":76,"1.211085042E12":299,"1.211061428E12":103,"1.211081885E12":287,"1.211059764E12":80,"1.211063705E12":143,"1.211075544E12":247,"1.211060718E12":94,"1.211056142E12":28,"1.211060889E12":99,"1.211067094E12":186,"1.211063345E12":135,"1.211059555E12":75,"1.21117549E12":378,"1.211079171E12":279,"1.211055858E12":26,"1.211067548E12":194,"1.211071546E12":226,"1.211062335E12":120,"1.21112845E12":353,"1.211060702E12":93,"1.211250478E12":383,"1.211058986E12":67,"1.211064582E12":160,"1.211167976E12":376,"1.211060323E12":89,"1.211139458E12":364,"1.211077968E12":268,"1.211067979E12":200,"1.211065161E12":166,"1.211055025E12":16,"1.211120735E12":348,"1.211073193E12":239,"1.211117718E12":346,"1.211086228E12":307,"1.211075528E12":246,"1.211060083E12":85,"1.211064144E12":149,"1.211050601E12":8,"1.211078975E12":276,"1.211065908E12":177,"1.211094824E12":334,"1.211085525E12":303,"1.211061711E12":109,"1.211058386E12":62,"1.211065315E12":170,"1.211065294E12":169,"1.211131254E12":356,"1.211087717E12":312,"1.211064601E12":161,"1.211078217E12":273,"1.211063361E12":137,"1.211070146E12":217,"1.211081935E12":288,"1.211064326E12":155,"1.211068566E12":204,"1.211093597E12":329,"1.211081549E12":285,"1.211065503E12":172,"1.211131987E12":359,"1.211062959E12":130,"1.211067482E12":191,"1.211142675E12":365,"1.211078569E12":275,"1.21107803E12":270,"1.211059391E12":73,"1.211093822E12":331,"1.211064063E12":147,"1.21106264E12":127,"1.211077026E12":259,"1.211070337E12":218,"1.211088672E12":314,"1.211066231E12":180,"1.21105749E12":51,"1.211062094E12":115,"1.211084616E12":296,"1.211065017E12":164,"1.211065108E12":165,"1.211057712E12":55,"1.211060626E12":92,"1.211075935E12":253,"1.211064295E12":154,"1.211079764E12":281,"1.211046633E12":7,"1.211059135E12":69,"1.211062932E12":129,"1.211095905E12":336,"1.211079795E12":282,"1.211056609E12":34},"NUMBER_OF_PEOPLE":400,"minTimeSeen":1.211018404E12,"maxTimeSeen":1.211558405E12,