{"propagationData":{"1.211042208E12":196,"1.211033379E12":114,"1.211030199E12":59,"1.211032142E12":92,"1.21103036E12":64,"1.211039923E12":179,"1.211044182E12":218,"1.211043244E12":213,"1.211048521E12":253,"1.211022589E12":17,"1.21102881E12":48,"1.211030366E12":65,"1.211032636E12":99,"1.21102751E12":44,"1.211071631E12":307,"1.211070231E12":302,"1.211046925E12":241,"1.211022443E12":14,"1.211032424E12":96,"1.211058136E12":289,"1.211038466E12":168,"1.211032389E12":94,"1.211027271E12":42,"1.211037228E12":156,"1.211022328E12":9,"1.211038214E12":161,"1.211045936E12":235,"1.211042718E12":203,"1.211035726E12":135,"1.211039225E12":172,"1.211050161E12":263,"1.211045143E12":224,"1.211056213E12":285,"1.211030264E12":62,"1.211043175E12":211,"1.211031309E12":76,"1.211040414E12":182,"1.21103651E12":152,"1.211045605E12":229,"1.21104316E12":210,"1.211033168E12":108,"1.211039382E12":173,"1.211028341E12":46,"1.211041262E12":191,"1.211054424E12":278,"1.211038434E12":166,"1.211042696E12":202,"1.211043933E12":217,"1.211030231E12":60,"1.211046715E12":240,"1.211030394E12":67,"1.211046216E12":238,"1.211053262E12":274,"1.211030243E12":61,"1.211049889E12":260,"1.211054598E12":279,"1.21105485E12":281,"1.211057785E12":287,"1.211040446E12":183,"1.211027031E12":39,"1.21104749E12":246,"1.21103327E12":110,"1.211033321E12":112,"1.211058402E12":290,"1.211100358E12":318,"1.211040177E12":181,"1.211042617E12":201,"1.211041735E12":194,"1.211053299E12":275,"1.211051726E12":270,"1.211031622E12":78,"1.211070157E12":300,"1.211028882E12":53,"1.211022397E12":11,"1.211043202E12":212,"1.211035812E12":138,"1.21105668E12":286,"1.211049809E12":254,"1.211042856E12":205,"1.211023688E12":22,"1.21104126E12":190,"1.211043787E12":216,"1.211037202E12":155,"1.211101056E12":320,"1.211064399E12":297,"1.211026425E12":35,"1.211036219E12":148,"1.211038782E12":171,"1.211038032E12":159,"1.211031758E12":86,"1.211033793E12":121,"1.211042434E12":198,"1.211033712E12":119,"1.211035694E12":134,"1.211038717E12":169,"1.21105781E12":288,"1.211098085E12":315,"1.211033878E12":122,"1.211035406E12":132,"1.211027089E12":40,"1.211035862E12":141,"1.211030368E12":66,"1.211033328E12":113,"1.211022507E12":16,"1.211045071E12":222,"1.211035035E12":129,"1.211038421E12":164,"1.211030803E12":70,"1.211028826E12":51,"1.211039391E12":174,"1.211033745E12":120,"1.211035227E12":130,"1.211030852E12":72,"1.211021636E12":6,"1.211055732E12":284,"1.211042411E12":197,"1.21103527E12":131,"1.211031619E12":77,"1.211034914E12":125,"1.211030195E12":58,"1.211030304E12":63,"1.211018404E12":1,"1.211032678E12":101,"1.211032743E12":103,"1.211040904E12":189,"1.21106391E12":292,"1.211024992E12":29,"1.211031624E12":80,"1.21102912E12":56,"1.211036559E12":153,"1.211035965E12":143,"1.211049849E12":258,"1.211050654E12":267,"1.211031193E12":74,"1.211044747E12":219,"1.211047564E12":247,"1.211032699E12":102,"1.211070233E12":303,"1.211070221E12":301,"1.211027145E12":41,"1.211035809E12":137,"1.211030786E12":69,"1.211071103E12":306,"1.211063946E12":293,"1.211020107E12":3,"1.211045473E12":227,"1.211051518E12":268,"1.211036064E12":144,"1.211077041E12":311,"1.211028557E12":47,"1.211045443E12":226,"1.211019075E12":2,"1.211026389E12":33,"1.211033222E12":109,"1.211045405E12":225,"1.211051536E12":269,"1.211069692E12":299,"1.211032645E12":100,"1.211036186E12":146,"1.211021971E12":7,"1.211022627E12":18,"1.211034974E12":127,"1.211040144E12":180,"1.211024203E12":24,"1.211055645E12":282,"1.211033704E12":118,"1.211033445E12":117,"1.211063951E12":294,"1.211047461E12":245,"1.211031038E12":73,"1.211100333E12":316,"1.21110034E12":317,"1.211061553E12":291,"1.211031726E12":85,"1.211026506E12":37,"1.211032544E12":97,"1.211045715E12":231,"1.211038092E12":160,"1.211043338E12":215,"1.211032866E12":104,"1.211020687E12":4,"1.211032958E12":107,"1.211050063E12":261,"1.211046096E12":236,"1.211045666E12":230,"1.211046291E12":239,"1.211045054E12":221,"1.211026438E12":36,"1.211028059E12":45,"1.211024979E12":28,"1.211039433E12":175,"1.211033385E12":116,"1.211023037E12":19,"1.211032332E12":93,"1.211022411E12":12,"1.21103798E12":157,"1.211035468E12":133,"1.211100392E12":319,"1.211026399E12":34,"1.21103397E12":124,"1.211045828E12":233,"1.211030189E12":57,"1.211022449E12":15,"1.211040679E12":185,"1.211076647E12":309,"1.211032028E12":90,"1.211024252E12":26,"1.211031626E12":82,"1.211032069E12":91,"1.211023216E12":21,"1.211041357E12":193,"1.211048007E12":249,"1.21103338E12":115,"1.211047227E12":242,"1.211022428E12":13,"1.211031629E12":83,"1.211040897E12":188,"1.211054775E12":280,"1.211046117E12":237,"1.211047445E12":244,"1.211036405E12":149,"1.211087323E12":314,"1.21104984E12":257,"1.21103841E12":163,"1.211042454E12":199,"1.211021623E12":5,"1.211051753E12":272,"1.211040682E12":186,"1.211069641E12":298,"1.211022217E12":8,"1.211026128E12":32,"1.211053082E12":273,"1.211031292E12":75,"1.211053684E12":277,"1.21103183E12":88,"1.21104583E12":234,"1.211026054E12":31,"1.211031784E12":87,"1.211036444E12":150,"1.211070884E12":304,"1.211031717E12":84,"1.21105568E12":283,"1.211035831E12":139,"1.211038018E12":158,"1.211045542E12":228,"1.211040571E12":184,"1.21103495E12":126,"1.211038231E12":162,"1.211028822E12":49,"1.211042985E12":208,"1.211048104E12":250,"1.211032633E12":98,"1.211077225E12":312,"1.211026519E12":38,"1.21105032E12":264,"1.211042615E12":200,"1.211048443E12":251,"1.211044801E12":220,"1.211027481E12":43,"1.211030811E12":71,"1.211047954E12":248,"1.211047268E12":243,"1.211024211E12":25,"1.211036182E12":145,"1.211080284E12":313,"1.211032893E12":105,"1.21103958E12":176,"1.211038431E12":165,"1.211064205E12":296,"1.211043109E12":209,"1.211032927E12":106,"1.211038444E12":167,"1.21104285E12":204,"1.211028887E12":55,"1.211036493E12":151,"1.211071693E12":308,"1.211037089E12":154,"1.211034992E12":128,"1.211035892E12":142,"1.211050095E12":262,"1.211023188E12":20,"1.21102505E12":30,"1.211045111E12":223,"1.211049852E12":259,"1.211050375E12":265,"1.211028825E12":50,"1.211033893E12":123,"1.211039633E12":177,"1.211050518E12":266,"1.211045719E12":232,"1.211049831E12":256,"1.211024146E12":23,"1.211071026E12":305,"1.211038754E12":170,"1.211035755E12":136,"1.211030418E12":68,"1.211040868E12":187,"1.211053681E12":276,"1.211033303E12":111,"1.211031867E12":89,"1.211028871E12":52,"1.211051739E12":271,"1.211024555E12":27,"1.211042868E12":207,"1.21107686E12":310,"1.211032406E12":95,"1.211022391E12":10,"1.211043318E12":214,"1.211064181E12":295,"1.211048488E12":252,"1.211036208E12":147,"1.211031625E12":81,"1.211041909E12":195,"1.211039802E12":178,"1.211041355E12":192},"NUMBER_OF_PEOPLE":400,"minTimeSeen":1.211018404E12,"maxTimeSeen":1.211558405E12,"NEIGHBORHOOD_RADIUS":20.0,"ENCOUNTER_CHANCE":0.05,"priority":1.0,"duration":540001.0,"minutesDuration":9000.016666666666,"hoursDuration":150.00027777777777,"daysDuration":6.250011574074073}
