{"propagationData":{"1.211073092E12":24,"1.211098414E12":110,"1.211128356E12":124,"1.211020798E12":2,"1.211083587E12":56,"1.211236823E12":133,"1.211079794E12":52,"1.211116851E12":120,"1.211092257E12":86,"1.211092559E12":90,"1.211082807E12":53,"1.211116365E12":118,"1.211128902E12":129,"1.211075783E12":31,"1.211117102E12":121,"1.211098133E12":105,"1.211090855E12":82,"1.211128633E12":127,"1.211095639E12":98,"1.211090274E12":75,"1.211077266E12":39,"1.211092256E12":85,"1.211098185E12":109,"1.211087207E12":67,"1.21108667E12":61,"1.211075151E12":28,"1.211076295E12":38,"1.211237456E12":134,"1.211071447E12":16,"1.211238325E12":145,"1.2110774E12":42,"1.211068475E12":7,"1.211089379E12":73,"1.21109078E12":81,"1.211079793E12":51,"1.211098581E12":113,"1.211092589E12":91,"1.211092099E12":83,"1.211076167E12":35,"1.211238169E12":143,"1.211074864E12":26,"1.21109032E12":76,"1.211129022E12":131,"1.211128378E12":125,"1.211128305E12":123,"1.211071214E12":12,"1.211078585E12":48,"1.211237739E12":142,"1.211075795E12":32,"1.211098129E12":103,"1.211072729E12":20,"1.211092307E12":87,"1.211128912E12":130,"1.211092508E12":89,"1.211077702E12":44,"1.211071222E12":13,"1.211078041E12":45,"1.211075052E12":27,"1.21106793E12":4,"1.21107262E12":19,"1.211086831E12":62,"1.211077345E12":41,"1.211092606E12":92,"1.211084731E12":59,"1.211092318E12":88,"1.211087163E12":66,"1.211090513E12":79,"1.211092203E12":84,"1.211079086E12":50,"1.211087095E12":64,"1.211090736E12":80,"1.211098154E12":106,"1.211087497E12":69,"1.211098592E12":114,"1.211083858E12":58,"1.211075738E12":30,"1.211097649E12":102,"1.211071476E12":17,"1.211068143E12":6,"1.211078767E12":49,"1.211073554E12":25,"1.211078062E12":46,"1.211237513E12":138,"1.211095102E12":97,"1.211094354E12":93,"1.211237516E12":139,"1.211090462E12":78,"1.21109692E12":101,"1.211071033E12":10,"1.211087934E12":70,"1.211237722E12":140,"1.211128629E12":126,"1.211087126E12":65,"1.211098435E12":111,"1.211022921E12":3,"1.211237507E12":137,"1.211072597E12":18,"1.21109874E12":116,"1.211086997E12":63,"1.211238422E12":146,"1.211076196E12":37,"1.21106848E12":8,"1.211087443E12":68,"1.211018404E12":1,"1.211083588E12":57,"1.211068104E12":5,"1.211072854E12":21,"1.211098685E12":115,"1.211089426E12":74,"1.211077327E12":40,"1.211071442E12":15,"1.211072976E12":22,"1.21107306E12":23,"1.211095054E12":96,"1.211237499E12":136,"1.211116475E12":119,"1.211078126E12":47,"1.211071143E12":11,"1.211236798E12":132,"1.211086654E12":60,"1.211098451E12":112,"1.211128665E12":128,"1.211098132E12":104,"1.211076181E12":36,"1.211096584E12":100,"1.211088029E12":71,"1.211089218E12":72,"1.211095003E12":95,"1.211082964E12":55,"1.211098163E12":107,"1.211096559E12":99,"1.211090411E12":77,"1.211077672E12":43,"1.211238178E12":144,"1.211237733E12":141,"1.211094896E12":94,"1.211098743E12":117,"1.211075935E12":33,"1.211128284E12":122,"1.211075595E12":29,"1.211076109E12":34,"1.211071309E12":14,"1.211237457E12":135,"1.211068806E12":9,"1.211082862E12":54},"NUMBER_OF_PEOPLE":400,"minTimeSeen":1.211018404E12,"maxTimeSeen":1.211558405E12,"NEIGHBORHOOD_RADIUS":20.0,"ENCOUNTER_CHANCE":0.05,"priority":1.0,"duration":540001.0,"minutesDuration":9000.016666666666,"hoursDuration":150.00027777777777,"daysDuration":6.250011574074073}
