{"propagationData":{"1.211094212E12":6,"1.21109427E12":7,"1.211155004E12":42,"1.211142533E12":29,"1.211120234E12":17,"1.21117548E12":48,"1.211094422E12":10,"1.211124375E12":24,"1.211093568E12":5,"1.211347005E12":62,"1.21112413E12":21,"1.211304001E12":52,"1.211147812E12":33,"1.211096176E12":12,"1.211123865E12":19,"1.211136981E12":27,"1.211319442E12":58,"1.211025823E12":2,"1.21109297E12":4,"1.211147984E12":35,"1.211096096E12":11,"1.211305327E12":55,"1.211192104E12":50,"1.211153919E12":39,"1.211153603E12":38,"1.211147691E12":31,"1.211346819E12":61,"1.211119434E12":15,"1.211155183E12":43,"1.211142573E12":30,"1.211147854E12":34,"1.211124239E12":22,"1.211175363E12":47,"1.211192017E12":49,"1.211124361E12":23,"1.211123842E12":18,"1.211154128E12":41,"1.211027422E12":3,"1.211137836E12":28,"1.211018404E12":1,"1.211094276E12":8,"1.211136608E12":26,"1.211173999E12":45,"1.21117533E12":46,"1.211094403E12":9,"1.211133247E12":25,"1.211346757E12":59,"1.211346798E12":60,"1.211155281E12":44,"1.211304896E12":53,"1.211100821E12":13,"1.211147746E12":32,"1.211192158E12":51,"1.211319271E12":57,"1.211119474E12":16,"1.211152421E12":36,"1.21112391E12":20,"1.211153922E12":40,"1.211153216E12":37,"1.211305239E12":54,"1.211305389E12":56,"1.211102628E12":14},"NUMBER_OF_PEOPLE":400,"minTimeSeen":1.211018404E12,"maxTimeSeen":1.211558405E12,"NEIGHBORHOOD_RADIUS":20.0,"ENCOUNTER_CHANCE":0.05,"priority":1.0,"duration":540001.0,"minutesDuration":9000.016666666666,"hoursDuration":150.00027777777777,"daysDuration":6.250011574074073}
