{"propagationData":{"1.211080581E12":305,"1.211091589E12":345,"1.211078197E12":288,"1.21105841E12":171,"1.211080727E12":307,"1.211095241E12":353,"1.211052838E12":88,"1.211060884E12":191,"1.211056178E12":142,"1.211049709E12":50,"1.211085813E12":331,"1.211060932E12":193,"1.211051055E12":71,"1.211085285E12":328,"1.211080112E12":301,"1.211080794E12":309,"1.211066422E12":231,"1.211066374E12":229,"1.211050946E12":68,"1.211078133E12":286,"1.211055974E12":140,"1.211056369E12":146,"1.211068735E12":241,"1.211054443E12":104,"1.21104924E12":47,"1.211069974E12":248,"1.211051114E12":77,"1.211060902E12":192,"1.211047793E12":38,"1.211087217E12":335,"1.211073198E12":266,"1.211054926E12":122,"1.2110547E12":113,"1.211083086E12":316,"1.211054614E12":109,"1.21106219E12":201,"1.211068122E12":236,"1.211124105E12":360,"1.211059175E12":178,"1.211063341E12":208,"1.211061947E12":199,"1.21104634E12":18,"1.211081367E12":311,"1.211060864E12":190,"1.211324136E12":368,"1.211050498E12":63,"1.211054813E12":115,"1.211055659E12":136,"1.211054663E12":110,"1.211084942E12":323,"1.211067553E12":232,"1.211054432E12":103,"1.211325019E12":370,"1.21106608E12":227,"1.211052788E12":87,"1.211051082E12":73,"1.211059455E12":179,"1.211085143E12":325,"1.211083092E12":317,"1.211054912E12":121,"1.211080294E12":302,"1.21107638E12":277,"1.211092248E12":352,"1.211049403E12":48,"1.211070681E12":254,"1.211055581E12":133,"1.211085256E12":327,"1.211075249E12":273,"1.211066377E12":230,"1.211046151E12":16,"1.21105517E12":128,"1.211065463E12":222,"1.21105485E12":116,"1.211324106E12":367,"1.211076596E12":279,"1.211083132E12":319,"1.211072196E12":263,"1.211030912E12":5,"1.211047075E12":29,"1.211091815E12":348,"1.211052397E12":84,"1.211080077E12":300,"1.211058549E12":174,"1.211054075E12":100,"1.211047157E12":31,"1.211068357E12":238,"1.211091683E12":346,"1.211051301E12":78,"1.211055886E12":139,"1.211056249E12":144,"1.21107615E12":276,"1.211051057E12":72,"1.211072437E12":264,"1.211060447E12":187,"1.211062659E12":204,"1.211087385E12":337,"1.211080644E12":306,"1.211071133E12":257,"1.211046905E12":27,"1.211050665E12":64,"1.211090603E12":342,"1.211048322E12":44,"1.2110585E12":173,"1.211053011E12":90,"1.211054587E12":108,"1.2110663E12":228,"1.211054866E12":117,"1.21105735E12":164,"1.211061873E12":197,"1.211090851E12":344,"1.211067585E12":233,"1.211060008E12":182,"1.211054551E12":106,"1.21107045E12":252,"1.211050074E12":58,"1.211019746E12":2,"1.211064189E12":214,"1.211063359E12":209,"1.211057288E12":161,"1.211050086E12":59,"1.211087071E12":334,"1.211045968E12":12,"1.211079199E12":293,"1.211088557E12":340,"1.211078189E12":287,"1.211054665E12":111,"1.211050956E12":69,"1.211070295E12":251,"1.211065197E12":221,"1.211084645E12":322,"1.211085604E12":330,"1.211057656E12":166,"1.211057211E12":157,"1.211047276E12":36,"1.211024322E12":3,"1.211047931E12":41,"1.21105637E12":147,"1.211049925E12":56,"1.21105501E12":125,"1.211058414E12":172,"1.211075801E12":274,"1.211081393E12":312,"1.211055132E12":127,"1.21108781E12":338,"1.211046419E12":23,"1.211056042E12":141,"1.211018404E12":1,"1.211197005E12":363,"1.211077827E12":282,"1.211048259E12":43,"1.211089979E12":341,"1.211046165E12":17,"1.211069801E12":247,"1.211047178E12":34,"1.211065085E12":218,"1.211047953E12":42,"1.211054965E12":123,"1.211081076E12":310,"1.211076104E12":275,"1.211073867E12":270,"1.211048491E12":46,"1.211053306E12":93,"1.211522089E12":371,"1.211061551E12":196,"1.211046361E12":19,"1.211060019E12":183,"1.211092165E12":350,"1.211062007E12":200,"1.211083156E12":320,"1.211077768E12":281,"1.21106151E12":195,"1.211062795E12":205,"1.211059556E12":181,"1.211095307E12":354,"1.21108038E12":303,"1.211053559E12":97,"1.211324001E12":366,"1.211083026E12":315,"1.21105883E12":176,"1.211068163E12":237,"1.211064198E12":215,"1.211079991E12":298,"1.211075226E12":272,"1.211065048E12":217,"1.211053281E12":92,"1.211056194E12":143,"1.211077346E12":280,"1.211090724E12":343,"1.211088359E12":339,"1.211079189E12":292,"1.211057633E12":165,"1.211060813E12":189,"1.211078085E12":285,"1.2110495E12":49,"1.211091699E12":347,"1.211060785E12":188,"1.211080739E12":308,"1.211054807E12":114,"1.21106316E12":207,"1.211046022E12":13,"1.211068633E12":240,"1.211065112E12":219,"1.211047896E12":39,"1.211060154E12":185,"1.211054692E12":112,"1.211054126E12":101,"1.2110764E12":278,"1.211055233E12":130,"1.211182501E12":362,"1.211064127E12":213,"1.211084983E12":324,"1.211067941E12":235,"1.211055182E12":129,"1.211050421E12":62,"1.211055751E12":138,"1.211056905E12":154,"1.211054549E12":105,"1.211324306E12":369,"1.211045951E12":11,"1.211055631E12":135,"1.211047921E12":40,"1.211072668E12":265,"1.211062454E12":203,"1.211050775E12":67,"1.211051443E12":80,"1.211057308E12":162,"1.211057314E12":163,"1.211047243E12":35,"1.211059156E12":177,"1.211051692E12":82,"1.211074716E12":271,"1.211069591E12":246,"1.211077857E12":283,"1.211054985E12":124,"1.211051048E12":70,"1.211053396E12":94,"1.211054553E12":107,"1.211060443E12":186,"1.211054898E12":119,"1.211056725E12":150,"1.211077908E12":284,"1.211067601E12":234,"1.211065935E12":226,"1.211050749E12":66,"1.211055492E12":131,"1.211057266E12":159,"1.211080069E12":299,"1.211070232E12":250,"1.211050378E12":61,"1.211124018E12":359,"1.211104396E12":357,"1.211087323E12":336,"1.211073354E12":268,"1.211058024E12":168,"1.211054889E12":118,"1.211046381E12":20,"1.211055055E12":126,"1.21102907E12":4,"1.211061878E12":198,"1.21104607E12":14,"1.211102817E12":356,"1.211056404E12":148,"1.211057145E12":156,"1.211050047E12":57,"1.211062212E12":202,"1.211046445E12":24,"1.211065149E12":220,"1.211051101E12":76,"1.211046408E12":21,"1.211049882E12":54,"1.211080503E12":304,"1.211078504E12":290,"1.211055604E12":134,"1.211071709E12":261,"1.211069261E12":245,"1.211064116E12":212,"1.211070172E12":249,"1.211069214E12":244,"1.211049785E12":51,"1.21105724E12":158,"1.211071648E12":260,"1.211046149E12":15,"1.211045937E12":9,"1.211056886E12":153,"1.211057662E12":167,"1.211121365E12":358,"1.211083112E12":318,"1.211071212E12":259,"1.211065782E12":225,"1.211053462E12":95,"1.211082721E12":314,"1.211069071E12":242,"1.211059509E12":180,"1.211141831E12":361,"1.211051432E12":79,"1.21105811E12":169,"1.211055734E12":137,"1.211095984E12":355,"1.211045943E12":10,"1.211054382E12":102,"1.211085381E12":329,"1.211065714E12":224,"1.211046413E12":22,"1.211063049E12":206,"1.211049903E12":55,"1.211078908E12":291,"1.211070644E12":253,"1.211056924E12":155,"1.211073229E12":267,"1.211221298E12":365,"1.211049881E12":53,"1.211053469E12":96,"1.211046878E12":26,"1.211081621E12":313,"1.211079871E12":295,"1.211079922E12":296,"1.211047177E12":33,"1.211056581E12":149,"1.21108657E12":333,"1.211056257E12":145,"1.211071811E12":262,"1.211073856E12":269,"1.211046959E12":28,"1.211047565E12":37,"1.211070769E12":255,"1.211092194E12":351,"1.211071039E12":256,"1.211049861E12":52,"1.2110325E12":6,"1.211048344E12":45,"1.211052542E12":85,"1.211056875E12":152,"1.211064233E12":216,"1.21108446E12":321,"1.21105219E12":83,"1.21105302E12":91,"1.211057275E12":160,"1.211063361E12":210,"1.211050186E12":60,"1.211046494E12":25,"1.21105491E12":120,"1.211058731E12":175,"1.211200506E12":364,"1.211053579E12":99,"1.21105685E12":151,"1.211091849E12":349,"1.211035117E12":7,"1.211052941E12":89,"1.211051099E12":74,"1.211085245E12":326,"1.211065675E12":223,"1.211055555E12":132,"1.211050673E12":65,"1.21107821E12":289,"1.211058405E12":170,"1.211079951E12":297,"1.211060145E12":184,"1.211052586E12":86,"1.211051526E12":81,"1.211047174E12":32,"1.211068618E12":239,"1.211035401E12":8,"1.211085902E12":332,"1.211053564E12":98,"1.211064079E12":211,"1.211061411E12":194,"1.211047154E12":30,"1.211071153E12":258,"1.211079699E12":294,"1.211069152E12":243},"NUMBER_OF_PEOPLE":400,"minTimeSeen":1.211018404E12,"maxTimeSeen":1.211558405E12,"NEIGHBORHOOD_RADIUS":20.0,"ENCOUNTER_CHANCE":0.05,"priority":1.0,"duration":540001.0,"minutesDuration":9000.016666666666,"hoursDuration":150.00027777777777,"daysDuration":6.250011574074073}
