{"propagationData":{"1.211051483E12":38,"1.211065255E12":183,"1.21106265E12":157,"1.211222443E12":383,"1.211084115E12":314,"1.211050321E12":13,"1.21108318E12":306,"1.21109983E12":351,"1.211063747E12":168,"1.211175484E12":378,"1.211062012E12":145,"1.211096131E12":348,"1.211062958E12":160,"1.211074998E12":262,"1.211069673E12":222,"1.211070262E12":226,"1.211082551E12":300,"1.211062098E12":147,"1.211060847E12":126,"1.211056786E12":79,"1.211064216E12":176,"1.211052813E12":42,"1.211050943E12":24,"1.211053609E12":53,"1.211059445E12":108,"1.211146625E12":375,"1.211082953E12":305,"1.211063694E12":167,"1.211051082E12":31,"1.211066464E12":192,"1.211060639E12":117,"1.2110935E12":340,"1.211055061E12":61,"1.211051107E12":34,"1.211061517E12":138,"1.211062385E12":151,"1.211058524E12":100,"1.211051472E12":37,"1.211056407E12":73,"1.211331928E12":387,"1.211075746E12":265,"1.211060794E12":121,"1.211070595E12":230,"1.211064073E12":172,"1.211066573E12":194,"1.21114177E12":372,"1.211071133E12":236,"1.21106259E12":155,"1.211070522E12":229,"1.211075205E12":263,"1.21113563E12":366,"1.211050722E12":18,"1.211068505E12":213,"1.211096459E12":349,"1.211074251E12":257,"1.21110045E12":352,"1.21106024E12":112,"1.2110613E12":135,"1.211079805E12":289,"1.211077991E12":278,"1.211038827E12":7,"1.21108254E12":299,"1.211059251E12":107,"1.211077963E12":277,"1.211056266E12":70,"1.211061386E12":136,"1.211085479E12":321,"1.211053123E12":44,"1.211018404E12":1,"1.211056753E12":77,"1.21107413E12":255,"1.211076825E12":274,"1.2110712E12":237,"1.21107136E12":239,"1.211139526E12":369,"1.21107101E12":235,"1.211067475E12":202,"1.211080708E12":296,"1.211089137E12":329,"1.211057841E12":96,"1.211091342E12":333,"1.211059999E12":109,"1.211084471E12":317,"1.211148495E12":376,"1.211062757E12":159,"1.211053463E12":51,"1.211066461E12":191,"1.211053429E12":49,"1.211067511E12":203,"1.211060635E12":116,"1.211062341E12":150,"1.211078212E12":279,"1.211061835E12":142,"1.211064344E12":177,"1.211183969E12":381,"1.211067339E12":200,"1.211062501E12":153,"1.211064716E12":179,"1.211061114E12":131,"1.211078779E12":283,"1.211080113E12":294,"1.211063914E12":171,"1.211069226E12":220,"1.211063434E12":164,"1.211080083E12":290,"1.211074442E12":258,"1.211058959E12":104,"1.211081087E12":297,"1.211076409E12":270,"1.211065811E12":188,"1.211069175E12":219,"1.211062651E12":158,"1.211065513E12":185,"1.2110525E12":40,"1.211093501E12":341,"1.211055846E12":68,"1.211057284E12":91,"1.211080108E12":293,"1.211061197E12":132,"1.211082239E12":298,"1.211059097E12":106,"1.21105675E12":76,"1.211078466E12":280,"1.211098189E12":350,"1.211055625E12":66,"1.211067662E12":205,"1.211067154E12":199,"1.211071652E12":242,"1.211076193E12":269,"1.211056775E12":78,"1.211070266E12":227,"1.211058938E12":103,"1.211060511E12":115,"1.211050078E12":9,"1.211050945E12":25,"1.211125212E12":363,"1.211056812E12":80,"1.211056914E12":84,"1.211051054E12":30,"1.211124814E12":362,"1.211072826E12":248,"1.211073571E12":253,"1.211057437E12":93,"1.211139836E12":370,"1.211083822E12":309,"1.211058205E12":98,"1.211070882E12":234,"1.211084253E12":315,"1.211062403E12":152,"1.211069758E12":223,"1.211073305E12":250,"1.211117841E12":361,"1.211052793E12":41,"1.211061105E12":130,"1.211092339E12":337,"1.211060685E12":120,"1.211063588E12":166,"1.211055607E12":65,"1.211060281E12":113,"1.211056893E12":83,"1.211075803E12":266,"1.21108489E12":319,"1.211037117E12":5,"1.21115588E12":377,"1.211063325E12":162,"1.211058619E12":101,"1.211082809E12":304,"1.2111256E12":364,"1.211070831E12":231,"1.211053292E12":46,"1.211176421E12":379,"1.211056345E12":72,"1.211069313E12":221,"1.211084896E12":320,"1.211051104E12":33,"1.21105071E12":17,"1.211053862E12":55,"1.211080101E12":292,"1.211057178E12":88,"1.211093835E12":342,"1.211106874E12":357,"1.211074125E12":254,"1.2110608E12":122,"1.211064934E12":180,"1.211058111E12":97,"1.211062256E12":148,"1.211066241E12":190,"1.211055708E12":67,"1.211140454E12":371,"1.211075864E12":267,"1.211087165E12":322,"1.211482837E12":388,"1.211060495E12":114,"1.211084007E12":312,"1.211074747E12":259,"1.211079215E12":287,"1.211053459E12":50,"1.211053606E12":52,"1.211065553E12":186,"1.211058917E12":102,"1.211070001E12":224,"1.211073041E12":249,"1.211092179E12":335,"1.211070835E12":232,"1.21105477E12":59,"1.21111104E12":358,"1.211060805E12":123,"1.211071255E12":238,"1.211022374E12":3,"1.211056004E12":69,"1.211083877E12":310,"1.211054017E12":56,"1.211079148E12":285,"1.211061947E12":144,"1.211030576E12":4,"1.211070427E12":228,"1.211093339E12":339,"1.211064148E12":173,"1.211051102E12":32,"1.211095356E12":343,"1.211050878E12":21,"1.211068484E12":212,"1.211084786E12":318,"1.211089434E12":331,"1.211087679E12":326,"1.211084264E12":316,"1.211115924E12":359,"1.211091943E12":334,"1.211053382E12":48,"1.211133642E12":365,"1.211061034E12":128,"1.21105023E12":11,"1.211057287E12":92,"1.211072144E12":246,"1.211067772E12":206,"1.211066737E12":198,"1.211071491E12":240,"1.211073436E12":252,"1.21106084E12":125,"1.211051141E12":35,"1.211068089E12":209,"1.211067808E12":207,"1.211087257E12":324,"1.211063279E12":161,"1.211055336E12":63,"1.211143282E12":374,"1.211038209E12":6,"1.211082614E12":301,"1.211050935E12":23,"1.211066646E12":195,"1.211054329E12":58,"1.211225998E12":384,"1.211088418E12":327,"1.211056431E12":74,"1.211056316E12":71,"1.211054867E12":60,"1.211061927E12":143,"1.211053092E12":43,"1.211050961E12":26,"1.211067846E12":208,"1.211079125E12":284,"1.21107003E12":225,"1.211066734E12":197,"1.211052301E12":39,"1.211092368E12":338,"1.211069077E12":218,"1.211061585E12":139,"1.211055345E12":64,"1.211057665E12":95,"1.211074871E12":260,"1.211082679E12":302,"1.211088666E12":328,"1.211051422E12":36,"1.211106502E12":354,"1.211073365E12":251,"1.211062083E12":146,"1.211056867E12":82,"1.211095463E12":345,"1.211061257E12":134,"1.211071727E12":244,"1.211062623E12":156,"1.211070862E12":233,"1.211136471E12":367,"1.211089471E12":332,"1.211080084E12":291,"1.21109574E12":346,"1.211067466E12":201,"1.211068767E12":215,"1.21105008E12":10,"1.211068869E12":216,"1.211053264E12":45,"1.211071668E12":243,"1.211060109E12":110,"1.211043599E12":8,"1.211076736E12":273,"1.211055326E12":62,"1.211057281E12":90,"1.211060653E12":118,"1.211066178E12":189,"1.211066499E12":193,"1.211065117E12":182,"1.211068401E12":211,"1.211074923E12":261,"1.211083323E12":308,"1.211076558E12":271,"1.211050675E12":14,"1.211083951E12":311,"1.211054199E12":57,"1.211078744E12":281,"1.211071649E12":241,"1.211233723E12":385,"1.211064166E12":174,"1.211060175E12":111,"1.211077009E12":275,"1.21110658E12":355,"1.21107921E12":286,"1.211063748E12":169,"1.211077841E12":276,"1.211051048E12":29,"1.211067642E12":204,"1.211089311E12":330,"1.21106107E12":129,"1.211068116E12":210,"1.211062561E12":154,"1.21106233E12":149,"1.211080364E12":295,"1.211053836E12":54,"1.211209759E12":382,"1.211056965E12":86,"1.211064211E12":175,"1.211075659E12":264,"1.211061426E12":137,"1.211050701E12":16,"1.211117733E12":360,"1.211142689E12":373,"1.211057042E12":87,"1.211095417E12":344,"1.211072292E12":247,"1.211065683E12":187,"1.211050255E12":12,"1.211057494E12":94,"1.211082721E12":303,"1.21106381E12":170,"1.21106335E12":163,"1.211066703E12":196,"1.211137379E12":368,"1.21117771E12":380,"1.211071885E12":245,"1.21109594E12":347,"1.211064613E12":178,"1.211050814E12":20,"1.211079644E12":288,"1.211087226E12":323,"1.211076666E12":272,"1.211084105E12":313,"1.211103528E12":353,"1.211065312E12":184,"1.211060829E12":124,"1.2110507E12":15,"1.21106859E12":214,"1.211060656E12":119,"1.211260596E12":386,"1.211076159E12":268,"1.211056826E12":81,"1.21106125E12":133,"1.211057208E12":89,"1.21105823E12":99,"1.211106737E12":356,"1.211020678E12":2,"1.211050926E12":22,"1.211050991E12":28,"1.211065114E12":181,"1.211053371E12":47,"1.21108746E12":325,"1.211050756E12":19,"1.211069076E12":217,"1.211074228E12":256,"1.211059023E12":105,"1.21105656E12":75,"1.211092181E12":336,"1.211083263E12":307,"1.21106162E12":140,"1.211050978E12":27,"1.211060913E12":127,"1.211063484E12":165,"1.211061778E12":141},"NUMBER_OF_PEOPLE":400,