{"propagationData":{"1.211089112E12":261,"1.211080225E12":167,"1.211070032E12":12,"1.211100279E12":299,"1.211079647E12":149,"1.2110865E12":235,"1.211165227E12":364,"1.211124667E12":337,"1.211072765E12":32,"1.211076334E12":110,"1.211084824E12":219,"1.211082959E12":200,"1.211081719E12":182,"1.211073635E12":49,"1.211075211E12":92,"1.211087795E12":247,"1.211182954E12":372,"1.211129846E12":344,"1.211069805E12":9,"1.211074945E12":85,"1.211072772E12":34,"1.211073232E12":42,"1.211080009E12":163,"1.211088002E12":249,"1.211084748E12":218,"1.211085049E12":223,"1.211075675E12":98,"1.211127883E12":342,"1.211133121E12":346,"1.211078791E12":144,"1.211082857E12":199,"1.211074336E12":64,"1.211133064E12":345,"1.21110369E12":312,"1.211210807E12":375,"1.211076641E12":114,"1.211088296E12":252,"1.211076105E12":105,"1.211081918E12":185,"1.211097526E12":290,"1.21108008E12":164,"1.211115879E12":324,"1.211083089E12":203,"1.211135092E12":350,"1.211175209E12":370,"1.211077995E12":134,"1.211149692E12":357,"1.211076828E12":119,"1.211088148E12":250,"1.211074924E12":83,"1.211095673E12":284,"1.211074555E12":73,"1.211183418E12":373,"1.211076807E12":118,"1.211084494E12":213,"1.211097556E12":291,"1.211080221E12":165,"1.211093361E12":279,"1.211074378E12":68,"1.211085211E12":225,"1.211101119E12":304,"1.211086772E12":239,"1.211076831E12":120,"1.211082126E12":187,"1.211079861E12":157,"1.211083699E12":206,"1.21107467E12":76,"1.211075936E12":101,"1.211079852E12":155,"1.211076255E12":108,"1.211092047E12":273,"1.211087903E12":248,"1.211077747E12":128,"1.211083962E12":208,"1.211078146E12":139,"1.2110909E12":269,"1.211082404E12":192,"1.211082229E12":189,"1.211070876E12":16,"1.211076979E12":122,"1.211075866E12":100,"1.211098288E12":293,"1.211091469E12":271,"1.211085789E12":229,"1.21107148E12":21,"1.211071968E12":28,"1.211079678E12":151,"1.211018404E12":1,"1.211078139E12":138,"1.211089401E12":262,"1.211072926E12":38,"1.21107283E12":37,"1.211203971E12":374,"1.211076035E12":103,"1.211088677E12":257,"1.21121704E12":377,"1.211071816E12":27,"1.211077926E12":131,"1.211088576E12":255,"1.211086697E12":238,"1.211074182E12":58,"1.211076066E12":104,"1.211082623E12":196,"1.211081672E12":180,"1.211078723E12":143,"1.211148128E12":356,"1.211133391E12":347,"1.211080224E12":166,"1.21107386E12":52,"1.211083042E12":202,"1.21111938E12":328,"1.211087528E12":243,"1.211101509E12":305,"1.21107243E12":31,"1.211073719E12":51,"1.211075135E12":90,"1.211074494E12":71,"1.211103887E12":313,"1.211078011E12":136,"1.211071543E12":24,"1.211071513E12":23,"1.211129251E12":343,"1.211085228E12":226,"1.211082134E12":188,"1.211073423E12":46,"1.211069697E12":8,"1.211073488E12":47,"1.211080344E12":171,"1.211077973E12":132,"1.211073694E12":50,"1.211079937E12":159,"1.211080249E12":168,"1.211083138E12":204,"1.211088354E12":253,"1.211136538E12":351,"1.211088413E12":254,"1.21110056E12":301,"1.211074019E12":55,"1.211150362E12":358,"1.211074195E12":59,"1.211175489E12":371,"1.211082587E12":194,"1.211100191E12":298,"1.211089895E12":266,"1.211217091E12":378,"1.211105486E12":318,"1.211074869E12":80,"1.211073296E12":43,"1.211084521E12":214,"1.211089597E12":263,"1.211138708E12":353,"1.211084619E12":215,"1.211090648E12":268,"1.211105783E12":319,"1.211074272E12":61,"1.211074878E12":81,"1.21103521E12":4,"1.211069443E12":7,"1.211101088E12":303,"1.211105084E12":317,"1.211079983E12":162,"1.21107151E12":22,"1.211104491E12":315,"1.211074326E12":63,"1.211067529E12":5,"1.211074579E12":75,"1.211086898E12":242,"1.211113549E12":323,"1.21109736E12":288,"1.21116914E12":367,"1.211126363E12":340,"1.211092679E12":277,"1.211072773E12":35,"1.211082398E12":191,"1.211073111E12":40,"1.211081436E12":177,"1.211088986E12":259,"1.211167626E12":366,"1.211125818E12":339,"1.211069997E12":10,"1.211164411E12":362,"1.211074693E12":78,"1.211080321E12":170,"1.211084287E12":212,"1.211076683E12":115,"1.211079656E12":150,"1.211080595E12":174,"1.211100371E12":300,"1.211073001E12":39,"1.211079764E12":153,"1.211093276E12":278,"1.211102616E12":309,"1.211137459E12":352,"1.211074212E12":60,"1.211120139E12":330,"1.211077107E12":125,"1.211134864E12":349,"1.211124222E12":336,"1.211082472E12":193,"1.211078559E12":142,"1.211074364E12":66,"1.211072818E12":36,"1.211075001E12":89,"1.211076708E12":116,"1.211072372E12":30,"1.211071012E12":17,"1.211071036E12":18,"1.211074936E12":84,"1.211073386E12":45,"1.211075978E12":102,"1.211074476E12":69,"1.211155112E12":359,"1.211083035E12":201,"1.211165145E12":363,"1.211095055E12":283,"1.211086582E12":236,"1.211093948E12":280,"1.211106801E12":321,"1.2110861E12":230,"1.211079978E12":161,"1.211088617E12":256,"1.211082378E12":190,"1.211141772E12":354,"1.211074564E12":74,"1.21109127E12":270,"1.211018471E12":3,"1.21108197E12":186,"1.211097424E12":289,"1.211099E12":296,"1.211074376E12":67,"1.211104581E12":316,"1.211072768E12":33,"1.211084839E12":220,"1.211284606E12":385,"1.211338833E12":387,"1.21111754E12":326,"1.211070858E12":15,"1.211087532E12":244,"1.211074363E12":65,"1.211071689E12":25,"1.211077559E12":126,"1.211092415E12":274,"1.21106938E12":6,"1.211122747E12":332,"1.211074098E12":57,"1.211127088E12":341,"1.211141779E12":355,"1.211169372E12":368,"1.211078964E12":145,"1.211092031E12":272,"1.211018454E12":2,"1.211225555E12":380,"1.211102218E12":307,"1.211163329E12":361,"1.211075447E12":96,"1.211071785E12":26,"1.21112415E12":335,"1.211072082E12":29,"1.211074997E12":88,"1.211096638E12":286,"1.211087609E12":246,"1.211077629E12":127,"1.21107535E12":95,"1.211075251E12":93,"1.211084853E12":221,"1.211074676E12":77,"1.2110745E12":72,"1.211082672E12":197,"1.211123908E12":333,"1.211080937E12":176,"1.211074895E12":82,"1.211083634E12":205,"1.211098383E12":294,"1.211081795E12":184,"1.211102723E12":310,"1.211305818E12":386,"1.211118368E12":327,"1.211086883E12":241,"1.21109728E12":287,"1.211079973E12":160,"1.21107949E12":147,"1.21108162E12":178,"1.211157775E12":360,"1.211078285E12":140,"1.211076998E12":124,"1.211085656E12":228,"1.211081645E12":179,"1.211078007E12":135,"1.211074983E12":87,"1.211070016E12":11,"1.211078098E12":137,"1.211079738E12":152,"1.211075155E12":91,"1.211081692E12":181,"1.211077983E12":133,"1.21108683E12":240,"1.211174801E12":369,"1.211086348E12":231,"1.211101659E12":306,"1.211075707E12":99,"1.211099111E12":297,"1.211080264E12":169,"1.211076871E12":121,"1.211076739E12":117,"1.211242911E12":383,"1.211084226E12":210,"1.211074016E12":54,"1.211092559E12":276,"1.211081753E12":183,"1.211075287E12":94,"1.211242438E12":382,"1.211123975E12":334,"1.211094436E12":281,"1.211076987E12":123,"1.211097648E12":292,"1.211071472E12":20,"1.211086365E12":232,"1.211102366E12":308,"1.211089074E12":260,"1.211119763E12":329,"1.211264705E12":384,"1.211076156E12":107,"1.211074297E12":62,"1.211083957E12":207,"1.21107662E12":112,"1.211077854E12":130,"1.21108466E12":216,"1.211073354E12":44,"1.211076113E12":106,"1.211165725E12":365,"1.211104135E12":314,"1.211078435E12":141,"1.211089863E12":265,"1.211098465E12":295,"1.21107315E12":41,"1.211083994E12":209,"1.211077812E12":129,"1.211073914E12":53,"1.21108981E12":264,"1.211076635E12":113,"1.211074966E12":86,"1.2111009E12":302,"1.211073491E12":48,"1.211070408E12":14,"1.211107245E12":322,"1.211086452E12":234,"1.211084238E12":211,"1.211121514E12":331,"1.211087599E12":245,"1.211076536E12":111,"1.211082824E12":198,"1.211080806E12":175,"1.211095786E12":285,"1.211079818E12":154,"1.211079857E12":156,"1.211088278E12":251,"1.211085508E12":227,"1.211076286E12":109,"1.211079632E12":148,"1.211085095E12":224,"1.211090226E12":267,"1.211215623E12":376,"1.2110747E12":79,"1.211124695E12":338,"1.211225745E12":381,"1.211088764E12":258,"1.211117482E12":325,"1.21109468E12":282,"1.211082621E12":195,"1.211080417E12":173,"1.211071398E12":19,"1.211220248E12":379,"1.211078985E12":146,"1.21110667E12":320,"1.211084891E12":222,"1.211080352E12":172,"1.211074477E12":70,"1.211074063E12":56,"1.211092556E12":275,"1.211133559E12":348,"1.211075509E12":97,"1.211086446E12":233,"1.211103506E12":311,"1.211084729E12":217,"1.211086609E12":237},"NUMBER_OF_PEOPLE":400,