{"propagationData":{"1.211099229E12":286,"1.211093562E12":248,"1.211115053E12":317,"1.211090144E12":218,"1.21109383E12":252,"1.211115572E12":319,"1.211076983E12":34,"1.2110896E12":214,"1.211086004E12":169,"1.211089854E12":217,"1.211113831E12":314,"1.211079518E12":54,"1.211113352E12":313,"1.211075069E12":14,"1.211081355E12":83,"1.211088255E12":203,"1.211175487E12":377,"1.211080174E12":67,"1.211076015E12":24,"1.211081581E12":91,"1.211082325E12":107,"1.211137755E12":357,"1.211091285E12":229,"1.21107483E12":11,"1.211086515E12":181,"1.21108372E12":136,"1.21107906E12":49,"1.211084062E12":145,"1.211093649E12":251,"1.211084668E12":152,"1.211087953E12":200,"1.211124024E12":329,"1.211081196E12":79,"1.211088876E12":208,"1.211079786E12":58,"1.21109682E12":269,"1.211157685E12":372,"1.211260683E12":387,"1.211098348E12":276,"1.211085182E12":161,"1.211088226E12":202,"1.211104708E12":305,"1.211085202E12":162,"1.211093522E12":246,"1.211084328E12":151,"1.211094952E12":260,"1.211135656E12":350,"1.211093018E12":239,"1.211111102E12":311,"1.211093147E12":240,"1.21109895E12":281,"1.211085894E12":165,"1.211150682E12":368,"1.211076044E12":25,"1.211136585E12":355,"1.211081936E12":99,"1.211077496E12":36,"1.211080396E12":70,"1.21108402E12":142,"1.211084022E12":144,"1.211074463E12":8,"1.21108297E12":120,"1.211078046E12":38,"1.211087794E12":197,"1.211135683E12":351,"1.211086728E12":183,"1.211081972E12":101,"1.211078167E12":40,"1.211085005E12":157,"1.211082617E12":113,"1.211088674E12":206,"1.211084744E12":154,"1.211080354E12":68,"1.211076801E12":32,"1.211098626E12":278,"1.211078782E12":46,"1.21108347E12":130,"1.211080656E12":73,"1.211086316E12":178,"1.211085359E12":163,"1.21110381E12":299,"1.211018404E12":1,"1.211135976E12":352,"1.211078996E12":48,"1.211092345E12":235,"1.211097726E12":272,"1.211081337E12":82,"1.211072751E12":3,"1.211083523E12":133,"1.211088152E12":201,"1.21109395E12":254,"1.211095743E12":265,"1.211082376E12":108,"1.211089803E12":216,"1.211081275E12":81,"1.211140521E12":358,"1.211085096E12":159,"1.21109572E12":264,"1.211078099E12":39,"1.211102628E12":297,"1.211088638E12":205,"1.211075383E12":18,"1.211078413E12":41,"1.211082278E12":106,"1.211079974E12":63,"1.211257453E12":386,"1.211089019E12":211,"1.21113502E12":347,"1.211086384E12":179,"1.211081103E12":78,"1.211084071E12":147,"1.211078914E12":47,"1.211093364E12":245,"1.211083039E12":122,"1.211092156E12":233,"1.211090229E12":220,"1.211218407E12":384,"1.21107658E12":29,"1.21109181E12":231,"1.211085913E12":166,"1.211094073E12":255,"1.211216701E12":383,"1.211091284E12":228,"1.211081662E12":95,"1.211087818E12":198,"1.211078652E12":44,"1.211089706E12":215,"1.211089433E12":213,"1.211173986E12":376,"1.211216046E12":382,"1.211090217E12":219,"1.211087583E12":196,"1.21108164E12":94,"1.211094529E12":258,"1.211119701E12":324,"1.211087277E12":190,"1.21109087E12":225,"1.211098189E12":275,"1.211101934E12":292,"1.211093556E12":247,"1.211098981E12":282,"1.211114463E12":315,"1.211087501E12":194,"1.211124167E12":331,"1.211092611E12":237,"1.211083595E12":135,"1.211097994E12":274,"1.211082172E12":102,"1.21108156E12":90,"1.211135428E12":349,"1.211086509E12":180,"1.211084893E12":155,"1.211135356E12":348,"1.211076843E12":33,"1.211081631E12":92,"1.21108324E12":126,"1.211079593E12":55,"1.211079953E12":62,"1.211133411E12":344,"1.211087036E12":186,"1.211119684E12":323,"1.211092029E12":232,"1.211075037E12":13,"1.211093304E12":243,"1.211076081E12":26,"1.211090879E12":226,"1.211074875E12":12,"1.211085163E12":160,"1.211101246E12":290,"1.21108263E12":114,"1.211092212E12":234,"1.211094858E12":259,"1.211093341E12":244,"1.211080042E12":65,"1.211081371E12":84,"1.21109027E12":221,"1.211099122E12":284,"1.211099722E12":287,"1.211124124E12":330,"1.211146338E12":362,"1.21107856E12":43,"1.211118975E12":322,"1.211102032E12":293,"1.211074396E12":7,"1.211083258E12":127,"1.211093269E12":241,"1.211143736E12":361,"1.211079426E12":53,"1.211096061E12":266,"1.211076694E12":30,"1.211098609E12":277,"1.21108416E12":148,"1.211104017E12":301,"1.211073441E12":4,"1.211120054E12":325,"1.21108626E12":176,"1.211083551E12":134,"1.21107517E12":16,"1.211080918E12":75,"1.211134489E12":346,"1.211084021E12":143,"1.211206601E12":379,"1.211080368E12":69,"1.211102062E12":294,"1.21108748E12":192,"1.211086111E12":172,"1.211152685E12":371,"1.211082744E12":115,"1.211085035E12":158,"1.211084205E12":149,"1.2111053E12":308,"1.211100034E12":288,"1.211151847E12":370,"1.211081472E12":89,"1.211077413E12":35,"1.211157876E12":373,"1.211086168E12":174,"1.211084672E12":153,"1.211074519E12":9,"1.211136114E12":354,"1.211120415E12":326,"1.211080596E12":71,"1.211084063E12":146,"1.211213986E12":381,"1.211085505E12":164,"1.211122415E12":327,"1.211123964E12":328,"1.211083333E12":129,"1.211075284E12":17,"1.211099192E12":285,"1.211080131E12":66,"1.21112598E12":334,"1.211111916E12":312,"1.211085914E12":167,"1.211081939E12":100,"1.211077729E12":37,"1.211084001E12":141,"1.211130612E12":338,"1.211075656E12":20,"1.211081407E12":87,"1.211115567E12":318,"1.211167196E12":375,"1.211114679E12":316,"1.211081054E12":76,"1.211081856E12":97,"1.211101486E12":291,"1.2110808E12":74,"1.21108308E12":123,"1.211083909E12":139,"1.211131635E12":341,"1.211076082E12":27,"1.211117801E12":321,"1.211086201E12":175,"1.211096901E12":270,"1.211136019E12":353,"1.211084895E12":156,"1.211082249E12":103,"1.211223035E12":385,"1.211086765E12":184,"1.211083322E12":128,"1.211098669E12":279,"1.211147736E12":365,"1.21109268E12":238,"1.211090439E12":223,"1.211079425E12":52,"1.211082509E12":111,"1.211097677E12":271,"1.211203897E12":378,"1.211082836E12":116,"1.21109649E12":268,"1.211131528E12":340,"1.211075977E12":23,"1.211083481E12":131,"1.211074531E12":10,"1.21108597E12":168,"1.211149188E12":366,"1.211095178E12":262,"1.211098843E12":280,"1.211081878E12":98,"1.211083504E12":132,"1.21107872E12":45,"1.211083937E12":140,"1.211128892E12":336,"1.211082466E12":110,"1.211095494E12":263,"1.21108794E12":199,"1.211081385E12":86,"1.21114661E12":363,"1.211079626E12":56,"1.211079809E12":60,"1.211082385E12":109,"1.211093895E12":253,"1.211087355E12":191,"1.211094444E12":257,"1.211075677E12":21,"1.211088979E12":210,"1.211084261E12":150,"1.211075071E12":15,"1.211075686E12":22,"1.211125654E12":333,"1.211087087E12":188,"1.211129775E12":337,"1.211079283E12":50,"1.211136755E12":356,"1.211146796E12":364,"1.211115918E12":320,"1.211091207E12":227,"1.211108881E12":309,"1.211211682E12":380,"1.211083821E12":138,"1.211082955E12":119,"1.21110503E12":306,"1.211082603E12":112,"1.211074391E12":6,"1.211104577E12":304,"1.211102193E12":295,"1.211086127E12":173,"1.211079325E12":51,"1.211124308E12":332,"1.211127966E12":335,"1.211074382E12":5,"1.211092521E12":236,"1.211103851E12":300,"1.211093572E12":249,"1.211103732E12":298,"1.211089074E12":212,"1.211071208E12":2,"1.211082932E12":117,"1.211104555E12":303,"1.211081637E12":93,"1.211081226E12":80,"1.211094177E12":256,"1.211080597E12":72,"1.211093623E12":250,"1.211086084E12":170,"1.211082259E12":104,"1.21113312E12":343,"1.211079739E12":57,"1.211099007E12":283,"1.211091551E12":230,"1.211131857E12":342,"1.211086293E12":177,"1.211102473E12":296,"1.211086573E12":182,"1.211167153E12":374,"1.211149331E12":367,"1.211080025E12":64,"1.211087484E12":193,"1.211096317E12":267,"1.211141769E12":359,"1.211141831E12":360,"1.211081378E12":85,"1.211087011E12":185,"1.211079818E12":61,"1.211133604E12":345,"1.211095078E12":261,"1.211082992E12":121,"1.211093288E12":242,"1.211086096E12":171,"1.211104319E12":302,"1.211466611E12":388,"1.211090462E12":224,"1.211097803E12":273,"1.211082948E12":118,"1.211081057E12":77,"1.211088836E12":207,"1.211087126E12":189,"1.211101234E12":289,"1.211083196E12":125,"1.211076314E12":28,"1.211082273E12":105,"1.21108141E12":88,"1.211090371E12":222,"1.211087556E12":195,"1.21107849E12":42,"1.211075608E12":19,"1.211083103E12":124,"1.21110981E12":310,"1.211087049E12":187,"1.21108831E12":204,"1.211151007E12":369,"1.211081805E12":96,"1.211088879E12":209,"1.21110504E12":307,"1.211131374E12":339,"1.211083792E12":137},"NUMBER_OF_PEOPLE":400,