{"propagationData":{"1.211105126E12":378,"1.211044777E12":93,"1.211055519E12":232,"1.211060484E12":262,"1.211063191E12":275,"1.21104817E12":154,"1.211046713E12":132,"1.21107472E12":324,"1.211053507E12":217,"1.211078542E12":339,"1.211063613E12":281,"1.211041315E12":28,"1.211047164E12":140,"1.211048461E12":157,"1.211097211E12":373,"1.211041843E12":38,"1.211062754E12":272,"1.211051994E12":201,"1.211044814E12":94,"1.211041387E12":30,"1.211050297E12":177,"1.211049461E12":168,"1.211045173E12":99,"1.211041646E12":34,"1.211043813E12":77,"1.211041754E12":36,"1.211042773E12":57,"1.211043071E12":62,"1.211046051E12":119,"1.211048717E12":160,"1.211052544E12":207,"1.211055736E12":235,"1.211056527E12":237,"1.211046268E12":123,"1.211046364E12":125,"1.211043873E12":79,"1.211053502E12":216,"1.21104628E12":124,"1.211061844E12":269,"1.211038381E12":8,"1.211054787E12":226,"1.211077254E12":333,"1.211042286E12":49,"1.211057182E12":245,"1.21106038E12":261,"1.211063205E12":276,"1.211078507E12":338,"1.211061776E12":268,"1.211077455E12":335,"1.211064209E12":291,"1.211045603E12":108,"1.211051625E12":198,"1.211046583E12":128,"1.211054578E12":222,"1.211128219E12":381,"1.211039404E12":12,"1.211051484E12":196,"1.2110638E12":285,"1.211048428E12":156,"1.211072545E12":317,"1.211044926E12":96,"1.211050515E12":181,"1.211052712E12":210,"1.211052721E12":211,"1.211045466E12":106,"1.211041891E12":39,"1.21106356E12":280,"1.211050677E12":186,"1.211071393E12":313,"1.211043528E12":71,"1.211052408E12":206,"1.211049666E12":170,"1.211048154E12":153,"1.211054772E12":225,"1.211055703E12":234,"1.211062822E12":273,"1.211056999E12":244,"1.211080167E12":343,"1.211052677E12":209,"1.211018404E12":1,"1.211043161E12":65,"1.211044422E12":86,"1.21104986E12":172,"1.211056206E12":236,"1.211042759E12":56,"1.211050575E12":183,"1.211051976E12":200,"1.211053535E12":218,"1.211051064E12":190,"1.211052154E12":202,"1.211057604E12":249,"1.211260609E12":388,"1.211049201E12":164,"1.211047595E12":145,"1.211043832E12":78,"1.21108075E12":346,"1.211053281E12":215,"1.211049996E12":173,"1.211048799E12":161,"1.211040635E12":16,"1.211123729E12":380,"1.211066537E12":298,"1.211074667E12":323,"1.21107726E12":334,"1.211059694E12":259,"1.211044351E12":84,"1.211075812E12":329,"1.211063884E12":288,"1.211041089E12":21,"1.211042114E12":43,"1.211056574E12":238,"1.211048372E12":155,"1.211039402E12":11,"1.21108485E12":359,"1.211090471E12":363,"1.2111002E12":375,"1.211095931E12":372,"1.211077727E12":337,"1.211041148E12":24,"1.211135217E12":383,"1.211050442E12":179,"1.211041219E12":25,"1.211208607E12":385,"1.211070235E12":310,"1.211043298E12":68,"1.211043156E12":64,"1.211084782E12":357,"1.211068486E12":305,"1.211091828E12":367,"1.211040116E12":14,"1.211062016E12":270,"1.211047151E12":138,"1.21105766E12":250,"1.21105675E12":239,"1.211041228E12":26,"1.211063785E12":283,"1.211050599E12":185,"1.211063464E12":279,"1.211041057E12":18,"1.211051272E12":191,"1.211046053E12":120,"1.211044723E12":91,"1.211045669E12":110,"1.211042603E12":53,"1.211063833E12":287,"1.21106108E12":264,"1.211050945E12":188,"1.211051832E12":199,"1.211054834E12":227,"1.211059354E12":258,"1.211076806E12":332,"1.211070386E12":311,"1.211050583E12":184,"1.211069101E12":307,"1.211036158E12":5,"1.211075584E12":328,"1.211243102E12":386,"1.211044191E12":82,"1.211045098E12":98,"1.211069607E12":309,"1.211038789E12":10,"1.211044066E12":80,"1.211051479E12":195,"1.211053108E12":214,"1.211041358E12":29,"1.21104457E12":90,"1.211092592E12":368,"1.211048678E12":159,"1.211043044E12":60,"1.211040362E12":15,"1.211061457E12":267,"1.211063243E12":277,"1.211044327E12":83,"1.21105488E12":228,"1.211052169E12":203,"1.211046614E12":129,"1.211063801E12":286,"1.211047605E12":146,"1.21104599E12":118,"1.211045946E12":117,"1.211073176E12":319,"1.211098872E12":374,"1.211051586E12":197,"1.211045757E12":113,"1.211085698E12":362,"1.211046918E12":137,"1.211041069E12":20,"1.211059264E12":257,"1.211045633E12":109,"1.211067946E12":303,"1.211142303E12":384,"1.211045352E12":102,"1.211076251E12":330,"1.21104106E12":19,"1.211044399E12":85,"1.211045816E12":116,"1.211042208E12":45,"1.211052826E12":212,"1.211047404E12":142,"1.211054592E12":223,"1.211050733E12":187,"1.211051456E12":194,"1.211085045E12":360,"1.21104227E12":48,"1.211052948E12":213,"1.211055272E12":230,"1.211030092E12":2,"1.211043565E12":72,"1.211043718E12":76,"1.211043231E12":66,"1.211091582E12":366,"1.211041658E12":35,"1.21106426E12":292,"1.211054465E12":221,"1.211044844E12":95,"1.211047187E12":141,"1.211054439E12":220,"1.211042631E12":54,"1.211071813E12":315,"1.211042317E12":51,"1.211051304E12":192,"1.211081883E12":349,"1.211036972E12":6,"1.211041475E12":33,"1.211105864E12":379,"1.211082799E12":354,"1.211083611E12":355,"1.211045283E12":101,"1.211043272E12":67,"1.211061085E12":265,"1.211072423E12":316,"1.211044565E12":88,"1.211081255E12":347,"1.211046902E12":136,"1.21104637E12":126,"1.211041309E12":27,"1.211045732E12":112,"1.211043006E12":59,"1.211079197E12":340,"1.211066264E12":297,"1.211042708E12":55,"1.211045573E12":107,"1.211045268E12":100,"1.211042965E12":58,"1.211049809E12":171,"1.21106206E12":271,"1.21107661E12":331,"1.21106296E12":274,"1.211060099E12":260,"1.211041389E12":31,"1.211045087E12":97,"1.211047617E12":147,"1.211050182E12":176,"1.211044566E12":89,"1.21105892E12":255,"1.211035498E12":4,"1.211054665E12":224,"1.2110505E12":180,"1.211103376E12":377,"1.211100216E12":376,"1.211130964E12":382,"1.211045785E12":115,"1.211044181E12":81,"1.211083937E12":356,"1.211049338E12":166,"1.211081651E12":348,"1.211063975E12":289,"1.211080227E12":344,"1.21105042E12":178,"1.211042543E12":52,"1.211057953E12":253,"1.211091217E12":364,"1.211043084E12":63,"1.211067861E12":302,"1.211048874E12":163,"1.211041144E12":23,"1.211055534E12":233,"1.211048138E12":152,"1.211074116E12":321,"1.211047774E12":150,"1.211066607E12":299,"1.211085121E12":361,"1.211093972E12":370,"1.211066195E12":296,"1.21104577E12":114,"1.211045443E12":105,"1.211074574E12":322,"1.211080078E12":342,"1.211057223E12":246,"1.211042113E12":42,"1.211066167E12":295,"1.211044449E12":87,"1.21103862E12":9,"1.21105232E12":204,"1.211046687E12":131,"1.211043599E12":73,"1.211057828E12":251,"1.211069023E12":306,"1.211080046E12":341,"1.21103775E12":7,"1.211047441E12":143,"1.211064444E12":294,"1.211040674E12":17,"1.211054266E12":219,"1.211046829E12":135,"1.2110501E12":175,"1.211057508E12":247,"1.211041431E12":32,"1.211047153E12":139,"1.211063706E12":282,"1.21105496E12":229,"1.211082118E12":351,"1.211043357E12":69,"1.211066741E12":301,"1.211055303E12":231,"1.211064157E12":290,"1.211048869E12":162,"1.211042137E12":44,"1.211048589E12":158,"1.211080537E12":345,"1.211047726E12":149,"1.211045364E12":103,"1.2110776E12":336,"1.211046675E12":130,"1.211049394E12":167,"1.211052554E12":208,"1.211046823E12":134,"1.21106336E12":278,"1.211043648E12":74,"1.211042241E12":46,"1.21104306E12":61,"1.211056988E12":243,"1.211058538E12":254,"1.211071147E12":312,"1.211050006E12":174,"1.211043375E12":70,"1.211064414E12":293,"1.211252921E12":387,"1.211075405E12":326,"1.211093267E12":369,"1.21105052E12":182,"1.211033986E12":3,"1.211047626E12":148,"1.211045368E12":104,"1.21104624E12":122,"1.21104676E12":133,"1.211057559E12":248,"1.211074897E12":325,"1.211040012E12":13,"1.211042259E12":47,"1.211043652E12":75,"1.211044733E12":92,"1.211049538E12":169,"1.211082784E12":353,"1.211048039E12":151,"1.211046439E12":127,"1.21108239E12":352,"1.211061243E12":266,"1.211071483E12":314,"1.211042299E12":50,"1.211063794E12":284,"1.211041097E12":22,"1.211052374E12":205,"1.211072721E12":318,"1.211091544E12":365,"1.211047449E12":144,"1.211057878E12":252,"1.211042067E12":41,"1.211081891E12":350,"1.211046078E12":121,"1.211073308E12":320,"1.211041827E12":37,"1.211056921E12":241,"1.211049297E12":165,"1.211041999E12":40,"1.211075497E12":327,"1.211095605E12":371,"1.211059188E12":256,"1.211051411E12":193,"1.211051053E12":189,"1.211056884E12":240,"1.211555724E12":389,"1.211069468E12":308,"1.211066709E12":300,"1.211060913E12":263,"1.211068477E12":304},"NUMBER_OF_PEOPLE":400,