{"propagationData":{"1.211050501E12":155,"1.211055015E12":215,"1.211055449E12":219,"1.211052866E12":195,"1.211050542E12":158,"1.211054344E12":210,"1.211039862E12":11,"1.211093268E12":366,"1.211040968E12":22,"1.211051114E12":169,"1.211047337E12":109,"1.21104826E12":123,"1.211053581E12":203,"1.211041417E12":26,"1.211050975E12":161,"1.211065092E12":281,"1.211042307E12":38,"1.211072161E12":306,"1.211146622E12":381,"1.211048549E12":130,"1.211055588E12":222,"1.211076173E12":323,"1.211046836E12":100,"1.211322285E12":388,"1.211045292E12":61,"1.211045439E12":65,"1.211046579E12":94,"1.211086642E12":351,"1.211043626E12":46,"1.211048419E12":126,"1.211270715E12":385,"1.211047879E12":117,"1.211047241E12":106,"1.211078712E12":331,"1.211060305E12":252,"1.211046228E12":82,"1.211078467E12":330,"1.211064708E12":279,"1.211044081E12":51,"1.211074014E12":308,"1.211052351E12":187,"1.211092472E12":365,"1.211048829E12":136,"1.211046167E12":81,"1.211070806E12":296,"1.211068651E12":292,"1.211060911E12":256,"1.211049E12":138,"1.211045974E12":76,"1.211076345E12":325,"1.211050134E12":148,"1.211062021E12":265,"1.211060138E12":251,"1.211047764E12":115,"1.211055553E12":220,"1.211046766E12":99,"1.211050261E12":151,"1.211046248E12":83,"1.211062275E12":267,"1.211079388E12":333,"1.211090664E12":362,"1.211047931E12":120,"1.211060942E12":257,"1.211075771E12":320,"1.21109034E12":360,"1.211018404E12":1,"1.211059334E12":245,"1.211049004E12":139,"1.211053151E12":200,"1.211075521E12":318,"1.211045566E12":66,"1.211051086E12":167,"1.211038048E12":7,"1.21105234E12":186,"1.211066322E12":286,"1.211044654E12":55,"1.211050572E12":159,"1.211084948E12":347,"1.211047894E12":118,"1.211041001E12":23,"1.211156389E12":382,"1.211068753E12":293,"1.211053651E12":204,"1.211062577E12":268,"1.211079642E12":335,"1.211052946E12":197,"1.211051478E12":173,"1.211061554E12":259,"1.211048229E12":122,"1.211041717E12":27,"1.211124473E12":377,"1.211050644E12":160,"1.211047216E12":105,"1.211063659E12":271,"1.211058873E12":237,"1.211020495E12":3,"1.211086817E12":353,"1.211050221E12":149,"1.211051754E12":178,"1.211045884E12":72,"1.211079888E12":337,"1.211079956E12":340,"1.211079683E12":336,"1.211049366E12":143,"1.21106196E12":264,"1.21105276E12":192,"1.211066259E12":285,"1.211142279E12":380,"1.211051468E12":172,"1.211055134E12":217,"1.211074734E12":313,"1.211043298E12":43,"1.211046082E12":78,"1.211040965E12":21,"1.211053894E12":205,"1.211034076E12":4,"1.211047175E12":103,"1.211048299E12":124,"1.211056212E12":225,"1.21104664E12":95,"1.211059218E12":243,"1.211053448E12":202,"1.211064546E12":277,"1.211056109E12":224,"1.211063677E12":272,"1.211061735E12":261,"1.211040617E12":13,"1.211045926E12":75,"1.2110661E12":284,"1.211061914E12":263,"1.211077792E12":327,"1.211079897E12":339,"1.211060863E12":255,"1.211046678E12":97,"1.211041124E12":24,"1.211054729E12":214,"1.211080745E12":342,"1.21108472E12":346,"1.211048754E12":133,"1.21105678E12":231,"1.211051054E12":164,"1.211041772E12":28,"1.211051847E12":180,"1.211041947E12":31,"1.211094453E12":368,"1.211042306E12":37,"1.211087961E12":355,"1.211047451E12":112,"1.211048793E12":134,"1.211042213E12":36,"1.211042148E12":34,"1.211043304E12":44,"1.211141775E12":379,"1.211052187E12":183,"1.211050508E12":157,"1.211055131E12":216,"1.211056351E12":228,"1.211065124E12":282,"1.211050301E12":152,"1.211039804E12":9,"1.211047915E12":119,"1.211074295E12":309,"1.211045881E12":71,"1.211046867E12":101,"1.211050127E12":147,"1.211052312E12":184,"1.211045013E12":58,"1.211080262E12":341,"1.211304939E12":386,"1.211042848E12":41,"1.211079541E12":334,"1.211164066E12":383,"1.21106099E12":258,"1.211070812E12":297,"1.211070972E12":298,"1.211056739E12":230,"1.2110643E12":276,"1.211059079E12":239,"1.211050444E12":153,"1.211046295E12":84,"1.211042142E12":33,"1.211124118E12":376,"1.211047185E12":104,"1.211062959E12":269,"1.2110936E12":367,"1.211076057E12":322,"1.211057432E12":233,"1.211051733E12":176,"1.211050481E12":154,"1.211071244E12":300,"1.21108415E12":344,"1.211047446E12":111,"1.21104353E12":45,"1.211077893E12":328,"1.211052395E12":188,"1.211050222E12":150,"1.211074462E12":310,"1.211044736E12":56,"1.211049329E12":142,"1.211059128E12":240,"1.211046299E12":85,"1.211056697E12":229,"1.211051011E12":163,"1.211046673E12":96,"1.21105451E12":212,"1.211088382E12":356,"1.211056233E12":226,"1.211085117E12":348,"1.211074613E12":311,"1.211088775E12":357,"1.211050111E12":146,"1.211042659E12":40,"1.211074673E12":312,"1.211075739E12":319,"1.211046116E12":79,"1.211049215E12":140,"1.211175479E12":384,"1.211065015E12":280,"1.211040916E12":19,"1.21106753E12":289,"1.211104374E12":374,"1.211039812E12":10,"1.211089089E12":358,"1.211040866E12":17,"1.211042187E12":35,"1.21106379E12":273,"1.211054097E12":207,"1.211077386E12":326,"1.211042569E12":39,"1.211047702E12":113,"1.211045281E12":60,"1.211075052E12":315,"1.211046313E12":86,"1.211051103E12":168,"1.211046131E12":80,"1.211046323E12":87,"1.211306155E12":387,"1.211067519E12":288,"1.211051985E12":182,"1.211048339E12":125,"1.211044333E12":53,"1.21104851E12":129,"1.211059857E12":248,"1.211037044E12":5,"1.21105269E12":191,"1.211049784E12":144,"1.211056316E12":227,"1.211051737E12":177,"1.211054665E12":213,"1.211071801E12":302,"1.211045906E12":74,"1.211046524E12":91,"1.211043254E12":42,"1.21105973E12":246,"1.211060382E12":254,"1.211055556E12":221,"1.211060024E12":249,"1.211076243E12":324,"1.21104869E12":132,"1.21104844E12":127,"1.211076034E12":321,"1.211018524E12":2,"1.211051058E12":165,"1.211063826E12":274,"1.211086234E12":350,"1.211038194E12":8,"1.211102395E12":372,"1.211051242E12":170,"1.21106186E12":262,"1.2110867E12":352,"1.211037065E12":6,"1.211050993E12":162,"1.211043931E12":48,"1.211063946E12":275,"1.211045888E12":73,"1.211079894E12":338,"1.211045383E12":63,"1.211072055E12":305,"1.211045652E12":67,"1.211047839E12":116,"1.211059054E12":238,"1.211046063E12":77,"1.211071316E12":301,"1.211048794E12":135,"1.211071842E12":303,"1.211070749E12":295,"1.211057286E12":232,"1.211069314E12":294,"1.211051769E12":179,"1.211071218E12":299,"1.211062996E12":270,"1.211051894E12":181,"1.211040858E12":15,"1.211049974E12":145,"1.211066907E12":287,"1.211041326E12":25,"1.211085434E12":349,"1.211051497E12":174,"1.211054308E12":209,"1.211045777E12":68,"1.21106011E12":250,"1.211040669E12":14,"1.211055303E12":218,"1.211043638E12":47,"1.2110592E12":242,"1.211040859E12":16,"1.211046421E12":89,"1.211040924E12":20,"1.211045833E12":70,"1.211071961E12":304,"1.211052782E12":193,"1.211047266E12":107,"1.211047715E12":114,"1.211126514E12":378,"1.211052791E12":194,"1.211046436E12":90,"1.211044754E12":57,"1.211062268E12":266,"1.211068116E12":290,"1.211045428E12":64,"1.21105429E12":208,"1.211054086E12":206,"1.211044635E12":54,"1.211046575E12":93,"1.211078196E12":329,"1.211084109E12":343,"1.211052314E12":185,"1.211044298E12":52,"1.211046418E12":88,"1.211054417E12":211,"1.211066088E12":283,"1.211047292E12":108,"1.211043987E12":49,"1.211095217E12":370,"1.211084409E12":345,"1.21104676E12":98,"1.21105778E12":234,"1.211047348E12":110,"1.21105108E12":166,"1.211041793E12":29,"1.211092108E12":364,"1.211068188E12":291,"1.211045332E12":62,"1.211090864E12":363,"1.211053074E12":199,"1.211058012E12":235,"1.211064703E12":278,"1.211104268E12":373,"1.211058554E12":236,"1.211075127E12":316,"1.2110533E12":201,"1.211074802E12":314,"1.211041874E12":30,"1.211059767E12":247,"1.211087714E12":354,"1.21109038E12":361,"1.211050502E12":156,"1.211040873E12":18,"1.211102255E12":371,"1.211052542E12":189,"1.211049272E12":141,"1.211040569E12":12,"1.211055647E12":223,"1.211104593E12":375,"1.211094611E12":369,"1.211048853E12":137,"1.211042067E12":32,"1.211059146E12":241,"1.211051464E12":171,"1.211061699E12":260,"1.211078738E12":332,"1.211045803E12":69,"1.211059309E12":244,"1.211075417E12":317,"1.211073432E12":307,"1.21104402E12":50,"1.2110516E12":175,"1.211047163E12":102,"1.211048576E12":131,"1.211045086E12":59,"1.211052916E12":196,"1.211048E12":121,"1.211052551E12":190,"1.211089629E12":359,"1.211060369E12":253,"1.211046539E12":92,"1.211053043E12":198},