{"propagationData":{"1.21103277E12":138,"1.211034859E12":159,"1.211042091E12":209,"1.211024922E12":61,"1.211025301E12":64,"1.211032058E12":129,"1.211029528E12":91,"1.211018902E12":33,"1.211041773E12":208,"1.211034244E12":150,"1.211047566E12":252,"1.211025583E12":67,"1.211045392E12":232,"1.211029027E12":89,"1.211034179E12":149,"1.211018417E12":18,"1.211025684E12":70,"1.211060079E12":295,"1.211030827E12":112,"1.211029834E12":98,"1.211028947E12":85,"1.211032084E12":130,"1.211031846E12":118,"1.211034598E12":157,"1.211060421E12":302,"1.211040234E12":194,"1.21103055E12":108,"1.211018409E12":15,"1.21104091E12":198,"1.211044245E12":228,"1.211032764E12":137,"1.211031959E12":123,"1.211023678E12":57,"1.211080057E12":317,"1.211025801E12":71,"1.211034253E12":151,"1.211041574E12":206,"1.211023653E12":56,"1.211041262E12":203,"1.211097204E12":335,"1.211045319E12":229,"1.211043639E12":218,"1.211031736E12":113,"1.211018512E12":27,"1.211028891E12":83,"1.211035076E12":163,"1.211043801E12":220,"1.211026229E12":75,"1.211030004E12":99,"1.211046035E12":242,"1.211046166E12":244,"1.211041392E12":204,"1.211045422E12":235,"1.211018926E12":34,"1.211101563E12":344,"1.211031767E12":115,"1.211099428E12":342,"1.211047085E12":249,"1.211018872E12":31,"1.211040282E12":195,"1.211032583E12":134,"1.211018474E12":23,"1.211263579E12":351,"1.211045573E12":236,"1.21103417E12":148,"1.211048399E12":254,"1.211083871E12":326,"1.211049595E12":260,"1.211097613E12":337,"1.211048862E12":259,"1.211048766E12":258,"1.211031957E12":122,"1.211031978E12":126,"1.211040996E12":200,"1.211055304E12":277,"1.211019183E12":42,"1.21103569E12":167,"1.2110185E12":24,"1.211033136E12":145,"1.211044185E12":226,"1.211043202E12":214,"1.211037206E12":176,"1.211059751E12":292,"1.211023918E12":58,"1.211097825E12":338,"1.211063684E12":313,"1.211037308E12":179,"1.211018414E12":16,"1.211030754E12":110,"1.211018406E12":10,"1.211036107E12":169,"1.211060091E12":296,"1.211029023E12":88,"1.211037962E12":183,"1.211056745E12":283,"1.211077654E12":316,"1.211055739E12":279,"1.211025438E12":65,"1.211063214E12":309,"1.211025202E12":63,"1.211041491E12":205,"1.2110208E12":53,"1.211018503E12":25,"1.211040363E12":196,"1.211044237E12":227,"1.211038504E12":188,"1.211032914E12":142,"1.211097414E12":336,"1.211059885E12":293,"1.211029761E12":94,"1.211043214E12":215,"1.211031746E12":114,"1.211031979E12":127,"1.211031976E12":125,"1.211042099E12":210,"1.211028973E12":86,"1.211060138E12":297,"1.21103703E12":172,"1.211090954E12":333,"1.211059957E12":294,"1.211044132E12":224,"1.211043621E12":217,"1.211050343E12":267,"1.211031789E12":117,"1.211034472E12":154,"1.21103664E12":170,"1.21106371E12":314,"1.211084057E12":327,"1.21103031E12":105,"1.211028834E12":82,"1.211030798E12":111,"1.211085394E12":329,"1.21104098E12":199,"1.211038433E12":186,"1.211031775E12":116,"1.211048679E12":257,"1.211018404E12":7,"1.211038445E12":187,"1.211021074E12":54,"1.211018958E12":35,"1.211054637E12":275,"1.211027765E12":76,"1.211032699E12":135,"1.211035735E12":168,"1.211083523E12":325,"1.211060831E12":303,"1.211037864E12":181,"1.211041001E12":201,"1.211059704E12":290,"1.211045925E12":240,"1.211028576E12":80,"1.211080939E12":323,"1.21102002E12":46,"1.211037184E12":174,"1.211018419E12":19,"1.211051983E12":273,"1.2110485E12":255,"1.211021988E12":55,"1.211035586E12":166,"1.211026059E12":74,"1.211032523E12":133,"1.211034302E12":152,"1.211057223E12":285,"1.211061918E12":306,"1.211049844E12":264,"1.211032421E12":132,"1.211020576E12":51,"1.211034141E12":146,"1.211033098E12":144,"1.211042538E12":213,"1.211041014E12":202,"1.21104669E12":247,"1.211025937E12":73,"1.211063561E12":311,"1.211056554E12":280,"1.211030356E12":106,"1.211020696E12":52,"1.211031935E12":121,"1.211034998E12":161,"1.211035559E12":165,"1.211081022E12":324,"1.211143628E12":346,"1.211047484E12":251,"1.211029629E12":93,"1.211032099E12":131,"1.211105337E12":345,"1.211049822E12":263,"1.21105119E12":272,"1.211049884E12":265,"1.211030237E12":103,"1.211025018E12":62,"1.211057295E12":286,"1.211034153E12":147,"1.211037853E12":180,"1.211051063E12":270,"1.211018959E12":37,"1.211038651E12":189,"1.211019169E12":41,"1.211049808E12":262,"1.211045345E12":231,"1.211246056E12":350,"1.211025523E12":66,"1.211245982E12":349,"1.211056907E12":284,"1.211045867E12":238,"1.211056611E12":282,"1.211046032E12":241,"1.211085379E12":328,"1.211080562E12":319,"1.211018528E12":30,"1.21101898E12":38,"1.211044053E12":223,"1.211063671E12":312,"1.211018878E12":32,"1.211028938E12":84,"1.211055682E12":278,"1.211040228E12":193,"1.211034555E12":156,"1.211019951E12":45,"1.211025637E12":69,"1.211060409E12":301,"1.211080852E12":322,"1.211060217E12":300,"1.211030743E12":109,"1.211048647E12":256,"1.211099376E12":341,"1.211063467E12":310,"1.21104417E12":225,"1.211020249E12":47,"1.211030073E12":100,"1.211034545E12":155,"1.211029557E12":92,"1.211038883E12":190,"1.211034461E12":153,"1.211032807E12":140,"1.211060931E12":305,"1.211060174E12":298,"1.211020569E12":50,"1.211019219E12":44,"1.211080597E12":320,"1.211045408E12":234,"1.211025631E12":68,"1.211050788E12":268,"1.211042131E12":212,"1.211024654E12":60,"1.211080296E12":318,"1.211019186E12":43,"1.211051116E12":271,"1.211045394E12":233,"1.211029827E12":96,"1.211050951E12":269,"1.211062832E12":307,"1.211018415E12":17,"1.211143755E12":348,"1.211050065E12":266,"1.21103191E12":120,"1.2110294E12":90,"1.211092022E12":334,"1.211018437E12":22,"1.211090931E12":332,"1.211054674E12":276,"1.211049757E12":261,"1.211035275E12":164,"1.211032797E12":139,"1.211054497E12":274,"1.211038151E12":184,"1.211045329E12":230,"1.211018522E12":29,"1.211030306E12":104,"1.211028688E12":81,"1.211099344E12":340,"1.211045917E12":239,"1.211057342E12":287,"1.211047313E12":250,"1.211046065E12":243,"1.211032757E12":136,"1.211037141E12":173,"1.211037272E12":178,"1.211060213E12":299,"1.211038165E12":185,"1.211043515E12":216,"1.211034971E12":160,"1.211037868E12":182,"1.211018405E12":8,"1.211041706E12":207,"1.211025931E12":72,"1.211046245E12":246,"1.211037212E12":177,"1.211032809E12":141,"1.21106317E12":308,"1.211035E12":162,"1.211046221E12":245,"1.211043779E12":219,"1.211018504E12":26,"1.211060912E12":304,"1.211047002E12":248,"1.211040435E12":197,"1.211098218E12":339,"1.211027959E12":79,"1.211039554E12":192,"1.211029833E12":97,"1.211043824E12":221,"1.211034659E12":158,"1.211087689E12":330,"1.211018436E12":21,"1.211019122E12":40,"1.211031855E12":119,"1.211087868E12":331,"1.211045577E12":237,"1.211018516E12":28,"1.211020412E12":48,"1.21105835E12":288,"1.21105656E12":281,"1.211027775E12":77,"1.211023933E12":59,"1.211039548E12":191,"1.211048307E12":253,"1.21106372E12":315,"1.211042119E12":211,"1.211030149E12":101,"1.211033005E12":143,"1.211018407E12":12,"1.211080846E12":321,"1.21103669E12":171,"1.211143667E12":347,"1.211030188E12":102,"1.211059333E12":289,"1.211029765E12":95,"1.211027947E12":78,"1.211019003E12":39,"1.211059747E12":291,"1.211030466E12":107,"1.211020428E12":49,"1.21109989E12":343,"1.211044041E12":222,"1.211028979E12":87,"1.21103198E12":128,"1.2110372E12":175},"NUMBER_OF_PEOPLE":400,"minTimeSeen":1.211018404E12,"maxTimeSeen":1.211558405E12,"NEIGHBORHOOD_RADIUS":20.0,"ENCOUNTER_CHANCE":0.05,"priority":1.0,"duration":540001.0,"minutesDuration":9000.016666666666,"hoursDuration":150.00027777777777,"daysDuration":6.250011574074073}
