{"propagationData":{"1.211050309E12":277,"1.211042177E12":221,"1.211032636E12":119,"1.211018514E12":26,"1.211018519E12":27,"1.211032298E12":114,"1.211043235E12":234,"1.21104311E12":232,"1.211042078E12":215,"1.211037338E12":173,"1.21106154E12":313,"1.211035873E12":157,"1.211025944E12":66,"1.211034329E12":143,"1.211038525E12":192,"1.211031725E12":103,"1.211018416E12":20,"1.211032089E12":109,"1.211035066E12":151,"1.211044687E12":247,"1.211033962E12":137,"1.211032957E12":124,"1.211031397E12":100,"1.21103176E12":105,"1.21103969E12":198,"1.211029364E12":72,"1.211018409E12":12,"1.211041669E12":211,"1.2110359E12":158,"1.21103651E12":167,"1.211060288E12":309,"1.211022954E12":52,"1.211033343E12":132,"1.211043523E12":237,"1.211026876E12":70,"1.211033641E12":133,"1.211038273E12":186,"1.211019425E12":44,"1.211035007E12":150,"1.211030248E12":79,"1.211018615E12":31,"1.211024825E12":57,"1.211051951E12":284,"1.211018512E12":25,"1.211018996E12":38,"1.211049793E12":269,"1.211020998E12":48,"1.21103282E12":123,"1.211063754E12":322,"1.211034562E12":147,"1.211060321E12":310,"1.211046035E12":260,"1.211042591E12":231,"1.211055239E12":295,"1.211042316E12":224,"1.211018591E12":30,"1.211038406E12":188,"1.211021527E12":49,"1.211257422E12":347,"1.211021694E12":50,"1.211099798E12":338,"1.211054861E12":293,"1.21103421E12":142,"1.211071034E12":326,"1.211054624E12":289,"1.21104593E12":258,"1.211051935E12":283,"1.211025144E12":59,"1.211040282E12":200,"1.211056429E12":297,"1.211045203E12":248,"1.211034565E12":148,"1.211020218E12":46,"1.211036135E12":162,"1.211025391E12":62,"1.211033301E12":130,"1.211037014E12":171,"1.211031159E12":99,"1.211031111E12":97,"1.211044562E12":243,"1.211038811E12":194,"1.21104572E12":252,"1.211051185E12":280,"1.211018435E12":22,"1.211086303E12":330,"1.211031043E12":93,"1.211036112E12":161,"1.211041324E12":206,"1.211030464E12":83,"1.211051103E12":278,"1.211018406E12":9,"1.211035846E12":156,"1.211025728E12":65,"1.211060286E12":308,"1.211032962E12":125,"1.211033166E12":128,"1.211018503E12":23,"1.211052222E12":285,"1.211030397E12":81,"1.211044625E12":245,"1.211041887E12":214,"1.211046394E12":264,"1.211032302E12":115,"1.211038847E12":196,"1.211061635E12":314,"1.211023167E12":53,"1.211041361E12":208,"1.211025632E12":64,"1.211033717E12":135,"1.211032129E12":111,"1.211060138E12":307,"1.211036938E12":170,"1.211040846E12":204,"1.211018929E12":35,"1.211062148E12":317,"1.211030605E12":85,"1.211038439E12":189,"1.211020243E12":47,"1.211037727E12":179,"1.211035927E12":159,"1.211042581E12":230,"1.21103109E12":96,"1.211019044E12":41,"1.211031071E12":95,"1.211040544E12":202,"1.211030225E12":78,"1.211033143E12":127,"1.211042079E12":216,"1.21103852E12":191,"1.211085616E12":327,"1.21122861E12":344,"1.211018524E12":28,"1.211037653E12":177,"1.211042147E12":218,"1.211034086E12":139,"1.211019032E12":40,"1.211036924E12":169,"1.211018404E12":7,"1.211034538E12":146,"1.211090437E12":337,"1.211043263E12":235,"1.211050172E12":275,"1.211037465E12":175,"1.211087732E12":332,"1.211054637E12":290,"1.211032289E12":113,"1.211031863E12":108,"1.211054652E12":292,"1.211041436E12":210,"1.211066329E12":323,"1.211036168E12":164,"1.211018657E12":33,"1.211037639E12":176,"1.211085692E12":328,"1.211025237E12":61,"1.211036189E12":165,"1.211061383E12":312,"1.21105981E12":304,"1.211046375E12":263,"1.21102602E12":68,"1.211046027E12":259,"1.211031601E12":101,"1.211035357E12":153,"1.211089007E12":335,"1.211033051E12":126,"1.211036842E12":168,"1.211052926E12":288,"1.211037767E12":180,"1.211051892E12":282,"1.211018411E12":16,"1.211030869E12":92,"1.211029479E12":73,"1.21103233E12":117,"1.211052897E12":287,"1.211042155E12":219,"1.211051211E12":281,"1.211044569E12":244,"1.211041326E12":207,"1.21103532E12":152,"1.211032736E12":121,"1.211018622E12":32,"1.2110324E12":118,"1.211055363E12":296,"1.211031057E12":94,"1.211070175E12":324,"1.2110501E12":274,"1.211030681E12":87,"1.211045849E12":254,"1.211061358E12":311,"1.211022326E12":51,"1.211030751E12":89,"1.211024354E12":55,"1.211038849E12":197,"1.211056894E12":301,"1.211113119E12":340,"1.211046346E12":261,"1.211038292E12":187,"1.211042572E12":229,"1.211030624E12":86,"1.211040183E12":199,"1.211049914E12":272,"1.21103536E12":154,"1.211045914E12":257,"1.211236844E12":346,"1.211030143E12":75,"1.211032115E12":110,"1.211044658E12":246,"1.211056622E12":299,"1.211040939E12":205,"1.211045672E12":250,"1.211042532E12":228,"1.211030155E12":76,"1.211042265E12":223,"1.211034204E12":141,"1.211038449E12":190,"1.211070983E12":325,"1.211023491E12":54,"1.211025965E12":67,"1.211018508E12":24,"1.211035936E12":160,"1.211042173E12":220,"1.211034185E12":140,"1.211024542E12":56,"1.211031821E12":107,"1.211032131E12":112,"1.211037802E12":181,"1.211030841E12":91,"1.211042336E12":225,"1.211037841E12":182,"1.21104224E12":222,"1.211038845E12":195,"1.211019089E12":43,"1.211043657E12":238,"1.211086235E12":329,"1.211059717E12":303,"1.211018564E12":29,"1.211063643E12":320,"1.211026227E12":69,"1.211040835E12":203,"1.211062135E12":316,"1.211058755E12":302,"1.211045893E12":256,"1.211041705E12":212,"1.211025215E12":60,"1.211052294E12":286,"1.211044164E12":242,"1.211018415E12":19,"1.211054648E12":291,"1.211049834E12":271,"1.211031602E12":102,"1.211050051E12":273,"1.211042146E12":217,"1.211031796E12":106,"1.211030779E12":90,"1.211036444E12":166,"1.21103043E12":82,"1.211043409E12":236,"1.211042373E12":226,"1.211046369E12":262,"1.211018964E12":37,"1.211033658E12":134,"1.211048518E12":267,"1.211033785E12":136,"1.211037327E12":172,"1.211038532E12":193,"1.211037439E12":174,"1.211050292E12":276,"1.211233503E12":345,"1.211018924E12":34,"1.211114128E12":341,"1.211030717E12":88,"1.211019001E12":39,"1.211032651E12":120,"1.211031757E12":104,"1.21101905E12":42,"1.211018405E12":8,"1.211059855E12":305,"1.211045303E12":249,"1.21104041E12":201,"1.211228413E12":343,"1.211030099E12":74,"1.211033185E12":129,"1.21105672E12":300,"1.211032781E12":122,"1.211028575E12":71,"1.211046612E12":265,"1.211034351E12":144,"1.21104247E12":227,"1.211018413E12":17,"1.211056567E12":298,"1.211048379E12":266,"1.211019656E12":45,"1.211038269E12":185,"1.211034532E12":145,"1.211044126E12":240,"1.211032303E12":116,"1.211034986E12":149,"1.211089077E12":336,"1.211063361E12":319,"1.211059962E12":306,"1.211114155E12":342,"1.21105491E12":294,"1.211038122E12":184,"1.211049831E12":270,"1.211088975E12":334,"1.211062076E12":315,"1.211044085E12":239,"1.211045713E12":251,"1.211030297E12":80,"1.211062959E12":318,"1.211035364E12":155,"1.211063711E12":321,"1.21102551E12":63,"1.21101841E12":15,"1.211037667E12":178,"1.21105114E12":279,"1.211049613E12":268,"1.211044131E12":241,"1.211087735E12":333,"1.211018957E12":36,"1.211043146E12":233,"1.211018407E12":10,"1.211099846E12":339,"1.211041805E12":213,"1.211031139E12":98,"1.211033317E12":131,"1.211037975E12":183,"1.211030203E12":77,"1.211025053E12":58,"1.211030506E12":84,"1.211045863E12":255,"1.211045809E12":253,"1.211041365E12":209},"NUMBER_OF_PEOPLE":400,"minTimeSeen":1.211018404E12,"maxTimeSeen":1.211558405E12,"NEIGHBORHOOD_RADIUS":20.0,"ENCOUNTER_CHANCE":0.05,"priority":1.0,"duration":540001.0,"minutesDuration":9000.016666666666,"hoursDuration":150.00027777777777,"daysDuration":6.250011574074073}
