{"propagationData":{"1.211030349E12":82,"1.211040474E12":209,"1.211064879E12":332,"1.211034902E12":151,"1.211056659E12":298,"1.211111279E12":377,"1.211019595E12":18,"1.211038596E12":205,"1.211021999E12":33,"1.211032815E12":123,"1.211036624E12":177,"1.211029071E12":57,"1.211069887E12":342,"1.21103655E12":173,"1.211043455E12":253,"1.211037352E12":186,"1.211035541E12":159,"1.211020392E12":28,"1.21105035E12":284,"1.21104135E12":221,"1.211042585E12":245,"1.211036632E12":178,"1.211033448E12":131,"1.211042088E12":234,"1.211032976E12":126,"1.211035141E12":153,"1.211029235E12":63,"1.211021827E12":32,"1.211075273E12":349,"1.211083034E12":363,"1.211082852E12":362,"1.211046482E12":265,"1.211050122E12":283,"1.211040619E12":211,"1.211061549E12":316,"1.211042199E12":236,"1.211020389E12":27,"1.211029357E12":66,"1.211030814E12":89,"1.21102294E12":35,"1.211041445E12":224,"1.211142667E12":382,"1.211077777E12":355,"1.211035941E12":168,"1.211047629E12":275,"1.211019454E12":12,"1.211023511E12":40,"1.211069664E12":341,"1.211032055E12":109,"1.21103476E12":147,"1.211032546E12":117,"1.211088952E12":370,"1.211029485E12":68,"1.211019478E12":13,"1.211030675E12":87,"1.21107293E12":348,"1.211031281E12":96,"1.211042526E12":244,"1.211068898E12":340,"1.211058159E12":306,"1.211035752E12":162,"1.211031742E12":100,"1.211338833E12":388,"1.211062488E12":320,"1.211034984E12":152,"1.211035808E12":163,"1.211036676E12":179,"1.211037552E12":187,"1.211094684E12":372,"1.211036936E12":182,"1.211024732E12":46,"1.211036543E12":172,"1.211019428E12":9,"1.211141779E12":379,"1.211029392E12":67,"1.211053847E12":294,"1.211047277E12":271,"1.21106201E12":317,"1.211057658E12":303,"1.21103213E12":112,"1.211041624E12":226,"1.211040857E12":214,"1.211042286E12":239,"1.211040937E12":217,"1.211085362E12":367,"1.21108183E12":360,"1.211031622E12":99,"1.211019555E12":15,"1.211138323E12":378,"1.211045281E12":258,"1.211042706E12":249,"1.211062237E12":318,"1.211071207E12":344,"1.211033146E12":129,"1.211037291E12":184,"1.211029501E12":69,"1.2111629E12":384,"1.211046391E12":262,"1.211032962E12":125,"1.211040927E12":216,"1.211019312E12":7,"1.211029045E12":56,"1.211019746E12":21,"1.2110193E12":6,"1.211023664E12":42,"1.211032639E12":118,"1.211056807E12":299,"1.211033878E12":136,"1.211084796E12":366,"1.211046507E12":266,"1.21101956E12":16,"1.211032392E12":114,"1.211042056E12":232,"1.211024823E12":47,"1.211036605E12":176,"1.211035862E12":164,"1.211031984E12":106,"1.21106498E12":335,"1.211030368E12":83,"1.211033726E12":133,"1.211036938E12":183,"1.211036561E12":174,"1.211068677E12":339,"1.211029256E12":65,"1.211029227E12":62,"1.211053812E12":293,"1.211038288E12":198,"1.211047211E12":269,"1.211032415E12":115,"1.211083752E12":364,"1.211033587E12":132,"1.211032014E12":108,"1.211030317E12":80,"1.211035338E12":156,"1.211082404E12":361,"1.211029009E12":54,"1.211036783E12":181,"1.211040613E12":210,"1.211085662E12":368,"1.211047335E12":272,"1.211068469E12":338,"1.211063778E12":329,"1.21104203E12":231,"1.211031102E12":94,"1.211023543E12":41,"1.211018404E12":3,"1.211019895E12":22,"1.211142549E12":381,"1.211024977E12":48,"1.211033139E12":128,"1.211033739E12":134,"1.211031751E12":101,"1.211029092E12":58,"1.211042451E12":242,"1.211054777E12":296,"1.211042062E12":233,"1.211019507E12":14,"1.211029832E12":74,"1.211063189E12":324,"1.211019572E12":17,"1.211020605E12":31,"1.211030641E12":85,"1.211040695E12":212,"1.211032877E12":124,"1.211063557E12":327,"1.211026402E12":49,"1.211050075E12":281,"1.211106062E12":376,"1.211030826E12":90,"1.211038159E12":195,"1.211059755E12":308,"1.211062271E12":319,"1.211041399E12":223,"1.211029147E12":60,"1.211060104E12":311,"1.211031924E12":104,"1.211038176E12":197,"1.211037568E12":188,"1.211042491E12":243,"1.211046029E12":260,"1.211032421E12":116,"1.211038148E12":193,"1.211064916E12":334,"1.211041538E12":225,"1.211020282E12":26,"1.211036199E12":170,"1.211029686E12":73,"1.211029595E12":71,"1.211046442E12":263,"1.211046037E12":261,"1.211024091E12":43,"1.211072697E12":346,"1.211061145E12":313,"1.211023388E12":39,"1.211034467E12":145,"1.21102903E12":55,"1.211038469E12":202,"1.211084501E12":365,"1.211050476E12":285,"1.211034841E12":150,"1.211038423E12":201,"1.211030669E12":86,"1.211065117E12":336,"1.211052475E12":290,"1.211040357E12":208,"1.211034348E12":142,"1.211034166E12":137,"1.211042668E12":246,"1.211051039E12":288,"1.21103116E12":95,"1.211026644E12":51,"1.211034187E12":138,"1.2110265E12":50,"1.211029254E12":64,"1.211018968E12":5,"1.211063312E12":325,"1.211142502E12":380,"1.211045255E12":257,"1.211020548E12":29,"1.211031098E12":93,"1.211035468E12":157,"1.211037794E12":191,"1.211030189E12":78,"1.211030784E12":88,"1.211102749E12":373,"1.211059589E12":307,"1.211023084E12":37,"1.211061379E12":314,"1.211094479E12":371,"1.211041767E12":228,"1.211019431E12":10,"1.211037714E12":189,"1.211081779E12":359,"1.211047581E12":274,"1.211033135E12":127,"1.211030013E12":76,"1.211035936E12":166,"1.211047491E12":273,"1.211080344E12":357,"1.211041189E12":218,"1.211042781E12":251,"1.211034782E12":148,"1.21102984E12":75,"1.2110774E12":353,"1.211049961E12":280,"1.211042414E12":241,"1.211052604E12":291,"1.211042193E12":235,"1.211031002E12":92,"1.211032813E12":122,"1.211040826E12":213,"1.211019917E12":24,"1.211019438E12":11,"1.211158608E12":383,"1.211029214E12":61,"1.211077733E12":354,"1.211030019E12":77,"1.211031927E12":105,"1.211030872E12":91,"1.211063169E12":323,"1.21103038E12":84,"1.211032112E12":111,"1.211043496E12":254,"1.211032739E12":121,"1.211035937E12":167,"1.211053857E12":295,"1.211019371E12":8,"1.211047688E12":276,"1.211041865E12":230,"1.21105543E12":297,"1.211035966E12":169,"1.211103995E12":375,"1.211023267E12":38,"1.21106008E12":310,"1.211059948E12":309,"1.211036601E12":175,"1.21105052E12":286,"1.211031784E12":102,"1.211042293E12":240,"1.211042695E12":248,"1.211265901E12":387,"1.211064904E12":333,"1.211032075E12":110,"1.211034189E12":139,"1.211077822E12":356,"1.211072714E12":347,"1.211019896E12":23,"1.211045166E12":256,"1.211043409E12":252,"1.211042676E12":247,"1.211032013E12":107,"1.211044662E12":255,"1.211042232E12":238,"1.211048069E12":277,"1.211057677E12":304,"1.211050083E12":282,"1.211020604E12":30,"1.211038151E12":194,"1.211057765E12":305,"1.211041201E12":219,"1.211034578E12":146,"1.211038394E12":200,"1.211056909E12":300,"1.211019662E12":20,"1.211019614E12":19,"1.211041353E12":222,"1.211032723E12":119,"1.21103551E12":158,"1.211063003E12":322,"1.211042214E12":237,"1.211035574E12":160,"1.211035324E12":155,"1.211029592E12":70,"1.211038165E12":196,"1.211260603E12":386,"1.211040348E12":207,"1.211022957E12":36,"1.211035142E12":154,"1.211201168E12":385,"1.211031923E12":103,"1.211064308E12":330,"1.211075596E12":351,"1.21104562E12":259,"1.211031582E12":98,"1.211034835E12":149,"1.21101994E12":25,"1.21102432E12":45,"1.211071016E12":343,"1.211057379E12":302,"1.211046451E12":264,"1.211041777E12":229,"1.211038299E12":199,"1.211033424E12":130,"1.211042736E12":250,"1.211103032E12":374,"1.211075424E12":350,"1.211038558E12":204,"1.211046584E12":267,"1.211063361E12":326,"1.211034446E12":144,"1.21105698E12":301,"1.211034301E12":141,"1.211036524E12":171,"1.211034413E12":143,"1.211041694E12":227,"1.211024314E12":44,"1.211030268E12":79,"1.211049526E12":278,"1.211037292E12":185,"1.211050555E12":287,"1.211038629E12":206,"1.211029657E12":72,"1.211071332E12":345,"1.211051653E12":289,"1.211075631E12":352,"1.211063741E12":328,"1.211081085E12":358,"1.211037814E12":192,"1.211032735E12":120,"1.211064796E12":331,"1.211029122E12":59,"1.211029007E12":53,"1.211028809E12":52,"1.211022632E12":34,"1.211053525E12":292,"1.211068084E12":337,"1.211018407E12":4,"1.211060318E12":312,"1.211033835E12":135,"1.211032314E12":113,"1.211049735E12":279,"1.211086038E12":369,"1.211040905E12":215,"1.211035658E12":161,"1.211035889E12":165,"1.211061411E12":315,"1.211062932E12":321,"1.211047154E12":268,"1.21104725E12":270,"1.211034214E12":140,"1.211036733E12":180,"1.211041217E12":220},"NUMBER_OF_PEOPLE":400,"minTimeSeen":1.211018404E12,"maxTimeSeen":1.211558405E12,