{"propagationData":{"1.21104591E12":240,"1.211030199E12":68,"1.211021106E12":12,"1.211036641E12":149,"1.211046296E12":247,"1.211035944E12":136,"1.211042091E12":208,"1.21102881E12":49,"1.211034321E12":121,"1.211041534E12":202,"1.211029522E12":57,"1.211215873E12":369,"1.211047022E12":251,"1.211038235E12":169,"1.211052313E12":283,"1.211029977E12":62,"1.21108027E12":354,"1.21103864E12":173,"1.211022767E12":30,"1.211027827E12":47,"1.211033295E12":108,"1.211063858E12":318,"1.211034203E12":118,"1.211025698E12":42,"1.211045538E12":237,"1.211043092E12":213,"1.211050952E12":275,"1.211035066E12":126,"1.211046133E12":246,"1.211071296E12":325,"1.211047147E12":252,"1.211039169E12":180,"1.211034157E12":115,"1.211067139E12":322,"1.211045165E12":231,"1.211034031E12":114,"1.21103836E12":170,"1.21104552E12":236,"1.21103176E12":84,"1.211052224E12":281,"1.211033055E12":107,"1.211034553E12":122,"1.211033352E12":109,"1.211050949E12":274,"1.211038539E12":172,"1.211030824E12":78,"1.211039824E12":185,"1.211044814E12":228,"1.211018737E12":9,"1.211040603E12":194,"1.211041469E12":200,"1.211032315E12":92,"1.211072849E12":332,"1.211040625E12":196,"1.211043928E12":217,"1.211076179E12":344,"1.211055324E12":297,"1.211030231E12":70,"1.211038758E12":179,"1.211030421E12":73,"1.211028807E12":48,"1.211077446E12":351,"1.211024839E12":38,"1.211053382E12":291,"1.211044208E12":223,"1.211050246E12":268,"1.211053423E12":292,"1.211046999E12":250,"1.21102899E12":50,"1.211026502E12":46,"1.211057439E12":311,"1.211039174E12":181,"1.211073047E12":334,"1.211032139E12":89,"1.211103993E12":366,"1.211045517E12":235,"1.211040266E12":189,"1.211026336E12":44,"1.211072364E12":329,"1.211035303E12":129,"1.211056756E12":307,"1.211039918E12":186,"1.211039939E12":187,"1.211031394E12":80,"1.211053326E12":290,"1.211034656E12":124,"1.211045563E12":238,"1.211029812E12":59,"1.21103417E12":117,"1.211022619E12":27,"1.211085026E12":357,"1.211055998E12":300,"1.211077295E12":348,"1.211072979E12":333,"1.21101866E12":5,"1.211048327E12":260,"1.211035085E12":127,"1.211071288E12":324,"1.211067983E12":323,"1.211044234E12":224,"1.211029487E12":56,"1.211044042E12":219,"1.211025681E12":41,"1.211035968E12":137,"1.211032731E12":99,"1.211032779E12":103,"1.211040338E12":191,"1.211082614E12":356,"1.211039617E12":184,"1.211018574E12":2,"1.211018658E12":4,"1.211053205E12":288,"1.211045294E12":232,"1.211214765E12":367,"1.211072633E12":330,"1.211056961E12":310,"1.211021175E12":14,"1.211074079E12":336,"1.211045152E12":230,"1.211022005E12":20,"1.211022445E12":25,"1.211092071E12":358,"1.211056624E12":306,"1.211042056E12":206,"1.211066783E12":321,"1.211029172E12":51,"1.211029337E12":53,"1.211045918E12":242,"1.211029303E12":52,"1.211077645E12":352,"1.211050439E12":270,"1.211037842E12":164,"1.211021683E12":19,"1.211071789E12":326,"1.211040585E12":193,"1.211021103E12":10,"1.211052109E12":278,"1.211022385E12":23,"1.21103735E12":157,"1.211052126E12":279,"1.211035629E12":131,"1.211046122E12":245,"1.211034787E12":125,"1.211056937E12":309,"1.211021636E12":18,"1.211030495E12":75,"1.21105223E12":282,"1.211031946E12":86,"1.211038203E12":167,"1.21103869E12":177,"1.211023477E12":33,"1.211103954E12":365,"1.211037036E12":154,"1.211030003E12":63,"1.211038677E12":176,"1.211040296E12":190,"1.211018404E12":1,"1.211036244E12":143,"1.211077367E12":350,"1.211072673E12":331,"1.211021326E12":15,"1.211030142E12":67,"1.2110497E12":264,"1.211032912E12":105,"1.211040895E12":198,"1.211034654E12":123,"1.211050191E12":267,"1.211044527E12":225,"1.211036061E12":138,"1.211041781E12":205,"1.211040622E12":195,"1.211053967E12":295,"1.211047802E12":259,"1.211074954E12":339,"1.21103342E12":110,"1.211042735E12":211,"1.211040047E12":188,"1.211052337E12":284,"1.211052972E12":287,"1.211047387E12":254,"1.211036507E12":145,"1.211078108E12":353,"1.21103755E12":159,"1.211215714E12":368,"1.211038533E12":171,"1.211041138E12":199,"1.21106663E12":320,"1.211050912E12":273,"1.211031574E12":81,"1.211032145E12":90,"1.211029358E12":54,"1.211043153E12":214,"1.211092129E12":361,"1.211033997E12":113,"1.2110187E12":8,"1.211059014E12":313,"1.211031753E12":83,"1.211031722E12":82,"1.211036194E12":141,"1.211082608E12":355,"1.211032749E12":101,"1.211026218E12":43,"1.211034161E12":116,"1.211065127E12":319,"1.211048381E12":261,"1.211032629E12":96,"1.211022396E12":24,"1.21105996E12":316,"1.211049013E12":262,"1.211018661E12":6,"1.211060168E12":317,"1.211074427E12":338,"1.211055668E12":298,"1.211043738E12":215,"1.211030663E12":76,"1.211053752E12":294,"1.211038641E12":174,"1.211092104E12":359,"1.21104409E12":220,"1.211052789E12":286,"1.211029462E12":55,"1.211038651E12":175,"1.211030122E12":66,"1.21103702E12":153,"1.211059109E12":314,"1.211037605E12":161,"1.211053254E12":289,"1.211046585E12":248,"1.211047426E12":256,"1.211031093E12":79,"1.211032092E12":88,"1.211021342E12":16,"1.21103042E12":72,"1.211077128E12":346,"1.211036722E12":151,"1.211040722E12":197,"1.211036613E12":146,"1.211032994E12":106,"1.211045514E12":234,"1.211032222E12":91,"1.211037688E12":162,"1.211047726E12":258,"1.211025443E12":39,"1.211032702E12":97,"1.211040535E12":192,"1.211050684E12":272,"1.211036197E12":142,"1.211022254E12":22,"1.21104473E12":226,"1.211056569E12":303,"1.21103209E12":87,"1.211056392E12":302,"1.2110302E12":69,"1.2110226E12":26,"1.211042417E12":210,"1.211029928E12":61,"1.211036164E12":140,"1.211052451E12":285,"1.211045939E12":243,"1.2110221E12":21,"1.211030795E12":77,"1.211030436E12":74,"1.211037325E12":155,"1.211076071E12":343,"1.21107587E12":341,"1.211035871E12":134,"1.211032814E12":104,"1.211050183E12":266,"1.211049021E12":263,"1.211071846E12":327,"1.211025473E12":40,"1.21104503E12":229,"1.211024654E12":37,"1.211022747E12":29,"1.211037557E12":160,"1.21104413E12":222,"1.211041487E12":201,"1.211032739E12":100,"1.211035937E12":135,"1.211092113E12":360,"1.211056292E12":301,"1.211035379E12":130,"1.211021112E12":13,"1.211038181E12":165,"1.211043091E12":212,"1.211056605E12":305,"1.211046034E12":244,"1.211223494E12":370,"1.211042405E12":209,"1.211033814E12":112,"1.21103875E12":178,"1.211059192E12":315,"1.211045654E12":239,"1.211538947E12":371,"1.211032613E12":95,"1.211073753E12":335,"1.211030114E12":65,"1.211045368E12":233,"1.211024499E12":36,"1.211038231E12":168,"1.21105527E12":296,"1.211047348E12":253,"1.211030074E12":64,"1.211055731E12":299,"1.211031905E12":85,"1.211037349E12":156,"1.211029901E12":60,"1.211052043E12":277,"1.211052153E12":280,"1.211036628E12":148,"1.211056927E12":308,"1.211047414E12":255,"1.2110364E12":144,"1.2110382E12":166,"1.211039601E12":183,"1.211050567E12":271,"1.211032511E12":94,"1.211037507E12":158,"1.21102376E12":34,"1.211034239E12":120,"1.211033616E12":111,"1.211041706E12":203,"1.211032476E12":93,"1.211039586E12":182,"1.211103941E12":364,"1.211036162E12":139,"1.211041774E12":204,"1.211074993E12":340,"1.211036664E12":150,"1.211077129E12":347,"1.211046624E12":249,"1.211018679E12":7,"1.211023166E12":31,"1.211037817E12":163,"1.211075918E12":342,"1.211101046E12":363,"1.211076196E12":345,"1.211024276E12":35,"1.211044795E12":227,"1.211026403E12":45,"1.211023256E12":32,"1.211043926E12":216,"1.211021545E12":17,"1.211074147E12":337,"1.211022682E12":28,"1.211035755E12":133,"1.211077324E12":349,"1.21103686E12":152,"1.211032777E12":102,"1.211053607E12":293,"1.211050166E12":265,"1.211035242E12":128,"1.211050389E12":269,"1.211032728E12":98,"1.21105659E12":304,"1.211051059E12":276,"1.211047568E12":257,"1.21104208E12":207,"1.211072244E12":328,"1.211029765E12":58,"1.211057446E12":312,"1.211030294E12":71,"1.211100807E12":362,"1.211044041E12":218,"1.211045911E12":241,"1.211036622E12":147},"NUMBER_OF_PEOPLE":400,"minTimeSeen":1.211018404E12,"maxTimeSeen":1.211558405E12,"NEIGHBORHOOD_RADIUS":20.0,"ENCOUNTER_CHANCE":0.05,"priority":1.0,"duration":540001.0,"minutesDuration":9000.016666666666,"hoursDuration":150.00027777777777,"daysDuration":6.250011574074073}
