{"propagationData":{"1.211031415E12":74,"1.211031253E12":72,"1.211055133E12":276,"1.211026212E12":58,"1.211064764E12":306,"1.211044419E12":223,"1.211059118E12":293,"1.211039429E12":175,"1.2110424E12":209,"1.211020027E12":17,"1.211063915E12":298,"1.211039756E12":178,"1.211024346E12":41,"1.211045393E12":231,"1.211044129E12":221,"1.21104794E12":256,"1.211024998E12":46,"1.211038067E12":163,"1.211040249E12":180,"1.211064433E12":301,"1.211076953E12":317,"1.211019826E12":11,"1.211035066E12":132,"1.211047594E12":252,"1.211044643E12":225,"1.211039392E12":173,"1.211023258E12":37,"1.211040666E12":190,"1.211058224E12":291,"1.21103504E12":131,"1.211184619E12":357,"1.211071109E12":314,"1.211030629E12":66,"1.211057872E12":289,"1.211057536E12":286,"1.211044128E12":220,"1.2111566E12":352,"1.211035684E12":140,"1.211032614E12":94,"1.211019897E12":14,"1.211061851E12":295,"1.211050436E12":263,"1.211035073E12":133,"1.211058118E12":290,"1.211042156E12":204,"1.21103293E12":97,"1.211327924E12":366,"1.21102026E12":20,"1.211020883E12":26,"1.21132795E12":367,"1.211019035E12":5,"1.211030712E12":68,"1.211024656E12":44,"1.211043365E12":214,"1.211266669E12":360,"1.21104218E12":205,"1.211037152E12":148,"1.211051898E12":272,"1.211035143E12":135,"1.211040437E12":186,"1.211034942E12":126,"1.211120909E12":338,"1.211046333E12":240,"1.211032072E12":83,"1.211019969E12":16,"1.211266714E12":362,"1.211056908E12":284,"1.211038037E12":161,"1.211022123E12":32,"1.21105104E12":268,"1.211020386E12":23,"1.211034952E12":128,"1.211134816E12":343,"1.211026189E12":57,"1.211033585E12":105,"1.211051057E12":269,"1.211045938E12":238,"1.211030722E12":69,"1.211024464E12":42,"1.211031957E12":79,"1.211055653E12":279,"1.211047843E12":253,"1.211125481E12":342,"1.211035663E12":139,"1.211064557E12":304,"1.211037233E12":152,"1.21103219E12":86,"1.211039206E12":171,"1.211046886E12":242,"1.211046998E12":246,"1.211078043E12":324,"1.211034079E12":109,"1.211040436E12":185,"1.211047577E12":250,"1.211035592E12":137,"1.211024838E12":45,"1.211154889E12":350,"1.211046357E12":241,"1.211040802E12":193,"1.211064823E12":307,"1.211266046E12":359,"1.211044566E12":224,"1.211032537E12":92,"1.211047032E12":247,"1.211075919E12":315,"1.211039422E12":174,"1.211057006E12":285,"1.211025632E12":50,"1.211079939E12":331,"1.211038672E12":167,"1.211032129E12":85,"1.211080244E12":333,"1.211025622E12":49,"1.211034898E12":125,"1.211079843E12":330,"1.211063963E12":299,"1.211048283E12":257,"1.211031245E12":71,"1.211121655E12":340,"1.211020237E12":19,"1.211054917E12":275,"1.211034175E12":115,"1.21104073E12":192,"1.211050343E12":261,"1.211034108E12":110,"1.211045093E12":229,"1.211021103E12":29,"1.21105689E12":283,"1.211050544E12":265,"1.211266696E12":361,"1.211037768E12":158,"1.211079351E12":327,"1.21103562E12":138,"1.211037193E12":150,"1.211019032E12":4,"1.211045472E12":234,"1.211018404E12":3,"1.2110348E12":123,"1.211036643E12":145,"1.211022401E12":34,"1.211037609E12":153,"1.21104209E12":202,"1.211061404E12":294,"1.211024566E12":43,"1.211064549E12":303,"1.211020901E12":27,"1.211030287E12":63,"1.211040367E12":184,"1.211070233E12":311,"1.211047894E12":255,"1.211185039E12":358,"1.211039667E12":177,"1.21104171E12":200,"1.21106467E12":305,"1.211032542E12":93,"1.21103468E12":122,"1.211044867E12":226,"1.211030305E12":64,"1.211032512E12":90,"1.211033222E12":101,"1.211047589E12":251,"1.211026059E12":55,"1.21132762E12":365,"1.211080283E12":334,"1.211077737E12":321,"1.211042226E12":207,"1.211080421E12":336,"1.211026288E12":59,"1.211023845E12":39,"1.211040302E12":182,"1.211040908E12":195,"1.211020269E12":21,"1.211042496E12":212,"1.211040354E12":183,"1.211041036E12":196,"1.21103415E12":113,"1.211037226E12":151,"1.21106192E12":296,"1.211040637E12":188,"1.211077863E12":322,"1.211065344E12":308,"1.211053664E12":273,"1.21103886E12":169,"1.211021682E12":31,"1.211080021E12":332,"1.211025915E12":53,"1.211025057E12":47,"1.211033547E12":104,"1.211043775E12":216,"1.211031806E12":75,"1.211058786E12":292,"1.211031939E12":78,"1.211028646E12":60,"1.211019874E12":13,"1.211032497E12":89,"1.211079443E12":329,"1.211055786E12":281,"1.211040645E12":189,"1.211032958E12":98,"1.211019382E12":8,"1.211039019E12":170,"1.21103314E12":99,"1.211026089E12":56,"1.211019848E12":12,"1.211019565E12":9,"1.211034164E12":114,"1.211077976E12":323,"1.211025823E12":52,"1.21104113E12":198,"1.211026033E12":54,"1.211041051E12":197,"1.211139189E12":345,"1.211031884E12":76,"1.211021416E12":30,"1.211042202E12":206,"1.211155487E12":351,"1.211065492E12":310,"1.211048564E12":258,"1.211023476E12":38,"1.211079442E12":328,"1.211045819E12":237,"1.211033734E12":107,"1.211025758E12":51,"1.21105537E12":278,"1.211046968E12":244,"1.211080413E12":335,"1.21106385E12":297,"1.21102099E12":28,"1.211037688E12":155,"1.211034667E12":121,"1.211041139E12":199,"1.211038054E12":162,"1.211040565E12":187,"1.211034474E12":116,"1.211035936E12":141,"1.211022614E12":36,"1.211038027E12":160,"1.211032776E12":96,"1.211031994E12":81,"1.21105522E12":277,"1.211044045E12":219,"1.211033722E12":106,"1.211044387E12":222,"1.211051225E12":270,"1.211042417E12":210,"1.211039924E12":179,"1.211019735E12":10,"1.211044887E12":227,"1.211032535E12":91,"1.21102867E12":61,"1.2110471E12":248,"1.211032102E12":84,"1.211033772E12":108,"1.21103319E12":100,"1.211078203E12":326,"1.211139407E12":346,"1.211051884E12":271,"1.211025195E12":48,"1.211036229E12":143,"1.211038174E12":164,"1.211046891E12":243,"1.211042131E12":203,"1.211020855E12":25,"1.211040256E12":181,"1.211019234E12":6,"1.211032193E12":87,"1.211048709E12":259,"1.211037182E12":149,"1.21103136E12":73,"1.211266738E12":363,"1.211020291E12":22,"1.211040713E12":191,"1.211037061E12":146,"1.211054268E12":274,"1.211022187E12":33,"1.211032459E12":88,"1.211030726E12":70,"1.21107106E12":313,"1.211047856E12":254,"1.211048784E12":260,"1.211034564E12":118,"1.211032647E12":95,"1.211034821E12":124,"1.211154617E12":349,"1.211036611E12":144,"1.211139812E12":347,"1.211037709E12":156,"1.211045682E12":235,"1.211034607E12":120,"1.211064536E12":302,"1.211042426E12":211,"1.211038668E12":166,"1.211143302E12":348,"1.211037721E12":157,"1.211044889E12":228,"1.21104516E12":230,"1.211030667E12":67,"1.211035019E12":130,"1.211043537E12":215,"1.211033229E12":102,"1.211057582E12":287,"1.21104757E12":249,"1.211057647E12":288,"1.211065353E12":309,"1.211077098E12":318,"1.211035086E12":134,"1.211038586E12":165,"1.211039235E12":172,"1.211120917E12":339,"1.211326659E12":364,"1.211076344E12":316,"1.211184583E12":356,"1.211031933E12":77,"1.211040856E12":194,"1.211077604E12":320,"1.211055654E12":280,"1.211037133E12":147,"1.211158139E12":355,"1.211137539E12":344,"1.211046295E12":239,"1.2110454E12":233,"1.211034948E12":127,"1.211037663E12":154,"1.21107093E12":312,"1.21102052E12":24,"1.211024314E12":40,"1.211156712E12":353,"1.211119087E12":337,"1.211033368E12":103,"1.21102255E12":35,"1.211121819E12":341,"1.211039613E12":176,"1.211035577E12":136,"1.211036205E12":142,"1.211046994E12":245,"1.211020111E12":18,"1.211056873E12":282,"1.211064345E12":300,"1.211050496E12":264,"1.21103791E12":159,"1.21105041E12":262,"1.211034557E12":117,"1.211028809E12":62,"1.211050717E12":266,"1.211045397E12":232,"1.211034969E12":129,"1.211043064E12":213,"1.211019958E12":15,"1.211034125E12":111,"1.211034137E12":112,"1.211032048E12":82,"1.211042249E12":208,"1.211077107E12":319,"1.211050978E12":267,"1.211030506E12":65,"1.211038682E12":168,"1.211019346E12":7,"1.211157028E12":354,"1.211044044E12":218,"1.211045729E12":236,"1.211031983E12":80},"NUMBER_OF_PEOPLE":400,"minTimeSeen":1.211018404E12,"maxTimeSeen":1.211558405E12,"NEIGHBORHOOD_RADIUS":20.0,"ENCOUNTER_CHANCE":0.05,"priority":1.0,"duration":540001.0,"minutesDuration":9000.016666666666,"hoursDuration":150.00027777777777,"daysDuration":6.250011574074073}
