{"propagationData":{"1.211171345E12":192,"1.211056987E12":61,"1.211062711E12":105,"1.21120879E12":203,"1.211054487E12":46,"1.211049578E12":23,"1.211047566E12":16,"1.211038888E12":9,"1.211054566E12":48,"1.211050688E12":31,"1.211057613E12":68,"1.211063598E12":113,"1.211064433E12":124,"1.211059577E12":77,"1.21106293E12":107,"1.211048965E12":21,"1.211018431E12":2,"1.21106043E12":81,"1.211064484E12":127,"1.211083352E12":172,"1.211063808E12":115,"1.211018604E12":3,"1.211050526E12":29,"1.211062098E12":95,"1.211074151E12":154,"1.211057872E12":69,"1.211057536E12":66,"1.211059998E12":80,"1.211056737E12":57,"1.211060773E12":89,"1.211206171E12":198,"1.211071918E12":147,"1.21106734E12":131,"1.211164568E12":190,"1.211048673E12":18,"1.211070224E12":142,"1.211059628E12":78,"1.211084284E12":173,"1.21106421E12":120,"1.211057371E12":65,"1.211049783E12":24,"1.211048475E12":17,"1.21116422E12":185,"1.211068683E12":136,"1.211210118E12":210,"1.211072364E12":151,"1.211066772E12":130,"1.211053271E12":38,"1.21106834E12":134,"1.211054468E12":45,"1.211071304E12":145,"1.211063836E12":116,"1.211057091E12":63,"1.211050539E12":30,"1.211162944E12":182,"1.211072231E12":150,"1.211059397E12":73,"1.211067342E12":132,"1.211050692E12":32,"1.211068804E12":139,"1.211062633E12":102,"1.211071943E12":149,"1.211064316E12":122,"1.211209307E12":204,"1.21106299E12":109,"1.211063752E12":114,"1.211059106E12":71,"1.211031118E12":6,"1.211076525E12":157,"1.211056751E12":58,"1.211082687E12":170,"1.21106303E12":110,"1.211077404E12":161,"1.211064075E12":118,"1.211046803E12":11,"1.211059568E12":75,"1.211076923E12":159,"1.211082061E12":168,"1.21108491E12":177,"1.211050201E12":28,"1.211164282E12":186,"1.21105689E12":60,"1.211156543E12":179,"1.211051009E12":33,"1.211162652E12":180,"1.211081987E12":167,"1.211055958E12":51,"1.211164197E12":183,"1.211059576E12":76,"1.21105999E12":79,"1.211018404E12":1,"1.211080678E12":166,"1.21106391E12":117,"1.211060621E12":87,"1.211054115E12":41,"1.211084626E12":175,"1.211049812E12":25,"1.211056146E12":53,"1.211050036E12":26,"1.211060442E12":85,"1.21105011E12":27,"1.211048702E12":19,"1.211162924E12":181,"1.211156485E12":178,"1.211164566E12":188,"1.211048823E12":20,"1.211060852E12":91,"1.211062583E12":100,"1.211047006E12":13,"1.211062542E12":98,"1.211077474E12":164,"1.21108322E12":171,"1.211054336E12":44,"1.211056165E12":55,"1.211062591E12":101,"1.211046835E12":12,"1.21106044E12":84,"1.211205103E12":194,"1.211060446E12":86,"1.211051145E12":34,"1.211077423E12":162,"1.211047153E12":14,"1.211205991E12":196,"1.211056138E12":52,"1.211077382E12":160,"1.211053333E12":39,"1.211056162E12":54,"1.21107238E12":152,"1.211208191E12":200,"1.211055682E12":49,"1.211209772E12":205,"1.211021177E12":4,"1.211070315E12":143,"1.211075883E12":156,"1.211205141E12":195,"1.211068049E12":133,"1.211071935E12":148,"1.211068481E12":135,"1.211171343E12":191,"1.211206116E12":197,"1.211062121E12":96,"1.211171538E12":193,"1.211070359E12":144,"1.211068752E12":138,"1.211077462E12":163,"1.21105758E12":67,"1.211209983E12":207,"1.211052315E12":36,"1.211060863E12":92,"1.211064414E12":123,"1.211082661E12":169,"1.211056475E12":56,"1.211061299E12":94,"1.211208734E12":201,"1.211080599E12":165,"1.211084466E12":174,"1.211210137E12":211,"1.21106448E12":126,"1.21103226E12":7,"1.211210004E12":208,"1.211064287E12":121,"1.211064497E12":128,"1.211039117E12":10,"1.211073759E12":153,"1.211076661E12":158,"1.211057222E12":64,"1.211062582E12":99,"1.211031085E12":5,"1.211056766E12":59,"1.211064202E12":119,"1.211068849E12":140,"1.211053422E12":40,"1.211084838E12":176,"1.211060438E12":83,"1.211068701E12":137,"1.211060951E12":93,"1.21106266E12":104,"1.211064439E12":125,"1.211071872E12":146,"1.211049188E12":22,"1.211062131E12":97,"1.21105432E12":43,"1.211164535E12":187,"1.211057036E12":62,"1.211060809E12":90,"1.211208755E12":202,"1.211068859E12":141,"1.211062864E12":106,"1.211063148E12":111,"1.211210016E12":209,"1.21106474E12":129,"1.211060431E12":82,"1.211209775E12":206,"1.211206189E12":199,"1.211062959E12":108,"1.211063572E12":112,"1.211059567E12":74,"1.211059261E12":72,"1.211047215E12":15,"1.211033689E12":8,"1.21106264E12":103,"1.211058163E12":70,"1.211051708E12":35,"1.211060764E12":88,"1.211052586E12":37,"1.211055691E12":50,"1.211054537E12":47,"1.21107583E12":155},"NUMBER_OF_PEOPLE":400,"minTimeSeen":1.211018404E12,"maxTimeSeen":1.211558405E12,"NEIGHBORHOOD_RADIUS":20.0,"ENCOUNTER_CHANCE":0.05,"priority":1.0,"duration":540001.0,"minutesDuration":9000.016666666666,"hoursDuration":150.00027777777777,"daysDuration":6.250011574074073}
