{"propagationData":{"1.211087738E12":6,"1.211210803E12":8,"1.211099631E12":7,"1.211029187E12":2,"1.211210805E12":10,"1.211087722E12":5,"1.211066652E12":3,"1.211210804E12":9,"1.211087442E12":4,"1.211018404E12":1},"NUMBER_OF_PEOPLE":400,"minTimeSeen":1.211018404E12,"maxTimeSeen":1.211558405E12,"NEIGHBORHOOD_RADIUS":20.0,"ENCOUNTER_CHANCE":0.05,"priority":1.0,"duration":540001.0,"minutesDuration":9000.016666666666,"hoursDuration":150.00027777777777,"daysDuration":6.250011574074073}
