{"propagationData":{"1.211040697E12":250,"1.21103066E12":128,"1.211027647E12":90,"1.211018465E12":9,"1.211028391E12":92,"1.211021996E12":62,"1.21101972E12":49,"1.211019768E12":52,"1.211036228E12":204,"1.211042514E12":272,"1.211033092E12":168,"1.211018526E12":30,"1.211018514E12":13,"1.211025757E12":80,"1.211018519E12":19,"1.211034309E12":186,"1.211024862E12":69,"1.211050355E12":321,"1.21103864E12":231,"1.211029369E12":115,"1.211057813E12":331,"1.211035938E12":203,"1.211041046E12":256,"1.211040931E12":255,"1.21101857E12":36,"1.211148E12":374,"1.211030613E12":127,"1.211042533E12":274,"1.211030863E12":130,"1.211025176E12":74,"1.21101937E12":47,"1.211032089E12":151,"1.211062961E12":339,"1.2110588E12":333,"1.211047675E12":305,"1.211038875E12":235,"1.21108044E12":355,"1.211018542E12":34,"1.211045982E12":294,"1.211030703E12":129,"1.211051132E12":323,"1.211047543E12":302,"1.211029124E12":112,"1.211031315E12":137,"1.211045889E12":292,"1.211039597E12":240,"1.211021722E12":60,"1.211035882E12":199,"1.211077187E12":350,"1.211039646E12":242,"1.211026206E12":83,"1.211031779E12":142,"1.211044955E12":287,"1.211035164E12":195,"1.211042159E12":268,"1.211071161E12":347,"1.211080495E12":356,"1.211019403E12":48,"1.211025899E12":82,"1.211018512E12":12,"1.211083519E12":360,"1.211018704E12":41,"1.211019223E12":46,"1.211098114E12":366,"1.211032063E12":150,"1.211036413E12":207,"1.211040304E12":244,"1.211033298E12":171,"1.211041129E12":257,"1.211018731E12":43,"1.211044856E12":286,"1.211032762E12":167,"1.211044046E12":281,"1.211018527E12":31,"1.211019969E12":55,"1.211036912E12":216,"1.211020103E12":58,"1.211101563E12":368,"1.211028975E12":107,"1.211042097E12":267,"1.211019756E12":50,"1.211042187E12":270,"1.211032046E12":149,"1.211040928E12":254,"1.211042197E12":271,"1.211032165E12":154,"1.21103417E12":180,"1.211036921E12":218,"1.211018694E12":39,"1.211018505E12":10,"1.211032343E12":161,"1.211035817E12":198,"1.211018454E12":7,"1.211036883E12":215,"1.211031957E12":144,"1.211034738E12":192,"1.211019183E12":45,"1.211032413E12":163,"1.211035155E12":194,"1.211047485E12":301,"1.211027009E12":85,"1.2110256E12":78,"1.211167622E12":383,"1.211028719E12":101,"1.211048621E12":312,"1.211025022E12":72,"1.211085093E12":361,"1.211018406E12":3,"1.211033742E12":177,"1.211055186E12":325,"1.211028814E12":103,"1.211056745E12":329,"1.211040332E12":249,"1.211039719E12":243,"1.211082149E12":359,"1.211021963E12":61,"1.211041491E12":259,"1.21103104E12":133,"1.211048643E12":313,"1.21103451E12":188,"1.211086666E12":363,"1.211051602E12":324,"1.211036919E12":217,"1.211018544E12":35,"1.211040314E12":248,"1.211036434E12":208,"1.211097445E12":365,"1.211048145E12":306,"1.211048509E12":310,"1.211029761E12":119,"1.211018518E12":15,"1.211037615E12":224,"1.211044964E12":288,"1.211032144E12":153,"1.211035171E12":196,"1.21110866E12":371,"1.21104856E12":311,"1.211422673E12":388,"1.211044029E12":280,"1.211146635E12":373,"1.211050343E12":320,"1.211039552E12":238,"1.211034541E12":189,"1.211035094E12":193,"1.21102871E12":99,"1.211032271E12":158,"1.211028716E12":100,"1.211154891E12":377,"1.211028846E12":104,"1.2110376E12":223,"1.211018524E12":29,"1.211028696E12":96,"1.211328527E12":387,"1.211031108E12":134,"1.211034218E12":184,"1.211029123E12":111,"1.211030304E12":124,"1.211062794E12":337,"1.211018404E12":2,"1.211085251E12":362,"1.211048758E12":314,"1.211041995E12":263,"1.211071044E12":346,"1.211042076E12":265,"1.21104425E12":282,"1.21102498E12":70,"1.211018521E12":24,"1.211033266E12":170,"1.211046752E12":298,"1.211048383E12":309,"1.211043947E12":278,"1.211018531E12":32,"1.21102002E12":56,"1.211260595E12":386,"1.211032191E12":157,"1.211043765E12":277,"1.211071027E12":345,"1.211029413E12":116,"1.211047548E12":303,"1.211035923E12":201,"1.211027015E12":86,"1.21102921E12":113,"1.21104761E12":304,"1.211029358E12":114,"1.211031776E12":141,"1.211114301E12":372,"1.211036509E12":210,"1.211036398E12":206,"1.211044306E12":283,"1.211019908E12":54,"1.211032756E12":166,"1.211022617E12":64,"1.211038543E12":229,"1.211032378E12":162,"1.211034209E12":183,"1.211101591E12":369,"1.211034192E12":182,"1.21104454E12":284,"1.211018511E12":11,"1.211028723E12":102,"1.211025019E12":71,"1.211024312E12":68,"1.211040306E12":245,"1.211048223E12":307,"1.211027072E12":87,"1.211029462E12":117,"1.211160664E12":380,"1.211031438E12":139,"1.211025599E12":77,"1.211040787E12":251,"1.211030989E12":131,"1.211059565E12":334,"1.211042181E12":269,"1.21110666E12":370,"1.211022139E12":63,"1.211045459E12":290,"1.211037038E12":219,"1.211056162E12":328,"1.211025228E12":75,"1.211098528E12":367,"1.211018439E12":6,"1.211064805E12":343,"1.211029067E12":110,"1.211030189E12":123,"1.211036747E12":213,"1.211029824E12":120,"1.211079623E12":353,"1.211050342E12":319,"1.211027111E12":88,"1.211024116E12":67,"1.211166064E12":382,"1.211042087E12":266,"1.211034185E12":181,"1.211151784E12":376,"1.21103264E12":164,"1.211079489E12":352,"1.21104912E12":316,"1.211042781E12":275,"1.211031024E12":132,"1.211032282E12":159,"1.21104834E12":308,"1.211049173E12":317,"1.211044735E12":285,"1.211031608E12":140,"1.211081616E12":358,"1.211045851E12":291,"1.211037628E12":225,"1.211032009E12":148,"1.21101852E12":21,"1.211077179E12":349,"1.211040312E12":247,"1.211037131E12":220,"1.211033351E12":172,"1.211019771E12":53,"1.211025631E12":79,"1.211032143E12":152,"1.21104188E12":261,"1.211020114E12":59,"1.211048814E12":315,"1.211022747E12":65,"1.211034732E12":191,"1.211025139E12":73,"1.211043496E12":276,"1.2110289E12":106,"1.211034726E12":190,"1.211059738E12":335,"1.211038627E12":230,"1.211079653E12":354,"1.211036246E12":205,"1.211046408E12":296,"1.21105056E12":322,"1.211030612E12":126,"1.211029521E12":118,"1.211032006E12":147,"1.211042519E12":273,"1.211030111E12":122,"1.211042009E12":264,"1.211038724E12":233,"1.211031224E12":136,"1.21102004E12":57,"1.211031977E12":146,"1.211033353E12":173,"1.21117548E12":385,"1.211018522E12":26,"1.211055805E12":327,"1.211039628E12":241,"1.211036611E12":212,"1.21103423E12":185,"1.211040921E12":253,"1.211038187E12":228,"1.211028689E12":95,"1.21103197E12":145,"1.211038881E12":236,"1.21103372E12":176,"1.211038171E12":226,"1.211057222E12":330,"1.211045332E12":289,"1.211037195E12":222,"1.211029054E12":108,"1.211028705E12":97,"1.211019766E12":51,"1.211058604E12":332,"1.211025342E12":76,"1.211035902E12":200,"1.211039591E12":239,"1.211038178E12":227,"1.211032663E12":165,"1.211018711E12":42,"1.211018619E12":37,"1.211031112E12":135,"1.211032175E12":155,"1.211041461E12":258,"1.211028188E12":91,"1.211029063E12":109,"1.211030538E12":125,"1.211047429E12":300,"1.211166015E12":381,"1.211049516E12":318,"1.211018537E12":33,"1.211028496E12":93,"1.211035763E12":197,"1.211036858E12":214,"1.211031435E12":138,"1.21106009E12":336,"1.211038933E12":237,"1.211045995E12":295,"1.211038701E12":232,"1.211033985E12":178,"1.211036459E12":209,"1.211040791E12":252,"1.211023621E12":66,"1.211037133E12":221,"1.211081579E12":357,"1.21104031E12":246,"1.211018702E12":40,"1.211043992E12":279,"1.21102743E12":89,"1.211159214E12":379,"1.211055672E12":326,"1.211158438E12":378,"1.211031898E12":143,"1.211078247E12":351,"1.211018774E12":44,"1.211028591E12":94,"1.211041934E12":262,"1.211174555E12":384,"1.21106398E12":341,"1.211046443E12":297,"1.211028871E12":105,"1.211026745E12":84,"1.211018649E12":38,"1.211071434E12":348,"1.21103343E12":174,"1.211063902E12":340,"1.211036586E12":211,"1.211025881E12":81,"1.211034047E12":179,"1.211097274E12":364,"1.2110417E12":260,"1.211150328E12":375,"1.211018407E12":5,"1.211045935E12":293,"1.211018457E12":8,"1.21102987E12":121,"1.211070612E12":344,"1.211064184E12":342,"1.211047088E12":299,"1.211033138E12":169,"1.211034319E12":187,"1.211032334E12":160,"1.211038729E12":234,"1.211062814E12":338},"NUMBER_OF_PEOPLE":400,"minTimeSeen":1.211018404E12,"maxTimeSeen":1.211558405E12,"NEIGHBORHOOD_RADIUS":20.0,"ENCOUNTER_CHANCE":0.05,"priority":1.0,"duration":540001.0,"minutesDuration":9000.016666666666,"hoursDuration":150.00027777777777,"daysDuration":6.250011574074073}
