{"propagationData":{"1.211053119E12":326,"1.21103066E12":119,"1.211071426E12":353,"1.21102993E12":101,"1.211028477E12":83,"1.211024715E12":61,"1.211095226E12":373,"1.21102881E12":89,"1.211081648E12":364,"1.211031533E12":138,"1.211035666E12":192,"1.211044489E12":282,"1.211021846E12":49,"1.211028793E12":88,"1.211033481E12":170,"1.211034713E12":181,"1.211082524E12":367,"1.211039498E12":232,"1.211019533E12":27,"1.211038786E12":223,"1.211037736E12":218,"1.211031872E12":146,"1.211055652E12":331,"1.211046646E12":301,"1.211034057E12":174,"1.211039449E12":231,"1.211030331E12":108,"1.211034179E12":176,"1.211060374E12":339,"1.211043262E12":268,"1.2110329E12":158,"1.211022203E12":51,"1.211038926E12":226,"1.211019375E12":22,"1.211025089E12":66,"1.21103324E12":166,"1.211045198E12":287,"1.211039426E12":230,"1.211030403E12":112,"1.211032744E12":157,"1.211033508E12":171,"1.211055535E12":330,"1.211026935E12":76,"1.21103176E12":143,"1.211024952E12":65,"1.211035453E12":188,"1.211032128E12":148,"1.211043287E12":269,"1.211022994E12":53,"1.211019754E12":32,"1.211040686E12":241,"1.211035708E12":195,"1.211035802E12":198,"1.211041387E12":253,"1.211175479E12":385,"1.211061709E12":343,"1.211045817E12":294,"1.211043776E12":274,"1.211023392E12":57,"1.211034114E12":175,"1.211066758E12":350,"1.211020748E12":40,"1.211030771E12":125,"1.211047799E12":306,"1.21102047E12":36,"1.211046042E12":297,"1.211041105E12":248,"1.211021508E12":45,"1.211051082E12":321,"1.211040774E12":245,"1.211037468E12":215,"1.2110243E12":60,"1.211022976E12":52,"1.211021615E12":48,"1.211025332E12":69,"1.211032902E12":159,"1.211050077E12":315,"1.211035469E12":189,"1.21103047E12":115,"1.211050415E12":317,"1.211027808E12":79,"1.21105355E12":327,"1.211040706E12":242,"1.211037197E12":213,"1.211030912E12":128,"1.211024231E12":59,"1.211040323E12":238,"1.211019123E12":14,"1.211042413E12":262,"1.211040115E12":236,"1.211036927E12":209,"1.211032363E12":151,"1.211057226E12":334,"1.211032454E12":153,"1.211080195E12":363,"1.211020322E12":35,"1.211020989E12":41,"1.211045659E12":288,"1.211038522E12":219,"1.211049633E12":310,"1.211038882E12":225,"1.211044016E12":279,"1.211036478E12":203,"1.211019056E12":4,"1.211165061E12":384,"1.211077428E12":361,"1.211025391E12":70,"1.211049762E12":312,"1.211024853E12":63,"1.211042569E12":265,"1.211041107E12":249,"1.211038538E12":220,"1.211052792E12":325,"1.211021482E12":44,"1.211030792E12":127,"1.211019202E12":19,"1.211049697E12":311,"1.211242118E12":388,"1.211045735E12":292,"1.211029859E12":99,"1.211179118E12":386,"1.211045711E12":290,"1.211023502E12":58,"1.21101909E12":12,"1.21104575E12":293,"1.211260602E12":389,"1.211037157E12":212,"1.211060146E12":338,"1.211035498E12":191,"1.21103457E12":179,"1.211033065E12":165,"1.211101914E12":375,"1.21102025E12":33,"1.211046294E12":298,"1.211038856E12":224,"1.211032991E12":162,"1.21103771E12":216,"1.211032129E12":149,"1.211141492E12":378,"1.211041376E12":252,"1.211021242E12":43,"1.211042797E12":267,"1.21103078E12":126,"1.211041042E12":247,"1.211036776E12":207,"1.211044438E12":280,"1.211036881E12":208,"1.211045931E12":295,"1.211028929E12":94,"1.211045057E12":285,"1.21105689E12":333,"1.211040727E12":244,"1.211023248E12":54,"1.211035079E12":183,"1.211035699E12":194,"1.21102113E12":42,"1.211081651E12":365,"1.211034218E12":177,"1.21103869E12":222,"1.211030202E12":103,"1.211085955E12":370,"1.211021514E12":46,"1.211018404E12":1,"1.211076704E12":359,"1.21104342E12":272,"1.211039623E12":234,"1.211030472E12":116,"1.211060141E12":337,"1.211035829E12":199,"1.211074453E12":356,"1.211019529E12":26,"1.21101918E12":16,"1.211030313E12":107,"1.211030428E12":114,"1.211031857E12":145,"1.211035191E12":187,"1.211061707E12":342,"1.211041745E12":255,"1.211030926E12":130,"1.21101948E12":23,"1.211046007E12":296,"1.211028352E12":82,"1.211100485E12":374,"1.211036507E12":205,"1.211141774E12":379,"1.211074963E12":357,"1.211035685E12":193,"1.211019554E12":28,"1.21107416E12":355,"1.211060852E12":340,"1.211047548E12":305,"1.211033402E12":168,"1.211032645E12":155,"1.211032434E12":152,"1.211027475E12":78,"1.211025218E12":67,"1.211041717E12":254,"1.21103153E12":134,"1.211082496E12":366,"1.211040685E12":240,"1.211019077E12":10,"1.211033404E12":169,"1.211066738E12":349,"1.211035133E12":184,"1.211049974E12":314,"1.21103428E12":178,"1.211026459E12":73,"1.211048411E12":307,"1.211033524E12":172,"1.211067152E12":351,"1.211043809E12":276,"1.211030669E12":120,"1.211045724E12":291,"1.211019676E12":30,"1.211035739E12":196,"1.211043395E12":270,"1.211026438E12":72,"1.211142795E12":381,"1.211061673E12":341,"1.211052789E12":324,"1.211043625E12":273,"1.211036765E12":206,"1.21103023E12":105,"1.211225856E12":387,"1.211029988E12":102,"1.211025251E12":68,"1.211030427E12":113,"1.21106011E12":336,"1.211019184E12":17,"1.211036236E12":201,"1.211030996E12":133,"1.211026845E12":75,"1.211040298E12":237,"1.211048752E12":308,"1.211046755E12":303,"1.211048879E12":309,"1.211031543E12":139,"1.211041968E12":257,"1.211030346E12":110,"1.211043807E12":275,"1.211057284E12":335,"1.211044806E12":284,"1.211042489E12":264,"1.21103624E12":202,"1.211028957E12":95,"1.21103302E12":164,"1.211050569E12":319,"1.211029551E12":97,"1.211023296E12":56,"1.211043416E12":271,"1.211039041E12":227,"1.211026391E12":71,"1.211028531E12":85,"1.211030683E12":121,"1.211030959E12":132,"1.211050378E12":316,"1.211028095E12":80,"1.21104049E12":239,"1.211031532E12":137,"1.211071652E12":354,"1.211030705E12":124,"1.211032167E12":150,"1.211043855E12":277,"1.211039562E12":233,"1.211031546E12":140,"1.211035884E12":200,"1.211038679E12":221,"1.211063019E12":347,"1.211030343E12":109,"1.21103354E12":173,"1.211023267E12":55,"1.211044667E12":283,"1.211019484E12":25,"1.211035489E12":190,"1.21105056E12":318,"1.211028835E12":92,"1.211028787E12":87,"1.211148623E12":382,"1.211160329E12":383,"1.21104123E12":251,"1.211019196E12":18,"1.211030221E12":104,"1.211030938E12":131,"1.211093069E12":372,"1.211085156E12":368,"1.211030238E12":106,"1.211029576E12":98,"1.21102947E12":96,"1.211051519E12":322,"1.211028832E12":91,"1.21102154E12":47,"1.211024864E12":64,"1.21103971E12":235,"1.211024849E12":62,"1.211063133E12":348,"1.211033353E12":167,"1.211045691E12":289,"1.211028905E12":93,"1.211031661E12":142,"1.211032647E12":156,"1.21101906E12":7,"1.211019066E12":8,"1.211020258E12":34,"1.211019125E12":15,"1.211042244E12":259,"1.211053558E12":328,"1.211028487E12":84,"1.211031531E12":136,"1.211032644E12":154,"1.211030695E12":123,"1.211042783E12":266,"1.21103478E12":182,"1.211056831E12":332,"1.211046332E12":300,"1.211030633E12":117,"1.211075312E12":358,"1.211041224E12":250,"1.211030398E12":111,"1.211039202E12":228,"1.211019669E12":29,"1.211032007E12":147,"1.211028575E12":86,"1.21101908E12":11,"1.211046658E12":302,"1.211037004E12":211,"1.211032927E12":160,"1.211040717E12":243,"1.211037254E12":214,"1.211085715E12":369,"1.211062793E12":345,"1.211028299E12":81,"1.211036939E12":210,"1.211036506E12":204,"1.211019098E12":13,"1.211041041E12":246,"1.211031812E12":144,"1.211019685E12":31,"1.211020731E12":39,"1.211020582E12":37,"1.211077234E12":360,"1.211032984E12":161,"1.211042096E12":258,"1.211045109E12":286,"1.211046295E12":299,"1.211019481E12":24,"1.211062575E12":344,"1.211019074E12":9,"1.211062976E12":346,"1.211019237E12":21,"1.211035175E12":186,"1.211086631E12":371,"1.21106735E12":352,"1.21103576E12":197,"1.21104235E12":261,"1.211019218E12":20,"1.21103159E12":141,"1.211120744E12":377,"1.211022088E12":50,"1.21102986E12":100,"1.211030635E12":118,"1.211051901E12":323,"1.211046994E12":304,"1.211026745E12":74,"1.211034629E12":180,"1.211037728E12":217,"1.211035151E12":185,"1.211044454E12":281,"1.211102243E12":376,"1.211077726E12":362,"1.211020598E12":38,"1.211042459E12":263,"1.211042334E12":260,"1.211055368E12":329,"1.211041805E12":256,"1.211142685E12":380,"1.211039207E12":229,"1.211050985E12":320,"1.211028818E12":90,"1.211049953E12":313,"1.211027035E12":77,"1.2110439E12":278},"NUMBER_OF_PEOPLE":400,"minTimeSeen":1.211018404E12,"maxTimeSeen":1.211558405E12,"NEIGHBORHOOD_RADIUS":20.0,