{"propagationData":{"1.211092794E12":5,"1.211092722E12":3,"1.211101917E12":13,"1.211527398E12":22,"1.211526191E12":19,"1.211100631E12":7,"1.211102113E12":14,"1.211092727E12":4,"1.211018404E12":1,"1.211100812E12":10,"1.211526252E12":20,"1.21152595E12":18,"1.211526334E12":21,"1.211092466E12":2,"1.211101865E12":11,"1.211101875E12":12,"1.211424615E12":16,"1.211100695E12":8,"1.211425038E12":17,"1.211102116E12":15,"1.211100602E12":6,"1.211100794E12":9},"NUMBER_OF_PEOPLE":400,"minTimeSeen":1.211018404E12,"maxTimeSeen":1.211558405E12,"NEIGHBORHOOD_RADIUS":20.0,"ENCOUNTER_CHANCE":0.05,"priority":1.0,"duration":540001.0,"minutesDuration":9000.016666666666,"hoursDuration":150.00027777777777,"daysDuration":6.250011574074073}
