{"propagationData":{"1.211213631E12":17,"1.211074764E12":6,"1.211098873E12":12,"1.21121445E12":22,"1.211213546E12":16,"1.211213724E12":20,"1.211213641E12":18,"1.211099023E12":13,"1.211067377E12":5,"1.211018404E12":1,"1.211143398E12":15,"1.211088862E12":9,"1.211098422E12":11,"1.211018418E12":3,"1.211213703E12":19,"1.21121431E12":21,"1.211018412E12":2,"1.211104436E12":14,"1.211088828E12":7,"1.211018422E12":4,"1.211088838E12":8,"1.211098377E12":10},"NUMBER_OF_PEOPLE":400,"minTimeSeen":1.211018404E12,"maxTimeSeen":1.211558405E12,"NEIGHBORHOOD_RADIUS":20.0,"ENCOUNTER_CHANCE":0.05,"priority":1.0,"duration":540001.0,"minutesDuration":9000.016666666666,"hoursDuration":150.00027777777777,"daysDuration":6.250011574074073}
