{"propagationData":{"1.21104237E12":172,"1.211019155E12":36,"1.21102563E12":61,"1.211034216E12":112,"1.211032815E12":102,"1.211037654E12":143,"1.211057934E12":200,"1.211018728E12":18,"1.211031973E12":95,"1.211025633E12":62,"1.21101925E12":44,"1.211018748E12":20,"1.211030759E12":81,"1.211038062E12":151,"1.211086217E12":218,"1.211019185E12":39,"1.211026938E12":72,"1.211127948E12":239,"1.211085542E12":215,"1.211018792E12":23,"1.211037846E12":146,"1.211025667E12":64,"1.211030446E12":77,"1.211038875E12":159,"1.21103055E12":78,"1.211037866E12":147,"1.211041454E12":165,"1.21103176E12":91,"1.211036133E12":125,"1.211040629E12":161,"1.211021719E12":53,"1.211066713E12":211,"1.211058558E12":203,"1.211018688E12":7,"1.211041483E12":167,"1.211019849E12":47,"1.211032614E12":100,"1.211122866E12":223,"1.211018807E12":24,"1.211126234E12":231,"1.211127389E12":233,"1.211045913E12":180,"1.211032188E12":97,"1.211027618E12":76,"1.211036442E12":134,"1.211031736E12":89,"1.211085563E12":216,"1.211019649E12":45,"1.211042152E12":170,"1.211036166E12":126,"1.211020734E12":49,"1.211031967E12":94,"1.211018704E12":12,"1.211018699E12":9,"1.211018682E12":5,"1.211051844E12":193,"1.211058045E12":201,"1.211036936E12":140,"1.211031409E12":88,"1.211025655E12":63,"1.211027414E12":75,"1.211019793E12":46,"1.211476467E12":241,"1.211018872E12":32,"1.211046932E12":188,"1.211058402E12":202,"1.211018713E12":16,"1.211018859E12":30,"1.211042396E12":173,"1.211033141E12":106,"1.211031852E12":92,"1.211021118E12":52,"1.211025813E12":66,"1.211018831E12":27,"1.211125989E12":226,"1.211019159E12":37,"1.211036931E12":139,"1.211037902E12":148,"1.211058579E12":204,"1.211041473E12":166,"1.21103639E12":133,"1.211018658E12":4,"1.211127756E12":237,"1.211022958E12":54,"1.211052295E12":196,"1.211031926E12":93,"1.21103451E12":114,"1.211033325E12":108,"1.21103838E12":157,"1.211091382E12":222,"1.211018707E12":15,"1.211019176E12":38,"1.211032921E12":104,"1.211032129E12":96,"1.21103839E12":158,"1.211018809E12":26,"1.211030934E12":82,"1.211019188E12":40,"1.211045093E12":175,"1.211057438E12":198,"1.211046373E12":183,"1.211127703E12":235,"1.211019149E12":35,"1.211036216E12":130,"1.211126123E12":228,"1.211023169E12":55,"1.211025784E12":65,"1.211018404E12":2,"1.21101884E12":28,"1.211066446E12":207,"1.211031193E12":86,"1.211031217E12":87,"1.211027252E12":73,"1.211033108E12":105,"1.211045585E12":179,"1.211127726E12":236,"1.21101878E12":22,"1.211052064E12":194,"1.211037703E12":144,"1.211127826E12":238,"1.211018481E12":3,"1.211038303E12":156,"1.211033198E12":107,"1.211064687E12":205,"1.211066167E12":206,"1.211046893E12":186,"1.21104244E12":174,"1.211018703E12":11,"1.211032208E12":98,"1.211041014E12":164,"1.211038212E12":154,"1.211026571E12":70,"1.211036194E12":129,"1.21103623E12":131,"1.21103611E12":124,"1.211024885E12":59,"1.211042222E12":171,"1.211045567E12":178,"1.211051709E12":191,"1.211018865E12":31,"1.211018847E12":29,"1.2110738E12":213,"1.211037929E12":149,"1.211045104E12":176,"1.211127954E12":240,"1.211045914E12":181,"1.211052724E12":197,"1.211031083E12":83,"1.211036633E12":137,"1.211047139E12":190,"1.211023516E12":56,"1.211033775E12":110,"1.211034231E12":113,"1.211019905E12":48,"1.211036046E12":121,"1.211125896E12":225,"1.21108558E12":217,"1.211057933E12":199,"1.211027374E12":74,"1.211018721E12":17,"1.211046371E12":182,"1.211037614E12":142,"1.21112336E12":224,"1.211018945E12":34,"1.211035936E12":120,"1.211040871E12":162,"1.211019243E12":43,"1.211031189E12":85,"1.211018705E12":14,"1.211090116E12":220,"1.211031759E12":90,"1.211018691E12":8,"1.211038166E12":152,"1.211020867E12":50,"1.211036091E12":123,"1.211033339E12":109,"1.211018684E12":6,"1.211026518E12":69,"1.211032906E12":103,"1.211051832E12":192,"1.211026471E12":68,"1.211030612E12":79,"1.211038023E12":150,"1.211018808E12":25,"1.211036173E12":127,"1.211036185E12":128,"1.211034619E12":115,"1.211052146E12":195,"1.211126032E12":227,"1.211042148E12":169,"1.211018736E12":19,"1.211037843E12":145,"1.211046374E12":184,"1.211031085E12":84,"1.211024084E12":58,"1.211036589E12":136,"1.211030717E12":80,"1.211066531E12":210,"1.211046867E12":185,"1.211020896E12":51,"1.211034966E12":119,"1.211033782E12":111,"1.211090094E12":219,"1.211126337E12":232,"1.211036245E12":132,"1.21104694E12":189,"1.211038298E12":155,"1.211085537E12":214,"1.211036498E12":135,"1.211126198E12":229,"1.211032249E12":99,"1.211046899E12":187,"1.211023621E12":57,"1.211026073E12":67,"1.211018702E12":10,"1.211127422E12":234,"1.211034948E12":117,"1.211042135E12":168,"1.211034962E12":118,"1.211018873E12":33,"1.211019218E12":42,"1.211039613E12":160,"1.211032675E12":101,"1.211036058E12":122,"1.211038169E12":153,"1.211025479E12":60,"1.211036652E12":138,"1.211026887E12":71,"1.211037587E12":141,"1.211126218E12":230,"1.211040877E12":163,"1.211073744E12":212,"1.211090166E12":221,"1.211045546E12":177,"1.211034626E12":116,"1.211019201E12":41},"NUMBER_OF_PEOPLE":400,"minTimeSeen":1.211018404E12,"maxTimeSeen":1.211558405E12,"NEIGHBORHOOD_RADIUS":20.0,"ENCOUNTER_CHANCE":0.05,"priority":1.0,"duration":540001.0,"minutesDuration":9000.016666666666,"hoursDuration":150.00027777777777,"daysDuration":6.250011574074073}
