{"propagationData":{"1.211139572E12":298,"1.211089727E12":36,"1.211139108E12":294,"1.211155973E12":318,"1.211114345E12":206,"1.211095108E12":104,"1.211091934E12":49,"1.211105177E12":178,"1.211094091E12":88,"1.211093897E12":86,"1.211099936E12":139,"1.211088401E12":26,"1.211100503E12":145,"1.211136509E12":287,"1.211091536E12":45,"1.211122077E12":233,"1.211092761E12":57,"1.211112197E12":201,"1.21111458E12":207,"1.211085232E12":5,"1.211089142E12":34,"1.211092669E12":55,"1.211140073E12":301,"1.211105214E12":179,"1.211164238E12":338,"1.211156549E12":319,"1.211088382E12":24,"1.211104126E12":174,"1.21114198E12":305,"1.211095052E12":102,"1.211093874E12":84,"1.211095388E12":108,"1.211115836E12":209,"1.211124165E12":243,"1.211139696E12":299,"1.21112878E12":262,"1.211101852E12":155,"1.211156605E12":321,"1.211097747E12":120,"1.211181903E12":341,"1.211125613E12":249,"1.211134876E12":279,"1.211201356E12":351,"1.211094669E12":95,"1.211125263E12":246,"1.211092917E12":63,"1.211117699E12":215,"1.211093411E12":73,"1.21114467E12":308,"1.211096077E12":115,"1.21109796E12":121,"1.211093762E12":79,"1.211156943E12":322,"1.211186559E12":345,"1.211102756E12":163,"1.211102741E12":162,"1.211112854E12":202,"1.211089115E12":33,"1.211099266E12":133,"1.211092841E12":61,"1.211098862E12":131,"1.2112299E12":354,"1.211131277E12":271,"1.211113525E12":203,"1.211089891E12":37,"1.21109815E12":125,"1.211185228E12":344,"1.211091624E12":47,"1.211098141E12":124,"1.211162495E12":336,"1.211095206E12":107,"1.211123214E12":242,"1.211156572E12":320,"1.211098008E12":122,"1.211130285E12":268,"1.211101669E12":152,"1.211140431E12":304,"1.211110188E12":196,"1.211111625E12":199,"1.211119972E12":223,"1.211182129E12":342,"1.211125825E12":251,"1.211094356E12":92,"1.211100246E12":142,"1.211113621E12":204,"1.211092838E12":60,"1.211103536E12":170,"1.211127097E12":258,"1.211128646E12":260,"1.211109036E12":194,"1.211098105E12":123,"1.211122542E12":235,"1.211135057E12":283,"1.211109025E12":193,"1.211160154E12":328,"1.211092788E12":59,"1.211088034E12":21,"1.211093387E12":71,"1.211087797E12":18,"1.211130335E12":269,"1.211093397E12":72,"1.211099003E12":132,"1.211097689E12":119,"1.211085894E12":7,"1.21112306E12":241,"1.211182198E12":343,"1.211139761E12":300,"1.211118872E12":219,"1.211148881E12":313,"1.211157053E12":323,"1.211126355E12":255,"1.211120165E12":225,"1.211095423E12":109,"1.211095669E12":112,"1.211159784E12":327,"1.211155965E12":317,"1.211138248E12":291,"1.211144568E12":307,"1.21112295E12":240,"1.211121524E12":232,"1.211085961E12":8,"1.211100682E12":147,"1.211093605E12":77,"1.211115051E12":208,"1.211101734E12":153,"1.211128847E12":263,"1.211088521E12":27,"1.211228678E12":353,"1.211121169E12":227,"1.211111828E12":200,"1.211093878E12":85,"1.211087639E12":17,"1.211098521E12":128,"1.211164573E12":339,"1.211186757E12":346,"1.211161167E12":329,"1.211135029E12":282,"1.211158013E12":324,"1.21109173E12":48,"1.211101836E12":154,"1.211128662E12":261,"1.211106338E12":185,"1.211135019E12":281,"1.211098289E12":126,"1.211132347E12":276,"1.211138174E12":290,"1.211132464E12":277,"1.211018404E12":1,"1.21109429E12":91,"1.211094123E12":89,"1.211092671E12":56,"1.211129681E12":264,"1.21110036E12":143,"1.211136493E12":286,"1.211095544E12":110,"1.211088235E12":22,"1.211130029E12":266,"1.211093245E12":68,"1.211102498E12":161,"1.211105737E12":181,"1.211092504E12":51,"1.211098838E12":130,"1.211139159E12":295,"1.211138667E12":292,"1.211135931E12":284,"1.211108523E12":191,"1.211121476E12":230,"1.21114026E12":303,"1.211120481E12":226,"1.211105771E12":183,"1.211126078E12":253,"1.211087384E12":14,"1.211118356E12":217,"1.211086778E12":13,"1.21112121E12":228,"1.211105746E12":182,"1.211086499E12":10,"1.2111371E12":288,"1.211155959E12":316,"1.211126213E12":254,"1.211097629E12":118,"1.211162623E12":337,"1.211125995E12":252,"1.211118854E12":218,"1.211153066E12":315,"1.211117675E12":214,"1.211110271E12":197,"1.21110361E12":171,"1.211090308E12":38,"1.211119555E12":221,"1.21122994E12":355,"1.211090988E12":42,"1.211104434E12":176,"1.211162453E12":335,"1.211129806E12":265,"1.21108589E12":6,"1.21112536E12":247,"1.21113595E12":285,"1.21109144E12":44,"1.211100213E12":141,"1.211117207E12":212,"1.211095815E12":113,"1.211094194E12":90,"1.211095018E12":99,"1.211161171E12":330,"1.211094832E12":97,"1.211164854E12":340,"1.211086449E12":9,"1.211131157E12":270,"1.211119167E12":220,"1.211090447E12":39,"1.211139179E12":296,"1.211092963E12":64,"1.211095572E12":111,"1.21114018E12":302,"1.211089376E12":35,"1.211159588E12":326,"1.211110482E12":198,"1.211093237E12":67,"1.211088939E12":29,"1.211100532E12":146,"1.21109868E12":129,"1.211121521E12":231,"1.211148434E12":312,"1.211087613E12":16,"1.2110874E12":15,"1.211100421E12":144,"1.211101627E12":151,"1.211093566E12":76,"1.211124684E12":244,"1.211093429E12":74,"1.211095165E12":105,"1.211106814E12":188,"1.211116549E12":210,"1.211148209E12":311,"1.211158148E12":325,"1.211139234E12":297,"1.211018543E12":3,"1.211091606E12":46,"1.211092648E12":54,"1.211149461E12":314,"1.211093769E12":80,"1.21109327E12":70,"1.211120108E12":224,"1.211093556E12":75,"1.211092524E12":52,"1.211117637E12":213,"1.211102954E12":165,"1.211107213E12":189,"1.211087957E12":20,"1.211095038E12":100,"1.211138811E12":293,"1.211147433E12":310,"1.211122589E12":236,"1.211094688E12":96,"1.211095922E12":114,"1.211114001E12":205,"1.211109822E12":195,"1.211198771E12":349,"1.211106707E12":186,"1.211093149E12":65,"1.211101183E12":150,"1.21110309E12":167,"1.211099335E12":134,"1.211102301E12":160,"1.211102991E12":166,"1.211107384E12":190,"1.211094924E12":98,"1.211092769E12":58,"1.211086777E12":12,"1.211104242E12":175,"1.211104695E12":177,"1.211088384E12":25,"1.211092086E12":50,"1.211088951E12":30,"1.21108666E12":11,"1.211142561E12":306,"1.211091423E12":43,"1.211090718E12":41,"1.211101178E12":149,"1.211093854E12":83,"1.211100102E12":140,"1.211131319E12":272,"1.211125438E12":248,"1.21109852E12":127,"1.211130113E12":267,"1.211144712E12":309,"1.211095047E12":101,"1.211227248E12":352,"1.211200895E12":350,"1.211099642E12":137,"1.211122351E12":234,"1.211102873E12":164,"1.211162033E12":334,"1.211105666E12":180,"1.211122779E12":239,"1.211099855E12":138,"1.211131595E12":273,"1.211127024E12":257,"1.211119953E12":222,"1.211094472E12":94,"1.211122596E12":237,"1.211197004E12":348,"1.211161823E12":332,"1.211087927E12":19,"1.211125262E12":245,"1.211093257E12":69,"1.211099601E12":136,"1.211103203E12":168,"1.211103456E12":169,"1.211089049E12":31,"1.211122746E12":238,"1.21108908E12":32,"1.211090653E12":40,"1.211117002E12":211,"1.21109381E12":81,"1.211096523E12":116,"1.21110674E12":187,"1.211121435E12":229,"1.211094074E12":87,"1.211106247E12":184,"1.211096603E12":117,"1.211093172E12":66,"1.211161384E12":331,"1.211128129E12":259,"1.211102291E12":159,"1.211101967E12":157,"1.211102004E12":158,"1.211125642E12":250,"1.211117915E12":216,"1.211085138E12":4,"1.211161904E12":333,"1.211092535E12":53,"1.211099527E12":135,"1.211132309E12":275,"1.211094428E12":93,"1.211134848E12":278,"1.211135005E12":280,"1.211137298E12":289,"1.211100814E12":148,"1.211093835E12":82,"1.21109376E12":78,"1.211103657E12":172,"1.21108854E12":28,"1.211088307E12":23,"1.211189355E12":347,"1.211108594E12":192,"1.211018492E12":2,"1.211131758E12":274,"1.211126894E12":256,"1.211092874E12":62,"1.211095181E12":106,"1.211103691E12":173,"1.211101936E12":156},"NUMBER_OF_PEOPLE":400,"minTimeSeen":1.211018404E12,"maxTimeSeen":1.211558405E12,"NEIGHBORHOOD_RADIUS":20.0,"ENCOUNTER_CHANCE":0.05,"priority":1.0,"duration":540001.0,"minutesDuration":9000.016666666666,"hoursDuration":150.00027777777777,"daysDuration":6.250011574074073}
