{"propagationData":{"1.211041368E12":202,"1.211018465E12":26,"1.21103277E12":113,"1.211040125E12":187,"1.211086049E12":335,"1.211079676E12":327,"1.211056762E12":294,"1.211038392E12":175,"1.211040411E12":189,"1.21107519E12":318,"1.211050364E12":260,"1.211036464E12":155,"1.211052183E12":273,"1.211024658E12":47,"1.211031922E12":99,"1.211077612E12":324,"1.211055237E12":291,"1.211018462E12":25,"1.211038374E12":174,"1.211025583E12":53,"1.211045797E12":242,"1.211018445E12":21,"1.211036177E12":149,"1.211042217E12":208,"1.211024883E12":48,"1.211069031E12":308,"1.211018416E12":17,"1.21101937E12":37,"1.211019372E12":38,"1.211026124E12":59,"1.211102314E12":343,"1.211211095E12":345,"1.211313067E12":354,"1.211086174E12":336,"1.211018461E12":24,"1.211076021E12":320,"1.211031925E12":100,"1.211045362E12":239,"1.211043856E12":226,"1.211045407E12":240,"1.211051539E12":269,"1.211034958E12":137,"1.211030479E12":79,"1.211036049E12":146,"1.211071068E12":316,"1.211046172E12":243,"1.211051062E12":265,"1.211086852E12":337,"1.211051102E12":267,"1.211044604E12":232,"1.211037858E12":165,"1.21104143E12":203,"1.211042156E12":206,"1.211077218E12":323,"1.211018477E12":27,"1.211034098E12":127,"1.211027309E12":61,"1.211030675E12":81,"1.211101832E12":338,"1.211046449E12":245,"1.211052445E12":276,"1.211049367E12":251,"1.211025495E12":52,"1.211031742E12":96,"1.211052322E12":275,"1.211043582E12":224,"1.211030411E12":77,"1.211039948E12":186,"1.211310323E12":350,"1.211057873E12":302,"1.211018412E12":15,"1.211033408E12":119,"1.211046726E12":247,"1.211038211E12":171,"1.211030329E12":72,"1.211050285E12":257,"1.211046688E12":246,"1.211018822E12":36,"1.211079793E12":328,"1.211059695E12":303,"1.211040594E12":191,"1.211031822E12":97,"1.211050578E12":262,"1.211063765E12":307,"1.211050392E12":261,"1.211042245E12":212,"1.211032967E12":116,"1.211025621E12":55,"1.211054437E12":286,"1.211101882E12":340,"1.211052663E12":277,"1.211043636E12":225,"1.211018505E12":32,"1.211042286E12":213,"1.21103493E12":135,"1.211037669E12":159,"1.211049525E12":253,"1.211050334E12":259,"1.211032403E12":106,"1.2110256E12":54,"1.211102108E12":342,"1.211076073E12":322,"1.21103621E12":154,"1.211019588E12":40,"1.211033362E12":118,"1.211034042E12":125,"1.211062803E12":306,"1.211018783E12":35,"1.211085177E12":330,"1.211026094E12":58,"1.211038283E12":173,"1.211034719E12":132,"1.211030464E12":78,"1.21121429E12":348,"1.211040819E12":195,"1.211053506E12":282,"1.211038473E12":177,"1.211035471E12":142,"1.211046431E12":244,"1.211057378E12":300,"1.211030724E12":84,"1.211018503E12":31,"1.211044576E12":231,"1.211030397E12":76,"1.211023209E12":44,"1.211050258E12":256,"1.211045064E12":236,"1.211045323E12":238,"1.211031006E12":88,"1.211029761E12":67,"1.211054784E12":287,"1.211038495E12":178,"1.211031642E12":95,"1.21103422E12":131,"1.211036039E12":144,"1.21103491E12":134,"1.21104965E12":254,"1.211018494E12":29,"1.211030738E12":85,"1.211077747E12":325,"1.211037914E12":167,"1.211038401E12":176,"1.211037842E12":164,"1.211030622E12":80,"1.211038058E12":168,"1.211048531E12":249,"1.211034181E12":129,"1.211034149E12":128,"1.211038146E12":169,"1.211085985E12":334,"1.211032265E12":104,"1.211034048E12":126,"1.211031547E12":93,"1.211042243E12":210,"1.211028577E12":63,"1.211056657E12":292,"1.211019722E12":41,"1.211044048E12":229,"1.211026334E12":60,"1.211018404E12":10,"1.211036596E12":157,"1.211052117E12":272,"1.211020722E12":43,"1.211053073E12":279,"1.211085246E12":332,"1.211026035E12":57,"1.211035522E12":143,"1.211052682E12":278,"1.211311419E12":352,"1.211036179E12":150,"1.211071038E12":315,"1.21105776E12":301,"1.211024127E12":45,"1.211034188E12":130,"1.211055169E12":290,"1.211053086E12":280,"1.211035064E12":139,"1.211036469E12":156,"1.211034951E12":136,"1.211030305E12":71,"1.211042192E12":207,"1.211044007E12":227,"1.211059825E12":304,"1.21103475E12":133,"1.21108522E12":331,"1.21104517E12":237,"1.211042319E12":216,"1.211044804E12":233,"1.211039739E12":183,"1.211056685E12":293,"1.211044519E12":230,"1.211032515E12":108,"1.211050227E12":255,"1.211049392E12":252,"1.211053664E12":284,"1.211039118E12":181,"1.211053467E12":281,"1.211035133E12":140,"1.211018408E12":11,"1.211316334E12":356,"1.21103776E12":162,"1.211039081E12":179,"1.211040604E12":192,"1.211041326E12":200,"1.211033031E12":117,"1.211032736E12":112,"1.211051912E12":271,"1.211035034E12":138,"1.211036181E12":151,"1.211031438E12":91,"1.211042314E12":215,"1.211037665E12":158,"1.211018458E12":22,"1.211019982E12":42,"1.211069478E12":310,"1.211030143E12":69,"1.211039113E12":180,"1.211052231E12":274,"1.211044859E12":234,"1.211018439E12":20,"1.211057065E12":297,"1.211040626E12":194,"1.21104269E12":221,"1.211024935E12":49,"1.211036175E12":148,"1.211050981E12":264,"1.211032381E12":105,"1.211033447E12":120,"1.21104674E12":248,"1.21101846E12":23,"1.21110186E12":339,"1.211041228E12":198,"1.211102107E12":341,"1.211030377E12":74,"1.211032721E12":111,"1.211075178E12":317,"1.211039924E12":185,"1.211032131E12":102,"1.211042498E12":219,"1.211031549E12":94,"1.211057154E12":298,"1.211032813E12":115,"1.21104224E12":209,"1.211036206E12":153,"1.211313015E12":353,"1.211032143E12":103,"1.211085308E12":333,"1.211077826E12":326,"1.211041487E12":205,"1.211037748E12":161,"1.211039442E12":182,"1.211025458E12":51,"1.211040428E12":190,"1.211069032E12":309,"1.211315235E12":355,"1.211051562E12":270,"1.211040614E12":193,"1.211048698E12":250,"1.211050626E12":263,"1.211042311E12":214,"1.21101851E12":33,"1.211042448E12":218,"1.211310306E12":349,"1.211069533E12":311,"1.211030176E12":70,"1.21103826E12":172,"1.211042244E12":211,"1.21107088E12":314,"1.211036048E12":145,"1.211214185E12":346,"1.211042426E12":217,"1.211033725E12":123,"1.2110328E12":114,"1.211033695E12":121,"1.21105506E12":289,"1.211053656E12":283,"1.211025154E12":50,"1.211038165E12":170,"1.211076053E12":321,"1.211211032E12":344,"1.211018485E12":28,"1.21102774E12":62,"1.211041358E12":201,"1.211029097E12":65,"1.211030714E12":83,"1.211032627E12":109,"1.211041292E12":199,"1.211024369E12":46,"1.211070655E12":313,"1.211018413E12":16,"1.211053723E12":285,"1.211018422E12":18,"1.211019517E12":39,"1.211035213E12":141,"1.211051087E12":266,"1.211037865E12":166,"1.211040856E12":196,"1.211018495E12":30,"1.211056844E12":295,"1.211050304E12":258,"1.211033711E12":122,"1.211311198E12":351,"1.211076013E12":319,"1.211042723E12":223,"1.211028868E12":64,"1.21104498E12":235,"1.211057293E12":299,"1.211018436E12":19,"1.211032462E12":107,"1.211030767E12":87,"1.211037774E12":163,"1.211031331E12":90,"1.21102935E12":66,"1.211045633E12":241,"1.211030693E12":82,"1.21101841E12":13,"1.211031867E12":98,"1.211069728E12":312,"1.21104112E12":197,"1.211032706E12":110,"1.211042574E12":220,"1.211062586E12":305,"1.211018631E12":34,"1.211037718E12":160,"1.211039893E12":184,"1.211040404E12":188,"1.211057046E12":296,"1.211051526E12":268,"1.211025635E12":56,"1.211033743E12":124,"1.211042704E12":222,"1.211030062E12":68,"1.211214268E12":347,"1.211031139E12":89,"1.211054895E12":288,"1.211041474E12":204,"1.211030367E12":73,"1.211079795E12":329,"1.211044044E12":228,"1.21103206E12":101},"NUMBER_OF_PEOPLE":400,"minTimeSeen":1.211018404E12,"maxTimeSeen":1.211558405E12,"NEIGHBORHOOD_RADIUS":20.0,"ENCOUNTER_CHANCE":0.05,"priority":1.0,"duration":540001.0,"minutesDuration":9000.016666666666,"hoursDuration":150.00027777777777,"daysDuration":6.250011574074073}
