{"propagationData":{"1.211064879E12":321,"1.211168363E12":383,"1.211047402E12":229,"1.211035666E12":73,"1.211036704E12":102,"1.211065109E12":323,"1.211080138E12":345,"1.211034424E12":51,"1.211062055E12":310,"1.211056733E12":283,"1.211042227E12":185,"1.211054612E12":271,"1.211037928E12":124,"1.211036177E12":87,"1.211039706E12":158,"1.211035796E12":77,"1.21109022E12":363,"1.211050179E12":242,"1.211051026E12":247,"1.211045091E12":210,"1.211038415E12":137,"1.211053411E12":262,"1.211038214E12":130,"1.211038525E12":140,"1.211037706E12":118,"1.211035876E12":79,"1.211030827E12":15,"1.211040649E12":170,"1.211030372E12":6,"1.211032029E12":31,"1.21107296E12":338,"1.211044643E12":207,"1.211061717E12":306,"1.211043957E12":198,"1.211034937E12":59,"1.211063617E12":316,"1.211034822E12":56,"1.211078942E12":341,"1.211055851E12":281,"1.211039664E12":157,"1.211041507E12":180,"1.211036147E12":86,"1.211031279E12":23,"1.211095608E12":366,"1.211035543E12":70,"1.21112492E12":375,"1.211054614E12":272,"1.211041417E12":179,"1.21105536E12":276,"1.211035453E12":69,"1.211038251E12":132,"1.211044568E12":205,"1.211036531E12":101,"1.211063644E12":317,"1.211084638E12":353,"1.21104733E12":228,"1.211059822E12":300,"1.211058761E12":294,"1.211037257E12":114,"1.211030576E12":9,"1.21103861E12":143,"1.2110445E12":204,"1.211035319E12":66,"1.211043949E12":197,"1.211031041E12":21,"1.211030662E12":10,"1.211037935E12":125,"1.211260667E12":389,"1.211055618E12":278,"1.211048826E12":239,"1.211039434E12":151,"1.211165198E12":381,"1.211086964E12":361,"1.211031586E12":25,"1.211041336E12":176,"1.211055364E12":277,"1.211038536E12":141,"1.211068957E12":327,"1.211085376E12":356,"1.211058972E12":296,"1.211032264E12":34,"1.211046586E12":222,"1.211039791E12":160,"1.211037861E12":121,"1.211037234E12":113,"1.2110486E12":234,"1.211036209E12":94,"1.211142674E12":380,"1.211036406E12":97,"1.211039736E12":159,"1.211069675E12":328,"1.211058153E12":292,"1.211042264E12":186,"1.211042058E12":184,"1.211039215E12":149,"1.211141779E12":379,"1.211032967E12":41,"1.211036782E12":105,"1.211044902E12":209,"1.211035746E12":75,"1.211045548E12":215,"1.211061882E12":308,"1.21104693E12":224,"1.211031851E12":27,"1.211036718E12":103,"1.211042291E12":187,"1.211045318E12":213,"1.211068596E12":326,"1.211048003E12":232,"1.211054277E12":266,"1.211061588E12":305,"1.21103427E12":48,"1.211030886E12":19,"1.211054578E12":270,"1.211039608E12":156,"1.211046488E12":220,"1.211035138E12":61,"1.211206025E12":386,"1.211039033E12":144,"1.211048753E12":237,"1.211035339E12":67,"1.211057146E12":288,"1.211045152E12":212,"1.211044271E12":201,"1.211039422E12":150,"1.211034817E12":55,"1.211030957E12":20,"1.211038495E12":138,"1.211032487E12":35,"1.211121546E12":373,"1.211069685E12":329,"1.211079575E12":342,"1.211052416E12":257,"1.211037151E12":111,"1.21103771E12":119,"1.211052075E12":254,"1.211036938E12":107,"1.211045906E12":218,"1.211042378E12":189,"1.211034646E12":52,"1.211033513E12":44,"1.21108704E12":362,"1.211117908E12":371,"1.211036106E12":84,"1.21103981E12":161,"1.211035927E12":81,"1.211063758E12":320,"1.211030763E12":12,"1.211038501E12":139,"1.211063698E12":318,"1.211054501E12":269,"1.211033044E12":42,"1.211039836E12":162,"1.211070876E12":334,"1.21104869E12":236,"1.211039986E12":164,"1.211040161E12":167,"1.211030798E12":14,"1.211070457E12":332,"1.211037624E12":117,"1.21103691E12":106,"1.211037036E12":108,"1.211039086E12":145,"1.211074881E12":340,"1.211062334E12":311,"1.211048679E12":235,"1.211045525E12":214,"1.211018404E12":1,"1.211038578E12":142,"1.21103186E12":28,"1.211126147E12":376,"1.211074095E12":339,"1.211050336E12":244,"1.211039103E12":147,"1.211068556E12":325,"1.211037819E12":120,"1.211080989E12":348,"1.21105764E12":289,"1.211033652E12":46,"1.211054394E12":268,"1.211038152E12":127,"1.211055204E12":275,"1.211057119E12":287,"1.211057773E12":290,"1.211050191E12":243,"1.211050101E12":241,"1.211044229E12":200,"1.21107062E12":333,"1.211244306E12":388,"1.211101463E12":370,"1.21104859E12":233,"1.211053456E12":263,"1.211047502E12":230,"1.211051518E12":250,"1.211093703E12":365,"1.211038263E12":133,"1.211036198E12":92,"1.211031934E12":29,"1.211036189E12":89,"1.211243145E12":387,"1.211079775E12":343,"1.211035886E12":80,"1.211032655E12":37,"1.211038087E12":126,"1.211080283E12":347,"1.211035617E12":71,"1.21112087E12":372,"1.211038321E12":136,"1.211052917E12":261,"1.211085897E12":359,"1.211040797E12":171,"1.211037517E12":115,"1.211038271E12":134,"1.21103611E12":85,"1.211063567E12":315,"1.211031437E12":24,"1.211051595E12":252,"1.211032078E12":32,"1.211034916E12":57,"1.211032736E12":38,"1.211047283E12":227,"1.211038248E12":131,"1.21104384E12":195,"1.211036266E12":95,"1.211030843E12":16,"1.211040997E12":174,"1.211069836E12":330,"1.211061234E12":301,"1.211042395E12":190,"1.211031213E12":22,"1.211037909E12":122,"1.211040096E12":165,"1.211062008E12":309,"1.211039093E12":146,"1.211033457E12":43,"1.211100582E12":369,"1.211030672E12":11,"1.211056907E12":285,"1.211064976E12":322,"1.21103536E12":68,"1.2110525E12":259,"1.211045833E12":217,"1.211059339E12":298,"1.211047218E12":226,"1.211034664E12":53,"1.211053802E12":264,"1.211040565E12":169,"1.211052456E12":258,"1.211084169E12":352,"1.211058919E12":295,"1.211061311E12":302,"1.211084965E12":355,"1.211039105E12":148,"1.211070263E12":331,"1.211033722E12":47,"1.211039461E12":153,"1.211035859E12":78,"1.211041251E12":175,"1.211042399E12":191,"1.211051972E12":253,"1.211052274E12":256,"1.211039952E12":163,"1.211032018E12":30,"1.211047614E12":231,"1.211067574E12":324,"1.211043855E12":196,"1.211055656E12":279,"1.211035665E12":72,"1.211044315E12":202,"1.211086764E12":360,"1.211029423E12":3,"1.211061474E12":303,"1.211095713E12":367,"1.211061506E12":304,"1.211035036E12":60,"1.211036495E12":100,"1.21105056E12":246,"1.211059197E12":297,"1.211052229E12":255,"1.211071934E12":337,"1.211042357E12":188,"1.211035244E12":65,"1.211040809E12":172,"1.211054925E12":273,"1.211044741E12":208,"1.211038305E12":135,"1.211041983E12":183,"1.211055203E12":274,"1.211044157E12":199,"1.211056049E12":282,"1.211030873E12":18,"1.211035762E12":76,"1.211034409E12":50,"1.21105108E12":248,"1.211039446E12":152,"1.211049017E12":240,"1.211031593E12":26,"1.211135233E12":378,"1.211035173E12":62,"1.211036289E12":96,"1.211040921E12":173,"1.211166459E12":382,"1.211045807E12":216,"1.211040128E12":166,"1.211063705E12":319,"1.211063435E12":314,"1.211030561E12":8,"1.211055704E12":280,"1.211084882E12":354,"1.2110396E12":155,"1.21103276E12":39,"1.211035681E12":74,"1.211038165E12":128,"1.211092933E12":364,"1.211050431E12":245,"1.21104139E12":177,"1.211057106E12":286,"1.21104457E12":206,"1.21103708E12":110,"1.211044457E12":203,"1.211048774E12":238,"1.21104041E12":168,"1.211039586E12":154,"1.211063151E12":313,"1.211080247E12":346,"1.211029063E12":2,"1.211037158E12":112,"1.2110425E12":192,"1.211030556E12":7,"1.211053989E12":265,"1.211057951E12":291,"1.211041762E12":181,"1.211043088E12":194,"1.211034703E12":54,"1.211059393E12":299,"1.211051111E12":249,"1.211036471E12":99,"1.211058616E12":293,"1.211032201E12":33,"1.211037556E12":116,"1.211036459E12":98,"1.211052703E12":260,"1.21103619E12":90,"1.2110463E12":219,"1.211034398E12":49,"1.211045111E12":211,"1.211082541E12":350,"1.211041405E12":178,"1.211096603E12":368,"1.2110711E12":335,"1.211054347E12":267,"1.211085842E12":358,"1.211036084E12":83,"1.211041866E12":182,"1.211035225E12":64,"1.211032618E12":36,"1.211042522E12":193,"1.211030767E12":13,"1.211062966E12":312,"1.211051581E12":251,"1.211036724E12":104,"1.211030853E12":17,"1.211124173E12":374,"1.211079801E12":344,"1.211036205E12":93,"1.211061728E12":307,"1.211130567E12":377,"1.211047215E12":225,"1.211035928E12":82,"1.21103792E12":123,"1.211046578E12":221,"1.211036196E12":91,"1.211056746E12":284,"1.211177978E12":385,"1.211085723E12":357,"1.211035216E12":63,"1.211081679E12":349,"1.211175982E12":384,"1.211034919E12":58,"1.211037043E12":109,"1.211030347E12":4,"1.211071205E12":336,"1.21104689E12":223,"1.211030367E12":5,"1.21108264E12":351},"NUMBER_OF_PEOPLE":400,