{"propagationData":{"1.211068668E12":332,"1.211028502E12":67,"1.211083154E12":356,"1.211029864E12":80,"1.211038696E12":240,"1.211034015E12":164,"1.211028264E12":63,"1.211035891E12":204,"1.21102982E12":79,"1.211036449E12":212,"1.211037839E12":227,"1.211043466E12":266,"1.211024184E12":29,"1.211027866E12":60,"1.211051661E12":303,"1.211039364E12":243,"1.211022371E12":5,"1.211030706E12":98,"1.211033733E12":161,"1.21103689E12":217,"1.211034045E12":167,"1.211027381E12":54,"1.211062293E12":320,"1.211035141E12":190,"1.211045091E12":282,"1.211022203E12":2,"1.211022223E12":4,"1.211036639E12":216,"1.211031894E12":121,"1.211032077E12":125,"1.211026124E12":46,"1.211030653E12":93,"1.211037208E12":222,"1.211032625E12":139,"1.211065021E12":328,"1.211089929E12":364,"1.211046895E12":294,"1.211032747E12":142,"1.211039731E12":244,"1.211026883E12":52,"1.21107335E12":342,"1.211042768E12":265,"1.211041669E12":259,"1.211030396E12":86,"1.211129533E12":377,"1.211038658E12":237,"1.21102341E12":22,"1.211032614E12":138,"1.211029431E12":76,"1.211045817E12":285,"1.211032773E12":143,"1.211084485E12":359,"1.211026115E12":45,"1.21103374E12":162,"1.211043681E12":268,"1.211051589E12":302,"1.211025899E12":41,"1.211103951E12":375,"1.211103013E12":374,"1.211026058E12":44,"1.211073216E12":339,"1.21103158E12":113,"1.211073808E12":343,"1.211032149E12":127,"1.211064012E12":326,"1.211038683E12":239,"1.211029289E12":74,"1.211031353E12":110,"1.211051915E12":304,"1.211029739E12":78,"1.211022961E12":17,"1.211032072E12":124,"1.211031117E12":103,"1.211053442E12":311,"1.211090976E12":367,"1.211031094E12":102,"1.211038675E12":238,"1.211029176E12":73,"1.211032394E12":134,"1.211096236E12":371,"1.211033514E12":157,"1.211026904E12":53,"1.211034568E12":180,"1.211022719E12":14,"1.211031658E12":117,"1.211028823E12":69,"1.211024545E12":34,"1.211032165E12":129,"1.211147024E12":380,"1.211508938E12":387,"1.211081683E12":352,"1.21103823E12":232,"1.211030134E12":81,"1.211053028E12":309,"1.211081821E12":354,"1.211037014E12":219,"1.2110338E12":163,"1.211045885E12":288,"1.211067834E12":331,"1.211035756E12":202,"1.211030651E12":92,"1.211024423E12":32,"1.211034355E12":174,"1.211032183E12":130,"1.211090789E12":365,"1.211036136E12":207,"1.211035016E12":188,"1.211023502E12":24,"1.211022554E12":10,"1.211030435E12":87,"1.211270898E12":386,"1.211052975E12":308,"1.211031161E12":104,"1.211084091E12":357,"1.211068843E12":333,"1.211028424E12":65,"1.211026377E12":47,"1.21103369E12":160,"1.211034988E12":186,"1.211045105E12":283,"1.211029365E12":75,"1.211026528E12":49,"1.211037648E12":225,"1.211031208E12":105,"1.21103469E12":182,"1.211039937E12":249,"1.211032064E12":123,"1.211031418E12":111,"1.211024378E12":31,"1.211043995E12":272,"1.211059693E12":314,"1.211035675E12":198,"1.211044005E12":273,"1.211038059E12":229,"1.21103241E12":135,"1.211044132E12":275,"1.211038216E12":231,"1.211027819E12":58,"1.211089363E12":363,"1.211023227E12":19,"1.211030611E12":88,"1.211032997E12":147,"1.211040189E12":250,"1.211062402E12":321,"1.211063923E12":325,"1.211059503E12":312,"1.211051515E12":300,"1.211025031E12":38,"1.211023212E12":18,"1.211024854E12":36,"1.21106368E12":322,"1.211044932E12":280,"1.21104844E12":298,"1.211026715E12":51,"1.211075406E12":345,"1.211034182E12":171,"1.211038433E12":235,"1.211063826E12":323,"1.211023282E12":20,"1.211047229E12":295,"1.211060126E12":315,"1.211018404E12":1,"1.21103887E12":241,"1.211035583E12":197,"1.211032153E12":128,"1.211027831E12":59,"1.211032412E12":136,"1.211033139E12":149,"1.211025926E12":42,"1.211033599E12":158,"1.211041141E12":256,"1.211040196E12":251,"1.21102486E12":37,"1.211036061E12":206,"1.21103403E12":165,"1.211031863E12":119,"1.211032468E12":137,"1.211033479E12":156,"1.21103825E12":233,"1.211029628E12":77,"1.211100689E12":373,"1.211022556E12":11,"1.21103342E12":154,"1.211034993E12":187,"1.21103784E12":228,"1.21103147E12":112,"1.211034644E12":181,"1.211032116E12":126,"1.211034891E12":184,"1.211046385E12":289,"1.211172417E12":382,"1.211091487E12":368,"1.21102797E12":62,"1.211042558E12":261,"1.211045844E12":287,"1.211040532E12":253,"1.211027593E12":57,"1.211032377E12":132,"1.211028298E12":64,"1.211027415E12":55,"1.211042587E12":262,"1.211060855E12":317,"1.211062143E12":319,"1.2110449E12":279,"1.211035745E12":201,"1.211031584E12":114,"1.211079974E12":349,"1.211053195E12":310,"1.211069602E12":336,"1.21103977E12":247,"1.211031038E12":101,"1.211037161E12":220,"1.211030356E12":83,"1.211074126E12":344,"1.211140373E12":378,"1.211032242E12":131,"1.211033651E12":159,"1.211022219E12":3,"1.211034039E12":166,"1.211030654E12":94,"1.211035089E12":189,"1.211081741E12":353,"1.211030663E12":95,"1.211022387E12":6,"1.211031213E12":106,"1.211044501E12":278,"1.211030393E12":85,"1.211095785E12":369,"1.211034543E12":179,"1.211036333E12":209,"1.211063878E12":324,"1.211023686E12":25,"1.211085262E12":361,"1.211028873E12":72,"1.211035408E12":192,"1.211124191E12":376,"1.211025115E12":39,"1.211028864E12":71,"1.211031243E12":108,"1.21104096E12":255,"1.211044053E12":274,"1.21104784E12":296,"1.211035468E12":194,"1.211038088E12":230,"1.211052747E12":307,"1.211034334E12":173,"1.211084197E12":358,"1.211028658E12":68,"1.211034204E12":172,"1.211035686E12":199,"1.21104392E12":270,"1.211038416E12":234,"1.211022753E12":16,"1.211044133E12":276,"1.211034767E12":183,"1.211033416E12":153,"1.211030649E12":91,"1.211036451E12":213,"1.211026391E12":48,"1.211090867E12":366,"1.21103641E12":210,"1.211064084E12":327,"1.211023863E12":26,"1.211031629E12":115,"1.211069859E12":337,"1.211031232E12":107,"1.21102513E12":40,"1.211035919E12":205,"1.211039754E12":246,"1.211022532E12":8,"1.211141852E12":379,"1.211046826E12":293,"1.211024107E12":27,"1.211202177E12":384,"1.211042674E12":263,"1.211073228E12":340,"1.211044216E12":277,"1.211032851E12":145,"1.211043504E12":267,"1.211045282E12":284,"1.211022552E12":9,"1.211065149E12":330,"1.211022673E12":13,"1.211032388E12":133,"1.211030699E12":97,"1.211041707E12":260,"1.211071081E12":338,"1.21103063E12":89,"1.211031009E12":100,"1.211033468E12":155,"1.211031892E12":120,"1.211085252E12":360,"1.211080576E12":350,"1.211042676E12":264,"1.211035736E12":200,"1.211036173E12":208,"1.211024849E12":35,"1.211069341E12":334,"1.211036468E12":215,"1.211034504E12":178,"1.211033002E12":148,"1.211036437E12":211,"1.211096025E12":370,"1.211031338E12":109,"1.211037649E12":226,"1.211061745E12":318,"1.211037541E12":223,"1.211028853E12":70,"1.211024223E12":30,"1.211039804E12":248,"1.211033397E12":152,"1.211045821E12":286,"1.211037195E12":221,"1.211034909E12":185,"1.211087011E12":362,"1.211026057E12":43,"1.211052007E12":305,"1.211059664E12":313,"1.211032059E12":122,"1.211036928E12":218,"1.211040935E12":254,"1.211046788E12":292,"1.211022629E12":12,"1.211032716E12":140,"1.211034056E12":168,"1.211039733E12":245,"1.211075593E12":346,"1.211035491E12":196,"1.211222135E12":385,"1.211043923E12":271,"1.21103764E12":224,"1.211080995E12":351,"1.211022749E12":15,"1.211076467E12":347,"1.211030381E12":84,"1.211035154E12":191,"1.211035473E12":195,"1.211069598E12":335,"1.211027499E12":56,"1.211030716E12":99,"1.211040463E12":252,"1.211175527E12":383,"1.211041494E12":257,"1.211051529E12":301,"1.211046663E12":291,"1.21106027E12":316,"1.211024146E12":28,"1.211030671E12":96,"1.211078262E12":348,"1.211034134E12":170,"1.211024424E12":33,"1.211023367E12":21,"1.211032777E12":144,"1.211041653E12":258,"1.211031723E12":118,"1.211052631E12":306,"1.211028497E12":66,"1.211027907E12":61,"1.211097792E12":372,"1.211034465E12":176,"1.211073308E12":341,"1.211043684E12":269,"1.211033152E12":150,"1.211035813E12":203,"1.211026609E12":50,"1.211046638E12":290,"1.211039353E12":242,"1.211033318E12":151,"1.211051506E12":299,"1.211045072E12":281,"1.211031655E12":116,"1.211065096E12":329,"1.211023456E12":23,"1.211022488E12":7,"1.211082015E12":355,"1.211038491E12":236,"1.21103274E12":141,"1.21115198E12":381,"1.211034449E12":175,"1.211036453E12":214,"1.211048391E12":297,"1.211034115E12":169,"1.211030198E12":82},"NUMBER_OF_PEOPLE":400,"minTimeSeen":1.211018404E12,