{"propagationData":{"1.211063471E12":311,"1.211162233E12":382,"1.211048521E12":158,"1.211064158E12":316,"1.211046948E12":132,"1.211043896E12":64,"1.211161787E12":381,"1.211065069E12":321,"1.211055808E12":255,"1.211076977E12":350,"1.211063651E12":315,"1.211046398E12":118,"1.211049092E12":167,"1.211065196E12":322,"1.211045433E12":99,"1.211079779E12":354,"1.211036364E12":8,"1.211048977E12":164,"1.211059181E12":283,"1.211044382E12":76,"1.211038573E12":19,"1.211038477E12":16,"1.211047563E12":146,"1.211057285E12":269,"1.211046133E12":108,"1.211050122E12":185,"1.211046979E12":134,"1.211049422E12":173,"1.211169443E12":385,"1.21104493E12":85,"1.211062987E12":305,"1.211046302E12":112,"1.211046349E12":115,"1.211044622E12":80,"1.211050237E12":188,"1.211045419E12":98,"1.211046984E12":135,"1.211044128E12":73,"1.211050943E12":199,"1.211046591E12":124,"1.211046874E12":130,"1.211055295E12":249,"1.211060278E12":290,"1.211040424E12":36,"1.211074564E12":346,"1.211065348E12":323,"1.211046172E12":109,"1.211049032E12":166,"1.211057445E12":272,"1.211051005E12":200,"1.211050549E12":194,"1.211044671E12":82,"1.211060988E12":298,"1.211046942E12":131,"1.21108146E12":361,"1.21106462E12":320,"1.211052854E12":221,"1.211052062E12":208,"1.211042696E12":55,"1.211039023E12":24,"1.211040378E12":35,"1.211082624E12":364,"1.211052658E12":216,"1.211059637E12":285,"1.211049749E12":178,"1.211038142E12":10,"1.21104317E12":59,"1.211042529E12":51,"1.211046358E12":117,"1.211069456E12":334,"1.211048433E12":155,"1.211071145E12":338,"1.211049168E12":169,"1.211060916E12":296,"1.211042416E12":49,"1.211040559E12":38,"1.211059124E12":281,"1.211060835E12":293,"1.211039215E12":27,"1.211047388E12":142,"1.211063016E12":306,"1.211081856E12":363,"1.211044518E12":78,"1.211053745E12":231,"1.211045409E12":97,"1.211046126E12":106,"1.211046671E12":126,"1.211038635E12":21,"1.211045446E12":100,"1.211018991E12":2,"1.211049012E12":165,"1.211064501E12":319,"1.211044562E12":79,"1.211044185E12":74,"1.211020909E12":7,"1.211059798E12":286,"1.211038587E12":20,"1.211045318E12":92,"1.211045043E12":86,"1.211044852E12":84,"1.211052679E12":217,"1.211047063E12":137,"1.211060914E12":295,"1.211055045E12":247,"1.211050769E12":196,"1.211047739E12":149,"1.211047571E12":147,"1.211054277E12":236,"1.211074227E12":343,"1.21114178E12":379,"1.211042567E12":52,"1.211142846E12":380,"1.211045266E12":91,"1.211051117E12":203,"1.211038418E12":13,"1.211048445E12":156,"1.21103957E12":29,"1.211055505E12":253,"1.211050134E12":186,"1.211053568E12":228,"1.211045323E12":93,"1.211044512E12":77,"1.211038383E12":12,"1.211095096E12":371,"1.21105898E12":280,"1.21107882E12":351,"1.211178696E12":387,"1.21104837E12":154,"1.211069988E12":335,"1.21106092E12":297,"1.211056751E12":262,"1.211056901E12":264,"1.211062137E12":302,"1.211059957E12":288,"1.211058497E12":276,"1.211047238E12":138,"1.211049104E12":168,"1.211050052E12":183,"1.21104477E12":83,"1.211047489E12":145,"1.211052253E12":211,"1.211054226E12":235,"1.211043467E12":60,"1.211044019E12":69,"1.211038421E12":14,"1.211047474E12":144,"1.211044067E12":70,"1.211052174E12":209,"1.211045201E12":89,"1.211052573E12":215,"1.211063594E12":312,"1.211059157E12":282,"1.21104401E12":68,"1.211079261E12":352,"1.211063385E12":308,"1.211046531E12":123,"1.21106898E12":333,"1.211045457E12":101,"1.211047406E12":143,"1.211066251E12":327,"1.211048271E12":152,"1.211080318E12":359,"1.211072695E12":341,"1.211053481E12":226,"1.211102213E12":375,"1.211018404E12":1,"1.211053907E12":232,"1.211054968E12":246,"1.211052755E12":218,"1.211044654E12":81,"1.211097198E12":373,"1.211049455E12":174,"1.211054483E12":239,"1.211044079E12":71,"1.211042694E12":53,"1.211071041E12":337,"1.211053497E12":227,"1.211046596E12":125,"1.211040497E12":37,"1.211055396E12":251,"1.211042478E12":50,"1.21105883E12":278,"1.211052205E12":210,"1.211062583E12":304,"1.211054591E12":241,"1.211049684E12":177,"1.211054495E12":240,"1.211045593E12":102,"1.211047006E12":136,"1.211056706E12":261,"1.21105928E12":284,"1.211052432E12":214,"1.211019039E12":4,"1.211055425E12":252,"1.211080199E12":356,"1.211038562E12":18,"1.211039654E12":30,"1.211062129E12":301,"1.211045099E12":88,"1.211052298E12":213,"1.21105998E12":289,"1.211127674E12":378,"1.211046058E12":104,"1.211055155E12":248,"1.211038456E12":15,"1.211050395E12":191,"1.211060906E12":294,"1.211046321E12":114,"1.211048291E12":153,"1.211060653E12":292,"1.211053996E12":234,"1.211041109E12":40,"1.211102174E12":374,"1.211052852E12":220,"1.211052914E12":223,"1.211041411E12":42,"1.211046489E12":121,"1.211060362E12":291,"1.21103888E12":23,"1.211045252E12":90,"1.211050398E12":192,"1.211063434E12":309,"1.211062047E12":300,"1.211056383E12":258,"1.211165098E12":383,"1.211052262E12":212,"1.211048057E12":151,"1.211084563E12":365,"1.211047373E12":139,"1.211039433E12":28,"1.211049232E12":170,"1.211048825E12":163,"1.211051471E12":206,"1.211046282E12":111,"1.21104738E12":140,"1.211043583E12":61,"1.211074233E12":344,"1.211062454E12":303,"1.211075933E12":348,"1.211059888E12":287,"1.211063352E12":307,"1.21102031E12":6,"1.211052008E12":207,"1.211050672E12":195,"1.211057976E12":274,"1.211042762E12":56,"1.211049489E12":176,"1.211044105E12":72,"1.211054611E12":243,"1.211057418E12":270,"1.211074518E12":345,"1.211047581E12":148,"1.211167583E12":384,"1.211085018E12":366,"1.211065516E12":325,"1.211066349E12":328,"1.211047911E12":150,"1.211049282E12":171,"1.211070359E12":336,"1.211045349E12":95,"1.211048515E12":157,"1.211054655E12":244,"1.211055807E12":254,"1.211038493E12":17,"1.211064228E12":317,"1.211079348E12":353,"1.211058933E12":279,"1.211056988E12":267,"1.211066667E12":329,"1.211056256E12":257,"1.21103803E12":9,"1.211046962E12":133,"1.211050885E12":198,"1.211046356E12":116,"1.211049797E12":179,"1.211047383E12":141,"1.211067449E12":331,"1.211056877E12":263,"1.211041124E12":41,"1.211066162E12":326,"1.211051198E12":204,"1.211046129E12":107,"1.211175485E12":386,"1.211046399E12":119,"1.211056557E12":259,"1.211040024E12":32,"1.211061701E12":299,"1.211051054E12":201,"1.211064276E12":318,"1.211057157E12":268,"1.211052796E12":219,"1.211067488E12":332,"1.211046749E12":127,"1.211049368E12":172,"1.211055968E12":256,"1.21104865E12":159,"1.211048756E12":161,"1.211046108E12":105,"1.211053963E12":233,"1.211038857E12":22,"1.21104431E12":75,"1.211040094E12":33,"1.211051432E12":205,"1.211053133E12":224,"1.211043823E12":62,"1.21108691E12":369,"1.211080228E12":357,"1.211085221E12":367,"1.211046806E12":129,"1.211094528E12":370,"1.211056909E12":265,"1.211050141E12":187,"1.211041911E12":45,"1.211041485E12":43,"1.211063624E12":313,"1.211053422E12":225,"1.211054472E12":238,"1.211063637E12":314,"1.211040142E12":34,"1.211046312E12":113,"1.211046788E12":128,"1.211096451E12":372,"1.211056581E12":260,"1.211054359E12":237,"1.211043935E12":65,"1.211056947E12":266,"1.211050523E12":193,"1.211041681E12":44,"1.211048677E12":160,"1.211073516E12":342,"1.211065397E12":324,"1.211043946E12":66,"1.211055328E12":250,"1.211051111E12":202,"1.211043951E12":67,"1.211080305E12":358,"1.211048816E12":162,"1.211039108E12":25,"1.21108687E12":368,"1.211050092E12":184,"1.211038224E12":11,"1.2110454E12":96,"1.211050771E12":197,"1.211049927E12":180,"1.211042285E12":47,"1.211042403E12":48,"1.211045044E12":87,"1.211074633E12":347,"1.21104284E12":57,"1.211058325E12":275,"1.211019019E12":3,"1.211260589E12":388,"1.211103554E12":376,"1.21107192E12":339,"1.211080664E12":360,"1.211057432E12":271,"1.211063439E12":310,"1.21108166E12":362,"1.211042194E12":46,"1.211046202E12":110,"1.211127508E12":377,"1.211079826E12":355,"1.211049946E12":182,"1.211057913E12":273,"1.211039826E12":31,"1.211050348E12":190,"1.211020222E12":5,"1.211067367E12":330,"1.211040914E12":39,"1.211049464E12":175,"1.21104994E12":181,"1.211046508E12":122,"1.21105866E12":277,"1.211042968E12":58,"1.211052909E12":222,"1.211050286E12":189,"1.211072018E12":340,"1.211046457E12":120,"1.211045778E12":103,"1.211053721E12":229,"1.211075942E12":349,"1.211039176E12":26,"1.211054838E12":245},"NUMBER_OF_PEOPLE":400,"minTimeSeen":1.211018404E12,