{"propagationData":{"1.211097836E12":37,"1.211088089E12":19,"1.211119558E12":46,"1.211544346E12":102,"1.211127745E12":58,"1.211518576E12":84,"1.211127403E12":56,"1.211518501E12":82,"1.211535715E12":99,"1.211087744E12":16,"1.211544451E12":103,"1.211087986E12":18,"1.211123817E12":53,"1.211088989E12":22,"1.211119442E12":45,"1.211090406E12":28,"1.211121575E12":51,"1.211117102E12":41,"1.211018847E12":3,"1.21102101E12":5,"1.211128416E12":60,"1.211545619E12":107,"1.211129155E12":61,"1.211089587E12":26,"1.211093566E12":34,"1.211020098E12":4,"1.211018823E12":2,"1.21147726E12":73,"1.211119061E12":42,"1.211522184E12":88,"1.211086538E12":14,"1.211100398E12":39,"1.211522198E12":89,"1.211120083E12":48,"1.211478062E12":76,"1.211477254E12":72,"1.211525871E12":94,"1.211089008E12":23,"1.211129425E12":64,"1.211090347E12":27,"1.211093567E12":35,"1.211522176E12":87,"1.211518716E12":86,"1.211141809E12":67,"1.211478002E12":75,"1.211526191E12":95,"1.211089273E12":24,"1.211129391E12":62,"1.211522633E12":93,"1.211090923E12":29,"1.211089582E12":25,"1.21152895E12":98,"1.211517673E12":81,"1.211119432E12":44,"1.211477278E12":74,"1.21103079E12":6,"1.211039885E12":10,"1.211120191E12":49,"1.211141825E12":68,"1.211080629E12":13,"1.211093602E12":36,"1.211517615E12":79,"1.211040405E12":11,"1.211036248E12":9,"1.211141728E12":66,"1.211522351E12":91,"1.211544042E12":101,"1.211093495E12":33,"1.211119798E12":47,"1.211119074E12":43,"1.211123865E12":55,"1.211127579E12":57,"1.211522356E12":92,"1.211093483E12":31,"1.211515816E12":77,"1.211146056E12":69,"1.211544908E12":105,"1.211526708E12":96,"1.211087742E12":15,"1.211518514E12":83,"1.211146264E12":70,"1.211544589E12":104,"1.211099329E12":38,"1.211522347E12":90,"1.211515868E12":78,"1.211087828E12":17,"1.211121531E12":50,"1.211129405E12":63,"1.21153682E12":100,"1.211528832E12":97,"1.211018404E12":1,"1.211123827E12":54,"1.211040508E12":12,"1.211088234E12":20,"1.211117097E12":40,"1.211036168E12":7,"1.211088979E12":21,"1.211093413E12":30,"1.211123785E12":52,"1.211141684E12":65,"1.21147694E12":71,"1.211545586E12":106,"1.211517639E12":80,"1.211036189E12":8,"1.211127747E12":59,"1.211518713E12":85,"1.211093489E12":32},"NUMBER_OF_PEOPLE":400,"minTimeSeen":1.211018404E12,"maxTimeSeen":1.211558405E12,"NEIGHBORHOOD_RADIUS":20.0,"ENCOUNTER_CHANCE":0.05,"priority":1.0,"duration":540001.0,"minutesDuration":9000.016666666666,"hoursDuration":150.00027777777777,"daysDuration":6.250011574074073}
