{"propagationData":{"1.211019155E12":2,"1.211242255E12":31,"1.21119931E12":15,"1.211225174E12":22,"1.211225161E12":21,"1.211212997E12":18,"1.211500909E12":33,"1.21122523E12":23,"1.211018404E12":1,"1.211213004E12":19,"1.211067453E12":3,"1.211199322E12":16,"1.211174339E12":8,"1.211241131E12":29,"1.211176174E12":12,"1.211225523E12":24,"1.211251607E12":32,"1.211176098E12":11,"1.211239759E12":26,"1.211185178E12":13,"1.21120496E12":17,"1.211240274E12":27,"1.211174397E12":10,"1.211241139E12":30,"1.211173821E12":7,"1.211237993E12":25,"1.211240899E12":28,"1.211151078E12":4,"1.211174381E12":9,"1.211161233E12":5,"1.21122503E12":20,"1.211172783E12":6,"1.211188382E12":14},"NUMBER_OF_PEOPLE":400,"minTimeSeen":1.211018404E12,"maxTimeSeen":1.211558405E12,"NEIGHBORHOOD_RADIUS":20.0,"ENCOUNTER_CHANCE":0.05,"priority":1.0,"duration":540001.0,"minutesDuration":9000.016666666666,"hoursDuration":150.00027777777777,"daysDuration":6.250011574074073}
