{"propagationData":{"1.211138926E12":17,"1.211166231E12":273,"1.211162252E12":252,"1.21117487E12":312,"1.211150809E12":164,"1.211206561E12":356,"1.211172179E12":302,"1.211143516E12":76,"1.211187421E12":339,"1.211181554E12":329,"1.211135674E12":8,"1.211141993E12":58,"1.21119625E12":345,"1.211162543E12":254,"1.211161093E12":245,"1.211175321E12":313,"1.211157749E12":218,"1.211146034E12":107,"1.211158369E12":221,"1.211139825E12":27,"1.211149401E12":152,"1.21116499E12":268,"1.211139462E12":20,"1.211158434E12":223,"1.211156212E12":203,"1.211206017E12":355,"1.211159192E12":226,"1.211146177E12":109,"1.211164088E12":263,"1.211162672E12":257,"1.211205745E12":354,"1.211148956E12":148,"1.211146525E12":115,"1.211190099E12":340,"1.211166927E12":279,"1.211134948E12":7,"1.211175479E12":314,"1.211135906E12":9,"1.211168111E12":284,"1.211139332E12":19,"1.211152763E12":181,"1.211147747E12":132,"1.211138861E12":16,"1.211151328E12":167,"1.21113961E12":24,"1.21114625E12":111,"1.211166998E12":281,"1.211151712E12":170,"1.211166983E12":280,"1.211181978E12":331,"1.211174619E12":311,"1.211258925E12":380,"1.211157305E12":215,"1.211143796E12":78,"1.211160963E12":243,"1.211231867E12":374,"1.211160711E12":239,"1.211145743E12":102,"1.211158412E12":222,"1.21114762E12":131,"1.211147493E12":128,"1.211159708E12":232,"1.211142223E12":61,"1.211146212E12":110,"1.211161105E12":246,"1.211148363E12":142,"1.211140883E12":48,"1.211149968E12":156,"1.211181082E12":327,"1.211150215E12":158,"1.211147127E12":123,"1.211216038E12":366,"1.21114711E12":122,"1.211226391E12":371,"1.211161845E12":250,"1.211139485E12":22,"1.211147748E12":133,"1.211157461E12":216,"1.211139838E12":28,"1.211166322E12":275,"1.211191452E12":342,"1.211170973E12":298,"1.211163454E12":259,"1.211141599E12":54,"1.211148289E12":140,"1.211170272E12":296,"1.211169301E12":290,"1.211149974E12":157,"1.211139464E12":21,"1.211175861E12":316,"1.211138473E12":13,"1.211140735E12":42,"1.211257457E12":379,"1.211168292E12":287,"1.211164923E12":267,"1.211140207E12":33,"1.211147434E12":127,"1.211183695E12":334,"1.211146365E12":114,"1.211260756E12":382,"1.21118485E12":336,"1.211148684E12":145,"1.211219856E12":367,"1.211197693E12":346,"1.211168241E12":286,"1.211150478E12":161,"1.211207946E12":359,"1.211173964E12":310,"1.211149642E12":154,"1.211164559E12":265,"1.211147213E12":125,"1.211140614E12":41,"1.211146559E12":116,"1.21115544E12":197,"1.211140478E12":39,"1.211151681E12":168,"1.211144319E12":85,"1.21115718E12":214,"1.21116752E12":282,"1.211144418E12":87,"1.21114437E12":86,"1.211140829E12":47,"1.211156804E12":210,"1.211143974E12":83,"1.211166853E12":278,"1.211148843E12":146,"1.211154795E12":190,"1.211142314E12":62,"1.211172709E12":306,"1.211204771E12":352,"1.211212239E12":364,"1.211179751E12":325,"1.211156547E12":207,"1.211148078E12":138,"1.211142565E12":64,"1.211160684E12":238,"1.211142855E12":68,"1.211227302E12":372,"1.211175646E12":315,"1.211172476E12":305,"1.211168171E12":285,"1.211228963E12":373,"1.211169631E12":294,"1.211145679E12":101,"1.211149292E12":151,"1.211136304E12":11,"1.211176325E12":318,"1.211178435E12":321,"1.21114075E12":43,"1.211146007E12":106,"1.211151753E12":171,"1.211018404E12":1,"1.211203021E12":349,"1.211147988E12":134,"1.211143498E12":75,"1.211156559E12":208,"1.211171846E12":299,"1.211158177E12":220,"1.211145846E12":105,"1.211190614E12":341,"1.211171926E12":301,"1.211142057E12":60,"1.21114799E12":136,"1.211143414E12":74,"1.211154101E12":186,"1.21114076E12":44,"1.211208444E12":360,"1.211159213E12":227,"1.211225434E12":370,"1.211148048E12":137,"1.21114921E12":150,"1.211182621E12":332,"1.211134854E12":6,"1.211140797E12":46,"1.211153266E12":183,"1.211169109E12":288,"1.211221185E12":369,"1.211144065E12":84,"1.211117701E12":3,"1.211142616E12":66,"1.211152639E12":179,"1.211146894E12":121,"1.211144429E12":88,"1.21114633E12":113,"1.211159133E12":225,"1.211142611E12":65,"1.211155936E12":202,"1.211212927E12":365,"1.21120425E12":351,"1.211170936E12":297,"1.211155192E12":192,"1.211157147E12":213,"1.211140504E12":40,"1.211240583E12":377,"1.211166272E12":274,"1.211145744E12":103,"1.211172419E12":304,"1.211145289E12":100,"1.211176269E12":317,"1.211172756E12":307,"1.211161375E12":249,"1.211151699E12":169,"1.211018411E12":2,"1.211141868E12":56,"1.21114388E12":80,"1.211152479E12":177,"1.211161186E12":248,"1.211139706E12":25,"1.211136163E12":10,"1.211145024E12":98,"1.211153834E12":185,"1.211143006E12":70,"1.211152497E12":178,"1.211150408E12":160,"1.211146754E12":119,"1.211149595E12":153,"1.21133236E12":385,"1.211164422E12":264,"1.211141027E12":51,"1.21114844E12":144,"1.211238315E12":376,"1.211171921E12":300,"1.211211132E12":362,"1.211203878E12":350,"1.211199557E12":347,"1.211154276E12":187,"1.211178137E12":319,"1.211173788E12":309,"1.21114632E12":112,"1.211140884E12":49,"1.211148434E12":143,"1.21114256E12":63,"1.211140174E12":32,"1.21147385E12":386,"1.211152801E12":182,"1.211162095E12":251,"1.211147273E12":126,"1.211148951E12":147,"1.211151982E12":173,"1.211144731E12":93,"1.211141265E12":52,"1.211289349E12":383,"1.211139568E12":23,"1.211143012E12":71,"1.211140405E12":36,"1.211144894E12":95,"1.211184682E12":335,"1.211178185E12":320,"1.211144444E12":89,"1.211160357E12":236,"1.211155269E12":193,"1.21116258E12":256,"1.211140019E12":31,"1.211163849E12":261,"1.211140272E12":35,"1.211140411E12":37,"1.211201714E12":348,"1.211132959E12":4,"1.211152473E12":176,"1.211179108E12":323,"1.211163273E12":258,"1.211154439E12":188,"1.211140424E12":38,"1.211170112E12":295,"1.211155401E12":195,"1.211160014E12":235,"1.211157619E12":217,"1.211137884E12":12,"1.211143332E12":73,"1.211164718E12":266,"1.211147601E12":130,"1.211167861E12":283,"1.211141563E12":53,"1.211155438E12":196,"1.211250512E12":378,"1.21122015E12":368,"1.211205363E12":353,"1.211146174E12":108,"1.211208594E12":361,"1.211160998E12":244,"1.211151835E12":172,"1.211159979E12":234,"1.211143799E12":79,"1.211153392E12":184,"1.211186663E12":338,"1.211172221E12":303,"1.211207052E12":357,"1.211166669E12":277,"1.211142665E12":67,"1.211159436E12":229,"1.21114831E12":141,"1.211185306E12":337,"1.211155624E12":200,"1.211150272E12":159,"1.211143048E12":72,"1.211163457E12":260,"1.211143947E12":82,"1.211138645E12":15,"1.211149689E12":155,"1.211145018E12":97,"1.21116088E12":241,"1.21116515E12":270,"1.211179583E12":324,"1.211162362E12":253,"1.211157836E12":219,"1.211159767E12":233,"1.211156506E12":206,"1.211143702E12":77,"1.21113856E12":14,"1.211146872E12":120,"1.211156911E12":211,"1.211156635E12":209,"1.211141607E12":55,"1.211148218E12":139,"1.211151107E12":166,"1.211144643E12":90,"1.211143921E12":81,"1.211166161E12":272,"1.211156381E12":205,"1.211148959E12":149,"1.211166536E12":276,"1.211133856E12":5,"1.211145807E12":104,"1.211260037E12":381,"1.211139843E12":29,"1.211144864E12":94,"1.211146707E12":118,"1.211139858E12":30,"1.211159521E12":231,"1.211159052E12":224,"1.211159504E12":230,"1.21115058E12":162,"1.211178964E12":322,"1.211155514E12":198,"1.211155559E12":199,"1.211298417E12":384,"1.211139722E12":26,"1.21116916E12":289,"1.211165148E12":269,"1.211160958E12":242,"1.211145016E12":96,"1.211140925E12":50,"1.211183413E12":333,"1.21115069E12":163,"1.211169336E12":292,"1.211155316E12":194,"1.211169313E12":291,"1.211196069E12":344,"1.21115516E12":191,"1.211147191E12":124,"1.211144681E12":91,"1.211141933E12":57,"1.211169401E12":293,"1.211155847E12":201,"1.211152751E12":180,"1.211211619E12":363,"1.211165219E12":271,"1.211159335E12":228,"1.211140208E12":34,"1.211181636E12":330,"1.211162553E12":255,"1.211152133E12":175,"1.211154538E12":189,"1.211192771E12":343,"1.211180066E12":326,"1.211157022E12":212,"1.211181111E12":328,"1.211142017E12":59,"1.211207905E12":358,"1.211161182E12":247,"1.211156326E12":204,"1.211147504E12":129,"1.211145287E12":99,"1.211233679E12":375,"1.211152127E12":174,"1.211160658E12":237,"1.211163978E12":262,"1.211150882E12":165,"1.211173343E12":308,"1.211142907E12":69},"NUMBER_OF_PEOPLE":400,"minTimeSeen":1.211018404E12,"maxTimeSeen":1.211558405E12,"NEIGHBORHOOD_RADIUS":20.0,"ENCOUNTER_CHANCE":0.05,