{"propagationData":{"1.211091923E12":277,"1.21106878E12":23,"1.211117859E12":341,"1.211122313E12":347,"1.211076811E12":115,"1.211071124E12":40,"1.211080449E12":177,"1.211159539E12":368,"1.211075517E12":98,"1.211084885E12":227,"1.211096084E12":309,"1.211099008E12":315,"1.211088042E12":251,"1.211070622E12":32,"1.21106994E12":28,"1.211080975E12":185,"1.211075335E12":91,"1.21109799E12":313,"1.211081581E12":190,"1.211081523E12":189,"1.211083407E12":212,"1.21110675E12":335,"1.211157721E12":365,"1.211076244E12":107,"1.211072737E12":57,"1.211085928E12":239,"1.211077514E12":131,"1.211080588E12":180,"1.211070997E12":37,"1.211071556E12":41,"1.211068867E12":24,"1.211194679E12":379,"1.211079828E12":167,"1.211092282E12":281,"1.211080591E12":181,"1.211088955E12":257,"1.211156101E12":362,"1.211082409E12":204,"1.211073392E12":62,"1.211076488E12":109,"1.211092606E12":286,"1.211114994E12":340,"1.211084246E12":219,"1.211089079E12":260,"1.211135562E12":355,"1.21107677E12":114,"1.211081375E12":188,"1.21109008E12":269,"1.21109081E12":274,"1.211079767E12":166,"1.211077502E12":129,"1.211083346E12":211,"1.211076625E12":110,"1.211084809E12":225,"1.211103474E12":328,"1.211111563E12":339,"1.211080366E12":176,"1.211075223E12":88,"1.211069117E12":25,"1.211088336E12":252,"1.211093302E12":293,"1.211095201E12":302,"1.211093636E12":296,"1.211077293E12":125,"1.211074605E12":82,"1.21107425E12":75,"1.211073884E12":69,"1.211080812E12":184,"1.211131951E12":352,"1.211092526E12":285,"1.211328527E12":386,"1.211085084E12":231,"1.211027039E12":3,"1.211078077E12":136,"1.211076941E12":119,"1.211018404E12":1,"1.211159572E12":369,"1.211080066E12":172,"1.211075612E12":102,"1.21109533E12":303,"1.2110783E12":145,"1.211092479E12":284,"1.211131074E12":351,"1.211089327E12":262,"1.211078477E12":147,"1.211077505E12":130,"1.211074342E12":77,"1.211087015E12":247,"1.211076705E12":113,"1.211072713E12":56,"1.211084329E12":220,"1.211100797E12":323,"1.211075362E12":94,"1.211076891E12":116,"1.211174898E12":374,"1.211214575E12":382,"1.21107368E12":64,"1.211213949E12":381,"1.211078082E12":137,"1.211136163E12":356,"1.211076922E12":117,"1.21107854E12":149,"1.211068085E12":20,"1.211082203E12":200,"1.211083478E12":213,"1.211085008E12":230,"1.211299722E12":385,"1.211080358E12":175,"1.211074559E12":80,"1.211083314E12":210,"1.211079078E12":156,"1.211085992E12":241,"1.211100663E12":322,"1.211072548E12":52,"1.211078289E12":144,"1.211087861E12":250,"1.211075606E12":101,"1.211175746E12":376,"1.211084047E12":218,"1.211078691E12":152,"1.211081697E12":192,"1.211075392E12":96,"1.211078265E12":142,"1.211086606E12":246,"1.211076682E12":111,"1.211085197E12":233,"1.211073768E12":67,"1.211092804E12":287,"1.211073259E12":61,"1.211103557E12":329,"1.211079063E12":155,"1.211077046E12":121,"1.211106016E12":332,"1.211099723E12":317,"1.211078268E12":143,"1.211070075E12":29,"1.211099961E12":318,"1.211137662E12":358,"1.211075821E12":103,"1.211075525E12":99,"1.211086461E12":245,"1.21108212E12":198,"1.211144002E12":361,"1.211088805E12":255,"1.211156403E12":363,"1.211080485E12":178,"1.21107898E12":153,"1.211081749E12":193,"1.211082112E12":196,"1.21108952E12":264,"1.211080751E12":183,"1.211081177E12":186,"1.211079871E12":168,"1.211068061E12":19,"1.211056794E12":6,"1.211067505E12":18,"1.21108373E12":215,"1.211077098E12":123,"1.211025307E12":2,"1.211134014E12":353,"1.211100463E12":321,"1.211106685E12":334,"1.211078546E12":150,"1.211075065E12":86,"1.211097415E12":311,"1.211111343E12":337,"1.211075371E12":95,"1.211076101E12":106,"1.211073979E12":72,"1.211073955E12":71,"1.211078358E12":146,"1.211071055E12":39,"1.211083984E12":217,"1.211091061E12":275,"1.211075897E12":105,"1.211084525E12":221,"1.211076927E12":118,"1.211077026E12":120,"1.211067323E12":14,"1.211080178E12":173,"1.211073943E12":70,"1.211079128E12":157,"1.211083094E12":209,"1.211121866E12":346,"1.211071786E12":45,"1.211101344E12":325,"1.211094956E12":301,"1.211079483E12":161,"1.211093256E12":291,"1.211121589E12":345,"1.21106974E12":27,"1.211081943E12":195,"1.211074497E12":78,"1.211085572E12":235,"1.211089691E12":266,"1.211071012E12":38,"1.211073028E12":58,"1.211075508E12":97,"1.211167584E12":372,"1.211079938E12":170,"1.211090237E12":271,"1.211074788E12":84,"1.211068249E12":22,"1.211075857E12":104,"1.211136532E12":357,"1.211338834E12":387,"1.211076684E12":112,"1.211074092E12":74,"1.211095562E12":306,"1.21107259E12":53,"1.211077334E12":126,"1.211100147E12":319,"1.211141417E12":359,"1.211094712E12":299,"1.211070427E12":31,"1.211074564E12":81,"1.211119048E12":342,"1.211084839E12":226,"1.211082119E12":197,"1.211067412E12":17,"1.211082624E12":206,"1.211071674E12":42,"1.211093567E12":295,"1.211072426E12":50,"1.211092433E12":283,"1.211163427E12":370,"1.2110949E12":300,"1.211097127E12":310,"1.211157001E12":364,"1.211080628E12":182,"1.211088811E12":256,"1.211092011E12":279,"1.211077375E12":128,"1.211085974E12":240,"1.211084746E12":224,"1.211093296E12":292,"1.211074742E12":83,"1.211074556E12":79,"1.211141553E12":360,"1.211080522E12":179,"1.21107352E12":63,"1.211098156E12":314,"1.211089889E12":267,"1.211090803E12":273,"1.211064693E12":10,"1.21107535E12":93,"1.211078102E12":140,"1.211075346E12":92,"1.211072544E12":51,"1.211101184E12":324,"1.211078665E12":151,"1.211099591E12":316,"1.211100365E12":320,"1.21108911E12":261,"1.211072701E12":54,"1.211081922E12":194,"1.211081642E12":191,"1.211074048E12":73,"1.211073814E12":68,"1.21106405E12":9,"1.2110785E12":148,"1.211158956E12":367,"1.211210009E12":380,"1.211079237E12":159,"1.211082258E12":202,"1.211082137E12":199,"1.21108291E12":207,"1.211080227E12":174,"1.211095347E12":304,"1.211075533E12":100,"1.211083942E12":216,"1.211067327E12":15,"1.211119267E12":344,"1.211085124E12":232,"1.211081326E12":187,"1.211079052E12":154,"1.211079702E12":164,"1.211028492E12":4,"1.211073105E12":59,"1.211090269E12":272,"1.211077048E12":122,"1.211075297E12":90,"1.211089075E12":259,"1.211086392E12":244,"1.211079877E12":169,"1.211075248E12":89,"1.211348938E12":388,"1.211070412E12":30,"1.211091272E12":276,"1.211085897E12":238,"1.211078085E12":138,"1.211232133E12":383,"1.211175515E12":375,"1.211260591E12":384,"1.211070829E12":35,"1.211070733E12":34,"1.211066499E12":12,"1.211085399E12":234,"1.211056933E12":7,"1.211095595E12":307,"1.211073188E12":60,"1.211069531E12":26,"1.211086211E12":243,"1.211072711E12":55,"1.21110447E12":330,"1.211089609E12":265,"1.21107815E12":141,"1.211065968E12":11,"1.211119061E12":343,"1.211066889E12":13,"1.211091968E12":278,"1.211079742E12":165,"1.211082337E12":203,"1.21109283E12":288,"1.211077925E12":132,"1.211074297E12":76,"1.211030146E12":5,"1.211088385E12":253,"1.211071966E12":46,"1.211134584E12":354,"1.211079609E12":162,"1.211068093E12":21,"1.211088491E12":254,"1.211103269E12":327,"1.211072033E12":47,"1.211060752E12":8,"1.21107735E12":127,"1.211092391E12":282,"1.211165565E12":371,"1.211089018E12":258,"1.211084914E12":229,"1.211079152E12":158,"1.211070974E12":36,"1.21107944E12":160,"1.211075115E12":87,"1.211092235E12":280,"1.211084593E12":222,"1.211110707E12":336,"1.211071743E12":44,"1.211085633E12":236,"1.211094676E12":298,"1.211095417E12":305,"1.211158304E12":366,"1.211087055E12":248,"1.211086056E12":242,"1.211070662E12":33,"1.211083604E12":214,"1.211183479E12":378,"1.211093251E12":290,"1.211082243E12":201,"1.211111464E12":338,"1.211090215E12":270,"1.211078002E12":135,"1.211072139E12":49,"1.211093458E12":294,"1.21107712E12":124,"1.211078095E12":139,"1.21107168E12":43,"1.211085737E12":237,"1.211179094E12":377,"1.211079968E12":171,"1.211083063E12":208,"1.211170771E12":373,"1.211125768E12":349,"1.211076314E12":108,"1.211094454E12":297,"1.211097549E12":312,"1.211106274E12":333,"1.211092923E12":289,"1.21112917E12":350,"1.211105246E12":331,"1.211084903E12":228,"1.211084743E12":223,"1.211074855E12":85,"1.211087575E12":249,"1.211089948E12":268,"1.211101781E12":326,"1.21107371E12":65,"1.211067373E12":16,"1.21107797E12":133,"1.211089479E12":263,"1.211079694E12":163,"1.211095942E12":308,"1.211082597E12":205,"1.211124189E12":348},"NUMBER_OF_PEOPLE":400,