{"propagationData":{"1.211335252E12":21,"1.21111554E12":7,"1.211522481E12":32,"1.211116758E12":13,"1.211018404E12":1,"1.211116704E12":12,"1.211522526E12":33,"1.211505836E12":27,"1.211019651E12":4,"1.211018598E12":2,"1.211507381E12":30,"1.211121942E12":17,"1.211335157E12":20,"1.211473499E12":25,"1.211116378E12":11,"1.21111529E12":6,"1.211117097E12":14,"1.211505786E12":26,"1.211507444E12":31,"1.211473494E12":24,"1.211506199E12":28,"1.211121959E12":19,"1.211121832E12":16,"1.211472443E12":22,"1.211473354E12":23,"1.211019451E12":3,"1.2115073E12":29,"1.21111635E12":10,"1.21102031E12":5,"1.211117136E12":15,"1.211116281E12":9,"1.211115756E12":8},"NUMBER_OF_PEOPLE":400,"minTimeSeen":1.211018404E12,"maxTimeSeen":1.211558405E12,"NEIGHBORHOOD_RADIUS":20.0,"ENCOUNTER_CHANCE":0.05,"priority":1.0,"duration":540001.0,"minutesDuration":9000.016666666666,"hoursDuration":150.00027777777777,"daysDuration":6.250011574074073}
