{"propagationData":{"1.211018465E12":3,"1.211035853E12":114,"1.211035672E12":113,"1.211034117E12":93,"1.211079689E12":317,"1.211047498E12":224,"1.211044495E12":198,"1.211050273E12":243,"1.211080814E12":320,"1.211051395E12":256,"1.211052866E12":260,"1.211033628E12":80,"1.211036875E12":126,"1.211018961E12":20,"1.211074534E12":311,"1.211034388E12":97,"1.211018644E12":10,"1.211057642E12":283,"1.211055399E12":269,"1.211025577E12":57,"1.211032563E12":69,"1.211051369E12":255,"1.211018884E12":17,"1.211038302E12":141,"1.211018759E12":13,"1.211035066E12":110,"1.211073304E12":308,"1.211040869E12":169,"1.211020907E12":32,"1.211102457E12":337,"1.211025763E12":59,"1.211036992E12":129,"1.21104214E12":182,"1.211027113E12":62,"1.211019782E12":27,"1.211056255E12":274,"1.211028394E12":63,"1.211025471E12":55,"1.211041356E12":175,"1.211092971E12":333,"1.211018491E12":6,"1.211052974E12":262,"1.211037444E12":135,"1.211021629E12":38,"1.211034627E12":102,"1.211050399E12":245,"1.211063277E12":299,"1.211034359E12":96,"1.211039375E12":152,"1.211040716E12":165,"1.211075591E12":312,"1.21106188E12":292,"1.211041105E12":173,"1.211062049E12":293,"1.21107284E12":307,"1.211033783E12":86,"1.211054103E12":264,"1.211102488E12":338,"1.211056329E12":276,"1.211018591E12":9,"1.211051127E12":251,"1.211050454E12":246,"1.211037384E12":133,"1.211021322E12":33,"1.211051318E12":254,"1.211080829E12":321,"1.211056638E12":280,"1.211033724E12":84,"1.211021527E12":35,"1.211041526E12":177,"1.211044961E12":200,"1.211036912E12":127,"1.211025167E12":53,"1.211041764E12":179,"1.211023944E12":47,"1.211043458E12":194,"1.211032394E12":65,"1.211038873E12":148,"1.21105542E12":271,"1.211072834E12":306,"1.211042344E12":185,"1.211050386E12":244,"1.211033776E12":85,"1.211018488E12":5,"1.211036957E12":128,"1.211032454E12":68,"1.211034785E12":103,"1.211041155E12":174,"1.211056587E12":279,"1.211066448E12":301,"1.211039593E12":154,"1.211033131E12":76,"1.2110338E12":87,"1.211051215E12":253,"1.211042569E12":190,"1.211102664E12":341,"1.211060329E12":288,"1.211047285E12":220,"1.211035032E12":108,"1.211033136E12":77,"1.211021594E12":37,"1.211099826E12":334,"1.211036614E12":125,"1.211040501E12":163,"1.211066903E12":302,"1.211052878E12":261,"1.211032779E12":71,"1.211338984E12":345,"1.2110345E12":100,"1.211042169E12":184,"1.211092941E12":330,"1.21103603E12":118,"1.211047577E12":225,"1.211062259E12":295,"1.21103957E12":153,"1.211040802E12":167,"1.211092944E12":331,"1.211042434E12":187,"1.211037044E12":131,"1.211054977E12":267,"1.211023373E12":45,"1.211036605E12":124,"1.211079939E12":318,"1.21103422E12":94,"1.211042099E12":181,"1.21103455E12":101,"1.211045753E12":205,"1.211033647E12":81,"1.211060468E12":290,"1.211062441E12":297,"1.211047385E12":221,"1.211039091E12":151,"1.21103981E12":158,"1.211054196E12":265,"1.211024066E12":49,"1.211034472E12":99,"1.211078306E12":313,"1.211036036E12":119,"1.21103657E12":123,"1.211033664E12":83,"1.211081478E12":322,"1.211049281E12":235,"1.211038486E12":144,"1.211058985E12":284,"1.211018404E12":1,"1.21101884E12":15,"1.21104831E12":228,"1.211034069E12":91,"1.211080297E12":319,"1.211018948E12":18,"1.211035976E12":117,"1.21103851E12":145,"1.211025581E12":58,"1.211021715E12":40,"1.211046145E12":210,"1.211026187E12":61,"1.2110255E12":56,"1.211048138E12":227,"1.211062197E12":294,"1.211019143E12":21,"1.211026085E12":60,"1.211046881E12":216,"1.2110468E12":214,"1.21104215E12":183,"1.211035064E12":109,"1.211050547E12":247,"1.211018667E12":11,"1.211063102E12":298,"1.21102178E12":41,"1.211034435E12":98,"1.211040426E12":160,"1.211025336E12":54,"1.211038557E12":147,"1.211047412E12":222,"1.211019637E12":26,"1.211051617E12":258,"1.211023706E12":46,"1.211042487E12":188,"1.211056254E12":273,"1.211057517E12":282,"1.211038321E12":142,"1.21107851E12":315,"1.211041071E12":172,"1.211040461E12":161,"1.211044351E12":197,"1.211024067E12":50,"1.211020251E12":28,"1.211050221E12":242,"1.211033948E12":89,"1.211040817E12":168,"1.211067647E12":305,"1.211035317E12":112,"1.211039662E12":155,"1.21102209E12":43,"1.2110324E12":66,"1.211040276E12":159,"1.211021495E12":34,"1.211082795E12":326,"1.211034841E12":104,"1.211066958E12":303,"1.211020566E12":29,"1.211034226E12":95,"1.211020592E12":30,"1.211045503E12":202,"1.211079415E12":316,"1.211018959E12":19,"1.211083101E12":327,"1.21104852E12":231,"1.211092938E12":329,"1.211048527E12":232,"1.211082756E12":325,"1.211033905E12":88,"1.211037596E12":138,"1.211037421E12":134,"1.211074485E12":310,"1.211067167E12":304,"1.211046931E12":217,"1.211018525E12":8,"1.211043114E12":193,"1.211049929E12":237,"1.211048356E12":229,"1.2111025E12":339,"1.211056324E12":275,"1.211019271E12":23,"1.211049952E12":238,"1.211036175E12":121,"1.211051061E12":250,"1.21104075E12":166,"1.211021713E12":39,"1.211046786E12":213,"1.21104258E12":191,"1.211047165E12":218,"1.211033442E12":79,"1.21105539E12":268,"1.211046652E12":212,"1.211032414E12":67,"1.211055403E12":270,"1.211035001E12":106,"1.211044062E12":195,"1.211045428E12":201,"1.211042535E12":189,"1.211050963E12":249,"1.211045812E12":207,"1.211018469E12":4,"1.211019243E12":22,"1.211039068E12":150,"1.211060387E12":289,"1.211032813E12":74,"1.211020893E12":31,"1.211101534E12":335,"1.211021579E12":36,"1.211059026E12":286,"1.211062312E12":296,"1.211042674E12":192,"1.211044226E12":196,"1.211037557E12":137,"1.21103855E12":146,"1.211049775E12":236,"1.21103329E12":78,"1.211019635E12":25,"1.211398203E12":347,"1.211025032E12":52,"1.211046339E12":211,"1.211032906E12":75,"1.211022319E12":44,"1.211042433E12":186,"1.211037546E12":136,"1.211050877E12":248,"1.211040566E12":164,"1.211048698E12":233,"1.211045923E12":208,"1.211033648E12":82,"1.21103406E12":90,"1.211039696E12":157,"1.211102396E12":336,"1.211023952E12":48,"1.211035933E12":116,"1.211024879E12":51,"1.211038874E12":149,"1.211047451E12":223,"1.211018868E12":16,"1.211018522E12":7,"1.211056505E12":277,"1.211018736E12":12,"1.211040921E12":171,"1.211046861E12":215,"1.211018803E12":14,"1.211102777E12":342,"1.211048443E12":230,"1.211035027E12":107,"1.211047172E12":219,"1.211051137E12":252,"1.211047844E12":226,"1.211032781E12":73,"1.211386629E12":346,"1.211046046E12":209,"1.211035E12":105,"1.211041762E12":178,"1.211018413E12":2,"1.211038464E12":143,"1.211050212E12":241,"1.211049982E12":239,"1.21103829E12":140,"1.211037064E12":132,"1.211092952E12":332,"1.211052812E12":259,"1.211019626E12":24,"1.211051586E12":257,"1.211082167E12":323,"1.21103619E12":122,"1.21107408E12":309,"1.211050186E12":240,"1.211319953E12":343,"1.211042096E12":180,"1.211035863E12":115,"1.211078358E12":314,"1.211092878E12":328,"1.211102551E12":340,"1.21103278E12":72,"1.211060246E12":287,"1.211059023E12":285,"1.211056555E12":278,"1.211056219E12":272,"1.211054198E12":266,"1.211037968E12":139,"1.211063559E12":300,"1.211037021E12":130,"1.211053065E12":263,"1.21104571E12":204,"1.211044505E12":199,"1.211061356E12":291,"1.211035216E12":111,"1.21103968E12":156,"1.211040482E12":162,"1.211028581E12":64,"1.211036165E12":120,"1.211338916E12":344,"1.211045778E12":206,"1.211021847E12":42,"1.211082182E12":324,"1.211049194E12":234,"1.211034115E12":92,"1.21104152E12":176,"1.211056661E12":281,"1.211045617E12":203},"NUMBER_OF_PEOPLE":400,"minTimeSeen":1.211018404E12,"maxTimeSeen":1.211558405E12,"NEIGHBORHOOD_RADIUS":20.0,"ENCOUNTER_CHANCE":0.05,"priority":1.0,"duration":540001.0,"minutesDuration":9000.016666666666,"hoursDuration":150.00027777777777,"daysDuration":6.250011574074073}
