{"propagationData":{"1.211047756E12":265,"1.211026418E12":76,"1.211096817E12":342,"1.211032052E12":113,"1.211040714E12":201,"1.211025241E12":62,"1.211046237E12":248,"1.21103014E12":98,"1.211018812E12":39,"1.211068207E12":326,"1.211023523E12":58,"1.211045433E12":240,"1.211043916E12":226,"1.211052299E12":283,"1.211044577E12":237,"1.211039567E12":190,"1.211018416E12":19,"1.211035066E12":146,"1.211339149E12":354,"1.211042065E12":210,"1.211065802E12":316,"1.211023627E12":59,"1.211066057E12":319,"1.211037866E12":168,"1.211053845E12":293,"1.211046895E12":254,"1.211037432E12":164,"1.211018409E12":14,"1.211018857E12":43,"1.211036519E12":156,"1.21103787E12":169,"1.21102639E12":75,"1.211026522E12":78,"1.211018627E12":30,"1.211044176E12":235,"1.211051524E12":281,"1.211029491E12":91,"1.211039766E12":192,"1.21105712E12":307,"1.21102835E12":83,"1.211055602E12":305,"1.211053454E12":289,"1.211039375E12":187,"1.211036442E12":155,"1.211041342E12":205,"1.211018433E12":22,"1.211040721E12":202,"1.211060435E12":311,"1.211043933E12":227,"1.211073155E12":337,"1.211066792E12":323,"1.211067566E12":324,"1.211029386E12":90,"1.211064012E12":314,"1.211039812E12":193,"1.211018412E12":16,"1.211066029E12":318,"1.211048419E12":266,"1.211026068E12":71,"1.211032672E12":118,"1.21104283E12":216,"1.211031145E12":103,"1.211040285E12":195,"1.211072607E12":335,"1.211034207E12":134,"1.211047157E12":256,"1.211034656E12":138,"1.211053482E12":290,"1.21102689E12":82,"1.211033885E12":129,"1.211034401E12":135,"1.211023507E12":57,"1.211032413E12":117,"1.2110185E12":28,"1.211047702E12":264,"1.211042409E12":213,"1.21101863E12":31,"1.211025813E12":70,"1.211049641E12":268,"1.211018406E12":8,"1.211033742E12":128,"1.211034196E12":133,"1.211046049E12":246,"1.21102615E12":72,"1.211035442E12":147,"1.211037731E12":166,"1.211039194E12":183,"1.211069539E12":328,"1.211028668E12":84,"1.211019254E12":47,"1.211042085E12":211,"1.211044566E12":236,"1.211054696E12":300,"1.211038894E12":181,"1.21104731E12":258,"1.211252636E12":353,"1.211039277E12":186,"1.211054867E12":302,"1.211046502E12":250,"1.211252494E12":352,"1.211050553E12":272,"1.211044043E12":231,"1.211037199E12":160,"1.211025622E12":66,"1.211162966E12":349,"1.211054457E12":297,"1.211047489E12":260,"1.211053509E12":291,"1.21107263E12":336,"1.211043172E12":222,"1.211030225E12":99,"1.211033629E12":123,"1.211042411E12":214,"1.211041318E12":204,"1.211031235E12":104,"1.211061788E12":312,"1.211037323E12":161,"1.211019317E12":48,"1.211019365E12":49,"1.211047202E12":257,"1.211045525E12":241,"1.211037345E12":162,"1.211018404E12":6,"1.211038173E12":173,"1.211039204E12":184,"1.211035976E12":151,"1.211035829E12":149,"1.211046354E12":249,"1.211043142E12":221,"1.211018447E12":24,"1.211033739E12":127,"1.211039274E12":185,"1.21143933E12":357,"1.211065909E12":317,"1.2110337E12":125,"1.211018466E12":26,"1.211037886E12":170,"1.211047582E12":262,"1.211046742E12":252,"1.21106626E12":320,"1.211030054E12":97,"1.211033573E12":122,"1.211038513E12":177,"1.211074999E12":339,"1.21104378E12":225,"1.211036033E12":152,"1.211049888E12":270,"1.21103395E12":130,"1.211043039E12":219,"1.211031727E12":110,"1.211029747E12":95,"1.211037564E12":165,"1.211022299E12":54,"1.211064102E12":315,"1.211018739E12":34,"1.211022565E12":55,"1.21107685E12":341,"1.211030391E12":102,"1.21101845E12":25,"1.211032355E12":116,"1.211045405E12":239,"1.21104065E12":200,"1.211026626E12":79,"1.211035021E12":145,"1.211031574E12":105,"1.211034791E12":139,"1.211038339E12":176,"1.211018652E12":33,"1.211034608E12":137,"1.211046062E12":247,"1.211018805E12":38,"1.211052982E12":285,"1.21103162E12":107,"1.211018795E12":36,"1.211043079E12":220,"1.211029745E12":94,"1.21105424E12":296,"1.211053603E12":292,"1.211018408E12":10,"1.211018743E12":35,"1.211018421E12":21,"1.211070659E12":331,"1.211057281E12":308,"1.211030237E12":100,"1.211043965E12":230,"1.211039557E12":189,"1.211025612E12":64,"1.211034442E12":136,"1.211045842E12":243,"1.21105458E12":299,"1.211049944E12":271,"1.211034068E12":132,"1.211037353E12":163,"1.211100532E12":344,"1.211049299E12":267,"1.211339459E12":355,"1.211070955E12":333,"1.211034794E12":140,"1.211047477E12":259,"1.211043004E12":218,"1.211062869E12":313,"1.211050592E12":274,"1.211051446E12":279,"1.211034814E12":141,"1.211075035E12":340,"1.211034943E12":143,"1.211038107E12":171,"1.211161739E12":346,"1.211055538E12":303,"1.211033153E12":120,"1.211439106E12":356,"1.211046652E12":251,"1.211051346E12":278,"1.21102619E12":74,"1.211033105E12":119,"1.211018832E12":41,"1.211052288E12":282,"1.211053307E12":287,"1.211179636E12":350,"1.211054553E12":298,"1.211028821E12":86,"1.211039105E12":182,"1.211043345E12":223,"1.211033722E12":126,"1.211037198E12":159,"1.211029671E12":93,"1.211031997E12":111,"1.211031646E12":108,"1.211033475E12":121,"1.211045624E12":242,"1.211038153E12":172,"1.211025618E12":65,"1.211159786E12":345,"1.211029633E12":92,"1.211051157E12":277,"1.211025631E12":67,"1.211047614E12":263,"1.211040449E12":198,"1.211025473E12":63,"1.211038219E12":174,"1.211071438E12":334,"1.211018841E12":42,"1.211030374E12":101,"1.211034965E12":144,"1.211037742E12":167,"1.211019371E12":50,"1.211032083E12":114,"1.211053381E12":288,"1.211029058E12":87,"1.211018415E12":18,"1.211024863E12":60,"1.211019391E12":51,"1.211049882E12":269,"1.211052796E12":284,"1.211030016E12":96,"1.211032006E12":112,"1.211045045E12":238,"1.211041846E12":207,"1.211037015E12":158,"1.211066357E12":321,"1.21101851E12":29,"1.211038305E12":175,"1.211069542E12":329,"1.211018964E12":44,"1.211073159E12":338,"1.211051501E12":280,"1.211042618E12":215,"1.211025717E12":68,"1.211040111E12":194,"1.211031593E12":106,"1.211025762E12":69,"1.211045943E12":244,"1.211040478E12":199,"1.211025171E12":61,"1.211022762E12":56,"1.211018498E12":27,"1.211018803E12":37,"1.211040444E12":197,"1.211036045E12":153,"1.21104232E12":212,"1.211026507E12":77,"1.211069545E12":330,"1.211034005E12":131,"1.211070954E12":332,"1.211069363E12":327,"1.211034835E12":142,"1.211162921E12":348,"1.21103958E12":191,"1.21104414E12":233,"1.211018443E12":23,"1.211043935E12":228,"1.211067989E12":325,"1.211252403E12":351,"1.21101842E12":20,"1.211057449E12":310,"1.21102934E12":89,"1.211050574E12":273,"1.211044154E12":234,"1.211018413E12":17,"1.211018817E12":40,"1.211038738E12":179,"1.211026864E12":80,"1.211043773E12":224,"1.211019242E12":46,"1.211053189E12":286,"1.211055595E12":304,"1.211054786E12":301,"1.211046813E12":253,"1.211035863E12":150,"1.211042061E12":209,"1.211040373E12":196,"1.211053973E12":295,"1.211019237E12":45,"1.211032184E12":115,"1.211044085E12":232,"1.211033655E12":124,"1.211043953E12":229,"1.21104284E12":217,"1.211057283E12":309,"1.211018643E12":32,"1.211066562E12":322,"1.211040923E12":203,"1.211039506E12":188,"1.211045993E12":245,"1.21105703E12":306,"1.211036388E12":154,"1.211050673E12":275,"1.211047493E12":261,"1.211031669E12":109,"1.211036565E12":157,"1.211028809E12":85,"1.211096849E12":343,"1.211026887E12":81,"1.211035463E12":148,"1.211162565E12":347,"1.211041628E12":206,"1.211018407E12":9,"1.211021034E12":53,"1.211053961E12":294,"1.211026151E12":73,"1.211020932E12":52,"1.211029322E12":88,"1.211042036E12":208,"1.211038729E12":178,"1.211050965E12":276,"1.211038783E12":180},"NUMBER_OF_PEOPLE":400,"minTimeSeen":1.211018404E12,"maxTimeSeen":1.211558405E12,"NEIGHBORHOOD_RADIUS":20.0,"ENCOUNTER_CHANCE":0.05,"priority":1.0,"duration":540001.0,"minutesDuration":9000.016666666666,"hoursDuration":150.00027777777777,"daysDuration":6.250011574074073}
