{"propagationData":{"1.211057448E12":316,"1.211077351E12":358,"1.211023181E12":77,"1.211044736E12":271,"1.211220478E12":387,"1.211031828E12":170,"1.211075943E12":354,"1.211037262E12":229,"1.211052907E12":302,"1.211042354E12":258,"1.211039429E12":245,"1.211033502E12":191,"1.211035799E12":210,"1.211025111E12":83,"1.211018728E12":26,"1.211061048E12":325,"1.211024893E12":80,"1.211034172E12":195,"1.211034297E12":196,"1.211050542E12":293,"1.211103059E12":376,"1.21103263E12":175,"1.211077744E12":361,"1.211036494E12":223,"1.211031176E12":158,"1.211043262E12":265,"1.211053411E12":306,"1.211034995E12":204,"1.211041315E12":255,"1.211031725E12":166,"1.21105016E12":291,"1.211036639E12":227,"1.211030827E12":152,"1.2110307E12":146,"1.211049218E12":288,"1.211085922E12":367,"1.211058444E12":319,"1.211028363E12":112,"1.21103176E12":167,"1.211053187E12":303,"1.211018409E12":12,"1.211048512E12":282,"1.211032472E12":173,"1.211023201E12":78,"1.211075827E12":353,"1.211030396E12":134,"1.211019445E12":34,"1.21102959E12":118,"1.211035941E12":215,"1.211030824E12":151,"1.211051029E12":297,"1.211033201E12":186,"1.211061133E12":326,"1.211038273E12":230,"1.211019321E12":31,"1.211034857E12":201,"1.211050498E12":292,"1.2110285E12":114,"1.211038344E12":234,"1.211029684E12":120,"1.211053796E12":309,"1.211036234E12":220,"1.211031175E12":157,"1.21103293E12":181,"1.211043746E12":266,"1.211040625E12":249,"1.211040157E12":247,"1.211025039E12":81,"1.211047746E12":281,"1.211049673E12":289,"1.211050087E12":290,"1.211020336E12":51,"1.211029617E12":119,"1.211102798E12":375,"1.211042313E12":257,"1.211018412E12":17,"1.211030384E12":132,"1.211132439E12":380,"1.211053768E12":308,"1.211072063E12":345,"1.211028386E12":113,"1.211036588E12":225,"1.211020278E12":49,"1.211052832E12":301,"1.211026336E12":93,"1.211102024E12":374,"1.211042416E12":259,"1.211022201E12":70,"1.211040115E12":246,"1.211032799E12":179,"1.211034596E12":199,"1.211062048E12":328,"1.211035823E12":211,"1.211033472E12":190,"1.211076343E12":356,"1.211051088E12":299,"1.2110308E12":149,"1.211028074E12":110,"1.211025428E12":86,"1.211062343E12":329,"1.211057697E12":318,"1.211020086E12":45,"1.211032734E12":176,"1.211020463E12":54,"1.211018406E12":6,"1.21101971E12":41,"1.211030465E12":137,"1.211046951E12":275,"1.211039246E12":242,"1.211044669E12":270,"1.211026307E12":92,"1.211077558E12":359,"1.211021947E12":68,"1.211032753E12":178,"1.211033387E12":187,"1.211071238E12":344,"1.211157691E12":384,"1.211029938E12":123,"1.21103339E12":188,"1.211038333E12":231,"1.21102094E12":57,"1.211033603E12":193,"1.211086385E12":368,"1.211074292E12":349,"1.211027751E12":108,"1.211070888E12":343,"1.211055357E12":312,"1.211068798E12":339,"1.211031631E12":164,"1.211019613E12":40,"1.211032932E12":182,"1.211038395E12":236,"1.211084938E12":364,"1.211054502E12":311,"1.21103491E12":202,"1.211035152E12":206,"1.211021705E12":65,"1.211030622E12":140,"1.211089674E12":369,"1.211040633E12":250,"1.211019531E12":37,"1.211031216E12":159,"1.211032428E12":172,"1.211033446E12":189,"1.211019594E12":39,"1.211031291E12":160,"1.211047316E12":279,"1.211024848E12":79,"1.211030145E12":126,"1.211030679E12":145,"1.211091818E12":370,"1.211031648E12":165,"1.21101982E12":42,"1.211066559E12":335,"1.211027083E12":103,"1.211030363E12":130,"1.211018404E12":5,"1.21101983E12":43,"1.211023174E12":76,"1.211030747E12":147,"1.211038365E12":235,"1.211026386E12":95,"1.211048699E12":286,"1.211044515E12":269,"1.211181468E12":386,"1.211018958E12":27,"1.211026791E12":101,"1.211019529E12":36,"1.211020246E12":47,"1.211038455E12":237,"1.211026139E12":89,"1.211031499E12":162,"1.211018521E12":23,"1.211026263E12":90,"1.211019486E12":35,"1.211050547E12":294,"1.211039398E12":244,"1.21103041E12":135,"1.211043087E12":264,"1.211036615E12":226,"1.211036064E12":218,"1.211064387E12":333,"1.211041223E12":254,"1.211052588E12":300,"1.211073105E12":347,"1.211027698E12":107,"1.211048627E12":284,"1.211029841E12":122,"1.211031575E12":163,"1.211042784E12":261,"1.211044337E12":267,"1.211057633E12":317,"1.211074371E12":350,"1.211021855E12":67,"1.211020433E12":53,"1.211030513E12":138,"1.211032966E12":184,"1.211073243E12":348,"1.211018411E12":15,"1.211059389E12":322,"1.211044381E12":268,"1.211020534E12":55,"1.211036324E12":221,"1.211038469E12":239,"1.211018511E12":22,"1.211032736E12":177,"1.211095408E12":373,"1.211061879E12":327,"1.211040674E12":251,"1.21103111E12":156,"1.211030237E12":128,"1.21102518E12":84,"1.211030669E12":144,"1.211034312E12":197,"1.211077597E12":360,"1.211126021E12":378,"1.211030529E12":139,"1.211030663E12":143,"1.211073033E12":346,"1.211036063E12":217,"1.211034348E12":198,"1.211070591E12":342,"1.211059065E12":321,"1.211034166E12":194,"1.211030393E12":133,"1.211026618E12":100,"1.211053372E12":305,"1.211068509E12":338,"1.211046976E12":276,"1.211021688E12":64,"1.211022139E12":69,"1.211030341E12":129,"1.211032869E12":180,"1.211038472E12":240,"1.211021397E12":62,"1.211063671E12":331,"1.211029736E12":121,"1.21101954E12":38,"1.211026836E12":102,"1.21103302E12":185,"1.211070452E12":341,"1.211030038E12":125,"1.211022254E12":72,"1.211030223E12":127,"1.211060603E12":323,"1.211039059E12":241,"1.211019228E12":30,"1.211141773E12":381,"1.211066574E12":336,"1.21106418E12":332,"1.211076112E12":355,"1.211021487E12":63,"1.211020114E12":46,"1.211035884E12":213,"1.211021318E12":60,"1.211036031E12":216,"1.211035937E12":214,"1.211028603E12":116,"1.211038465E12":238,"1.211040682E12":252,"1.21104147E12":256,"1.211047315E12":278,"1.211030831E12":153,"1.211034996E12":205,"1.211029954E12":124,"1.211066654E12":337,"1.211076422E12":357,"1.211019051E12":29,"1.21102727E12":104,"1.211153514E12":382,"1.211048698E12":285,"1.211025093E12":82,"1.211075821E12":352,"1.211039263E12":243,"1.211021272E12":59,"1.211022348E12":73,"1.211064779E12":334,"1.21103665E12":228,"1.21101851E12":21,"1.211050685E12":296,"1.211018964E12":28,"1.21105566E12":313,"1.21102117E12":58,"1.211056931E12":315,"1.211058831E12":320,"1.211053369E12":304,"1.211084864E12":363,"1.211018522E12":24,"1.211020063E12":44,"1.211031794E12":169,"1.211093418E12":371,"1.211030958E12":155,"1.211020312E12":50,"1.211035868E12":212,"1.211030642E12":141,"1.211069027E12":340,"1.211021395E12":61,"1.211035293E12":209,"1.211027416E12":105,"1.211032937E12":183,"1.211026304E12":91,"1.211026385E12":94,"1.211036508E12":224,"1.211046717E12":273,"1.211031764E12":168,"1.21104879E12":287,"1.211036167E12":219,"1.211030453E12":136,"1.211175499E12":385,"1.21104285E12":262,"1.21101939E12":33,"1.211104491E12":377,"1.211093971E12":372,"1.21101842E12":18,"1.211027425E12":106,"1.211038342E12":232,"1.211019367E12":32,"1.211018422E12":20,"1.211035213E12":208,"1.211032615E12":174,"1.211028327E12":111,"1.211030822E12":150,"1.211046581E12":272,"1.211026394E12":96,"1.211026086E12":88,"1.211030376E12":131,"1.211034614E12":200,"1.211054402E12":310,"1.211020582E12":56,"1.211130597E12":379,"1.211085739E12":366,"1.211060786E12":324,"1.21102301E12":74,"1.211077778E12":362,"1.211025414E12":85,"1.211023143E12":75,"1.211022205E12":71,"1.211260638E12":388,"1.211042741E12":260,"1.21103076E12":148,"1.211055774E12":314,"1.211051056E12":298,"1.211042881E12":263,"1.211028871E12":117,"1.211025957E12":87,"1.211020406E12":52,"1.211026609E12":99,"1.211033507E12":192,"1.2111539E12":383,"1.211050673E12":295,"1.211026592E12":97,"1.21103094E12":154,"1.211053445E12":307,"1.211047401E12":280,"1.21104728E12":277,"1.211031295E12":161,"1.211048538E12":283,"1.21103648E12":222,"1.211018407E12":11,"1.211041196E12":253,"1.211020252E12":48,"1.211074403E12":351,"1.211046753E12":274,"1.211021847E12":66,"1.211031829E12":171,"1.211027805E12":109,"1.211085088E12":365,"1.211063358E12":330,"1.211040563E12":248,"1.211028503E12":115,"1.211034945E12":203},"NUMBER_OF_PEOPLE":400,"minTimeSeen":1.211018404E12,"maxTimeSeen":1.211558405E12,"NEIGHBORHOOD_RADIUS":20.0,"ENCOUNTER_CHANCE":0.05,"priority":1.0,"duration":540001.0,"minutesDuration":9000.016666666666,"hoursDuration":150.00027777777777,"daysDuration":6.250011574074073}
