{"propagationData":{"1.211071504E12":317,"1.211053495E12":250,"1.21102881E12":2,"1.211072414E12":320,"1.211044639E12":136,"1.211046215E12":161,"1.211076324E12":326,"1.211037352E12":25,"1.211049578E12":217,"1.211061676E12":285,"1.211040541E12":65,"1.211050406E12":231,"1.211060262E12":283,"1.211038661E12":50,"1.211038409E12":47,"1.211041185E12":83,"1.211048569E12":204,"1.211035848E12":7,"1.211100654E12":363,"1.211036262E12":11,"1.211056534E12":268,"1.211040618E12":66,"1.211102404E12":364,"1.21104493E12":143,"1.211038052E12":37,"1.21128713E12":387,"1.211038784E12":56,"1.211059068E12":278,"1.211038695E12":53,"1.211042035E12":96,"1.21104528E12":149,"1.211046068E12":159,"1.211057536E12":274,"1.21107096E12":312,"1.211039558E12":58,"1.211057445E12":273,"1.211042183E12":100,"1.211048735E12":208,"1.211048292E12":199,"1.21105029E12":229,"1.211048694E12":207,"1.211046836E12":175,"1.211083981E12":337,"1.211040735E12":70,"1.211040641E12":68,"1.211039618E12":59,"1.211117674E12":367,"1.21113819E12":374,"1.211071674E12":318,"1.211037222E12":24,"1.211042316E12":106,"1.211041826E12":93,"1.211041433E12":88,"1.211051915E12":238,"1.211044565E12":135,"1.211046579E12":170,"1.211041741E12":92,"1.211184565E12":386,"1.211061827E12":287,"1.21105023E12":227,"1.21106559E12":298,"1.211046902E12":178,"1.211043219E12":121,"1.211039918E12":61,"1.211046405E12":166,"1.211040901E12":76,"1.211037948E12":33,"1.211093954E12":356,"1.211084931E12":340,"1.211046629E12":172,"1.211036868E12":19,"1.211046821E12":173,"1.211113721E12":366,"1.211038046E12":36,"1.211047453E12":185,"1.211044851E12":141,"1.211042396E12":107,"1.211046253E12":163,"1.21104751E12":189,"1.211041052E12":80,"1.211050438E12":232,"1.211054205E12":256,"1.211037456E12":27,"1.21104095E12":78,"1.211039871E12":60,"1.211052003E12":241,"1.211046454E12":168,"1.21104225E12":102,"1.211043958E12":130,"1.211048375E12":200,"1.211053969E12":254,"1.211050922E12":236,"1.211040718E12":69,"1.211047214E12":183,"1.211044432E12":133,"1.211173122E12":381,"1.211099449E12":362,"1.211067342E12":302,"1.211056709E12":270,"1.211045263E12":148,"1.211053444E12":248,"1.211038529E12":48,"1.211048194E12":197,"1.211048547E12":203,"1.211041395E12":86,"1.211038209E12":42,"1.211044858E12":142,"1.211047465E12":187,"1.211040004E12":62,"1.211048602E12":205,"1.211138273E12":375,"1.211055969E12":266,"1.21109008E12":353,"1.211063171E12":291,"1.211043211E12":119,"1.211049866E12":224,"1.211075831E12":322,"1.211056279E12":267,"1.211038103E12":38,"1.211077051E12":329,"1.211037873E12":32,"1.211071476E12":316,"1.211057937E12":275,"1.211049323E12":215,"1.211076234E12":324,"1.211059344E12":279,"1.211055688E12":264,"1.211053503E12":251,"1.211050553E12":234,"1.211047208E12":182,"1.211087801E12":351,"1.211038371E12":46,"1.211053943E12":253,"1.211036897E12":21,"1.211050565E12":235,"1.211043034E12":114,"1.21103688E12":20,"1.211147525E12":378,"1.21102887E12":3,"1.211071355E12":314,"1.21104184E12":94,"1.211068866E12":306,"1.211099063E12":359,"1.21105572E12":265,"1.211041318E12":84,"1.211042406E12":110,"1.21104848E12":202,"1.211145643E12":377,"1.211085656E12":343,"1.211050365E12":230,"1.21108532E12":342,"1.21104973E12":218,"1.211036322E12":13,"1.211048271E12":198,"1.211038348E12":45,"1.211043646E12":126,"1.211052028E12":242,"1.211043221E12":122,"1.211018404E12":1,"1.211359354E12":389,"1.211076522E12":328,"1.211044474E12":134,"1.211173865E12":382,"1.21104878E12":209,"1.21105234E12":244,"1.21108674E12":347,"1.211041545E12":90,"1.211038746E12":54,"1.211054573E12":261,"1.211141551E12":376,"1.211085019E12":341,"1.211062963E12":290,"1.211081608E12":334,"1.21103694E12":22,"1.211046292E12":165,"1.211085988E12":345,"1.211049857E12":223,"1.211084633E12":338,"1.211045179E12":145,"1.211083755E12":336,"1.211063823E12":293,"1.211058356E12":277,"1.211048787E12":210,"1.211045473E12":150,"1.211038674E12":52,"1.211042283E12":105,"1.211061753E12":286,"1.211045251E12":147,"1.211046565E12":169,"1.211052358E12":245,"1.211036189E12":8,"1.211091158E12":355,"1.211051634E12":237,"1.211046162E12":160,"1.211049747E12":219,"1.211049029E12":213,"1.211045758E12":156,"1.21106484E12":294,"1.211050207E12":226,"1.211049846E12":222,"1.21103778E12":29,"1.211044799E12":139,"1.211052436E12":246,"1.21103673E12":16,"1.211065103E12":295,"1.211040806E12":72,"1.211044408E12":132,"1.211181061E12":385,"1.21104587E12":157,"1.211067715E12":303,"1.211041538E12":89,"1.211133231E12":372,"1.211075916E12":323,"1.211065292E12":297,"1.211085972E12":344,"1.211171553E12":379,"1.21110313E12":365,"1.211042267E12":104,"1.211082776E12":335,"1.211038163E12":40,"1.211047887E12":194,"1.211054456E12":259,"1.211133143E12":371,"1.211072278E12":319,"1.211070223E12":309,"1.21103628E12":12,"1.211086885E12":348,"1.211046913E12":179,"1.211040456E12":64,"1.211042222E12":101,"1.211045567E12":151,"1.211047903E12":196,"1.211062332E12":289,"1.211037203E12":23,"1.211056912E12":271,"1.211050234E12":228,"1.211131409E12":369,"1.211055631E12":263,"1.21103397E12":5,"1.211038599E12":49,"1.211037794E12":30,"1.21103786E12":31,"1.211070727E12":311,"1.211059522E12":280,"1.211047454E12":186,"1.211086538E12":346,"1.211044012E12":131,"1.211042072E12":97,"1.211040939E12":77,"1.211069006E12":307,"1.211037614E12":28,"1.211048916E12":211,"1.21103624E12":10,"1.211049767E12":220,"1.211071347E12":313,"1.211054596E12":262,"1.211175486E12":383,"1.211068784E12":305,"1.211043233E12":123,"1.211054228E12":257,"1.211036731E12":17,"1.211043483E12":125,"1.211046823E12":174,"1.211090892E12":354,"1.211043212E12":120,"1.211096569E12":357,"1.211042399E12":108,"1.211040897E12":75,"1.211051943E12":239,"1.211065973E12":299,"1.211041057E12":81,"1.211040885E12":74,"1.211046962E12":180,"1.211049021E12":212,"1.211070266E12":310,"1.211043852E12":127,"1.211041419E12":87,"1.211046891E12":176,"1.211099447E12":361,"1.211052182E12":243,"1.211046067E12":158,"1.211076258E12":325,"1.211057382E12":272,"1.211042697E12":111,"1.211042161E12":99,"1.211054546E12":260,"1.211040962E12":79,"1.211036203E12":9,"1.211047889E12":195,"1.21108159E12":333,"1.211049834E12":221,"1.211042405E12":109,"1.211057987E12":276,"1.21105318E12":247,"1.211047188E12":181,"1.211036768E12":18,"1.211077095E12":330,"1.211049544E12":216,"1.211060258E12":282,"1.211059539E12":281,"1.211043083E12":116,"1.211066357E12":300,"1.211131885E12":370,"1.211045597E12":152,"1.211060376E12":284,"1.211042074E12":98,"1.211045716E12":155,"1.211048479E12":201,"1.211038137E12":39,"1.211034227E12":6,"1.211038775E12":55,"1.211036598E12":14,"1.211176031E12":384,"1.211046892E12":177,"1.211042253E12":103,"1.211173106E12":380,"1.211063699E12":292,"1.211042783E12":112,"1.211042825E12":113,"1.211041904E12":95,"1.211038868E12":57,"1.211075355E12":321,"1.2110499E12":225,"1.211067728E12":304,"1.211048668E12":206,"1.211040636E12":67,"1.211040451E12":63,"1.21104516E12":144,"1.211040775E12":71,"1.211047268E12":184,"1.211051998E12":240,"1.211036687E12":15,"1.211041681E12":91,"1.211044759E12":138,"1.211054285E12":258,"1.211053452E12":249,"1.211046221E12":162,"1.211076344E12":327,"1.211054146E12":255,"1.211043335E12":124,"1.211125519E12":368,"1.211352356E12":388,"1.211040856E12":73,"1.211038188E12":41,"1.211135558E12":373,"1.211087525E12":350,"1.211043906E12":128,"1.211087966E12":352,"1.211050527E12":233,"1.211047552E12":190,"1.211047621E12":191,"1.211081487E12":332,"1.211041069E12":82,"1.211043191E12":118,"1.211099321E12":360,"1.211065114E12":296,"1.211056575E12":269,"1.211045241E12":146,"1.211045713E12":154,"1.211077621E12":331,"1.211038666E12":51,"1.211047788E12":192,"1.211046601E12":171,"1.211043053E12":115,"1.211047487E12":188,"1.211046437E12":167,"1.211098866E12":358,"1.211044831E12":140,"1.21103821E12":44,"1.211041331E12":85,"1.211029007E12":4,"1.211044751E12":137,"1.211084926E12":339,"1.211053525E12":252,"1.211087094E12":349,"1.211067296E12":301,"1.211049309E12":214,"1.211043171E12":117,"1.211062061E12":288,"1.211071453E12":315,"1.211070179E12":308,"1.21103795E12":34,"1.211047833E12":193,"1.211045617E12":153},"NUMBER_OF_PEOPLE":400,"minTimeSeen":1.211018404E12,