{"propagationData":{"1.211025264E12":111,"1.211030349E12":192,"1.211080316E12":367,"1.211048729E12":322,"1.21102881E12":162,"1.211022386E12":71,"1.211021024E12":60,"1.211026369E12":132,"1.211018787E12":42,"1.211020392E12":59,"1.211023802E12":86,"1.211018881E12":47,"1.211080112E12":366,"1.211048401E12":315,"1.21107993E12":364,"1.211030706E12":198,"1.211039683E12":274,"1.211034148E12":241,"1.211026413E12":133,"1.211033157E12":229,"1.21104526E12":302,"1.211050986E12":329,"1.211024169E12":95,"1.211030234E12":189,"1.211038067E12":261,"1.211018539E12":38,"1.2110407E12":279,"1.211018417E12":19,"1.211018416E12":18,"1.211033665E12":237,"1.211025221E12":108,"1.211059744E12":343,"1.211043957E12":299,"1.211032957E12":225,"1.211022915E12":76,"1.211041285E12":283,"1.211029469E12":175,"1.211033333E12":233,"1.211018468E12":29,"1.211042929E12":294,"1.211024964E12":105,"1.211027473E12":146,"1.211048661E12":321,"1.211045714E12":303,"1.211034618E12":248,"1.211028701E12":160,"1.211018946E12":48,"1.211041877E12":290,"1.211041831E12":289,"1.211039646E12":273,"1.211030079E12":184,"1.211018819E12":45,"1.211041748E12":288,"1.211018423E12":25,"1.211054194E12":331,"1.211027612E12":150,"1.211030771E12":199,"1.21102416E12":94,"1.211036024E12":250,"1.211024155E12":93,"1.211055105E12":338,"1.211024656E12":103,"1.211036034E12":251,"1.211032755E12":223,"1.211027105E12":142,"1.211019285E12":52,"1.211018412E12":13,"1.211030815E12":202,"1.211029374E12":173,"1.211048504E12":318,"1.211025935E12":125,"1.211018527E12":36,"1.211018757E12":40,"1.21105069E12":326,"1.21102455E12":102,"1.211048739E12":324,"1.21104593E12":304,"1.211032276E12":212,"1.211027627E12":151,"1.211030357E12":193,"1.211075869E12":359,"1.21104749E12":313,"1.211018804E12":43,"1.211019349E12":53,"1.211029702E12":178,"1.211018505E12":33,"1.211085026E12":371,"1.211026779E12":137,"1.211032413E12":216,"1.211025206E12":107,"1.211032403E12":215,"1.21102235E12":69,"1.21102383E12":87,"1.211033177E12":230,"1.211025022E12":106,"1.211068089E12":357,"1.211023932E12":88,"1.211030792E12":201,"1.211018414E12":15,"1.211084484E12":370,"1.211018406E12":8,"1.211018747E12":39,"1.211047465E12":311,"1.211032626E12":221,"1.211024189E12":97,"1.211026198E12":130,"1.211032962E12":226,"1.211025341E12":113,"1.211043816E12":296,"1.211022059E12":66,"1.211047424E12":310,"1.211040436E12":277,"1.211038622E12":265,"1.211026194E12":129,"1.211021461E12":64,"1.21102524E12":110,"1.211026067E12":126,"1.211020045E12":58,"1.211045139E12":300,"1.211054826E12":336,"1.21105082E12":328,"1.211021308E12":62,"1.211029526E12":176,"1.211055175E12":339,"1.211032487E12":219,"1.211019613E12":57,"1.211041495E12":286,"1.211028973E12":168,"1.21103223E12":210,"1.211046343E12":306,"1.211038659E12":269,"1.211025454E12":117,"1.211018509E12":34,"1.211030125E12":187,"1.211034205E12":243,"1.211028826E12":163,"1.211442156E12":388,"1.211086675E12":373,"1.211039685E12":275,"1.211042411E12":292,"1.211042333E12":291,"1.211024186E12":96,"1.211065402E12":352,"1.211102225E12":378,"1.211029822E12":182,"1.211049118E12":325,"1.211066559E12":353,"1.21106216E12":347,"1.211026997E12":141,"1.211059131E12":341,"1.211032237E12":211,"1.211019224E12":50,"1.211018404E12":6,"1.211508808E12":389,"1.211046047E12":305,"1.211067886E12":355,"1.21102322E12":80,"1.211079957E12":365,"1.211023213E12":79,"1.211025351E12":114,"1.211033006E12":227,"1.21103231E12":213,"1.211080661E12":369,"1.211025588E12":119,"1.211027577E12":149,"1.211079376E12":362,"1.211038637E12":267,"1.211028916E12":165,"1.211033527E12":234,"1.211024127E12":92,"1.211028192E12":157,"1.211036168E12":254,"1.211028893E12":164,"1.21103825E12":263,"1.211018444E12":26,"1.21104378E12":295,"1.211027525E12":147,"1.211054307E12":332,"1.211018815E12":44,"1.21103147E12":205,"1.211040689E12":278,"1.211025237E12":109,"1.211043912E12":298,"1.211029591E12":177,"1.211029819E12":181,"1.211036528E12":257,"1.211019489E12":56,"1.211027434E12":144,"1.211030419E12":195,"1.211025461E12":118,"1.211025607E12":120,"1.211087346E12":374,"1.211036411E12":255,"1.211023449E12":81,"1.211030245E12":190,"1.211031601E12":208,"1.211028968E12":167,"1.211025356E12":115,"1.211026838E12":138,"1.211026683E12":136,"1.211078104E12":361,"1.211034374E12":244,"1.211037161E12":259,"1.211022617E12":73,"1.211027566E12":148,"1.211018411E12":12,"1.211028172E12":154,"1.211030408E12":194,"1.211065334E12":351,"1.211018408E12":11,"1.211019206E12":49,"1.211018421E12":22,"1.211026459E12":134,"1.211032473E12":218,"1.211079919E12":363,"1.211048462E12":316,"1.211362498E12":387,"1.211047484E12":312,"1.211054411E12":333,"1.211033778E12":240,"1.211171211E12":382,"1.211029192E12":169,"1.211036155E12":253,"1.211022112E12":67,"1.21103896E12":272,"1.211062238E12":348,"1.211041671E12":287,"1.211034561E12":247,"1.211024395E12":98,"1.211018446E12":28,"1.211025927E12":123,"1.211038651E12":268,"1.211028191E12":156,"1.211054961E12":337,"1.211032461E12":217,"1.21103807E12":262,"1.211048527E12":320,"1.21102929E12":171,"1.21104149E12":285,"1.21102823E12":158,"1.211078076E12":360,"1.211048737E12":323,"1.211026512E12":135,"1.211018528E12":37,"1.211030177E12":188,"1.211019378E12":55,"1.211033657E12":236,"1.211033775E12":239,"1.211024436E12":101,"1.211041333E12":284,"1.211104478E12":379,"1.211034492E12":245,"1.211026898E12":140,"1.211033296E12":232,"1.211018469E12":30,"1.211037708E12":260,"1.21102564E12":122,"1.211101559E12":377,"1.211027412E12":143,"1.21101848E12":32,"1.211080407E12":368,"1.211032813E12":224,"1.21110035E12":376,"1.211026884E12":139,"1.211043836E12":297,"1.21102176E12":65,"1.211022939E12":78,"1.211029363E12":172,"1.21105897E12":340,"1.211034706E12":249,"1.211028185E12":155,"1.211029743E12":179,"1.211060372E12":345,"1.21103329E12":231,"1.211023566E12":83,"1.211059791E12":344,"1.211032495E12":220,"1.211024082E12":90,"1.211029768E12":180,"1.211033545E12":235,"1.211029423E12":174,"1.211038627E12":266,"1.211023936E12":89,"1.211145057E12":380,"1.211018782E12":41,"1.211024413E12":100,"1.211038934E12":271,"1.211339403E12":386,"1.211030699E12":197,"1.211023633E12":85,"1.211028945E12":166,"1.211029279E12":170,"1.211030111E12":185,"1.21126061E12":385,"1.211048184E12":314,"1.211033676E12":238,"1.211030114E12":186,"1.211054572E12":335,"1.211032393E12":214,"1.211022373E12":70,"1.21102813E12":153,"1.21103132E12":203,"1.211031474E12":206,"1.211045176E12":301,"1.21102593E12":124,"1.211027445E12":145,"1.211024096E12":91,"1.211068191E12":358,"1.211048501E12":317,"1.21105078E12":327,"1.211060735E12":346,"1.211021238E12":61,"1.211021395E12":63,"1.211175508E12":383,"1.211040831E12":281,"1.211030678E12":196,"1.211039799E12":276,"1.211024956E12":104,"1.211018405E12":7,"1.21101928E12":51,"1.211022476E12":72,"1.211181216E12":384,"1.211051621E12":330,"1.211042843E12":293,"1.211022684E12":74,"1.211024412E12":99,"1.211054419E12":334,"1.211028052E12":152,"1.211067545E12":354,"1.211026318E12":131,"1.21101842E12":21,"1.211025372E12":116,"1.211018413E12":14,"1.211018422E12":24,"1.211019367E12":54,"1.211036471E12":256,"1.211030037E12":183,"1.211062977E12":349,"1.211032635E12":222,"1.211026073E12":127,"1.21103418E12":242,"1.211028738E12":161,"1.211046406E12":307,"1.211026104E12":128,"1.211038706E12":270,"1.211030781E12":200,"1.211031454E12":204,"1.211031723E12":209,"1.211065049E12":350,"1.211022923E12":77,"1.21108503E12":372,"1.211036932E12":258,"1.211040701E12":280,"1.211041168E12":282,"1.211033015E12":228,"1.211038564E12":264,"1.211023451E12":82,"1.211047275E12":309,"1.211087407E12":375,"1.211034493E12":246,"1.211028302E12":159,"1.211162347E12":381,"1.211047274E12":308,"1.211018862E12":46,"1.211018407E12":10,"1.211022118E12":68,"1.211018478E12":31,"1.211068064E12":356,"1.211059525E12":342,"1.211022898E12":75,"1.211030347E12":191,"1.211031596E12":207,"1.211048517E12":319,"1.21102529E12":112},"NUMBER_OF_PEOPLE":400,"minTimeSeen":1.211018404E12,"maxTimeSeen":1.211558405E12,"NEIGHBORHOOD_RADIUS":20.0,"ENCOUNTER_CHANCE":0.05,"priority":1.0,"duration":540001.0,"minutesDuration":9000.016666666666,"hoursDuration":150.00027777777777,