{"propagationData":{"1.211068688E12":336,"1.211023487E12":18,"1.211030564E12":93,"1.211064767E12":332,"1.211048521E12":288,"1.21102881E12":56,"1.211177977E12":381,"1.211038025E12":205,"1.211028881E12":60,"1.21102751E12":52,"1.211043123E12":259,"1.211028987E12":62,"1.211030162E12":74,"1.211028829E12":57,"1.211023447E12":15,"1.211031063E12":107,"1.211034172E12":159,"1.21109072E12":364,"1.211028203E12":54,"1.211027479E12":51,"1.211024476E12":33,"1.211041339E12":237,"1.211030224E12":77,"1.211042452E12":253,"1.211030042E12":73,"1.211046795E12":284,"1.211038415E12":209,"1.211038525E12":211,"1.211027209E12":47,"1.211039225E12":224,"1.211029834E12":72,"1.21103238E12":131,"1.21107421E12":341,"1.211046133E12":280,"1.211062961E12":329,"1.211018632E12":2,"1.211025089E12":35,"1.211026257E12":42,"1.211035632E12":181,"1.211051687E12":306,"1.211037845E12":201,"1.211033613E12":156,"1.21104278E12":256,"1.211039269E12":225,"1.211038658E12":214,"1.211032764E12":139,"1.211035053E12":171,"1.21108167E12":353,"1.211061139E12":320,"1.211050943E12":299,"1.211033576E12":154,"1.211048831E12":290,"1.211019872E12":4,"1.211051005E12":300,"1.211038971E12":221,"1.211033561E12":153,"1.211023951E12":24,"1.211064799E12":333,"1.21102346E12":17,"1.211039911E12":229,"1.211035956E12":192,"1.211089397E12":363,"1.211030586E12":95,"1.211030421E12":90,"1.211035826E12":186,"1.211056935E12":318,"1.211043071E12":258,"1.211092947E12":367,"1.211046035E12":277,"1.211087922E12":361,"1.211023304E12":14,"1.211032391E12":132,"1.211025332E12":37,"1.211035594E12":180,"1.21104391E12":266,"1.211040829E12":234,"1.211030902E12":103,"1.211031822E12":126,"1.211076962E12":347,"1.211035264E12":172,"1.211035805E12":185,"1.211029073E12":63,"1.211036898E12":197,"1.211034129E12":158,"1.211062445E12":325,"1.211038693E12":215,"1.211089258E12":362,"1.211048343E12":287,"1.211055389E12":316,"1.211030354E12":87,"1.21102975E12":70,"1.211041624E12":240,"1.211032199E12":129,"1.211035932E12":190,"1.211031302E12":110,"1.211025428E12":38,"1.211032628E12":134,"1.211034498E12":166,"1.211074148E12":339,"1.211041799E12":241,"1.211021954E12":8,"1.211046747E12":282,"1.211030754E12":98,"1.211034719E12":169,"1.211022704E12":12,"1.211086765E12":359,"1.211043627E12":261,"1.211023963E12":25,"1.211030849E12":99,"1.211092554E12":366,"1.211042567E12":254,"1.2111227E12":376,"1.211041389E12":239,"1.211122078E12":375,"1.211032741E12":138,"1.211034419E12":160,"1.211050808E12":297,"1.211050453E12":296,"1.211049023E12":291,"1.211031048E12":106,"1.211028839E12":58,"1.211023977E12":26,"1.211037923E12":202,"1.211034073E12":157,"1.211043894E12":265,"1.211043782E12":264,"1.211030944E12":104,"1.211036674E12":195,"1.211039051E12":222,"1.211045549E12":276,"1.211053734E12":312,"1.211038055E12":206,"1.211042328E12":250,"1.211061365E12":321,"1.211042082E12":247,"1.211083099E12":356,"1.21103579E12":184,"1.211127947E12":378,"1.211035395E12":174,"1.211031229E12":109,"1.211042039E12":245,"1.211036954E12":198,"1.211043686E12":263,"1.211037827E12":200,"1.211045131E12":274,"1.211044969E12":273,"1.211034441E12":161,"1.211023555E12":22,"1.211027405E12":49,"1.211018404E12":1,"1.21103173E12":123,"1.21103186E12":127,"1.211038822E12":216,"1.211239927E12":386,"1.211046771E12":283,"1.211030178E12":75,"1.211028916E12":61,"1.211034485E12":165,"1.211043588E12":260,"1.211031686E12":118,"1.211032803E12":141,"1.211156304E12":380,"1.211038442E12":210,"1.211032959E12":144,"1.211051083E12":301,"1.211074543E12":343,"1.211025905E12":40,"1.211103617E12":373,"1.211020658E12":5,"1.211032191E12":128,"1.211030861E12":100,"1.211099183E12":370,"1.211068739E12":337,"1.211061753E12":322,"1.211046063E12":278,"1.21104194E12":242,"1.211046199E12":281,"1.21105159E12":305,"1.21117942E12":382,"1.211053438E12":310,"1.21102427E12":32,"1.211030617E12":96,"1.211062057E12":324,"1.211047958E12":286,"1.211038339E12":208,"1.211026021E12":41,"1.211063027E12":330,"1.211042438E12":252,"1.211052701E12":308,"1.211041992E12":244,"1.21103977E12":228,"1.211032798E12":140,"1.211031452E12":114,"1.211043055E12":257,"1.2110332E12":148,"1.211030265E12":80,"1.211038877E12":217,"1.211031726E12":121,"1.211032727E12":136,"1.211035789E12":183,"1.211044003E12":269,"1.211047484E12":285,"1.211033577E12":155,"1.21105364E12":311,"1.211052794E12":309,"1.21102924E12":66,"1.211020758E12":6,"1.211023899E12":23,"1.211422678E12":388,"1.211216282E12":384,"1.211095785E12":369,"1.211091053E12":365,"1.211027464E12":50,"1.211030259E12":79,"1.211024097E12":29,"1.21103448E12":162,"1.211074751E12":345,"1.211031373E12":112,"1.211024865E12":34,"1.211074325E12":342,"1.211033283E12":150,"1.211124178E12":377,"1.211026357E12":44,"1.21107926E12":350,"1.2110219E12":7,"1.211023516E12":19,"1.21102821E12":55,"1.211045317E12":275,"1.211102678E12":371,"1.211062025E12":323,"1.211035487E12":176,"1.211049929E12":294,"1.211032443E12":133,"1.211031711E12":120,"1.211033153E12":147,"1.211035963E12":193,"1.211027534E12":53,"1.211033442E12":152,"1.211031428E12":113,"1.211033394E12":151,"1.211041323E12":236,"1.21103302E12":146,"1.211030337E12":84,"1.211074748E12":344,"1.211129241E12":379,"1.211042095E12":249,"1.211030947E12":105,"1.211038883E12":219,"1.211023547E12":21,"1.211037986E12":203,"1.211029488E12":67,"1.211039423E12":227,"1.211029183E12":64,"1.211054506E12":314,"1.211220462E12":385,"1.211085057E12":357,"1.211073768E12":338,"1.211032992E12":145,"1.211042725E12":255,"1.211030442E12":91,"1.211023996E12":27,"1.211054222E12":313,"1.211031809E12":125,"1.211046067E12":279,"1.211025139E12":36,"1.211035878E12":187,"1.211049114E12":293,"1.21107673E12":346,"1.211064865E12":334,"1.211030343E12":85,"1.211024082E12":28,"1.211087655E12":360,"1.211086764E12":358,"1.211036837E12":196,"1.211040067E12":230,"1.211043917E12":267,"1.211041947E12":243,"1.211030309E12":83,"1.211025543E12":39,"1.211055471E12":317,"1.211044443E12":271,"1.211062647E12":327,"1.211027386E12":48,"1.211057453E12":319,"1.211030238E12":78,"1.211035933E12":191,"1.21103132E12":111,"1.211035912E12":188,"1.211024247E12":31,"1.211055388E12":315,"1.21102629E12":43,"1.211040512E12":231,"1.211026584E12":46,"1.211051445E12":304,"1.211049038E12":292,"1.21128826E12":387,"1.211030544E12":92,"1.211038881E12":218,"1.211028853E12":59,"1.211043652E12":262,"1.211030353E12":86,"1.211050141E12":295,"1.211039057E12":223,"1.211083043E12":355,"1.211029694E12":69,"1.211030896E12":102,"1.211037721E12":199,"1.211024181E12":30,"1.211029645E12":68,"1.21105091E12":298,"1.211019435E12":3,"1.211064308E12":331,"1.211104526E12":374,"1.211042388E12":251,"1.211043935E12":268,"1.211035491E12":177,"1.211036245E12":194,"1.211030866E12":101,"1.211035547E12":179,"1.211035778E12":182,"1.211040696E12":233,"1.211093607E12":368,"1.211029759E12":71,"1.211022694E12":11,"1.211051154E12":302,"1.211038541E12":212,"1.211030723E12":97,"1.211081371E12":351,"1.211031765E12":124,"1.211034987E12":170,"1.211035381E12":173,"1.211041384E12":238,"1.21107918E12":348,"1.211052564E12":307,"1.211074209E12":340,"1.211038884E12":220,"1.211031457E12":116,"1.211048802E12":289,"1.211030401E12":89,"1.211026403E12":45,"1.211062567E12":326,"1.211040664E12":232,"1.211041295E12":235,"1.211034576E12":167,"1.211180359E12":383,"1.2110394E12":226,"1.211081598E12":352,"1.211022993E12":13,"1.211031454E12":115,"1.211062787E12":328,"1.211082251E12":354,"1.211030291E12":81,"1.211037998E12":204,"1.211029225E12":65,"1.211032376E12":130,"1.211031706E12":119,"1.211038606E12":213,"1.211022159E12":9,"1.211034483E12":163,"1.211035928E12":189,"1.211022357E12":10,"1.211023451E12":16,"1.211031201E12":108,"1.211044459E12":272,"1.211051276E12":303,"1.211030191E12":76,"1.21102354E12":20,"1.211035401E12":175,"1.2110792E12":349,"1.211030575E12":94,"1.2110355E12":178,"1.211064899E12":335,"1.211032953E12":143,"1.211031587E12":117,"1.211032811E12":142,"1.211044399E12":270,"1.211103602E12":372,"1.211038252E12":207,"1.211033279E12":149,"1.211030362E12":88},"NUMBER_OF_PEOPLE":400,"minTimeSeen":1.211018404E12,"maxTimeSeen":1.211558405E12,"NEIGHBORHOOD_RADIUS":20.0,"ENCOUNTER_CHANCE":0.05,"priority":1.0,