{"propagationData":{"1.211046416E12":285,"1.211028851E12":92,"1.211035504E12":187,"1.21104592E12":280,"1.211042277E12":256,"1.21103898E12":233,"1.211038696E12":232,"1.211044642E12":270,"1.211038197E12":223,"1.211025301E12":65,"1.21102858E12":88,"1.211034713E12":175,"1.21104223E12":255,"1.211034583E12":174,"1.211192034E12":387,"1.211030505E12":105,"1.211038022E12":216,"1.211041046E12":247,"1.211030942E12":123,"1.211037007E12":204,"1.21110256E12":371,"1.211018417E12":10,"1.211024445E12":56,"1.211060542E12":325,"1.211018416E12":9,"1.211049898E12":294,"1.21103238E12":139,"1.211046325E12":284,"1.211046219E12":282,"1.2110307E12":113,"1.211035811E12":193,"1.211030939E12":122,"1.21104057E12":240,"1.211042199E12":253,"1.211068289E12":340,"1.211019542E12":22,"1.211030919E12":120,"1.211051883E12":304,"1.211057412E12":319,"1.211028657E12":89,"1.211024207E12":54,"1.211057579E12":321,"1.211067596E12":333,"1.211043061E12":264,"1.211019096E12":14,"1.211020242E12":26,"1.211054455E12":315,"1.211037025E12":205,"1.211175479E12":386,"1.211024001E12":49,"1.211284618E12":389,"1.211031464E12":130,"1.211031733E12":133,"1.211099053E12":368,"1.211035199E12":180,"1.211047902E12":289,"1.211028944E12":98,"1.211025033E12":63,"1.211041024E12":246,"1.211036526E12":201,"1.211022024E12":46,"1.211045665E12":277,"1.211038626E12":226,"1.211042786E12":262,"1.211032793E12":150,"1.211035483E12":186,"1.211032755E12":148,"1.211033458E12":163,"1.211018412E12":8,"1.211051079E12":302,"1.211037552E12":212,"1.21104686E12":288,"1.211026068E12":71,"1.211082037E12":355,"1.211172635E12":385,"1.211030907E12":119,"1.211068929E12":341,"1.21104086E12":244,"1.21103808E12":220,"1.211031683E12":132,"1.211061014E12":326,"1.211044365E12":268,"1.211038191E12":221,"1.211076657E12":350,"1.211054265E12":312,"1.211067661E12":335,"1.211030548E12":108,"1.211020836E12":32,"1.211021707E12":44,"1.211030965E12":124,"1.211089582E12":363,"1.211054666E12":316,"1.211021925E12":45,"1.211049969E12":297,"1.211074649E12":349,"1.211046039E12":281,"1.211063438E12":329,"1.211067834E12":337,"1.211068089E12":338,"1.211024003E12":50,"1.211037521E12":211,"1.211021633E12":43,"1.211028347E12":87,"1.211019427E12":21,"1.211034196E12":171,"1.211049854E12":293,"1.211035939E12":198,"1.211063318E12":328,"1.211033166E12":161,"1.211030724E12":114,"1.211040545E12":239,"1.211036482E12":200,"1.211042434E12":257,"1.211083413E12":357,"1.211035979E12":199,"1.211045275E12":275,"1.211024721E12":58,"1.211035862E12":195,"1.211053794E12":311,"1.211045912E12":279,"1.211037199E12":209,"1.211032129E12":135,"1.211039221E12":234,"1.211045634E12":276,"1.211035366E12":183,"1.211054952E12":317,"1.211090714E12":366,"1.211064603E12":331,"1.211033668E12":164,"1.211019236E12":17,"1.211020673E12":31,"1.211029287E12":99,"1.211040189E12":238,"1.211026786E12":75,"1.211025392E12":68,"1.211030532E12":107,"1.211020596E12":29,"1.211021103E12":34,"1.211088855E12":362,"1.211031383E12":127,"1.211027745E12":82,"1.21101927E12":18,"1.211026773E12":74,"1.211021553E12":42,"1.211045094E12":273,"1.211033163E12":160,"1.211046484E12":287,"1.211025674E12":70,"1.211020331E12":28,"1.211018404E12":2,"1.211024795E12":60,"1.211033436E12":162,"1.211021278E12":37,"1.211083964E12":359,"1.211035212E12":181,"1.211044904E12":271,"1.211033006E12":159,"1.211120063E12":373,"1.211038646E12":229,"1.21102405E12":51,"1.211027765E12":84,"1.211090573E12":365,"1.211030054E12":101,"1.211049823E12":291,"1.211021275E12":36,"1.211032803E12":151,"1.211032176E12":136,"1.211032985E12":157,"1.211036806E12":202,"1.211030898E12":118,"1.211030107E12":102,"1.211051983E12":305,"1.211035536E12":188,"1.211042478E12":258,"1.211037499E12":210,"1.211027698E12":79,"1.211042583E12":259,"1.211035923E12":196,"1.211024756E12":59,"1.211032824E12":152,"1.211057823E12":322,"1.211042587E12":260,"1.211129771E12":378,"1.211067792E12":336,"1.211040648E12":241,"1.211039595E12":237,"1.211027796E12":85,"1.211083682E12":358,"1.211037161E12":206,"1.211056457E12":318,"1.211018411E12":6,"1.211046442E12":286,"1.211018408E12":3,"1.211083152E12":356,"1.211073919E12":342,"1.211044569E12":269,"1.211038664E12":230,"1.211018424E12":13,"1.21103413E12":170,"1.211067656E12":334,"1.211030654E12":109,"1.211019401E12":20,"1.211032832E12":153,"1.211100203E12":370,"1.211030663E12":110,"1.21103116E12":125,"1.211054342E12":313,"1.211053513E12":308,"1.211039433E12":235,"1.211038079E12":219,"1.211021416E12":40,"1.211042202E12":254,"1.211046267E12":283,"1.211172134E12":384,"1.211026228E12":73,"1.211035573E12":190,"1.211035468E12":185,"1.211089643E12":364,"1.211086438E12":361,"1.211040722E12":243,"1.211027754E12":83,"1.211027681E12":78,"1.211064187E12":330,"1.211139424E12":381,"1.211038193E12":222,"1.211068226E12":339,"1.21112193E12":374,"1.211023591E12":47,"1.211034342E12":173,"1.211042671E12":261,"1.211032423E12":141,"1.211044299E12":267,"1.211020625E12":30,"1.211074547E12":347,"1.211043073E12":265,"1.211035936E12":197,"1.211041189E12":248,"1.211081858E12":354,"1.211039445E12":236,"1.21116762E12":383,"1.211033722E12":168,"1.211040911E12":245,"1.211037198E12":208,"1.211021312E12":38,"1.211122943E12":375,"1.211028852E12":93,"1.211027717E12":81,"1.211038039E12":217,"1.211032367E12":138,"1.211090758E12":367,"1.211030683E12":111,"1.211028883E12":95,"1.211032961E12":155,"1.211031385E12":128,"1.211053616E12":309,"1.211021174E12":35,"1.211128604E12":377,"1.211073957E12":343,"1.211032547E12":142,"1.211081329E12":353,"1.211019549E12":23,"1.21102829E12":86,"1.211074291E12":344,"1.211030371E12":104,"1.211260597E12":388,"1.211105692E12":372,"1.211032792E12":149,"1.211045725E12":278,"1.211035168E12":179,"1.211031487E12":131,"1.211057987E12":323,"1.211050051E12":298,"1.211045144E12":274,"1.21102536E12":67,"1.211060455E12":324,"1.211049835E12":292,"1.211027706E12":80,"1.211030938E12":121,"1.211031381E12":126,"1.211032352E12":137,"1.211035244E12":182,"1.211034206E12":172,"1.211035538E12":189,"1.211032624E12":143,"1.21103837E12":224,"1.211031463E12":129,"1.211074415E12":346,"1.211063188E12":327,"1.211036956E12":203,"1.21102453E12":57,"1.211030522E12":106,"1.211024086E12":52,"1.211037623E12":214,"1.211037575E12":213,"1.211034821E12":176,"1.211024947E12":62,"1.211035803E12":192,"1.211049917E12":295,"1.211020268E12":27,"1.21103372E12":166,"1.211042179E12":252,"1.21101923E12":16,"1.211085162E12":360,"1.211074317E12":345,"1.211048568E12":290,"1.211021395E12":39,"1.211026899E12":76,"1.211037195E12":207,"1.211042093E12":250,"1.211032937E12":154,"1.211025342E12":66,"1.211134059E12":379,"1.211038066E12":218,"1.211032661E12":145,"1.211030117E12":103,"1.211050144E12":299,"1.211023689E12":48,"1.211029904E12":100,"1.211019275E12":19,"1.211080925E12":351,"1.211028708E12":90,"1.211021528E12":41,"1.211030698E12":112,"1.211054366E12":314,"1.21102432E12":55,"1.211052235E12":306,"1.211026081E12":72,"1.211032963E12":156,"1.211042794E12":263,"1.21102749E12":77,"1.211041853E12":249,"1.211028887E12":96,"1.211040696E12":242,"1.211035785E12":191,"1.211018422E12":12,"1.211050164E12":300,"1.211051087E12":303,"1.211044927E12":272,"1.21102516E12":64,"1.211053511E12":307,"1.211123364E12":376,"1.211024873E12":61,"1.211050948E12":301,"1.211042096E12":251,"1.211024109E12":53,"1.21103174E12":134,"1.211030791E12":116,"1.211033816E12":169,"1.211025665E12":69,"1.211074595E12":348,"1.21103076E12":115,"1.211057562E12":320,"1.21101841E12":4,"1.211138108E12":380,"1.211035098E12":177,"1.211035813E12":194,"1.211032735E12":147,"1.211143612E12":382,"1.211028865E12":94,"1.211020088E12":25,"1.211032406E12":140,"1.21103512E12":178,"1.211028809E12":91,"1.211035463E12":184,"1.211064837E12":332,"1.211038638E12":227,"1.211099287E12":369,"1.21104994E12":296,"1.211028936E12":97,"1.211019559E12":24,"1.211037944E12":215,"1.211038496E12":225,"1.211032698E12":146,"1.211053637E12":310,"1.21108105E12":352,"1.211019112E12":15,"1.211021059E12":33,"1.211032638E12":144,"1.211043102E12":266},"NUMBER_OF_PEOPLE":400,"minTimeSeen":1.211018404E12,"maxTimeSeen":1.211558405E12,"NEIGHBORHOOD_RADIUS":20.0,"ENCOUNTER_CHANCE":0.05,"priority":1.0,