{"propagationData":{"1.21103066E12":110,"1.211265653E12":387,"1.211018465E12":26,"1.211020779E12":49,"1.211025169E12":68,"1.211082548E12":348,"1.211021996E12":54,"1.211096577E12":366,"1.21102677E12":78,"1.211041849E12":239,"1.211023195E12":59,"1.211032304E12":127,"1.211035997E12":178,"1.211041005E12":235,"1.211034531E12":156,"1.21106704E12":330,"1.211036272E12":187,"1.21103014E12":99,"1.211055549E12":302,"1.211033157E12":142,"1.211042301E12":246,"1.211018452E12":21,"1.211040955E12":234,"1.211089764E12":357,"1.211085024E12":351,"1.211090609E12":360,"1.211070126E12":333,"1.211034995E12":167,"1.211052966E12":297,"1.211038875E12":215,"1.211032625E12":133,"1.211042329E12":247,"1.211037845E12":201,"1.211263969E12":384,"1.211018409E12":11,"1.211029723E12":90,"1.211034751E12":161,"1.211018491E12":33,"1.211018799E12":44,"1.211090807E12":361,"1.211039646E12":223,"1.211029815E12":93,"1.211055588E12":304,"1.211039434E12":221,"1.211035072E12":169,"1.211050878E12":289,"1.211031329E12":116,"1.211018512E12":37,"1.211032909E12":139,"1.211030231E12":103,"1.21103124E12":113,"1.211030394E12":107,"1.211022117E12":55,"1.21102584E12":74,"1.21104218E12":244,"1.211032793E12":138,"1.211039278E12":220,"1.211034942E12":164,"1.211097042E12":367,"1.211034695E12":160,"1.211032634E12":135,"1.211071156E12":336,"1.211038987E12":216,"1.211029383E12":87,"1.211018766E12":43,"1.211072206E12":340,"1.211023536E12":60,"1.211149501E12":380,"1.211031394E12":117,"1.211036399E12":189,"1.211036212E12":185,"1.211122267E12":374,"1.211264277E12":386,"1.211030227E12":102,"1.211034651E12":159,"1.211035558E12":177,"1.211025611E12":70,"1.211071192E12":338,"1.21104751E12":279,"1.211035548E12":175,"1.211029942E12":95,"1.211046039E12":267,"1.211033314E12":143,"1.211044319E12":258,"1.211038538E12":213,"1.21108178E12":347,"1.211061737E12":326,"1.211039165E12":217,"1.211058301E12":311,"1.211022189E12":56,"1.211037178E12":195,"1.211029778E12":92,"1.211119669E12":372,"1.211025514E12":69,"1.211018406E12":6,"1.211027201E12":79,"1.211018428E12":17,"1.211047571E12":280,"1.211039659E12":224,"1.211037243E12":196,"1.211121351E12":373,"1.211038106E12":205,"1.211053018E12":298,"1.211038551E12":214,"1.211033387E12":146,"1.211034991E12":166,"1.211040946E12":232,"1.211088878E12":356,"1.211046357E12":272,"1.21126379E12":383,"1.211028668E12":83,"1.211020633E12":47,"1.211038333E12":206,"1.211043671E12":253,"1.211034315E12":154,"1.211030338E12":104,"1.211057498E12":307,"1.211053466E12":299,"1.2110582E12":310,"1.211046366E12":273,"1.2110384E12":208,"1.211045912E12":266,"1.21108509E12":353,"1.211094556E12":363,"1.211059585E12":318,"1.21103241E12":132,"1.211038401E12":209,"1.211032297E12":126,"1.211071183E12":337,"1.211018464E12":25,"1.211018453E12":22,"1.211033347E12":144,"1.211030225E12":101,"1.211021036E12":51,"1.211042224E12":245,"1.211018484E12":31,"1.211033749E12":148,"1.211085394E12":354,"1.211049567E12":284,"1.211023148E12":58,"1.211042104E12":242,"1.211032717E12":136,"1.211034345E12":155,"1.211089796E12":358,"1.211039239E12":219,"1.211018404E12":3,"1.21105852E12":312,"1.211040904E12":231,"1.211036244E12":186,"1.211045894E12":265,"1.211040949E12":233,"1.211050084E12":287,"1.211057779E12":309,"1.211040508E12":228,"1.211070407E12":334,"1.211046145E12":268,"1.211018466E12":27,"1.211027898E12":82,"1.211037164E12":193,"1.211018441E12":19,"1.211141774E12":379,"1.211018727E12":41,"1.211059054E12":316,"1.211032118E12":124,"1.211046701E12":275,"1.211039447E12":222,"1.211061383E12":325,"1.211032355E12":130,"1.211037595E12":198,"1.211036378E12":188,"1.211039228E12":218,"1.211030025E12":97,"1.211019661E12":45,"1.21103131E12":115,"1.211058922E12":313,"1.211037362E12":197,"1.211051571E12":293,"1.2110343E12":153,"1.211070697E12":335,"1.211052019E12":295,"1.21104338E12":252,"1.211036199E12":184,"1.211018411E12":14,"1.211030408E12":108,"1.211085772E12":355,"1.211018408E12":8,"1.211096185E12":365,"1.211044436E12":260,"1.211032319E12":128,"1.211035018E12":168,"1.211098968E12":368,"1.211103952E12":370,"1.211032629E12":134,"1.211057758E12":308,"1.211024681E12":66,"1.211035549E12":176,"1.211020566E12":46,"1.211123171E12":375,"1.211043035E12":251,"1.21103204E12":122,"1.211042371E12":250,"1.211018476E12":30,"1.211046291E12":271,"1.21108148E12":344,"1.211018446E12":20,"1.211021663E12":52,"1.211041236E12":237,"1.211038378E12":207,"1.211047945E12":281,"1.211027464E12":80,"1.211125883E12":377,"1.211054803E12":301,"1.211043877E12":256,"1.211030152E12":100,"1.211060103E12":319,"1.211032335E12":129,"1.211046267E12":270,"1.211029774E12":91,"1.211060841E12":321,"1.211094012E12":362,"1.21105916E12":317,"1.21104651E12":274,"1.211066009E12":329,"1.211084958E12":350,"1.211046185E12":269,"1.211030139E12":98,"1.211051034E12":291,"1.21101846E12":23,"1.211035246E12":171,"1.211018508E12":34,"1.211032972E12":141,"1.211081773E12":346,"1.21104434E12":259,"1.211040871E12":230,"1.211072857E12":341,"1.2110721E12":339,"1.211057447E12":306,"1.2110335E12":147,"1.211068639E12":331,"1.211034797E12":163,"1.211037844E12":200,"1.211043821E12":255,"1.211032025E12":121,"1.21109477E12":364,"1.211037655E12":199,"1.211058987E12":315,"1.211024407E12":65,"1.211023619E12":61,"1.211018705E12":39,"1.21103601E12":179,"1.211025631E12":71,"1.211023892E12":63,"1.211030705E12":111,"1.211032018E12":120,"1.211061191E12":324,"1.21102779E12":81,"1.211036016E12":180,"1.211058938E12":314,"1.21102182E12":53,"1.211036551E12":192,"1.211043814E12":254,"1.211029846E12":94,"1.211060372E12":320,"1.211032763E12":137,"1.211050951E12":290,"1.211044315E12":257,"1.211018463E12":24,"1.211034582E12":157,"1.211035276E12":172,"1.21104583E12":264,"1.211023628E12":62,"1.211028835E12":85,"1.211036444E12":191,"1.211051579E12":294,"1.21102637E12":76,"1.211032006E12":119,"1.211080543E12":343,"1.211039663E12":225,"1.211030339E12":105,"1.211102473E12":369,"1.21101851E12":35,"1.211028788E12":84,"1.211049303E12":283,"1.211060998E12":323,"1.211026701E12":77,"1.211263322E12":381,"1.21103971E12":226,"1.211036125E12":181,"1.211042367E12":249,"1.211030344E12":106,"1.211038095E12":204,"1.211062017E12":327,"1.211033988E12":150,"1.211053472E12":300,"1.211021006E12":50,"1.211049917E12":285,"1.211029955E12":96,"1.211024084E12":64,"1.21103551E12":174,"1.211266472E12":388,"1.211085082E12":352,"1.211033377E12":145,"1.211042093E12":241,"1.211045657E12":262,"1.211034638E12":158,"1.211069165E12":332,"1.211026208E12":75,"1.211038066E12":203,"1.211018485E12":32,"1.211034971E12":165,"1.211036415E12":190,"1.211018405E12":4,"1.211040238E12":227,"1.211025025E12":67,"1.211034768E12":162,"1.211051066E12":292,"1.211040643E12":229,"1.211032963E12":140,"1.211104196E12":371,"1.211036162E12":183,"1.211038481E12":210,"1.211018413E12":16,"1.211042163E12":243,"1.211029675E12":88,"1.211090091E12":359,"1.211056218E12":305,"1.211032045E12":123,"1.211020731E12":48,"1.211123277E12":376,"1.211082976E12":349,"1.21104687E12":276,"1.211045667E12":263,"1.211077977E12":342,"1.211065887E12":328,"1.211035225E12":170,"1.211041554E12":238,"1.211036149E12":182,"1.211038534E12":212,"1.211025807E12":73,"1.21101843E12":18,"1.211018516E12":38,"1.211035466E12":173,"1.211029681E12":89,"1.21101841E12":12,"1.211263724E12":382,"1.211022567E12":57,"1.211032244E12":125,"1.211264238E12":385,"1.211037968E12":202,"1.211031304E12":114,"1.211034112E12":152,"1.211041954E12":240,"1.21102889E12":86,"1.211032385E12":131,"1.211047174E12":277,"1.211018407E12":7,"1.211047446E12":278,"1.21108174E12":345,"1.21104994E12":286,"1.211037173E12":194,"1.21104118E12":236,"1.211052964E12":296,"1.211038491E12":211,"1.211042334E12":248,"1.211050222E12":288,"1.211025644E12":72,"1.211141332E12":378,"1.211033955E12":149,"1.211044647E12":261,"1.2110317E12":118,"1.211049194E12":282,"1.211034106E12":151,"1.211030506E12":109,"1.211060919E12":322,"1.211018467E12":28,"1.21101872E12":40},"NUMBER_OF_PEOPLE":400,"minTimeSeen":1.211018404E12,"maxTimeSeen":1.211558405E12,"NEIGHBORHOOD_RADIUS":20.0,"ENCOUNTER_CHANCE":0.05,"priority":1.0,"duration":540001.0,"minutesDuration":9000.016666666666,