{"propagationData":{"1.211433736E12":51,"1.211102348E12":35,"1.211084716E12":10,"1.211102802E12":38,"1.211439745E12":57,"1.211089737E12":20,"1.211092876E12":31,"1.211116333E12":44,"1.211116921E12":45,"1.211019182E12":2,"1.211102866E12":40,"1.21108744E12":19,"1.211085567E12":12,"1.211435542E12":53,"1.211092347E12":24,"1.211092787E12":29,"1.211092912E12":32,"1.211077322E12":8,"1.211089741E12":21,"1.211032021E12":3,"1.211102224E12":34,"1.211077972E12":9,"1.211087379E12":16,"1.211086139E12":13,"1.211092581E12":28,"1.211144411E12":49,"1.211092815E12":30,"1.211433744E12":52,"1.211087387E12":17,"1.211087401E12":18,"1.211086819E12":15,"1.211102402E12":37,"1.211084797E12":11,"1.211037784E12":4,"1.211116322E12":43,"1.211126189E12":48,"1.211076307E12":6,"1.211116985E12":46,"1.211018404E12":1,"1.211435602E12":54,"1.211124201E12":47,"1.211099725E12":33,"1.211089805E12":22,"1.211437272E12":55,"1.21143955E12":56,"1.211090749E12":23,"1.211092412E12":25,"1.211092556E12":27,"1.211102826E12":39,"1.211086192E12":14,"1.211147792E12":50,"1.211077131E12":7,"1.211110563E12":41,"1.211092475E12":26,"1.211115913E12":42,"1.211076109E12":5,"1.211102383E12":36},"NUMBER_OF_PEOPLE":400,"minTimeSeen":1.211018404E12,"maxTimeSeen":1.211558405E12,"NEIGHBORHOOD_RADIUS":20.0,"ENCOUNTER_CHANCE":0.05,"priority":1.0,"duration":540001.0,"minutesDuration":9000.016666666666,"hoursDuration":150.00027777777777,"daysDuration":6.250011574074073}
