{"propagationData":{"1.211043644E12":40,"1.211050424E12":92,"1.211071163E12":271,"1.211023487E12":4,"1.211044636E12":45,"1.211050482E12":93,"1.211050621E12":95,"1.211061E12":187,"1.211090575E12":325,"1.211071804E12":277,"1.211168173E12":358,"1.211080611E12":312,"1.211050719E12":96,"1.21106976E12":255,"1.211100214E12":346,"1.211095652E12":337,"1.211047365E12":70,"1.211059196E12":167,"1.211077698E12":303,"1.211048153E12":76,"1.211051026E12":101,"1.211100603E12":347,"1.21106673E12":239,"1.21104937E12":84,"1.211081462E12":314,"1.211073357E12":290,"1.211066804E12":240,"1.211063208E12":207,"1.21107777E12":304,"1.211062961E12":204,"1.211047675E12":73,"1.211041711E12":32,"1.211061096E12":190,"1.211101801E12":348,"1.211046349E12":54,"1.21105384E12":120,"1.211062627E12":201,"1.211063644E12":212,"1.211047772E12":75,"1.211064229E12":221,"1.211056906E12":140,"1.211062764E12":202,"1.211068786E12":251,"1.211060828E12":183,"1.211093189E12":332,"1.211053406E12":119,"1.211095698E12":338,"1.21111523E12":353,"1.211067266E12":241,"1.211044544E12":41,"1.211062049E12":196,"1.211023886E12":5,"1.211060856E12":184,"1.211063771E12":214,"1.211060265E12":178,"1.211050848E12":99,"1.211059732E12":172,"1.211053898E12":124,"1.211057961E12":153,"1.211069748E12":254,"1.211168775E12":360,"1.211047115E12":63,"1.211056908E12":141,"1.211068038E12":247,"1.211059417E12":169,"1.211106381E12":350,"1.21104593E12":53,"1.211047289E12":67,"1.211063669E12":213,"1.211062458E12":199,"1.211053271E12":117,"1.211063141E12":206,"1.211053842E12":121,"1.211058021E12":156,"1.211057627E12":149,"1.21102535E12":11,"1.211052476E12":112,"1.211046763E12":59,"1.211051057E12":103,"1.211041829E12":33,"1.211060958E12":186,"1.211040728E12":23,"1.211053877E12":123,"1.21107002E12":258,"1.211081148E12":313,"1.211061715E12":193,"1.211050834E12":97,"1.211100024E12":344,"1.211060823E12":182,"1.211094864E12":334,"1.211071718E12":276,"1.211166786E12":356,"1.211069982E12":257,"1.211024282E12":7,"1.211060914E12":185,"1.211092312E12":327,"1.211041468E12":29,"1.211039774E12":13,"1.211046391E12":55,"1.211055658E12":133,"1.211072777E12":284,"1.211058265E12":161,"1.211082509E12":318,"1.211040399E12":19,"1.21105682E12":138,"1.211073112E12":286,"1.211044625E12":44,"1.21109559E12":335,"1.211075931E12":298,"1.211055228E12":127,"1.211064183E12":220,"1.211050151E12":88,"1.211125562E12":355,"1.21104875E12":82,"1.211073052E12":285,"1.21107116E12":270,"1.211060814E12":181,"1.211061183E12":192,"1.211063261E12":208,"1.211053866E12":122,"1.211059418E12":170,"1.211075018E12":296,"1.211048646E12":80,"1.21107263E12":283,"1.211099213E12":341,"1.211047126E12":64,"1.211072314E12":281,"1.211051712E12":109,"1.211076387E12":300,"1.211073292E12":288,"1.211059121E12":166,"1.211065339E12":232,"1.211045434E12":51,"1.211052491E12":113,"1.21105563E12":131,"1.211125491E12":354,"1.211063778E12":215,"1.211058229E12":160,"1.211059854E12":174,"1.211047512E12":71,"1.211018404E12":1,"1.21106456E12":224,"1.211084626E12":322,"1.211058474E12":163,"1.211070138E12":262,"1.211048587E12":77,"1.211047347E12":69,"1.211054808E12":126,"1.211059898E12":175,"1.211042274E12":36,"1.211040069E12":15,"1.211040724E12":22,"1.211057406E12":146,"1.211053086E12":115,"1.211050163E12":89,"1.211022778E12":2,"1.211044867E12":48,"1.211041073E12":24,"1.211071585E12":275,"1.211067568E12":242,"1.21105981E12":173,"1.211062142E12":197,"1.211048794E12":83,"1.211081884E12":316,"1.211058014E12":155,"1.211073165E12":287,"1.211063324E12":211,"1.211068176E12":248,"1.211063962E12":217,"1.211064842E12":226,"1.211051718E12":110,"1.211079974E12":309,"1.211058424E12":162,"1.2110629E12":203,"1.211055917E12":136,"1.211070083E12":261,"1.211077489E12":302,"1.211077385E12":301,"1.211347754E12":361,"1.211168112E12":357,"1.211092518E12":328,"1.211072003E12":279,"1.211047343E12":68,"1.211040705E12":21,"1.211069779E12":256,"1.211068935E12":252,"1.211041578E12":31,"1.211044569E12":42,"1.211067656E12":244,"1.211065112E12":229,"1.211040212E12":17,"1.211079889E12":306,"1.211063928E12":216,"1.211050106E12":87,"1.211065117E12":230,"1.211057747E12":151,"1.211168295E12":359,"1.21107035E12":264,"1.211070052E12":260,"1.211042086E12":35,"1.211074761E12":293,"1.211055233E12":128,"1.211075974E12":299,"1.211071073E12":268,"1.211051807E12":111,"1.211050592E12":94,"1.211041428E12":28,"1.211057608E12":148,"1.211082033E12":317,"1.211069029E12":253,"1.211064887E12":228,"1.211045326E12":49,"1.211047091E12":62,"1.211023473E12":3,"1.21102419E12":6,"1.211084625E12":321,"1.211055586E12":130,"1.211055905E12":135,"1.211074789E12":294,"1.211059324E12":168,"1.2110665E12":237,"1.211057284E12":145,"1.211060625E12":179,"1.21104286E12":39,"1.211077789E12":305,"1.21105126E12":105,"1.211070359E12":265,"1.211063299E12":210,"1.211057447E12":147,"1.211042549E12":38,"1.211100193E12":345,"1.211061132E12":191,"1.211071541E12":274,"1.211061784E12":194,"1.211051332E12":106,"1.21109998E12":343,"1.211056874E12":139,"1.211065879E12":236,"1.211093164E12":331,"1.211040089E12":16,"1.211041402E12":26,"1.211068359E12":249,"1.21105788E12":152,"1.211067721E12":245,"1.211050844E12":98,"1.211058007E12":154,"1.211071839E12":278,"1.21105403E12":125,"1.211025139E12":9,"1.211057277E12":144,"1.211079963E12":308,"1.211044596E12":43,"1.211094826E12":333,"1.211062607E12":200,"1.211057271E12":143,"1.211051204E12":104,"1.211055236E12":129,"1.211081799E12":315,"1.211025002E12":8,"1.211090063E12":324,"1.211064651E12":225,"1.211080418E12":310,"1.211040698E12":20,"1.211074637E12":292,"1.2110997E12":342,"1.211090596E12":326,"1.211053393E12":118,"1.211044641E12":46,"1.211046749E12":58,"1.211044857E12":47,"1.21106551E12":233,"1.211042385E12":37,"1.211061068E12":189,"1.211053152E12":116,"1.211080576E12":311,"1.211040056E12":14,"1.2110624E12":198,"1.211025312E12":10,"1.211050083E12":86,"1.211048633E12":78,"1.211089411E12":323,"1.211051445E12":107,"1.211064175E12":219,"1.211045329E12":50,"1.211047048E12":61,"1.211067641E12":243,"1.211046923E12":60,"1.211065714E12":234,"1.211046425E12":57,"1.211075882E12":297,"1.211040317E12":18,"1.211056711E12":137,"1.211061865E12":195,"1.211041353E12":25,"1.211050409E12":91,"1.211056927E12":142,"1.211070216E12":263,"1.211059532E12":171,"1.211113546E12":352,"1.21109276E12":329,"1.211073339E12":289,"1.211067979E12":246,"1.211052765E12":114,"1.21107991E12":307,"1.211070563E12":266,"1.211065312E12":231,"1.211064876E12":227,"1.211070024E12":259,"1.211050397E12":90,"1.211058077E12":157,"1.211061045E12":188,"1.211072332E12":282,"1.21104769E12":74,"1.211060651E12":180,"1.211106584E12":351,"1.21107217E12":280,"1.211048728E12":81,"1.211058209E12":159,"1.211041492E12":30,"1.211051476E12":108,"1.211039767E12":12,"1.211048644E12":79,"1.211066692E12":238,"1.211074626E12":291,"1.211060007E12":176,"1.211071536E12":273,"1.211071477E12":272,"1.211047179E12":65,"1.211058559E12":164,"1.211070845E12":267,"1.211071134E12":269,"1.211060115E12":177,"1.211046406E12":56,"1.211041409E12":27,"1.211064072E12":218,"1.211049949E12":85,"1.211092878E12":330,"1.211106274E12":349,"1.211083647E12":320,"1.211064261E12":222,"1.211051056E12":102,"1.211074991E12":295,"1.211047215E12":66,"1.211096118E12":339,"1.211057742E12":150,"1.211095605E12":336,"1.211064508E12":223,"1.211055657E12":132,"1.211098278E12":340,"1.211068403E12":250,"1.211047568E12":72,"1.21104208E12":34,"1.211058134E12":158,"1.211058572E12":165,"1.211045778E12":52,"1.211063114E12":205,"1.211050978E12":100,"1.211055718E12":134},"NUMBER_OF_PEOPLE":400,"minTimeSeen":1.211018404E12,"maxTimeSeen":1.211558405E12,"NEIGHBORHOOD_RADIUS":20.0,"ENCOUNTER_CHANCE":0.05,"priority":1.0,"duration":540001.0,"minutesDuration":9000.016666666666,"hoursDuration":150.00027777777777,"daysDuration":6.250011574074073}
