{"propagationData":{"1.211205216E12":385,"1.211052735E12":272,"1.211045814E12":215,"1.211046296E12":219,"1.211037446E12":112,"1.211067179E12":316,"1.211038838E12":129,"1.211092764E12":362,"1.211052907E12":275,"1.211040104E12":142,"1.211030615E12":8,"1.211037736E12":116,"1.211106252E12":372,"1.211051622E12":263,"1.211035873E12":79,"1.21104655E12":223,"1.211043984E12":199,"1.211042088E12":169,"1.211125875E12":377,"1.211176092E12":384,"1.211036662E12":99,"1.211035546E12":72,"1.211033062E12":45,"1.211030613E12":7,"1.211085408E12":357,"1.211212368E12":386,"1.211048588E12":241,"1.211068431E12":322,"1.211035669E12":75,"1.211035002E12":63,"1.21105279E12":273,"1.211081012E12":348,"1.211043195E12":194,"1.211046979E12":227,"1.211041708E12":161,"1.211031925E12":31,"1.21103946E12":136,"1.211037132E12":102,"1.211045419E12":212,"1.211039604E12":139,"1.211167577E12":381,"1.211079317E12":338,"1.211034961E12":61,"1.211049623E12":248,"1.211020139E12":3,"1.211093344E12":364,"1.211031468E12":25,"1.211049552E12":247,"1.211043309E12":197,"1.211052179E12":266,"1.21103625E12":91,"1.211045817E12":216,"1.21107505E12":329,"1.211040157E12":146,"1.21108023E12":343,"1.211063252E12":305,"1.211052237E12":268,"1.211033675E12":48,"1.211047439E12":235,"1.211031583E12":28,"1.211067566E12":317,"1.211039596E12":138,"1.211062263E12":298,"1.211032986E12":44,"1.211039641E12":140,"1.211042495E12":177,"1.211063212E12":304,"1.211038545E12":123,"1.211035706E12":76,"1.211063622E12":308,"1.211034636E12":56,"1.211078022E12":337,"1.211038621E12":126,"1.211067616E12":318,"1.211034723E12":59,"1.211031409E12":24,"1.211038686E12":127,"1.211038494E12":122,"1.211042058E12":168,"1.211040888E12":157,"1.211033753E12":49,"1.211080785E12":346,"1.211051716E12":265,"1.211084018E12":353,"1.211030722E12":13,"1.211259881E12":388,"1.211077292E12":334,"1.211042523E12":181,"1.211056242E12":290,"1.211049762E12":251,"1.21105337E12":281,"1.211068494E12":323,"1.211042291E12":175,"1.211052968E12":276,"1.211038475E12":120,"1.211047427E12":234,"1.21106296E12":302,"1.211099659E12":371,"1.211034079E12":51,"1.211038547E12":124,"1.211045748E12":213,"1.211041763E12":163,"1.211042536E12":183,"1.211052213E12":267,"1.211031581E12":26,"1.211043274E12":195,"1.211032439E12":41,"1.211045321E12":207,"1.211081002E12":347,"1.211063728E12":310,"1.211042099E12":170,"1.211083777E12":352,"1.211053615E12":284,"1.211052307E12":269,"1.211040575E12":152,"1.211042987E12":190,"1.211035335E12":67,"1.211046567E12":224,"1.211045381E12":209,"1.211045093E12":202,"1.211035934E12":83,"1.211037818E12":118,"1.211041828E12":164,"1.211047211E12":231,"1.211032067E12":34,"1.211076183E12":331,"1.211065379E12":314,"1.211063698E12":309,"1.211033143E12":46,"1.211035828E12":77,"1.211077585E12":335,"1.211045247E12":205,"1.211046627E12":225,"1.211070534E12":327,"1.21104148E12":160,"1.211064766E12":311,"1.211086256E12":359,"1.211051058E12":262,"1.211043288E12":196,"1.211080318E12":344,"1.211047057E12":228,"1.21105042E12":253,"1.211018404E12":1,"1.211058587E12":294,"1.21105893E12":297,"1.211035425E12":70,"1.21111596E12":375,"1.211030676E12":12,"1.211036427E12":92,"1.211032289E12":36,"1.211047155E12":229,"1.211034485E12":55,"1.211048528E12":240,"1.211076277E12":332,"1.211037164E12":106,"1.211043105E12":192,"1.21104215E12":171,"1.21103694E12":101,"1.211050547E12":255,"1.211139157E12":379,"1.211069736E12":325,"1.211030861E12":15,"1.211077611E12":336,"1.21104081E12":156,"1.211052588E12":271,"1.21104644E12":221,"1.211062757E12":301,"1.211036189E12":88,"1.211041834E12":165,"1.211035886E12":80,"1.211037144E12":103,"1.211032645E12":42,"1.211055643E12":285,"1.211039592E12":137,"1.211036235E12":89,"1.211030617E12":10,"1.211046492E12":222,"1.211030569E12":6,"1.211042491E12":176,"1.211031107E12":21,"1.211032208E12":35,"1.211036184E12":87,"1.211037424E12":111,"1.211040685E12":154,"1.211055742E12":287,"1.211047389E12":233,"1.211055972E12":288,"1.211042866E12":188,"1.211037161E12":105,"1.211031858E12":30,"1.211037683E12":114,"1.211031242E12":22,"1.211030924E12":18,"1.21103532E12":64,"1.2110324E12":40,"1.211125498E12":376,"1.21105061E12":257,"1.211040269E12":148,"1.211040674E12":153,"1.211048624E12":242,"1.211035549E12":73,"1.211027893E12":5,"1.211080132E12":342,"1.211040306E12":149,"1.211040803E12":155,"1.211034925E12":60,"1.211034164E12":52,"1.211052481E12":270,"1.211051004E12":259,"1.211041975E12":167,"1.211035957E12":84,"1.211040223E12":147,"1.211053149E12":280,"1.211034693E12":58,"1.21108006E12":341,"1.211035931E12":82,"1.211030619E12":11,"1.211042575E12":184,"1.211034481E12":54,"1.211045255E12":206,"1.211042202E12":173,"1.211038787E12":128,"1.211035413E12":69,"1.211031098E12":20,"1.211079442E12":339,"1.211052828E12":274,"1.211034238E12":53,"1.211030931E12":19,"1.211080373E12":345,"1.211036904E12":100,"1.211036441E12":93,"1.211084553E12":354,"1.211036574E12":97,"1.211031357E12":23,"1.211042532E12":182,"1.211051686E12":264,"1.211048916E12":245,"1.211242779E12":387,"1.211075109E12":330,"1.211058822E12":296,"1.211053538E12":283,"1.211051031E12":260,"1.211050387E12":252,"1.211084643E12":355,"1.211083737E12":351,"1.211056212E12":289,"1.211035001E12":62,"1.211039445E12":135,"1.211053121E12":279,"1.211048515E12":239,"1.211041422E12":158,"1.2110492E12":246,"1.211039211E12":133,"1.211042498E12":178,"1.211038493E12":121,"1.211062658E12":300,"1.21103917E12":132,"1.21103537E12":68,"1.211064892E12":312,"1.211035871E12":78,"1.211094623E12":365,"1.211063084E12":303,"1.211043969E12":198,"1.211046891E12":226,"1.211098357E12":369,"1.211046214E12":218,"1.211093208E12":363,"1.211035966E12":85,"1.211042167E12":172,"1.21106799E12":321,"1.211039365E12":134,"1.211046319E12":220,"1.211040024E12":141,"1.211070074E12":326,"1.211063254E12":306,"1.211047886E12":238,"1.211042501E12":179,"1.211032388E12":38,"1.211037207E12":107,"1.211089435E12":360,"1.211053009E12":277,"1.211076858E12":333,"1.211042519E12":180,"1.211057115E12":292,"1.211049754E12":250,"1.211035554E12":74,"1.211031977E12":32,"1.211092753E12":361,"1.211019535E12":2,"1.211096327E12":368,"1.211047197E12":230,"1.211141775E12":380,"1.211037806E12":117,"1.211040123E12":145,"1.21103884E12":130,"1.211047827E12":237,"1.211035329E12":66,"1.211035327E12":65,"1.211095869E12":367,"1.211030732E12":14,"1.211042701E12":187,"1.211062339E12":299,"1.21103912E12":131,"1.21104318E12":193,"1.211170886E12":383,"1.211095119E12":366,"1.211058185E12":293,"1.211031582E12":27,"1.211042934E12":189,"1.211083455E12":350,"1.211067931E12":320,"1.211067887E12":319,"1.211045414E12":211,"1.211032963E12":43,"1.211042602E12":185,"1.211098386E12":370,"1.211070655E12":328,"1.211106268E12":373,"1.211037704E12":115,"1.211260596E12":389,"1.211036471E12":94,"1.211046143E12":217,"1.211040569E12":151,"1.211085899E12":358,"1.211058781E12":295,"1.211035473E12":71,"1.211033921E12":50,"1.211063618E12":307,"1.211045787E12":214,"1.211040422E12":150,"1.211036511E12":95,"1.211065093E12":313,"1.211030875E12":16,"1.211041724E12":162,"1.211048751E12":243,"1.211056955E12":291,"1.211045109E12":203,"1.211043992E12":200,"1.211050444E12":254,"1.21108336E12":349,"1.211037307E12":110,"1.211045188E12":204,"1.211037215E12":108,"1.211050564E12":256,"1.211047443E12":236,"1.211080027E12":340,"1.211034684E12":57,"1.211037292E12":109,"1.211032309E12":37,"1.211037145E12":104,"1.211041472E12":159,"1.211038452E12":119,"1.211043093E12":191,"1.211026196E12":4,"1.21104268E12":186,"1.211031618E12":29,"1.211053071E12":278,"1.211036586E12":98,"1.211167806E12":382,"1.211041937E12":166,"1.211053525E12":282,"1.211045397E12":210,"1.211051046E12":261,"1.211047274E12":232,"1.211045358E12":208,"1.211036566E12":96,"1.211030915E12":17,"1.211040117E12":143,"1.211065621E12":315,"1.21104012E12":144,"1.211126414E12":378,"1.211107856E12":374,"1.211032E12":33,"1.211048836E12":244,"1.211042249E12":174,"1.211044089E12":201,"1.211050978E12":258,"1.211049628E12":249,"1.211035899E12":81,"1.211084897E12":356,"1.211068498E12":324,"1.211055718E12":286,"1.211035992E12":86,"1.211033391E12":47},"NUMBER_OF_PEOPLE":400,"minTimeSeen":1.211018404E12,