{"propagationData":{"1.211063045E12":201,"1.211042724E12":23,"1.211060779E12":184,"1.211099384E12":289,"1.211067618E12":223,"1.21105379E12":130,"1.211081516E12":274,"1.211044642E12":35,"1.211053646E12":127,"1.211071012E12":235,"1.211061637E12":195,"1.211221093E12":302,"1.211072813E12":238,"1.211069655E12":229,"1.211072477E12":236,"1.211068644E12":226,"1.211050259E12":85,"1.211075166E12":243,"1.211048648E12":70,"1.211052157E12":108,"1.2112211E12":303,"1.21121968E12":296,"1.211069262E12":227,"1.211067487E12":220,"1.211047873E12":56,"1.211042295E12":19,"1.21126279E12":308,"1.211051182E12":100,"1.211076426E12":252,"1.211047872E12":55,"1.211062992E12":199,"1.211047962E12":60,"1.211048661E12":72,"1.211260165E12":304,"1.211050949E12":93,"1.211065238E12":215,"1.211057536E12":164,"1.21105112E12":99,"1.211047905E12":58,"1.211099351E12":288,"1.211058784E12":172,"1.211050297E12":86,"1.211050503E12":90,"1.211048826E12":74,"1.211060955E12":193,"1.211080941E12":272,"1.211040275E12":11,"1.211057995E12":169,"1.211042644E12":22,"1.211046666E12":48,"1.211053984E12":131,"1.211054883E12":142,"1.211049276E12":77,"1.211043139E12":28,"1.211051414E12":101,"1.211064378E12":210,"1.211067527E12":222,"1.2110555E12":146,"1.21107091E12":231,"1.211075889E12":246,"1.211220537E12":298,"1.211047925E12":59,"1.211056539E12":155,"1.211072774E12":237,"1.211048224E12":62,"1.211054806E12":141,"1.211051057E12":96,"1.211042286E12":18,"1.211052115E12":107,"1.211053706E12":128,"1.211060952E12":192,"1.211047437E12":51,"1.211040272E12":10,"1.21105901E12":173,"1.211077441E12":258,"1.211063631E12":204,"1.211048256E12":63,"1.211047214E12":50,"1.21107594E12":247,"1.211103258E12":294,"1.211262335E12":305,"1.211048032E12":61,"1.211082168E12":283,"1.211076461E12":253,"1.211099398E12":290,"1.211053248E12":121,"1.211060726E12":183,"1.211056879E12":159,"1.211067509E12":221,"1.211053555E12":125,"1.211051044E12":95,"1.211048428E12":66,"1.211054774E12":139,"1.211063929E12":206,"1.211052915E12":116,"1.211220562E12":300,"1.211054779E12":140,"1.211058032E12":170,"1.21105562E12":149,"1.211056751E12":157,"1.211060917E12":188,"1.21103953E12":5,"1.211055144E12":144,"1.211052433E12":110,"1.211045534E12":41,"1.211050383E12":87,"1.21106164E12":196,"1.211075147E12":242,"1.211057463E12":162,"1.211048422E12":65,"1.211044067E12":32,"1.21107762E12":261,"1.211081878E12":279,"1.211075866E12":245,"1.211078151E12":265,"1.21102588E12":3,"1.211054295E12":137,"1.211042972E12":26,"1.211063636E12":205,"1.211063478E12":202,"1.211018404E12":1,"1.211061041E12":194,"1.211050172E12":83,"1.211078139E12":264,"1.211048301E12":64,"1.21105554E12":147,"1.211039944E12":8,"1.211065259E12":216,"1.21106093E12":189,"1.21107101E12":234,"1.2110686E12":225,"1.211078393E12":268,"1.211050993E12":94,"1.211042356E12":21,"1.211045418E12":40,"1.211052089E12":106,"1.211067818E12":224,"1.211056568E12":156,"1.211059019E12":174,"1.211053497E12":123,"1.211059039E12":175,"1.21105261E12":112,"1.211054291E12":136,"1.211047725E12":54,"1.211076035E12":251,"1.211050427E12":88,"1.211077638E12":262,"1.211052436E12":111,"1.211077346E12":257,"1.21104598E12":45,"1.211056861E12":158,"1.211070946E12":232,"1.211046365E12":46,"1.211056442E12":154,"1.21108194E12":280,"1.211080971E12":273,"1.211063962E12":207,"1.211039595E12":6,"1.211051718E12":103,"1.211080758E12":271,"1.211077642E12":263,"1.211059074E12":177,"1.211059661E12":182,"1.211059602E12":181,"1.211040433E12":12,"1.211055665E12":150,"1.211050593E12":91,"1.211060875E12":187,"1.21105642E12":153,"1.211041411E12":15,"1.211044709E12":36,"1.21109935E12":287,"1.21104852E12":68,"1.211046758E12":49,"1.211042278E12":17,"1.211053749E12":129,"1.211050675E12":92,"1.211045075E12":37,"1.211024364E12":2,"1.211059058E12":176,"1.21103951E12":4,"1.211081875E12":278,"1.211045544E12":42,"1.211056907E12":160,"1.21104047E12":13,"1.211045914E12":44,"1.211063005E12":200,"1.211057608E12":165,"1.211081852E12":277,"1.211060943E12":190,"1.211099427E12":292,"1.211045317E12":39,"1.211062703E12":198,"1.211041945E12":16,"1.211059126E12":178,"1.211039684E12":7,"1.211057631E12":166,"1.211066706E12":218,"1.211217808E12":295,"1.211052791E12":113,"1.211052882E12":115,"1.211064384E12":212,"1.211219765E12":297,"1.211053597E12":126,"1.211055481E12":145,"1.211048657E12":71,"1.211039953E12":9,"1.211046572E12":47,"1.211054E12":132,"1.211099402E12":291,"1.211073922E12":239,"1.211064237E12":209,"1.211043645E12":31,"1.211060863E12":186,"1.211075008E12":240,"1.211050435E12":89,"1.211051116E12":98,"1.211076493E12":254,"1.211077529E12":259,"1.211048709E12":73,"1.211059504E12":180,"1.211070974E12":233,"1.211051641E12":102,"1.211069629E12":228,"1.21105297E12":118,"1.211051101E12":97,"1.211047889E12":57,"1.211051966E12":105,"1.211097966E12":285,"1.211054268E12":135,"1.211103055E12":293,"1.211081826E12":276,"1.211043391E12":30,"1.211052802E12":114,"1.211051755E12":104,"1.211064029E12":208,"1.21104431E12":34,"1.211049473E12":79,"1.211055004E12":143,"1.211045315E12":38,"1.211048846E12":75,"1.211077568E12":260,"1.211081993E12":281,"1.211053498E12":124,"1.211055828E12":151,"1.211066278E12":217,"1.211040683E12":14,"1.211048506E12":67,"1.211057533E12":163,"1.211055562E12":148,"1.211262779E12":307,"1.211080176E12":269,"1.211075735E12":244,"1.211042931E12":25,"1.211097976E12":286,"1.211060854E12":185,"1.211064403E12":213,"1.211047714E12":53,"1.211077337E12":256,"1.211063588E12":203,"1.211076027E12":250,"1.211060951E12":191,"1.211047646E12":52,"1.211045602E12":43,"1.211052235E12":109,"1.21107601E12":249,"1.211097963E12":284,"1.211052961E12":117,"1.211056918E12":161,"1.211059213E12":179,"1.211042309E12":20,"1.211053362E12":122,"1.211048937E12":76,"1.211054721E12":138,"1.211050095E12":81,"1.211057907E12":167,"1.21104864E12":69,"1.211220554E12":299,"1.211044256E12":33,"1.211053227E12":120,"1.211043185E12":29,"1.211054033E12":133,"1.211262336E12":306,"1.211077306E12":255,"1.21105796E12":168,"1.211070544E12":230,"1.211056176E12":152,"1.211075014E12":241,"1.211054198E12":134,"1.211080209E12":270,"1.211050217E12":84,"1.211064409E12":214,"1.211067121E12":219,"1.211078291E12":267,"1.211049563E12":80,"1.211049327E12":78,"1.211058454E12":171,"1.211042917E12":24,"1.211064382E12":211,"1.211078168E12":266,"1.211075942E12":248,"1.211220597E12":301,"1.211081995E12":282,"1.211043095E12":27,"1.211053043E12":119,"1.211061778E12":197},"NUMBER_OF_PEOPLE":400,"minTimeSeen":1.211018404E12,"maxTimeSeen":1.211558405E12,"NEIGHBORHOOD_RADIUS":20.0,"ENCOUNTER_CHANCE":0.05,"priority":1.0,"duration":540001.0,"minutesDuration":9000.016666666666,"hoursDuration":150.00027777777777,"daysDuration":6.250011574074073}
