{"propagationData":{"1.211033379E12":92,"1.211031415E12":65,"1.21103066E12":57,"1.211030564E12":56,"1.211037446E12":137,"1.211043394E12":198,"1.21104629E12":238,"1.211129586E12":313,"1.21102858E12":52,"1.211038499E12":148,"1.211045498E12":221,"1.211042585E12":189,"1.211121358E12":304,"1.211035796E12":114,"1.211045392E12":217,"1.2110329E12":85,"1.211032114E12":77,"1.211060477E12":268,"1.211032029E12":74,"1.211050049E12":258,"1.211035002E12":105,"1.211039209E12":159,"1.211021345E12":32,"1.211041593E12":180,"1.21102116E12":30,"1.211031837E12":69,"1.211063808E12":280,"1.211018468E12":4,"1.211018689E12":13,"1.211141772E12":325,"1.211039646E12":164,"1.211032055E12":75,"1.211022086E12":34,"1.211065141E12":283,"1.211046845E12":240,"1.211045476E12":220,"1.211048735E12":249,"1.211044873E12":215,"1.2110433E12":196,"1.211040275E12":168,"1.211090837E12":297,"1.211036526E12":128,"1.211045665E12":222,"1.211038142E12":146,"1.211043272E12":193,"1.211036501E12":127,"1.211036034E12":120,"1.211048313E12":247,"1.211026854E12":47,"1.211044202E12":210,"1.211032498E12":81,"1.211022089E12":35,"1.211129621E12":314,"1.211141328E12":321,"1.211034462E12":104,"1.211028548E12":51,"1.21103808E12":145,"1.211034222E12":98,"1.211047531E12":244,"1.211033182E12":89,"1.211035861E12":116,"1.211030357E12":55,"1.211036927E12":133,"1.211062877E12":275,"1.211036172E12":124,"1.211043452E12":200,"1.211043717E12":205,"1.211036082E12":121,"1.211133982E12":318,"1.211038516E12":150,"1.211043269E12":192,"1.211035604E12":112,"1.211043278E12":194,"1.211044247E12":211,"1.211043549E12":203,"1.211044808E12":213,"1.211047136E12":242,"1.21103737E12":136,"1.211034364E12":99,"1.211045695E12":223,"1.211047702E12":246,"1.211018831E12":19,"1.211023876E12":40,"1.211039054E12":157,"1.211128136E12":310,"1.211037685E12":142,"1.211073401E12":291,"1.211038529E12":151,"1.211039617E12":161,"1.211033829E12":96,"1.211045994E12":235,"1.211074185E12":293,"1.211040855E12":177,"1.211031597E12":66,"1.211045974E12":231,"1.211063668E12":278,"1.211018707E12":17,"1.211124791E12":306,"1.211044175E12":209,"1.211124767E12":305,"1.211031984E12":73,"1.211140434E12":320,"1.211043827E12":206,"1.211031411E12":64,"1.211129648E12":315,"1.211045764E12":225,"1.211050565E12":262,"1.211074203E12":294,"1.211036089E12":122,"1.211065095E12":282,"1.21103442E12":102,"1.211018484E12":8,"1.211036216E12":125,"1.211022746E12":39,"1.211040712E12":170,"1.211032371E12":80,"1.211037768E12":143,"1.211073457E12":292,"1.211093104E12":303,"1.211047202E12":243,"1.211034441E12":103,"1.211043348E12":197,"1.211018404E12":2,"1.211038548E12":153,"1.21103963E12":163,"1.211141894E12":327,"1.211019291E12":28,"1.211018948E12":23,"1.211035976E12":119,"1.21103556E12":110,"1.211049849E12":254,"1.211043847E12":207,"1.21101891E12":21,"1.211036667E12":130,"1.211040208E12":166,"1.211033573E12":94,"1.211046833E12":239,"1.211032956E12":87,"1.211066078E12":287,"1.211032985E12":88,"1.211048727E12":248,"1.211040384E12":169,"1.211025778E12":44,"1.211067194E12":290,"1.211018481E12":7,"1.211128139E12":311,"1.211043521E12":202,"1.211040827E12":175,"1.211045891E12":229,"1.211033198E12":90,"1.211035586E12":111,"1.211042478E12":183,"1.211133463E12":317,"1.21109129E12":299,"1.211018701E12":16,"1.211042481E12":184,"1.211045983E12":232,"1.211050973E12":264,"1.211046189E12":237,"1.211038687E12":154,"1.211036923E12":132,"1.211035484E12":109,"1.211042491E12":185,"1.211038502E12":149,"1.211038339E12":147,"1.21106375E12":279,"1.2110357E12":113,"1.211026874E12":48,"1.211042556E12":188,"1.211039612E12":160,"1.211018592E12":9,"1.211018678E12":11,"1.211018408E12":3,"1.21104085E12":176,"1.211039124E12":158,"1.211036941E12":134,"1.211033373E12":91,"1.211066421E12":288,"1.211062593E12":272,"1.211092506E12":301,"1.211061533E12":269,"1.21106044E12":266,"1.211045884E12":228,"1.211031838E12":70,"1.211030669E12":58,"1.21104545E12":219,"1.211021921E12":33,"1.211018476E12":6,"1.211060474E12":267,"1.211125032E12":309,"1.211037368E12":135,"1.211042086E12":181,"1.211044322E12":212,"1.211032908E12":86,"1.211030776E12":59,"1.211018968E12":24,"1.211037665E12":140,"1.211063628E12":277,"1.211018681E12":12,"1.21104494E12":216,"1.211141763E12":324,"1.211128273E12":312,"1.211124893E12":307,"1.211045802E12":226,"1.211043298E12":195,"1.211045914E12":230,"1.211037596E12":138,"1.211065968E12":284,"1.211045833E12":227,"1.211043474E12":201,"1.211042124E12":182,"1.2110314E12":62,"1.211029178E12":54,"1.211018906E12":20,"1.21104075E12":173,"1.211063414E12":276,"1.211037822E12":144,"1.211141778E12":326,"1.21106509E12":281,"1.21103692E12":131,"1.211092524E12":302,"1.211035467E12":108,"1.21103658E12":129,"1.211032547E12":82,"1.211041419E12":178,"1.211051025E12":265,"1.211045394E12":218,"1.211038537E12":152,"1.211026881E12":49,"1.211050945E12":263,"1.211024073E12":42,"1.211049469E12":253,"1.211047688E12":245,"1.211049894E12":256,"1.211033732E12":95,"1.211040218E12":167,"1.211040747E12":172,"1.211018974E12":25,"1.211022673E12":37,"1.211061568E12":270,"1.211048769E12":251,"1.211035843E12":115,"1.211037673E12":141,"1.211024994E12":43,"1.211066056E12":286,"1.211038958E12":156,"1.211018472E12":5,"1.211034409E12":101,"1.211034186E12":97,"1.211042618E12":191,"1.211032119E12":78,"1.2110502E12":260,"1.21102265E12":36,"1.211022731E12":38,"1.211090677E12":296,"1.211050229E12":261,"1.211027291E12":50,"1.211044821E12":214,"1.211032122E12":79,"1.211066033E12":285,"1.211031255E12":61,"1.211021184E12":31,"1.211062663E12":273,"1.211019244E12":27,"1.211045984E12":233,"1.211141397E12":322,"1.211042494E12":186,"1.21104985E12":255,"1.211040775E12":174,"1.211124902E12":308,"1.211033398E12":93,"1.211019426E12":29,"1.211032576E12":83,"1.211047135E12":241,"1.211036143E12":123,"1.211026264E12":46,"1.21103627E12":126,"1.211049424E12":252,"1.211031729E12":68,"1.211018668E12":10,"1.21114161E12":323,"1.21109084E12":298,"1.21104599E12":234,"1.211043634E12":204,"1.211045754E12":224,"1.211046017E12":236,"1.211042611E12":190,"1.211026073E12":45,"1.211032881E12":84,"1.211018693E12":14,"1.211035863E12":118,"1.211049927E12":257,"1.211048765E12":250,"1.211018738E12":18,"1.211133446E12":316,"1.211042512E12":187,"1.211066435E12":289,"1.211019029E12":26,"1.211023934E12":41,"1.211089194E12":295,"1.211050147E12":259,"1.211040732E12":171,"1.211031215E12":60,"1.21103512E12":106,"1.211028815E12":53,"1.211134073E12":319,"1.211018696E12":15,"1.211062767E12":274,"1.211031703E12":67,"1.211018921E12":22,"1.211035374E12":107,"1.21104012E12":165,"1.211091555E12":300,"1.211061739E12":271,"1.211043448E12":199,"1.211034369E12":100,"1.211041514E12":179,"1.211038729E12":155,"1.211037637E12":139,"1.211044044E12":208,"1.21103206E12":76},"NUMBER_OF_PEOPLE":400,"minTimeSeen":1.211018404E12,"maxTimeSeen":1.211558405E12,"NEIGHBORHOOD_RADIUS":20.0,"ENCOUNTER_CHANCE":0.05,"priority":1.0,"duration":540001.0,"minutesDuration":9000.016666666666,"hoursDuration":150.00027777777777,"daysDuration":6.250011574074073}
