{"propagationData":{"1.21103066E12":122,"1.211040529E12":197,"1.211080225E12":295,"1.211036735E12":165,"1.211037984E12":176,"1.21103693E12":170,"1.21104847E12":268,"1.211028391E12":97,"1.21102881E12":103,"1.211018756E12":35,"1.211018514E12":28,"1.211099835E12":308,"1.211092463E12":304,"1.211030174E12":113,"1.211018734E12":32,"1.211039062E12":189,"1.211040762E12":202,"1.211024663E12":66,"1.211042078E12":212,"1.211091594E12":298,"1.2110769E12":294,"1.211046398E12":248,"1.211044111E12":234,"1.211044129E12":236,"1.211028433E12":98,"1.211039652E12":193,"1.211021134E12":52,"1.211018416E12":16,"1.211038956E12":183,"1.21109248E12":305,"1.21101921E12":40,"1.211036887E12":166,"1.211026495E12":89,"1.211032957E12":141,"1.211039664E12":194,"1.211025763E12":79,"1.211030409E12":118,"1.211046349E12":247,"1.211041188E12":209,"1.211024293E12":61,"1.211018715E12":31,"1.211043772E12":230,"1.211019257E12":41,"1.211034253E12":150,"1.211051085E12":283,"1.211043776E12":231,"1.211025013E12":69,"1.211039417E12":191,"1.21104197E12":210,"1.211019691E12":44,"1.211034763E12":152,"1.211025899E12":80,"1.211020883E12":49,"1.211030421E12":120,"1.211027582E12":94,"1.211018697E12":30,"1.211030425E12":121,"1.211018412E12":13,"1.211029401E12":110,"1.21104686E12":253,"1.211034775E12":153,"1.211065224E12":287,"1.211033909E12":148,"1.211041013E12":208,"1.211042416E12":221,"1.211025422E12":75,"1.211038987E12":184,"1.211040527E12":196,"1.211023246E12":56,"1.211028897E12":105,"1.211043204E12":226,"1.211048478E12":269,"1.211024352E12":62,"1.211021046E12":50,"1.211040804E12":203,"1.211046556E12":249,"1.211092373E12":303,"1.211018454E12":19,"1.211047993E12":262,"1.211037461E12":175,"1.211070892E12":292,"1.211046342E12":246,"1.211076581E12":293,"1.211024584E12":64,"1.211042511E12":222,"1.2112072E12":316,"1.211036948E12":171,"1.211036263E12":160,"1.211018459E12":20,"1.211032947E12":140,"1.211018406E12":8,"1.211019715E12":45,"1.2110996E12":307,"1.21103639E12":161,"1.211043816E12":232,"1.211018685E12":29,"1.211040946E12":206,"1.211046791E12":251,"1.211033204E12":143,"1.211100381E12":311,"1.21102495E12":68,"1.211050443E12":281,"1.211031581E12":131,"1.211024919E12":67,"1.211044389E12":241,"1.211040846E12":205,"1.211028258E12":95,"1.211024267E12":60,"1.211044308E12":238,"1.211051081E12":282,"1.211047001E12":258,"1.211025429E12":76,"1.211018509E12":26,"1.211030165E12":112,"1.211048308E12":265,"1.211042391E12":218,"1.211044356E12":240,"1.211042079E12":213,"1.211024571E12":63,"1.211019514E12":42,"1.211206939E12":314,"1.211024186E12":59,"1.21104098E12":207,"1.21102113E12":51,"1.211042104E12":215,"1.211028808E12":102,"1.211031102E12":128,"1.211048295E12":264,"1.211030997E12":126,"1.211018404E12":6,"1.211043084E12":224,"1.211038918E12":180,"1.211023903E12":58,"1.211031288E12":129,"1.211043355E12":228,"1.211025406E12":73,"1.211030923E12":124,"1.211070578E12":290,"1.211070524E12":289,"1.211092334E12":302,"1.211046881E12":255,"1.211034762E12":151,"1.211018739E12":33,"1.211028515E12":99,"1.211038328E12":177,"1.211043178E12":225,"1.21101915E12":39,"1.211045614E12":243,"1.211027571E12":93,"1.211040754E12":201,"1.211028664E12":100,"1.211033784E12":145,"1.211048749E12":271,"1.21102663E12":91,"1.211032157E12":136,"1.211036675E12":164,"1.2110332E12":142,"1.211051121E12":285,"1.211050221E12":279,"1.211040704E12":198,"1.211036893E12":167,"1.211039028E12":187,"1.21104682E12":252,"1.211044087E12":233,"1.211047484E12":259,"1.211025183E12":70,"1.211042394E12":219,"1.211023899E12":57,"1.211037179E12":173,"1.211039852E12":195,"1.211038505E12":178,"1.211047738E12":261,"1.211039433E12":192,"1.211044334E12":239,"1.211039087E12":190,"1.211033728E12":144,"1.21108068E12":296,"1.211101552E12":312,"1.211045629E12":245,"1.211040722E12":199,"1.211046926E12":256,"1.211029573E12":111,"1.211044112E12":235,"1.211031577E12":130,"1.211033879E12":147,"1.211019045E12":37,"1.211021177E12":53,"1.211047715E12":260,"1.211035214E12":154,"1.211038992E12":185,"1.211028957E12":107,"1.211025198E12":71,"1.211020161E12":47,"1.211037186E12":174,"1.211042095E12":214,"1.211028372E12":96,"1.211030947E12":125,"1.211042376E12":216,"1.2110302E12":115,"1.211022097E12":55,"1.211025464E12":77,"1.211018469E12":21,"1.211018772E12":36,"1.211030197E12":114,"1.211039059E12":188,"1.211092323E12":301,"1.211092166E12":299,"1.21102601E12":82,"1.21110023E12":309,"1.211025467E12":78,"1.211035692E12":157,"1.211029363E12":109,"1.211030661E12":123,"1.211050078E12":277,"1.211070887E12":291,"1.211044494E12":242,"1.211026583E12":90,"1.211032083E12":134,"1.211038954E12":182,"1.211044152E12":237,"1.211018415E12":15,"1.211065262E12":288,"1.211025201E12":72,"1.211040743E12":200,"1.211028835E12":104,"1.211024586E12":65,"1.211042069E12":211,"1.211018513E12":27,"1.211046974E12":257,"1.211032251E12":137,"1.211038939E12":181,"1.211025948E12":81,"1.21120688E12":313,"1.211026297E12":85,"1.211032624E12":138,"1.211038995E12":186,"1.211035346E12":155,"1.211048403E12":266,"1.211043397E12":229,"1.211027524E12":92,"1.211018753E12":34,"1.211036908E12":168,"1.211100315E12":310,"1.211032937E12":139,"1.211026063E12":83,"1.211048458E12":267,"1.211032154E12":135,"1.211036394E12":162,"1.211018485E12":24,"1.211048062E12":263,"1.211080704E12":297,"1.211036182E12":159,"1.211098638E12":306,"1.211042388E12":217,"1.211046731E12":250,"1.211048622E12":270,"1.211026424E12":88,"1.211206947E12":315,"1.211050397E12":280,"1.21101842E12":17,"1.211018413E12":14,"1.211051087E12":284,"1.211048816E12":272,"1.211050054E12":276,"1.211030381E12":117,"1.211032045E12":133,"1.211018495E12":25,"1.211020731E12":48,"1.211033787E12":146,"1.211064326E12":286,"1.211028972E12":108,"1.211021931E12":54,"1.21103715E12":172,"1.211042403E12":220,"1.211050104E12":278,"1.211046873E12":254,"1.211040838E12":204,"1.211030418E12":119,"1.211050039E12":275,"1.211035628E12":156,"1.211019716E12":46,"1.21101841E12":10,"1.211043229E12":227,"1.211042988E12":223,"1.211025408E12":74,"1.211050027E12":274,"1.211031097E12":127,"1.211207256E12":317,"1.211026423E12":87,"1.211018407E12":9,"1.211019567E12":43,"1.21103648E12":163,"1.211092286E12":300,"1.211018478E12":22,"1.211028672E12":101,"1.211026397E12":86,"1.211030367E12":116,"1.211036916E12":169,"1.211026064E12":84,"1.211049334E12":273,"1.211045617E12":244,"1.211038732E12":179,"1.211034219E12":149},"NUMBER_OF_PEOPLE":400,"minTimeSeen":1.211018404E12,"maxTimeSeen":1.211558405E12,"NEIGHBORHOOD_RADIUS":20.0,"ENCOUNTER_CHANCE":0.05,"priority":1.0,"duration":540001.0,"minutesDuration":9000.016666666666,"hoursDuration":150.00027777777777,"daysDuration":6.250011574074073}
