{"propagationData":{"1.211040505E12":33,"1.211050376E12":172,"1.211040307E12":28,"1.211047982E12":138,"1.21105914E12":267,"1.211060343E12":268,"1.211282984E12":388,"1.211050482E12":174,"1.211051456E12":191,"1.21106157E12":276,"1.211065789E12":307,"1.211033768E12":4,"1.211051008E12":185,"1.211051055E12":187,"1.211045933E12":107,"1.211039683E12":16,"1.21104518E12":96,"1.211023088E12":3,"1.211044312E12":79,"1.211044011E12":75,"1.211080662E12":345,"1.211052693E12":205,"1.211050563E12":177,"1.211055833E12":233,"1.211055974E12":235,"1.211067125E12":314,"1.211052718E12":207,"1.211142677E12":382,"1.211044967E12":93,"1.211048167E12":142,"1.211051474E12":193,"1.211120359E12":373,"1.211078299E12":341,"1.211047478E12":127,"1.211040514E12":34,"1.211056573E12":238,"1.211045924E12":106,"1.211058444E12":263,"1.211070069E12":318,"1.211042401E12":57,"1.211076021E12":335,"1.211067405E12":315,"1.211057417E12":254,"1.211044916E12":92,"1.21104755E12":128,"1.211051033E12":186,"1.211063849E12":297,"1.211056846E12":242,"1.211052936E12":211,"1.2110444E12":80,"1.211046571E12":119,"1.211048653E12":150,"1.21104911E12":155,"1.211137642E12":378,"1.211073174E12":330,"1.211063787E12":294,"1.211048091E12":140,"1.211088981E12":358,"1.21104982E12":164,"1.211057853E12":260,"1.211047905E12":137,"1.211057949E12":261,"1.211041117E12":41,"1.211055815E12":232,"1.211071857E12":322,"1.211044627E12":84,"1.211040211E12":26,"1.211076905E12":336,"1.211137346E12":377,"1.211073595E12":333,"1.211049631E12":160,"1.211044899E12":90,"1.211045841E12":105,"1.2110724E12":325,"1.211056202E12":236,"1.21105692E12":244,"1.211045295E12":97,"1.211039658E12":15,"1.211061808E12":278,"1.211057713E12":257,"1.211050982E12":184,"1.211084768E12":353,"1.211067605E12":316,"1.211034611E12":6,"1.211091688E12":361,"1.211053093E12":215,"1.211040737E12":39,"1.211044769E12":89,"1.211040467E12":31,"1.211050362E12":171,"1.211062884E12":286,"1.211022901E12":2,"1.211053449E12":218,"1.211044755E12":88,"1.211043709E12":69,"1.211072774E12":328,"1.211045712E12":102,"1.211045174E12":95,"1.211047721E12":132,"1.211052297E12":203,"1.211041829E12":48,"1.211045118E12":94,"1.211046206E12":113,"1.211047843E12":134,"1.211065221E12":305,"1.211047866E12":135,"1.211060444E12":270,"1.211166613E12":383,"1.21105487E12":226,"1.211039165E12":12,"1.211053027E12":213,"1.211051106E12":189,"1.211052198E12":201,"1.211042839E12":60,"1.21104068E12":35,"1.211050716E12":182,"1.211057852E12":259,"1.211053339E12":217,"1.211052699E12":206,"1.211042044E12":50,"1.211039719E12":17,"1.211049763E12":161,"1.211251932E12":387,"1.211053512E12":219,"1.211129483E12":374,"1.211062913E12":287,"1.211061186E12":274,"1.21104594E12":108,"1.211050316E12":169,"1.211039637E12":13,"1.211051531E12":194,"1.211047617E12":130,"1.211077104E12":338,"1.211038717E12":10,"1.211055918E12":234,"1.211085025E12":354,"1.211043133E12":66,"1.211042463E12":59,"1.211047073E12":123,"1.211053054E12":214,"1.211059119E12":265,"1.211072192E12":324,"1.211056751E12":240,"1.211044734E12":86,"1.211232797E12":386,"1.211058069E12":262,"1.211077305E12":339,"1.211043782E12":70,"1.211040825E12":40,"1.211070554E12":319,"1.211039912E12":22,"1.211048646E12":149,"1.211042209E12":53,"1.211050306E12":167,"1.211040054E12":23,"1.21106583E12":309,"1.21104411E12":76,"1.211051823E12":197,"1.211079973E12":344,"1.211046278E12":115,"1.211050612E12":179,"1.211081766E12":348,"1.211056583E12":239,"1.211033774E12":5,"1.211042147E12":51,"1.211063087E12":290,"1.211052044E12":199,"1.211064862E12":301,"1.211045733E12":104,"1.211050866E12":183,"1.211041569E12":45,"1.211058766E12":264,"1.211045472E12":99,"1.21105913E12":266,"1.211043485E12":68,"1.211018404E12":1,"1.211057186E12":248,"1.21106269E12":285,"1.211093348E12":366,"1.211416163E12":389,"1.211095624E12":367,"1.211051663E12":195,"1.211076917E12":337,"1.211049423E12":157,"1.21107276E12":327,"1.211042871E12":61,"1.211042897E12":62,"1.211077895E12":340,"1.21104215E12":52,"1.211078844E12":342,"1.211040213E12":27,"1.211048593E12":146,"1.211041426E12":44,"1.211066674E12":312,"1.211066443E12":310,"1.211087384E12":355,"1.211141774E12":381,"1.21104644E12":118,"1.21107982E12":343,"1.211037271E12":9,"1.211043998E12":73,"1.211039729E12":19,"1.211049029E12":154,"1.211089005E12":359,"1.211046189E12":111,"1.211040101E12":25,"1.211048616E12":148,"1.211082903E12":351,"1.21105186E12":198,"1.211139408E12":380,"1.211055501E12":230,"1.211039727E12":18,"1.211048201E12":143,"1.211057636E12":256,"1.21104658E12":120,"1.211040439E12":29,"1.211063813E12":296,"1.211042034E12":49,"1.211045715E12":103,"1.211060875E12":272,"1.211044598E12":83,"1.211053007E12":212,"1.211040725E12":38,"1.211044148E12":77,"1.211046097E12":110,"1.211055264E12":228,"1.211048223E12":144,"1.211175478E12":384,"1.211047732E12":133,"1.211073659E12":334,"1.211050675E12":180,"1.211064798E12":300,"1.211062008E12":279,"1.211063259E12":292,"1.211062948E12":288,"1.211039881E12":21,"1.211048161E12":141,"1.211083146E12":352,"1.211056907E12":243,"1.211050421E12":173,"1.211064172E12":298,"1.211119108E12":372,"1.21104956E12":158,"1.21113926E12":379,"1.211072749E12":326,"1.211081079E12":347,"1.211066728E12":313,"1.211061219E12":275,"1.211040073E12":24,"1.211092858E12":365,"1.211057284E12":252,"1.211044455E12":81,"1.211047165E12":124,"1.211065152E12":304,"1.211066457E12":311,"1.21103986E12":20,"1.211047581E12":129,"1.211062242E12":281,"1.211047068E12":122,"1.211053532E12":220,"1.211045506E12":101,"1.211054946E12":227,"1.211046303E12":116,"1.211061613E12":277,"1.211064546E12":299,"1.211044735E12":87,"1.211039647E12":14,"1.211041691E12":47,"1.211045462E12":98,"1.21106334E12":293,"1.211062628E12":283,"1.211055795E12":231,"1.21105706E12":245,"1.211043969E12":72,"1.211052315E12":204,"1.21106091E12":273,"1.211060399E12":269,"1.211107752E12":368,"1.211092005E12":362,"1.211041226E12":43,"1.21104549E12":100,"1.211051116E12":190,"1.211049775E12":162,"1.211049114E12":156,"1.21104607E12":109,"1.21105678E12":241,"1.211052238E12":202,"1.21105056E12":176,"1.211067829E12":317,"1.211057844E12":258,"1.21105713E12":247,"1.211044906E12":91,"1.211042306E12":55,"1.211180029E12":385,"1.211043083E12":64,"1.211047242E12":125,"1.211047895E12":136,"1.211049785E12":163,"1.211040502E12":32,"1.211116548E12":370,"1.211054689E12":223,"1.211051755E12":196,"1.211048892E12":152,"1.2110718E12":321,"1.211036474E12":7,"1.2110464E12":117,"1.211048927E12":153,"1.211073238E12":331,"1.211048663E12":151,"1.211060575E12":271,"1.211042412E12":58,"1.211050508E12":175,"1.211042253E12":54,"1.211092527E12":364,"1.211050229E12":165,"1.211133968E12":375,"1.211040444E12":30,"1.21105386E12":221,"1.211087988E12":357,"1.211054379E12":222,"1.211052065E12":200,"1.211087767E12":356,"1.211048598E12":147,"1.211057106E12":246,"1.211050298E12":166,"1.211137056E12":376,"1.211062629E12":284,"1.211040681E12":36,"1.211048002E12":139,"1.211046245E12":114,"1.211052837E12":210,"1.211052765E12":209,"1.211062193E12":280,"1.211043109E12":65,"1.211043963E12":71,"1.211064876E12":302,"1.211072862E12":329,"1.211050697E12":181,"1.211073252E12":332,"1.211050574E12":178,"1.21105548E12":229,"1.211090186E12":360,"1.211041666E12":46,"1.211040688E12":37,"1.211048548E12":145,"1.211044581E12":82,"1.211044004E12":74,"1.211062959E12":289,"1.211057283E12":251,"1.211056565E12":237,"1.211053145E12":216,"1.211051464E12":192,"1.211051056E12":188,"1.211057612E12":255,"1.211046607E12":121,"1.211041127E12":42,"1.211057192E12":249,"1.211049591E12":159,"1.211092094E12":363,"1.211039092E12":11,"1.211036652E12":8,"1.211111397E12":369,"1.211046202E12":112,"1.211050348E12":170,"1.211047275E12":126,"1.211082742E12":349,"1.211071719E12":320,"1.211047717E12":131,"1.211063207E12":291,"1.211118112E12":371,"1.211081035E12":346,"1.211042968E12":63,"1.211054868E12":225,"1.211042334E12":56,"1.211064899E12":303,"1.211065822E12":308,"1.211065368E12":306,"1.211063792E12":295,"1.21105731E12":253,"1.211082839E12":350,"1.21107208E12":323,"1.211054851E12":224,"1.211044647E12":85,"1.211043333E12":67,"1.211044284E12":78},"NUMBER_OF_PEOPLE":400,