{"propagationData":{"1.211018536E12":14,"1.21103066E12":105,"1.211021106E12":59,"1.211034902E12":178,"1.211059128E12":329,"1.211031981E12":122,"1.211038487E12":224,"1.211029083E12":93,"1.211020646E12":53,"1.211032304E12":128,"1.211085572E12":368,"1.211064068E12":337,"1.211038082E12":220,"1.21103373E12":153,"1.211059893E12":332,"1.211047559E12":292,"1.211054782E12":322,"1.21103722E12":202,"1.211030159E12":98,"1.211026628E12":87,"1.211033768E12":157,"1.211036177E12":191,"1.211026882E12":89,"1.211025536E12":82,"1.211026619E12":86,"1.211040567E12":250,"1.211018884E12":36,"1.211018417E12":6,"1.21103506E12":183,"1.211038295E12":222,"1.211035014E12":181,"1.211045143E12":284,"1.211024136E12":72,"1.211459824E12":389,"1.211042242E12":261,"1.21103176E12":119,"1.211064596E12":339,"1.21102445E12":74,"1.211023153E12":66,"1.21103725E12":204,"1.21108723E12":370,"1.211039357E12":232,"1.211091604E12":372,"1.211030218E12":101,"1.211164196E12":386,"1.211018533E12":13,"1.211037858E12":215,"1.21109188E12":374,"1.211040661E12":251,"1.211034098E12":164,"1.211036466E12":194,"1.211083629E12":361,"1.211019691E12":49,"1.211085075E12":366,"1.211079887E12":351,"1.211047885E12":295,"1.211031748E12":118,"1.211036166E12":190,"1.211031583E12":114,"1.211066442E12":342,"1.211049889E12":306,"1.211020725E12":55,"1.211053382E12":319,"1.211018639E12":29,"1.211049783E12":305,"1.2110362E12":193,"1.211023168E12":67,"1.211038649E12":227,"1.211018572E12":23,"1.211032672E12":133,"1.211033738E12":154,"1.211030595E12":104,"1.211048523E12":297,"1.211040285E12":245,"1.211025413E12":79,"1.211034515E12":168,"1.211032725E12":136,"1.211052898E12":314,"1.211051564E12":309,"1.211038075E12":219,"1.211032233E12":127,"1.211048094E12":296,"1.211040019E12":242,"1.211026443E12":85,"1.21106395E12":336,"1.21104419E12":280,"1.211034704E12":174,"1.211042377E12":264,"1.211037361E12":207,"1.211018595E12":26,"1.211034658E12":172,"1.211047852E12":294,"1.211029064E12":92,"1.211038993E12":229,"1.211039871E12":239,"1.211042505E12":266,"1.211031396E12":111,"1.211047143E12":289,"1.211037573E12":211,"1.211018611E12":27,"1.211052393E12":311,"1.211091128E12":371,"1.211018553E12":22,"1.211033034E12":145,"1.211041471E12":257,"1.211019446E12":46,"1.211051021E12":308,"1.211039378E12":234,"1.211037828E12":213,"1.211018574E12":24,"1.21101868E12":33,"1.211066269E12":341,"1.211024069E12":71,"1.211078234E12":349,"1.211024659E12":75,"1.211018544E12":21,"1.211031581E12":113,"1.211048682E12":300,"1.211023697E12":70,"1.211033779E12":158,"1.211032685E12":134,"1.211029761E12":95,"1.211019309E12":42,"1.211032392E12":130,"1.211018518E12":10,"1.211036979E12":201,"1.211085288E12":367,"1.211032033E12":123,"1.211036195E12":192,"1.211033016E12":143,"1.211034547E12":170,"1.211037842E12":214,"1.21103381E12":160,"1.211032997E12":142,"1.211059563E12":330,"1.211042581E12":268,"1.211036476E12":196,"1.211020738E12":56,"1.211042079E12":259,"1.2110451E12":283,"1.211033365E12":148,"1.211141771E12":381,"1.211033749E12":155,"1.211124762E12":377,"1.211031325E12":109,"1.21115577E12":385,"1.211039443E12":237,"1.211018538E12":17,"1.211074366E12":346,"1.211018404E12":4,"1.211030819E12":107,"1.21104726E12":291,"1.211042268E12":262,"1.211039035E12":230,"1.211042528E12":267,"1.211083622E12":360,"1.211054879E12":323,"1.21101854E12":18,"1.211031594E12":115,"1.211018521E12":12,"1.211042897E12":270,"1.211056268E12":325,"1.211031721E12":116,"1.211081143E12":355,"1.21105319E12":318,"1.211034896E12":177,"1.2111369E12":380,"1.211025491E12":80,"1.211059838E12":331,"1.211084261E12":363,"1.211018672E12":32,"1.211035069E12":184,"1.211148053E12":383,"1.211067106E12":343,"1.211040707E12":253,"1.211046544E12":285,"1.211040426E12":247,"1.211019551E12":47,"1.211037595E12":212,"1.211047171E12":290,"1.211034151E12":166,"1.21103217E12":126,"1.211036801E12":198,"1.211033791E12":159,"1.211035021E12":182,"1.211036088E12":188,"1.211030813E12":106,"1.211036923E12":199,"1.211032532E12":131,"1.211042318E12":263,"1.211038502E12":225,"1.211026896E12":90,"1.211018703E12":34,"1.211039962E12":241,"1.211052225E12":310,"1.211025563E12":83,"1.211046625E12":287,"1.211033445E12":151,"1.211041842E12":258,"1.211039358E12":233,"1.211032756E12":141,"1.211053134E12":317,"1.211037949E12":218,"1.211025334E12":78,"1.211025162E12":76,"1.211037433E12":209,"1.211034209E12":167,"1.211043599E12":275,"1.211040705E12":252,"1.211029861E12":96,"1.211024339E12":73,"1.211091853E12":373,"1.211038664E12":228,"1.211044087E12":277,"1.211033373E12":149,"1.211032736E12":139,"1.211029669E12":94,"1.211042394E12":265,"1.211033147E12":147,"1.211123794E12":376,"1.211057338E12":327,"1.211018968E12":39,"1.211048642E12":299,"1.211066259E12":340,"1.211040126E12":243,"1.211033389E12":150,"1.211084782E12":365,"1.211019385E12":45,"1.21103591E12":187,"1.211049176E12":302,"1.211031327E12":110,"1.211022895E12":64,"1.211018906E12":37,"1.211043023E12":272,"1.211074674E12":348,"1.211037244E12":203,"1.211079926E12":352,"1.211018543E12":20,"1.211044708E12":281,"1.211038416E12":223,"1.211033023E12":144,"1.211019191E12":41,"1.211042087E12":260,"1.211020555E12":52,"1.211026728E12":88,"1.211036731E12":197,"1.211039647E12":238,"1.211085753E12":369,"1.211060174E12":334,"1.211040496E12":248,"1.211039423E12":236,"1.211039281E12":231,"1.211037325E12":206,"1.211036946E12":200,"1.211082324E12":357,"1.211060573E12":335,"1.211082909E12":359,"1.211049728E12":304,"1.211046575E12":286,"1.211080403E12":353,"1.21101865E12":30,"1.211018977E12":40,"1.211031921E12":121,"1.211038222E12":221,"1.211032748E12":140,"1.211064414E12":338,"1.211031558E12":112,"1.21103499E12":179,"1.211036467E12":195,"1.211027001E12":91,"1.211044127E12":278,"1.211023566E12":68,"1.211084035E12":362,"1.211026128E12":84,"1.211034809E12":176,"1.211023016E12":65,"1.211021045E12":58,"1.211034996E12":180,"1.211037941E12":217,"1.211129525E12":378,"1.211044152E12":279,"1.211030158E12":97,"1.211034071E12":163,"1.211023628E12":69,"1.211018432E12":8,"1.211019954E12":51,"1.21105568E12":324,"1.211037884E12":216,"1.211068395E12":345,"1.211033754E12":156,"1.21103406E12":162,"1.211049247E12":303,"1.21103307E12":146,"1.211047626E12":293,"1.211040512E12":249,"1.21117548E12":387,"1.211043708E12":276,"1.211031794E12":120,"1.211032119E12":125,"1.211052401E12":312,"1.211041322E12":256,"1.211084574E12":364,"1.211030314E12":103,"1.21103726E12":205,"1.211018924E12":38,"1.211040128E12":244,"1.211081885E12":356,"1.211034799E12":175,"1.211040295E12":246,"1.211149027E12":384,"1.211046649E12":288,"1.211039906E12":240,"1.211074586E12":347,"1.211048561E12":298,"1.211032723E12":135,"1.211018664E12":31,"1.211037563E12":210,"1.211030173E12":99,"1.21101859E12":25,"1.21113651E12":379,"1.211040912E12":255,"1.211457301E12":388,"1.211048841E12":301,"1.211020881E12":57,"1.211035896E12":186,"1.211053036E12":316,"1.211019316E12":43,"1.211054003E12":320,"1.211042584E12":269,"1.211018619E12":28,"1.211038591E12":226,"1.211021498E12":61,"1.211034571E12":171,"1.2110218E12":63,"1.211018537E12":16,"1.211019859E12":50,"1.211043088E12":273,"1.211018413E12":5,"1.211019367E12":44,"1.211034118E12":165,"1.211082546E12":358,"1.211054704E12":321,"1.211147768E12":382,"1.211025233E12":77,"1.211032361E12":129,"1.211032635E12":132,"1.211067388E12":344,"1.211034659E12":173,"1.211018717E12":35,"1.211051015E12":307,"1.211019651E12":48,"1.211040838E12":254,"1.2110394E12":235,"1.211021505E12":62,"1.211018516E12":9,"1.211030853E12":108,"1.211060092E12":333,"1.211031723E12":117,"1.21102551E12":81,"1.211081132E12":354,"1.211033584E12":152,"1.211092259E12":375,"1.211032068E12":124,"1.211056915E12":326,"1.211032735E12":138,"1.211052462E12":313,"1.211043252E12":274,"1.211021265E12":60,"1.211033835E12":161,"1.211057394E12":328,"1.211079851E12":350,"1.211052964E12":315,"1.211030188E12":100,"1.211037386E12":208,"1.211034529E12":169,"1.211030294E12":102,"1.211035679E12":185,"1.211044915E12":282},"NUMBER_OF_PEOPLE":400,"minTimeSeen":1.211018404E12,"maxTimeSeen":1.211558405E12,"NEIGHBORHOOD_RADIUS":20.0,"ENCOUNTER_CHANCE":0.05,"priority":1.0,"duration":540001.0,