{"propagationData":{"1.211128272E12":370,"1.211040601E12":222,"1.211065109E12":321,"1.211043216E12":257,"1.211069104E12":329,"1.211028829E12":41,"1.211026628E12":29,"1.21104239E12":250,"1.211030967E12":76,"1.211055431E12":299,"1.21105171E12":283,"1.211036177E12":167,"1.211027381E12":34,"1.211026344E12":26,"1.211032976E12":112,"1.211036494E12":174,"1.211081955E12":346,"1.211038409E12":202,"1.211034241E12":136,"1.211036475E12":173,"1.211019666E12":4,"1.211036887E12":183,"1.211124907E12":368,"1.211026543E12":28,"1.21105453E12":294,"1.211066303E12":324,"1.211064052E12":319,"1.21103817E12":200,"1.211133371E12":371,"1.211029357E12":45,"1.211183464E12":380,"1.211042929E12":254,"1.211019931E12":5,"1.211036531E12":176,"1.211092939E12":352,"1.211041488E12":239,"1.211025489E12":21,"1.21103651E12":175,"1.211071818E12":333,"1.21102543E12":18,"1.211074913E12":341,"1.211057596E12":311,"1.211037607E12":190,"1.211080015E12":343,"1.211031813E12":88,"1.211055766E12":301,"1.211035802E12":157,"1.211032055E12":95,"1.211030171E12":59,"1.211032404E12":102,"1.21105712E12":308,"1.211051085E12":280,"1.211029677E12":51,"1.211029242E12":44,"1.21103293E12":109,"1.211080257E12":344,"1.211038124E12":197,"1.21112073E12":365,"1.211028184E12":37,"1.211032396E12":100,"1.211033703E12":126,"1.211026229E12":25,"1.211033783E12":128,"1.211054406E12":293,"1.211038506E12":204,"1.211125513E12":369,"1.211069992E12":332,"1.211042529E12":251,"1.211028786E12":40,"1.211037279E12":186,"1.211064953E12":320,"1.211035421E12":149,"1.211043889E12":263,"1.211040829E12":225,"1.211124401E12":367,"1.211030296E12":61,"1.211034723E12":142,"1.211056908E12":307,"1.211025422E12":14,"1.211038686E12":207,"1.211342441E12":387,"1.211063765E12":318,"1.211055584E12":300,"1.211056323E12":303,"1.21106237E12":313,"1.211035384E12":148,"1.21104103E12":233,"1.211056289E12":302,"1.211038205E12":201,"1.211020218E12":7,"1.211174004E12":377,"1.211031957E12":93,"1.211025428E12":17,"1.211032403E12":101,"1.211038538E12":205,"1.211036389E12":171,"1.211036653E12":180,"1.211031516E12":81,"1.211055373E12":298,"1.211031497E12":80,"1.211035812E12":159,"1.211034155E12":134,"1.211084707E12":347,"1.211073671E12":336,"1.211057799E12":312,"1.211047307E12":274,"1.211034742E12":143,"1.211054578E12":295,"1.211025438E12":20,"1.211025426E12":15,"1.211043535E12":260,"1.211032425E12":103,"1.211038032E12":195,"1.211097632E12":356,"1.211081243E12":345,"1.211047273E12":273,"1.211030715E12":67,"1.211041814E12":240,"1.211032126E12":97,"1.211026885E12":32,"1.211045323E12":267,"1.211243101E12":382,"1.211080004E12":342,"1.211051448E12":281,"1.211030187E12":60,"1.211037298E12":187,"1.21106929E12":330,"1.211038885E12":208,"1.211033726E12":127,"1.211036938E12":185,"1.211034102E12":133,"1.211033285E12":118,"1.211054844E12":296,"1.211040575E12":220,"1.211038654E12":206,"1.211030883E12":73,"1.211034181E12":135,"1.21103657E12":178,"1.211031864E12":90,"1.211033143E12":114,"1.211033606E12":122,"1.211063675E12":316,"1.21104076E12":224,"1.211028402E12":38,"1.21102736E12":33,"1.2110366E12":179,"1.21103161E12":82,"1.211029878E12":55,"1.211031946E12":91,"1.211032005E12":94,"1.211066993E12":328,"1.211032729E12":107,"1.211318563E12":385,"1.211049465E12":275,"1.211025419E12":13,"1.21104137E12":237,"1.211035946E12":163,"1.211018404E12":1,"1.211030819E12":70,"1.211102395E12":361,"1.211039254E12":214,"1.211029896E12":56,"1.21103552E12":151,"1.211031949E12":92,"1.21105639E12":305,"1.211037916E12":194,"1.211030713E12":66,"1.21103889E12":210,"1.211025581E12":22,"1.21103556E12":152,"1.211040895E12":230,"1.211032218E12":98,"1.211089903E12":350,"1.211034665E12":141,"1.211030839E12":72,"1.211033573E12":121,"1.211036168E12":165,"1.211041847E12":242,"1.211031721E12":85,"1.2110521E12":286,"1.211036402E12":172,"1.211043491E12":259,"1.211031781E12":87,"1.211019999E12":6,"1.211025418E12":11,"1.21126059E12":383,"1.211109565E12":363,"1.211051518E12":282,"1.211042283E12":249,"1.21110221E12":359,"1.211033897E12":130,"1.211040254E12":216,"1.211033222E12":117,"1.211032118E12":96,"1.211029992E12":57,"1.211029741E12":53,"1.211035586E12":153,"1.211066279E12":323,"1.211040412E12":218,"1.211042111E12":246,"1.211040908E12":231,"1.211066755E12":326,"1.211066855E12":327,"1.211037568E12":189,"1.211050446E12":278,"1.211031776E12":86,"1.211035745E12":155,"1.211037869E12":192,"1.211033215E12":116,"1.211054253E12":291,"1.211035475E12":150,"1.211041842E12":241,"1.211050994E12":279,"1.211035689E12":154,"1.21103581E12":158,"1.211028505E12":39,"1.211044931E12":266,"1.211040858E12":226,"1.211030625E12":64,"1.211034439E12":138,"1.21103623E12":169,"1.211025393E12":9,"1.211065143E12":322,"1.21104682E12":270,"1.211032965E12":111,"1.211030748E12":68,"1.211037346E12":188,"1.211037757E12":191,"1.211042857E12":253,"1.211042086E12":244,"1.211041975E12":243,"1.211033147E12":115,"1.211034379E12":137,"1.211032733E12":108,"1.211029403E12":47,"1.211074699E12":340,"1.211074382E12":338,"1.21105276E12":290,"1.21103448E12":139,"1.211042273E12":248,"1.211042101E12":245,"1.211052292E12":288,"1.211049915E12":276,"1.211030365E12":62,"1.211025409E12":10,"1.211072507E12":334,"1.211063665E12":315,"1.211040329E12":217,"1.211033855E12":129,"1.211175495E12":378,"1.211151634E12":374,"1.211097794E12":357,"1.211036218E12":168,"1.211042137E12":247,"1.211051799E12":284,"1.211031327E12":78,"1.211158233E12":375,"1.211031682E12":84,"1.211134355E12":372,"1.21101846E12":3,"1.211036557E12":177,"1.211047121E12":272,"1.211025965E12":24,"1.211037912E12":193,"1.211031667E12":83,"1.211040176E12":215,"1.211057493E12":309,"1.21102984E12":54,"1.211041374E12":238,"1.211030959E12":75,"1.211172192E12":376,"1.21104341E12":258,"1.21109745E12":355,"1.211051954E12":285,"1.211038892E12":211,"1.211034856E12":145,"1.211035871E12":160,"1.211026884E12":31,"1.211338838E12":386,"1.21105758E12":310,"1.211119617E12":364,"1.211089301E12":348,"1.211026748E12":30,"1.211029363E12":46,"1.211025436E12":19,"1.211069726E12":331,"1.211092552E12":351,"1.211063019E12":314,"1.211036819E12":181,"1.211265378E12":384,"1.21110231E12":360,"1.211029437E12":49,"1.211035059E12":147,"1.211073657E12":335,"1.211032384E12":99,"1.211033085E12":113,"1.211056557E12":306,"1.211041118E12":235,"1.211033938E12":131,"1.211033663E12":124,"1.211038934E12":212,"1.211041134E12":236,"1.211030987E12":77,"1.211056327E12":304,"1.211043826E12":262,"1.211063757E12":317,"1.211032686E12":106,"1.211033356E12":119,"1.21103409E12":132,"1.211050292E12":277,"1.211066571E12":325,"1.211101726E12":358,"1.211097256E12":354,"1.211040861E12":227,"1.211044594E12":265,"1.211043078E12":255,"1.211029694E12":52,"1.211032517E12":104,"1.211038114E12":196,"1.211089395E12":349,"1.211033683E12":125,"1.211144472E12":373,"1.211030755E12":69,"1.211036925E12":184,"1.21103E12":58,"1.211043537E12":261,"1.211040723E12":223,"1.211046751E12":269,"1.211038131E12":198,"1.211055073E12":297,"1.211028833E12":42,"1.211029467E12":50,"1.211036232E12":170,"1.211029428E12":48,"1.211029156E12":43,"1.211025903E12":23,"1.211033653E12":123,"1.211036858E12":182,"1.211035766E12":156,"1.211042621E12":252,"1.211043132E12":256,"1.211030822E12":71,"1.211030628E12":65,"1.211038144E12":199,"1.211179156E12":379,"1.211031472E12":79,"1.211020342E12":8,"1.211044572E12":264,"1.211034659E12":140,"1.211054269E12":292,"1.211026403E12":27,"1.211030935E12":74,"1.211123001E12":366,"1.211052185E12":287,"1.211038936E12":213,"1.211052631E12":289,"1.211035048E12":146,"1.211033459E12":120,"1.211074091E12":337,"1.211227729E12":381,"1.211041048E12":234,"1.2110933E12":353,"1.211035875E12":161,"1.211047017E12":271,"1.211027478E12":35,"1.211018407E12":2,"1.211040587E12":221,"1.2110405E12":219,"1.211103835E12":362,"1.211027622E12":36,"1.211040877E12":228,"1.211038491E12":203,"1.21103477E12":144,"1.211036007E12":164,"1.21104639E12":268,"1.211040971E12":232,"1.211031829E12":89,"1.211032638E12":105,"1.211074492E12":339,"1.211032931E12":110,"1.211030593E12":63},"NUMBER_OF_PEOPLE":400,"minTimeSeen":1.211018404E12,"maxTimeSeen":1.211558405E12,"NEIGHBORHOOD_RADIUS":20.0,"ENCOUNTER_CHANCE":0.05,