{"propagationData":{"1.211058434E12":70,"1.211062872E12":101,"1.211047312E12":18,"1.211071615E12":151,"1.211081358E12":203,"1.211051047E12":35,"1.211059408E12":76,"1.211088515E12":224,"1.211068718E12":141,"1.211069211E12":145,"1.211063468E12":107,"1.211075968E12":176,"1.211096006E12":234,"1.211088562E12":226,"1.211063617E12":109,"1.21107603E12":178,"1.211074544E12":167,"1.211065478E12":127,"1.211080251E12":189,"1.211164332E12":246,"1.211081432E12":205,"1.211064304E12":116,"1.211054714E12":54,"1.211087991E12":222,"1.211075143E12":171,"1.211083674E12":212,"1.211046963E12":12,"1.211171007E12":257,"1.211022695E12":3,"1.211051209E12":41,"1.211080359E12":190,"1.211063388E12":106,"1.211051082E12":36,"1.21106366E12":110,"1.211055798E12":61,"1.211062306E12":92,"1.211046997E12":13,"1.21105342E12":50,"1.211069569E12":149,"1.211164365E12":248,"1.211051127E12":39,"1.211081263E12":200,"1.211061076E12":82,"1.211047323E12":19,"1.211179225E12":260,"1.211069294E12":146,"1.211061614E12":84,"1.211050568E12":26,"1.211056851E12":67,"1.21106883E12":144,"1.211081068E12":199,"1.211064547E12":119,"1.211062659E12":98,"1.211053516E12":52,"1.211047189E12":15,"1.211078901E12":180,"1.211087706E12":220,"1.21108072E12":196,"1.211072129E12":154,"1.211046694E12":6,"1.21105652E12":62,"1.211065902E12":130,"1.211088541E12":225,"1.211065349E12":125,"1.211083384E12":210,"1.211068464E12":140,"1.211165274E12":249,"1.211051236E12":42,"1.21105682E12":65,"1.211062571E12":93,"1.211047273E12":17,"1.21105127E12":43,"1.211165316E12":251,"1.211080371E12":191,"1.211037602E12":5,"1.211063881E12":113,"1.211104849E12":244,"1.211067144E12":135,"1.211075282E12":174,"1.211103765E12":240,"1.211063728E12":112,"1.211050956E12":31,"1.211066158E12":133,"1.211078902E12":181,"1.211087426E12":217,"1.211050565E12":25,"1.211066135E12":132,"1.211048531E12":23,"1.211083461E12":211,"1.211062721E12":99,"1.211178407E12":259,"1.211061056E12":81,"1.211065615E12":129,"1.211063675E12":111,"1.211073847E12":161,"1.211062117E12":90,"1.211059279E12":74,"1.21106258E12":94,"1.211065939E12":131,"1.211087443E12":219,"1.211018404E12":1,"1.211171017E12":258,"1.211058474E12":71,"1.21104735E12":21,"1.211051425E12":44,"1.21106262E12":96,"1.211065314E12":124,"1.211103054E12":236,"1.211074342E12":164,"1.211060808E12":77,"1.211055667E12":58,"1.21107433E12":163,"1.211080445E12":192,"1.211048068E12":22,"1.211104813E12":243,"1.211051498E12":46,"1.211088571E12":227,"1.211068753E12":143,"1.21107959E12":185,"1.211075101E12":169,"1.211056827E12":66,"1.211065005E12":122,"1.211046897E12":10,"1.211050726E12":30,"1.211053022E12":49,"1.211055742E12":60,"1.211066187E12":134,"1.211084646E12":215,"1.211087812E12":221,"1.211059254E12":72,"1.211080224E12":187,"1.211063971E12":115,"1.211047225E12":16,"1.211094493E12":232,"1.211164337E12":247,"1.211078941E12":182,"1.211080627E12":195,"1.211083872E12":214,"1.211062277E12":91,"1.211063329E12":104,"1.211083836E12":213,"1.211052789E12":48,"1.211095969E12":233,"1.211093867E12":230,"1.211076039E12":179,"1.211051471E12":45,"1.211081403E12":204,"1.2110469E12":11,"1.211047129E12":14,"1.211073839E12":160,"1.21106103E12":79,"1.211057314E12":69,"1.211055538E12":57,"1.211050966E12":32,"1.211061621E12":85,"1.211063906E12":114,"1.211069557E12":148,"1.211019293E12":2,"1.211050569E12":27,"1.211062858E12":100,"1.211096257E12":235,"1.211072829E12":155,"1.211068257E12":138,"1.211068426E12":139,"1.211075949E12":175,"1.211075227E12":173,"1.211081505E12":206,"1.211060931E12":78,"1.211073073E12":156,"1.211079609E12":186,"1.211069399E12":147,"1.211061936E12":89,"1.211046891E12":9,"1.211063322E12":103,"1.21106505E12":123,"1.211074563E12":168,"1.211083379E12":209,"1.211062598E12":95,"1.211088579E12":228,"1.211080472E12":193,"1.21105543E12":56,"1.21110309E12":237,"1.211067161E12":136,"1.211170966E12":255,"1.211075139E12":170,"1.211074432E12":166,"1.211079516E12":184,"1.211052758E12":47,"1.211061039E12":80,"1.211318385E12":262,"1.211046772E12":7,"1.211062924E12":102,"1.211165298E12":250,"1.211087427E12":218,"1.211075985E12":177,"1.211053472E12":51,"1.211104812E12":242,"1.21106335E12":105,"1.211061745E12":88,"1.211064542E12":118,"1.211065484E12":128,"1.211062654E12":97,"1.211071657E12":152,"1.211093891E12":231,"1.211051022E12":34,"1.211056537E12":63,"1.211046867E12":8,"1.211104759E12":241,"1.211063588E12":108,"1.211073171E12":157,"1.211167053E12":254,"1.211064876E12":120,"1.211069631E12":150,"1.211065418E12":126,"1.211051111E12":38,"1.211103097E12":238,"1.211083299E12":208,"1.211068751E12":142,"1.21105113E12":40,"1.211081944E12":207,"1.211032853E12":4,"1.211088721E12":229,"1.211103723E12":239,"1.211165627E12":253,"1.211170996E12":256,"1.211081325E12":202,"1.211080804E12":197,"1.211054633E12":53,"1.211050564E12":24,"1.211073735E12":159,"1.21120437E12":261,"1.211061713E12":86,"1.21105072E12":28,"1.211051099E12":37,"1.211072001E12":153,"1.211081304E12":201,"1.211061603E12":83,"1.211064508E12":117,"1.211059315E12":75,"1.211055737E12":59,"1.211079211E12":183,"1.211073878E12":162,"1.211080229E12":188,"1.211073679E12":158,"1.211059266E12":73,"1.211074362E12":165,"1.211088502E12":223,"1.211081064E12":198,"1.211068241E12":137,"1.211080595E12":194,"1.211061739E12":87,"1.211087358E12":216,"1.211056853E12":68,"1.211104951E12":245,"1.21107517E12":172,"1.211165317E12":252,"1.211056609E12":64},"NUMBER_OF_PEOPLE":400,"minTimeSeen":1.211018404E12,"maxTimeSeen":1.211558405E12,"NEIGHBORHOOD_RADIUS":20.0,"ENCOUNTER_CHANCE":0.05,"priority":1.0,"duration":540001.0,"minutesDuration":9000.016666666666,"hoursDuration":150.00027777777777,"daysDuration":6.250011574074073}
