{"propagationData":{"1.211074883E12":218,"1.211079692E12":258,"1.211110477E12":347,"1.211067729E12":150,"1.211074284E12":212,"1.211079624E12":256,"1.21113646E12":368,"1.211057225E12":9,"1.211102839E12":339,"1.211067884E12":153,"1.211074308E12":213,"1.211064614E12":97,"1.211087243E12":294,"1.211071267E12":182,"1.211072809E12":196,"1.2111145E12":350,"1.211101796E12":335,"1.211092733E12":314,"1.21112703E12":361,"1.211089295E12":303,"1.211056786E12":4,"1.211063335E12":68,"1.211116727E12":354,"1.211065305E12":110,"1.211142889E12":371,"1.211093344E12":318,"1.211077935E12":244,"1.211065261E12":109,"1.211063252E12":62,"1.211070471E12":176,"1.211079079E12":252,"1.211059859E12":30,"1.211063796E12":82,"1.211098114E12":328,"1.211080873E12":265,"1.211099099E12":329,"1.211064413E12":92,"1.211073805E12":206,"1.21124312E12":386,"1.211063737E12":81,"1.211074576E12":216,"1.2110802E12":260,"1.211077552E12":241,"1.211120468E12":355,"1.211068635E12":159,"1.211120745E12":356,"1.211066503E12":134,"1.211074183E12":211,"1.211067275E12":143,"1.211062367E12":51,"1.211068081E12":156,"1.211079007E12":250,"1.211116492E12":352,"1.211101645E12":334,"1.211069329E12":170,"1.211097846E12":327,"1.211086303E12":289,"1.211088758E12":300,"1.211070823E12":178,"1.211089619E12":308,"1.211082907E12":275,"1.211058623E12":18,"1.211074155E12":209,"1.211066048E12":128,"1.211077157E12":239,"1.211060803E12":36,"1.211063342E12":69,"1.211073853E12":208,"1.211080065E12":259,"1.211063483E12":72,"1.211070883E12":179,"1.211062402E12":52,"1.211089419E12":306,"1.211071729E12":191,"1.211096237E12":324,"1.211062275E12":50,"1.21105944E12":23,"1.211141291E12":370,"1.211102059E12":337,"1.21106542E12":113,"1.211068781E12":163,"1.211090287E12":312,"1.211063807E12":83,"1.211018404E12":1,"1.211059718E12":28,"1.211062731E12":56,"1.211101831E12":336,"1.211122904E12":358,"1.211063286E12":63,"1.211066041E12":126,"1.211071708E12":190,"1.211206948E12":385,"1.211065078E12":104,"1.21109739E12":326,"1.211057189E12":8,"1.211077041E12":238,"1.211064416E12":93,"1.211099856E12":331,"1.211064704E12":98,"1.211095067E12":323,"1.211066502E12":133,"1.211197609E12":383,"1.211078814E12":249,"1.211076753E12":236,"1.211076069E12":229,"1.211094976E12":322,"1.211065227E12":107,"1.211073719E12":204,"1.211088364E12":299,"1.211061216E12":40,"1.211059398E12":22,"1.21108567E12":285,"1.211057077E12":7,"1.211059756E12":29,"1.211089421E12":307,"1.211110358E12":346,"1.211059675E12":27,"1.211071357E12":183,"1.211068838E12":166,"1.211088085E12":298,"1.211092969E12":316,"1.211063313E12":66,"1.211076494E12":233,"1.211076216E12":230,"1.211093005E12":317,"1.211067059E12":138,"1.211068796E12":165,"1.211059286E12":21,"1.211056775E12":3,"1.211065554E12":119,"1.211056877E12":6,"1.211071424E12":185,"1.211068427E12":158,"1.211089347E12":304,"1.211060437E12":32,"1.211074322E12":214,"1.211075569E12":221,"1.211062974E12":60,"1.211057645E12":14,"1.211164236E12":379,"1.211059539E12":24,"1.211084466E12":279,"1.211100971E12":333,"1.211090238E12":311,"1.211072582E12":194,"1.21107153E12":188,"1.211074415E12":215,"1.211070467E12":175,"1.211066618E12":137,"1.211072808E12":195,"1.211087896E12":296,"1.211065829E12":122,"1.211067603E12":149,"1.211064536E12":95,"1.211064772E12":102,"1.211068952E12":168,"1.211067425E12":146,"1.211103192E12":340,"1.211089642E12":309,"1.211064412E12":91,"1.211086681E12":292,"1.211066263E12":130,"1.211087997E12":297,"1.211067226E12":142,"1.211060702E12":34,"1.211079188E12":254,"1.211076855E12":237,"1.211123774E12":359,"1.211077674E12":242,"1.211082759E12":274,"1.211127489E12":362,"1.211081144E12":269,"1.211089049E12":301,"1.211069945E12":173,"1.211068238E12":157,"1.211148977E12":377,"1.211073603E12":203,"1.211099722E12":330,"1.211072294E12":192,"1.211107093E12":345,"1.211064235E12":87,"1.21106783E12":151,"1.211076272E12":231,"1.21110463E12":343,"1.211078165E12":245,"1.211084207E12":278,"1.211063288E12":64,"1.211057784E12":15,"1.211062091E12":46,"1.211324423E12":388,"1.211062935E12":58,"1.211072389E12":193,"1.211082127E12":272,"1.211063887E12":84,"1.211063358E12":71,"1.211069373E12":171,"1.211067301E12":144,"1.211065978E12":125,"1.211062417E12":53,"1.211071463E12":187,"1.211068795E12":164,"1.211080292E12":262,"1.211125659E12":360,"1.211078704E12":247,"1.211085035E12":282,"1.211076512E12":234,"1.211116645E12":353,"1.211069324E12":169,"1.211094418E12":320,"1.211066501E12":132,"1.211063573E12":75,"1.211079666E12":257,"1.211064705E12":99,"1.2110861E12":286,"1.211066046E12":127,"1.21106491E12":103,"1.211060704E12":35,"1.211065447E12":114,"1.211067086E12":139,"1.211114407E12":349,"1.211063347E12":70,"1.211077379E12":240,"1.211067971E12":155,"1.211056793E12":5,"1.211061726E12":42,"1.211089921E12":310,"1.211135436E12":367,"1.211057263E12":10,"1.211075378E12":220,"1.211067412E12":145,"1.211073216E12":200,"1.211080977E12":268,"1.211082164E12":273,"1.211062158E12":48,"1.211067527E12":147,"1.211071417E12":184,"1.211079046E12":251,"1.211058255E12":17,"1.211135235E12":366,"1.211063678E12":77,"1.211065094E12":105,"1.211062452E12":54,"1.2110655E12":116,"1.211057332E12":11,"1.211018991E12":2,"1.211086201E12":288,"1.211114049E12":348,"1.211064761E12":101,"1.21107586E12":224,"1.211080542E12":264,"1.211085065E12":283,"1.211063303E12":65,"1.211085093E12":284,"1.211105073E12":344,"1.211059189E12":20,"1.211094833E12":321,"1.211192146E12":382,"1.211065546E12":118,"1.211066504E12":135,"1.211064281E12":89,"1.21108292E12":276,"1.211103552E12":341,"1.211102388E12":338,"1.211063551E12":73,"1.211063698E12":78,"1.211074162E12":210,"1.211075727E12":223,"1.211069534E12":172,"1.211147633E12":375,"1.211065615E12":120,"1.211086428E12":290,"1.211065966E12":124,"1.211063893E12":85,"1.211061762E12":44,"1.21107871E12":248,"1.211080912E12":267,"1.211089103E12":302,"1.211076699E12":235,"1.211104287E12":342,"1.211077844E12":243,"1.211067115E12":140,"1.211061799E12":45,"1.211131505E12":364,"1.211060834E12":38,"1.211134895E12":365,"1.211086626E12":291,"1.211071015E12":180,"1.211065416E12":112,"1.211067561E12":148,"1.211338857E12":389,"1.211076065E12":228,"1.211167691E12":380,"1.211065257E12":108,"1.211079164E12":253,"1.211136587E12":369,"1.211073117E12":199,"1.211063658E12":76,"1.211063327E12":67,"1.211064192E12":86,"1.211086105E12":287,"1.211065371E12":111,"1.211076009E12":226,"1.211145745E12":373,"1.211147427E12":374,"1.211063556E12":74,"1.211260591E12":387,"1.21106081E12":37,"1.211066366E12":131,"1.211081156E12":270,"1.211068725E12":160,"1.211075911E12":225,"1.211127677E12":363,"1.211205304E12":384,"1.211067958E12":154,"1.211067872E12":152,"1.211144645E12":372,"1.211175478E12":381,"1.211084953E12":280,"1.211089361E12":305,"1.211073413E12":202,"1.211064361E12":90,"1.211148308E12":376,"1.211073016E12":198,"1.211090295E12":313,"1.21112242E12":357,"1.211061621E12":41,"1.211070537E12":177,"1.211082113E12":271,"1.211075333E12":219,"1.211068918E12":167,"1.211157817E12":378,"1.211057493E12":12,"1.211061757E12":43,"1.211059578E12":25,"1.21106442E12":94,"1.211071698E12":189,"1.21109296E12":315,"1.211087628E12":295,"1.211115105E12":351,"1.211083214E12":277,"1.211080356E12":263,"1.211071438E12":186,"1.211073797E12":205,"1.211076411E12":232,"1.211066064E12":129,"1.211064276E12":88,"1.211085015E12":281,"1.21107383E12":207,"1.211065748E12":121,"1.211079369E12":255,"1.211074622E12":217,"1.211066581E12":136,"1.211087146E12":293,"1.211057941E12":16,"1.211057504E12":13,"1.211073291E12":201,"1.211065525E12":117,"1.211059623E12":26,"1.211076059E12":227,"1.211065484E12":115,"1.211061083E12":39,"1.211078198E12":246,"1.211071258E12":181,"1.211065884E12":123,"1.211063068E12":61,"1.211064724E12":100,"1.21107569E12":222,"1.211062938E12":59,"1.211062499E12":55,"1.211068745E12":161,"1.211060007E12":31,"1.211067217E12":141,"1.21106876E12":162,"1.211062888E12":57,"1.211062191E12":49,"1.211065114E12":106,"1.211060469E12":33,"1.211100088E12":332,"1.21106212E12":47,"1.211093505E12":319,"1.211080902E12":266,"1.211080208E12":261,"1.211097265E12":325,"1.211059085E12":19,"1.211070324E12":174,"1.21106458E12":96,