{"propagationData":{"1.21104847E12":263,"1.211049122E12":264,"1.211043394E12":211,"1.211036228E12":121,"1.211138901E12":376,"1.211032227E12":51,"1.211059118E12":314,"1.211029528E12":6,"1.211037736E12":143,"1.211047501E12":251,"1.211034834E12":89,"1.211055652E12":295,"1.211057513E12":306,"1.21103864E12":164,"1.211037273E12":132,"1.211095865E12":362,"1.21104521E12":228,"1.211033431E12":66,"1.211031787E12":44,"1.211041126E12":191,"1.211034995E12":96,"1.211030916E12":31,"1.211045016E12":227,"1.211032089E12":50,"1.211037398E12":137,"1.21115195E12":381,"1.211044093E12":215,"1.211093246E12":360,"1.211048248E12":257,"1.211038515E12":158,"1.211054722E12":290,"1.211039576E12":169,"1.211032658E12":56,"1.211042242E12":199,"1.211030066E12":10,"1.211527115E12":388,"1.211115205E12":372,"1.211031578E12":38,"1.211044002E12":214,"1.211035013E12":97,"1.211034958E12":93,"1.211068273E12":332,"1.211090807E12":358,"1.211042578E12":205,"1.211096702E12":364,"1.211048439E12":261,"1.211035616E12":108,"1.211030461E12":20,"1.21105712E12":304,"1.211046054E12":233,"1.211037638E12":140,"1.211080131E12":348,"1.211065626E12":328,"1.211063666E12":325,"1.211044539E12":221,"1.211043959E12":212,"1.211031742E12":40,"1.211051082E12":278,"1.211036526E12":124,"1.211036501E12":123,"1.211039641E12":171,"1.211042588E12":206,"1.211049783E12":268,"1.2110362E12":117,"1.211032708E12":57,"1.211127749E12":374,"1.211036209E12":118,"1.211050958E12":277,"1.211079385E12":346,"1.211042416E12":201,"1.211034207E12":77,"1.21103766E12":141,"1.211053045E12":284,"1.211044377E12":219,"1.211033182E12":61,"1.211033777E12":69,"1.211034184E12":74,"1.211035566E12":106,"1.211032726E12":58,"1.211033009E12":60,"1.211044851E12":224,"1.211033439E12":67,"1.211038635E12":163,"1.211085512E12":350,"1.211055058E12":292,"1.211035239E12":100,"1.211039531E12":168,"1.211034872E12":90,"1.211059077E12":313,"1.211141823E12":379,"1.211050522E12":274,"1.211030792E12":28,"1.211035728E12":110,"1.211077455E12":340,"1.21103386E12":71,"1.21104647E12":237,"1.211086668E12":353,"1.21104052E12":183,"1.211032616E12":53,"1.211040436E12":179,"1.211040495E12":181,"1.211041181E12":193,"1.211056922E12":303,"1.211045897E12":231,"1.21105679E12":301,"1.211035298E12":103,"1.211055648E12":294,"1.211050465E12":271,"1.211027744E12":4,"1.211046388E12":235,"1.211041174E12":192,"1.211040122E12":175,"1.211056453E12":298,"1.211031418E12":36,"1.211035862E12":112,"1.211019157E12":2,"1.211036224E12":120,"1.211058231E12":308,"1.211034169E12":73,"1.211096288E12":363,"1.211067961E12":331,"1.211042608E12":207,"1.211034903E12":91,"1.211040671E12":186,"1.211035248E12":101,"1.211047258E12":249,"1.211034547E12":84,"1.211041341E12":194,"1.21104841E12":260,"1.211035955E12":115,"1.211054647E12":289,"1.211041828E12":197,"1.211034205E12":76,"1.211055685E12":296,"1.211034472E12":83,"1.211038421E12":156,"1.211036549E12":125,"1.211040633E12":185,"1.211046289E12":234,"1.211035742E12":111,"1.211038207E12":148,"1.21104446E12":220,"1.211039148E12":165,"1.211036216E12":119,"1.211056583E12":300,"1.211034623E12":85,"1.211023073E12":3,"1.211248921E12":386,"1.211097961E12":365,"1.211046704E12":245,"1.211063469E12":324,"1.211031775E12":42,"1.211035514E12":104,"1.211018404E12":1,"1.211094128E12":361,"1.211037763E12":144,"1.211052662E12":282,"1.211240201E12":383,"1.211041031E12":189,"1.211038368E12":155,"1.211065119E12":327,"1.21104825E12":258,"1.211046641E12":243,"1.211038592E12":161,"1.21105087E12":276,"1.211034367E12":82,"1.211030458E12":19,"1.211112094E12":370,"1.211085946E12":352,"1.211050547E12":275,"1.211035673E12":109,"1.211047524E12":252,"1.211070725E12":333,"1.211090281E12":357,"1.211046544E12":239,"1.211033198E12":62,"1.211033786E12":70,"1.211047171E12":247,"1.21105635E12":297,"1.211037348E12":134,"1.211031766E12":41,"1.211047914E12":256,"1.211031914E12":47,"1.211040248E12":178,"1.211042486E12":204,"1.211031776E12":43,"1.211055501E12":293,"1.211060396E12":322,"1.21103464E12":86,"1.211038562E12":160,"1.211032515E12":52,"1.211037265E12":131,"1.211071025E12":334,"1.211036317E12":122,"1.211137852E12":375,"1.211059167E12":315,"1.211031858E12":45,"1.211051903E12":279,"1.211113547E12":371,"1.211077914E12":342,"1.211035211E12":98,"1.211089898E12":356,"1.211038277E12":152,"1.21113952E12":377,"1.211044767E12":223,"1.211085759E12":351,"1.211037668E12":142,"1.211079114E12":344,"1.211046557E12":240,"1.211034312E12":81,"1.211072248E12":336,"1.211058515E12":310,"1.211074764E12":337,"1.211046619E12":242,"1.211059178E12":316,"1.211052262E12":280,"1.211030393E12":16,"1.211047271E12":250,"1.211049366E12":265,"1.211043256E12":209,"1.211037605E12":138,"1.211040141E12":176,"1.211033385E12":65,"1.211098275E12":366,"1.211030911E12":30,"1.211056905E12":302,"1.211067896E12":330,"1.211029774E12":9,"1.211053779E12":285,"1.211038183E12":147,"1.211029533E12":7,"1.211034231E12":78,"1.211047532E12":253,"1.211030542E12":24,"1.211030793E12":29,"1.211031324E12":35,"1.211037619E12":139,"1.211037994E12":145,"1.211046495E12":238,"1.2110601E12":319,"1.211059012E12":312,"1.211041354E12":195,"1.211037356E12":135,"1.211034664E12":87,"1.211243625E12":385,"1.211047667E12":255,"1.211033209E12":63,"1.211035214E12":99,"1.21107978E12":347,"1.211053873E12":286,"1.211049554E12":266,"1.211035936E12":114,"1.211040171E12":177,"1.211034185E12":75,"1.211030563E12":25,"1.211045916E12":232,"1.211052539E12":281,"1.211041374E12":196,"1.211030439E12":17,"1.211039647E12":173,"1.211040496E12":182,"1.211033358E12":64,"1.211035565E12":105,"1.211087317E12":354,"1.211046401E12":236,"1.211067154E12":329,"1.211058316E12":309,"1.211036951E12":129,"1.211034298E12":79,"1.211116546E12":373,"1.211077675E12":341,"1.211038166E12":146,"1.211038222E12":150,"1.211032053E12":49,"1.211029283E12":5,"1.21103831E12":154,"1.211030374E12":13,"1.211040835E12":188,"1.211037263E12":130,"1.211030371E12":12,"1.211042433E12":203,"1.211046647E12":244,"1.211063362E12":323,"1.211082301E12":349,"1.21103844E12":157,"1.211042352E12":200,"1.211031285E12":34,"1.211034765E12":88,"1.211039258E12":166,"1.211172705E12":382,"1.211045597E12":230,"1.211035933E12":113,"1.211058903E12":311,"1.211038305E12":153,"1.211072142E12":335,"1.211042788E12":208,"1.211032013E12":48,"1.211078194E12":343,"1.211046765E12":246,"1.211032647E12":55,"1.21103618E12":116,"1.211038249E12":151,"1.211039446E12":167,"1.21104331E12":210,"1.211046564E12":241,"1.211048296E12":259,"1.211049634E12":267,"1.211030508E12":22,"1.211050505E12":273,"1.211111345E12":369,"1.211042432E12":202,"1.211059676E12":318,"1.211040447E12":180,"1.211031544E12":37,"1.211043976E12":213,"1.211035271E12":102,"1.21104457E12":222,"1.211034971E12":94,"1.211141811E12":378,"1.211034976E12":95,"1.211030755E12":27,"1.211054352E12":287,"1.21104985E12":269,"1.211040531E12":184,"1.21104757E12":254,"1.211030389E12":15,"1.211029635E12":8,"1.211030453E12":18,"1.211056522E12":299,"1.211057128E12":305,"1.211032627E12":54,"1.211111213E12":368,"1.211044878E12":225,"1.211038546E12":159,"1.211039622E12":170,"1.211044095E12":216,"1.211040696E12":187,"1.211050502E12":272,"1.211048464E12":262,"1.211057603E12":307,"1.211044119E12":217,"1.211031685E12":39,"1.211054385E12":288,"1.211030381E12":14,"1.211088006E12":355,"1.211077136E12":338,"1.211064094E12":326,"1.211032802E12":59,"1.211052938E12":283,"1.211045406E12":229,"1.211034301E12":80,"1.211030515E12":23,"1.211041038E12":190,"1.211142212E12":380,"1.211036872E12":126,"1.211044339E12":218,"1.211037307E12":133,"1.211038601E12":162,"1.211035611E12":107,"1.211030693E12":26,"1.211049968E12":270,"1.211260589E12":387,"1.211030463E12":21,"1.211040055E12":174,"1.211098912E12":367,"1.21103128E12":33,"1.211041948E12":198,"1.211077237E12":339,"1.211036888E12":127,"1.211054789E12":291,"1.211037364E12":136,"1.21103187E12":46,"1.211047174E12":248,"1.211031047E12":32,"1.21103695E12":128,"1.211092043E12":359,"1.211242754E12":384,"1.211059448E12":317,"1.211060332E12":321,"1.211044909E12":226,"1.211030367E12":11,"1.21106018E12":320,"1.211033639E12":68,"1.211079119E12":345,"1.211034945E12":92},"NUMBER_OF_PEOPLE":400,