{"propagationData":{"1.211073913E12":352,"1.211033379E12":195,"1.211046296E12":301,"1.211042277E12":272,"1.211031269E12":159,"1.211023969E12":65,"1.211032106E12":178,"1.21104849E12":312,"1.21102752E12":108,"1.211025842E12":83,"1.211019303E12":30,"1.211068728E12":347,"1.211345029E12":387,"1.211024893E12":71,"1.211033084E12":193,"1.211026582E12":92,"1.211027189E12":101,"1.211042088E12":268,"1.211032253E12":180,"1.211046676E12":305,"1.211044129E12":285,"1.211060374E12":333,"1.211051026E12":320,"1.211030936E12":155,"1.211033659E12":197,"1.211026514E12":91,"1.211023366E12":61,"1.211062315E12":335,"1.211025089E12":74,"1.211041593E12":264,"1.211027274E12":103,"1.211030807E12":150,"1.211026746E12":96,"1.211026698E12":95,"1.211045348E12":291,"1.211030814E12":151,"1.21108761E12":368,"1.211035478E12":223,"1.211024111E12":66,"1.211048512E12":313,"1.211035342E12":221,"1.21103787E12":239,"1.211185058E12":385,"1.211018491E12":16,"1.211034961E12":217,"1.211027367E12":105,"1.211032806E12":186,"1.211146625E12":380,"1.211029541E12":130,"1.211018807E12":23,"1.211018423E12":5,"1.211023242E12":60,"1.211018477E12":14,"1.211030638E12":142,"1.21102344E12":62,"1.211031504E12":162,"1.211030675E12":145,"1.211033675E12":198,"1.211116978E12":376,"1.211034915E12":215,"1.211086803E12":367,"1.211039015E12":246,"1.211032643E12":182,"1.211020575E12":44,"1.211044791E12":287,"1.211036691E12":228,"1.211026927E12":99,"1.21104308E12":273,"1.211031353E12":161,"1.2110415E12":263,"1.211033854E12":204,"1.211038598E12":244,"1.211037552E12":236,"1.211039088E12":248,"1.211034908E12":212,"1.211045464E12":292,"1.211027649E12":110,"1.211030922E12":154,"1.211026336E12":89,"1.211025317E12":80,"1.211051935E12":326,"1.211020961E12":46,"1.211031645E12":167,"1.211035118E12":219,"1.211020482E12":42,"1.211079932E12":362,"1.211064723E12":338,"1.21102356E12":63,"1.211030668E12":144,"1.211018454E12":11,"1.211117091E12":377,"1.21102127E12":49,"1.211044149E12":286,"1.211028506E12":118,"1.211024853E12":69,"1.211018828E12":26,"1.211037024E12":231,"1.211042068E12":266,"1.211019384E12":32,"1.211043319E12":278,"1.21107783E12":359,"1.211042169E12":269,"1.21110195E12":373,"1.21103427E12":210,"1.211025231E12":76,"1.211041181E12":259,"1.211018479E12":15,"1.211031811E12":172,"1.21103369E12":199,"1.211037562E12":237,"1.211046033E12":296,"1.211043529E12":280,"1.211038223E12":243,"1.211044796E12":288,"1.211040853E12":257,"1.211026331E12":88,"1.211030008E12":134,"1.211067528E12":346,"1.211033712E12":200,"1.211040884E12":258,"1.211033863E12":205,"1.211033779E12":203,"1.21110446E12":374,"1.211030338E12":136,"1.211031612E12":163,"1.211018707E12":22,"1.211053689E12":328,"1.21104837E12":310,"1.21102289E12":57,"1.211060348E12":332,"1.211028131E12":116,"1.211046537E12":303,"1.211175481E12":384,"1.211059136E12":330,"1.211043401E12":279,"1.211040575E12":256,"1.211038059E12":240,"1.211030269E12":135,"1.211086684E12":366,"1.211018509E12":18,"1.211033745E12":201,"1.211029008E12":125,"1.211060391E12":334,"1.211049582E12":315,"1.211076387E12":357,"1.211029738E12":132,"1.211032113E12":179,"1.211031633E12":164,"1.211031841E12":174,"1.211018438E12":7,"1.211018651E12":21,"1.211020664E12":45,"1.211029718E12":131,"1.211026751E12":97,"1.211041203E12":260,"1.211029174E12":127,"1.211018404E12":3,"1.211149803E12":381,"1.211018456E12":12,"1.211160473E12":382,"1.211025253E12":77,"1.211020398E12":41,"1.211028518E12":119,"1.211034256E12":209,"1.211023213E12":58,"1.211362909E12":388,"1.211019641E12":36,"1.211027371E12":106,"1.211037181E12":233,"1.211033882E12":206,"1.211070584E12":349,"1.211055794E12":329,"1.211040421E12":252,"1.211020512E12":43,"1.211018441E12":8,"1.211032787E12":185,"1.21107458E12":354,"1.211019572E12":34,"1.211035673E12":224,"1.21102818E12":117,"1.211033767E12":202,"1.211018815E12":24,"1.211027295E12":104,"1.211066507E12":342,"1.21102799E12":114,"1.211030689E12":146,"1.211166323E12":383,"1.211040497E12":253,"1.211038924E12":245,"1.211019681E12":37,"1.211031115E12":158,"1.211035419E12":222,"1.211030391E12":140,"1.211030694E12":147,"1.211062625E12":336,"1.211206779E12":386,"1.211066461E12":341,"1.211049741E12":316,"1.211040498E12":254,"1.211066045E12":340,"1.21105074E12":319,"1.211031722E12":168,"1.21104673E12":306,"1.211029499E12":129,"1.211084461E12":365,"1.21102195E12":51,"1.211030869E12":153,"1.211019482E12":33,"1.2110211E12":47,"1.211024611E12":67,"1.211105273E12":375,"1.211078218E12":360,"1.211019712E12":38,"1.211032866E12":188,"1.21107386E12":351,"1.211024908E12":72,"1.211046631E12":304,"1.211018511E12":19,"1.211032965E12":190,"1.211025035E12":73,"1.21104532E12":290,"1.21105013E12":318,"1.211042077E12":267,"1.211035865E12":225,"1.211028866E12":124,"1.211037179E12":232,"1.211028058E12":115,"1.211051039E12":321,"1.211032761E12":184,"1.211035957E12":227,"1.21104408E12":283,"1.211037605E12":238,"1.211026033E12":85,"1.211023223E12":59,"1.211028854E12":123,"1.211031982E12":177,"1.211033953E12":207,"1.211025272E12":78,"1.211029152E12":126,"1.211025146E12":75,"1.211019378E12":31,"1.211033045E12":191,"1.211033176E12":194,"1.211045178E12":289,"1.211018451E12":10,"1.211030801E12":149,"1.211051051E12":322,"1.211021268E12":48,"1.211043867E12":281,"1.21107556E12":356,"1.211046281E12":300,"1.211018508E12":17,"1.211018943E12":28,"1.211031011E12":156,"1.211077273E12":358,"1.211067018E12":343,"1.21103526E12":220,"1.211060177E12":331,"1.211027717E12":111,"1.211023863E12":64,"1.211040513E12":255,"1.211124198E12":378,"1.211034856E12":211,"1.211026923E12":98,"1.211062841E12":337,"1.211045497E12":294,"1.211074262E12":353,"1.211018841E12":27,"1.21110056E12":370,"1.211043978E12":282,"1.211046067E12":297,"1.211035937E12":226,"1.211037275E12":235,"1.211027194E12":102,"1.211025319E12":82,"1.211030371E12":139,"1.211051928E12":325,"1.211022727E12":55,"1.211082505E12":364,"1.211049246E12":314,"1.211022204E12":52,"1.211030612E12":141,"1.211041239E12":261,"1.211031784E12":171,"1.211046111E12":298,"1.211018437E12":6,"1.211051214E12":324,"1.211080055E12":363,"1.211048099E12":308,"1.211069772E12":348,"1.211101783E12":372,"1.211018541E12":20,"1.211032624E12":181,"1.211042272E12":271,"1.211025312E12":79,"1.211046235E12":299,"1.211028827E12":122,"1.21103086E12":152,"1.211043177E12":276,"1.211042213E12":270,"1.211019066E12":29,"1.21103496E12":216,"1.211018442E12":9,"1.211039069E12":247,"1.211022794E12":56,"1.211028556E12":120,"1.211048296E12":309,"1.211031635E12":165,"1.211030353E12":138,"1.211030642E12":143,"1.211022691E12":54,"1.211047915E12":307,"1.211050076E12":317,"1.211032757E12":183,"1.211043217E12":277,"1.211038165E12":241,"1.211029196E12":128,"1.211074878E12":355,"1.211039202E12":250,"1.211032845E12":187,"1.211022363E12":53,"1.211036953E12":230,"1.211032955E12":189,"1.211034913E12":214,"1.211051066E12":323,"1.211037212E12":234,"1.211028575E12":121,"1.211031861E12":175,"1.21102627E12":86,"1.211067293E12":344,"1.211044095E12":284,"1.211024613E12":68,"1.211021558E12":50,"1.211078492E12":361,"1.211034997E12":218,"1.211067347E12":345,"1.211046013E12":295,"1.211043143E12":275,"1.211071069E12":350,"1.211131873E12":379,"1.211048429E12":311,"1.211036913E12":229,"1.211039403E12":251,"1.211027584E12":109,"1.211020342E12":40,"1.211101145E12":371,"1.211034242E12":208,"1.211099131E12":369,"1.211031641E12":166,"1.211031883E12":176,"1.211041409E12":262,"1.211027004E12":100,"1.211030781E12":148,"1.211031059E12":157,"1.211031782E12":170,"1.211038206E12":242,"1.211031723E12":169,"1.211043093E12":274,"1.211026608E12":94,"1.211045485E12":293,"1.211027728E12":112,"1.211046471E12":302,"1.211033516E12":196,"1.211039147E12":249,"1.2110417E12":265,"1.21103308E12":192,"1.211026601E12":93,"1.211018457E12":13,"1.211019606E12":35,"1.211031326E12":160,"1.211031833E12":173,"1.211053578E12":327,"1.211064858E12":339,"1.211027956E12":113,"1.211026397E12":90,"1.211027502E12":107,"1.211030347E12":137,"1.211025857E12":84,"1.211024867E12":70,"1.21102017E12":39},"NUMBER_OF_PEOPLE":400,"minTimeSeen":1.211018404E12,"maxTimeSeen":1.211558405E12,"NEIGHBORHOOD_RADIUS":20.0,"ENCOUNTER_CHANCE":0.05,