{"propagationData":{"1.211047102E12":23,"1.211045814E12":7,"1.211069074E12":198,"1.211062324E12":145,"1.211051409E12":49,"1.211056168E12":82,"1.211045855E12":8,"1.211061741E12":141,"1.211080363E12":271,"1.211085237E12":291,"1.211061679E12":140,"1.211051613E12":52,"1.211048401E12":32,"1.211055995E12":81,"1.21105451E12":71,"1.211061579E12":139,"1.211068718E12":195,"1.211045484E12":3,"1.211059955E12":113,"1.211069713E12":200,"1.211053459E12":65,"1.211098394E12":329,"1.211048726E12":35,"1.211088775E12":302,"1.211059754E12":109,"1.211084577E12":287,"1.211068544E12":194,"1.211061549E12":138,"1.211111483E12":340,"1.211060805E12":128,"1.211055377E12":79,"1.211046355E12":15,"1.211057903E12":95,"1.211050247E12":45,"1.21105905E12":105,"1.211063644E12":162,"1.211058932E12":103,"1.211057882E12":94,"1.211076088E12":250,"1.211047733E12":29,"1.211071893E12":225,"1.211046845E12":21,"1.211064776E12":173,"1.211047162E12":24,"1.211057167E12":90,"1.211062436E12":147,"1.211064297E12":169,"1.211057232E12":91,"1.21108819E12":296,"1.211084505E12":282,"1.2110637E12":165,"1.211095878E12":325,"1.211070483E12":209,"1.211060412E12":121,"1.211060223E12":116,"1.21108008E12":268,"1.211045973E12":9,"1.211082037E12":274,"1.211062326E12":146,"1.211086617E12":295,"1.211058487E12":101,"1.211075889E12":249,"1.211071815E12":224,"1.211061333E12":136,"1.211075869E12":248,"1.211069964E12":202,"1.211049827E12":41,"1.211082813E12":280,"1.211074024E12":233,"1.211050794E12":47,"1.211060315E12":119,"1.211067236E12":185,"1.211077434E12":257,"1.211092091E12":315,"1.211071431E12":217,"1.211063539E12":160,"1.211076696E12":254,"1.211091462E12":312,"1.211046831E12":20,"1.211059798E12":110,"1.211069923E12":201,"1.21105901E12":104,"1.211111583E12":341,"1.211088208E12":297,"1.211072825E12":228,"1.211080475E12":272,"1.211046862E12":22,"1.21104792E12":30,"1.211077753E12":261,"1.21107045E12":208,"1.211067519E12":189,"1.211052295E12":56,"1.211063349E12":158,"1.211067509E12":188,"1.21109102E12":311,"1.211075559E12":242,"1.211046306E12":13,"1.211062602E12":150,"1.211076595E12":252,"1.211071665E12":221,"1.211067413E12":186,"1.211075742E12":246,"1.211072376E12":227,"1.21107177E12":223,"1.211050619E12":46,"1.211060553E12":123,"1.211045813E12":6,"1.211049691E12":40,"1.211053146E12":62,"1.211020523E12":2,"1.211100487E12":333,"1.211048917E12":36,"1.2110641E12":167,"1.211057669E12":93,"1.21109494E12":323,"1.211095927E12":326,"1.211074423E12":235,"1.211045683E12":5,"1.21105689E12":88,"1.21104957E12":39,"1.211061022E12":130,"1.211052885E12":60,"1.211056613E12":84,"1.211092288E12":319,"1.211065488E12":175,"1.211111927E12":343,"1.211018404E12":1,"1.211059334E12":107,"1.211071569E12":219,"1.211080297E12":270,"1.21107369E12":231,"1.211064512E12":172,"1.211063714E12":166,"1.211062648E12":152,"1.211056716E12":85,"1.211063649E12":163,"1.211054888E12":75,"1.211066055E12":177,"1.211098447E12":331,"1.211047452E12":27,"1.211079914E12":267,"1.211085099E12":288,"1.211092165E12":318,"1.211051239E12":48,"1.211060086E12":114,"1.211069632E12":199,"1.211058694E12":102,"1.211077226E12":256,"1.211079534E12":264,"1.211055667E12":80,"1.211053456E12":64,"1.211055218E12":77,"1.211101388E12":335,"1.211075617E12":243,"1.211052972E12":61,"1.211090157E12":309,"1.211058378E12":100,"1.211098227E12":328,"1.211085291E12":293,"1.211088593E12":301,"1.21108453E12":284,"1.211065637E12":176,"1.2110775E12":258,"1.211065376E12":174,"1.211075041E12":239,"1.211046473E12":17,"1.211063659E12":164,"1.211077139E12":255,"1.21107531E12":240,"1.211047389E12":25,"1.211067876E12":191,"1.211062516E12":149,"1.211060556E12":124,"1.211056533E12":83,"1.211085135E12":290,"1.211085129E12":289,"1.211056817E12":86,"1.211060359E12":120,"1.211053603E12":66,"1.211079554E12":265,"1.211046309E12":14,"1.211095487E12":324,"1.211061114E12":134,"1.211092506E12":322,"1.211089331E12":307,"1.211068531E12":193,"1.211098539E12":332,"1.211054271E12":70,"1.211077597E12":260,"1.21105697E12":89,"1.211112087E12":344,"1.211082417E12":276,"1.211062681E12":153,"1.211052576E12":58,"1.211050181E12":42,"1.211062224E12":144,"1.211084557E12":285,"1.211066546E12":181,"1.211063312E12":156,"1.211068726E12":196,"1.211071162E12":215,"1.211052681E12":59,"1.211071311E12":216,"1.211063337E12":157,"1.211071028E12":212,"1.211127213E12":350,"1.211054219E12":69,"1.211088508E12":299,"1.211063352E12":159,"1.211070727E12":211,"1.211092487E12":320,"1.211070537E12":210,"1.211092127E12":316,"1.211047454E12":28,"1.211045618E12":4,"1.211054795E12":73,"1.21105918E12":106,"1.211055256E12":78,"1.211061548E12":137,"1.211096541E12":327,"1.211073481E12":229,"1.211071582E12":220,"1.211067875E12":190,"1.211060798E12":127,"1.211101934E12":336,"1.211082446E12":277,"1.211070359E12":207,"1.211051473E12":51,"1.211046415E12":16,"1.21108247E12":278,"1.211062442E12":148,"1.211074146E12":234,"1.211067154E12":184,"1.211058204E12":98,"1.211117599E12":348,"1.211059805E12":111,"1.211070054E12":203,"1.211048402E12":33,"1.211046811E12":19,"1.211079461E12":263,"1.211091498E12":313,"1.21107547E12":241,"1.211089088E12":303,"1.211073532E12":230,"1.211077919E12":262,"1.211048043E12":31,"1.211088246E12":298,"1.211058139E12":97,"1.211062607E12":151,"1.21106621E12":179,"1.211098444E12":330,"1.211058314E12":99,"1.21105387E12":67,"1.21104605E12":10,"1.211067473E12":187,"1.211073738E12":232,"1.211061025E12":131,"1.211064394E12":171,"1.211111821E12":342,"1.211061073E12":132,"1.211082216E12":275,"1.211046091E12":11,"1.211046161E12":12,"1.211068507E12":192,"1.211114107E12":345,"1.211060309E12":118,"1.21108456E12":286,"1.211085252E12":292,"1.211101992E12":337,"1.21107106E12":214,"1.211060987E12":129,"1.211090991E12":310,"1.21108937E12":308,"1.2110618E12":142,"1.211088517E12":300,"1.211075037E12":237,"1.211064329E12":170,"1.211053321E12":63,"1.211052234E12":55,"1.211075817E12":247,"1.211051432E12":50,"1.211080228E12":269,"1.211089116E12":304,"1.211070334E12":206,"1.211079857E12":266,"1.211060718E12":126,"1.211081519E12":273,"1.211063219E12":155,"1.211054718E12":72,"1.211082606E12":279,"1.211071546E12":218,"1.211055181E12":76,"1.21104909E12":37,"1.211059808E12":112,"1.211084509E12":283,"1.211077509E12":259,"1.211076273E12":251,"1.211071057E12":213,"1.21111444E12":346,"1.211076616E12":253,"1.211070072E12":204,"1.211092128E12":317,"1.211127172E12":349,"1.211050242E12":44,"1.211061088E12":133,"1.211109535E12":339,"1.211102523E12":338,"1.211052296E12":57,"1.211060503E12":122,"1.211061137E12":135,"1.21105399E12":68,"1.211092491E12":321,"1.211072285E12":226,"1.211091988E12":314,"1.211051789E12":54,"1.211064113E12":168,"1.211057943E12":96,"1.211057245E12":92,"1.211046796E12":18,"1.211061884E12":143,"1.211101272E12":334,"1.211075646E12":244,"1.211062959E12":154,"1.211066655E12":182,"1.211066449E12":180,"1.211089151E12":305,"1.211071738E12":222,"1.21106363E12":161,"1.211069053E12":197,"1.21106674E12":183,"1.211085395E12":294,"1.211083282E12":281,"1.211051708E12":53,"1.211060596E12":125,"1.211066071E12":178,"1.211047446E12":26,"1.211056884E12":87,"1.211089196E12":306,"1.211050197E12":43,"1.211074598E12":236,"1.211060163E12":115,"1.211060236E12":117,"1.211049194E12":38,"1.211059747E12":108,"1.211075683E12":245,"1.211117433E12":347,"1.211048573E12":34},"NUMBER_OF_PEOPLE":400,"minTimeSeen":1.211018404E12,"maxTimeSeen":1.211558405E12,"NEIGHBORHOOD_RADIUS":20.0,"ENCOUNTER_CHANCE":0.05,"priority":1.0,"duration":540001.0,"minutesDuration":9000.016666666666,"hoursDuration":150.00027777777777,"daysDuration":6.250011574074073}
