{"propagationData":{"1.211040101E12":5,"1.211141175E12":51,"1.211132671E12":37,"1.21113281E12":40,"1.211141864E12":54,"1.211164298E12":86,"1.211140498E12":48,"1.211141935E12":55,"1.211140814E12":50,"1.211177228E12":130,"1.211150019E12":81,"1.211176468E12":123,"1.211178361E12":136,"1.211093364E12":21,"1.211093308E12":19,"1.211169688E12":102,"1.211040425E12":6,"1.21116419E12":85,"1.211172185E12":114,"1.211101966E12":23,"1.211089878E12":17,"1.211164357E12":87,"1.211079956E12":10,"1.21110288E12":30,"1.211172054E12":112,"1.21120382E12":146,"1.211176395E12":122,"1.21113256E12":35,"1.211077447E12":8,"1.211178312E12":134,"1.211208078E12":147,"1.211176285E12":120,"1.211149359E12":80,"1.211147551E12":72,"1.211203218E12":138,"1.211089512E12":13,"1.211169657E12":101,"1.211148409E12":75,"1.211163994E12":82,"1.211132816E12":41,"1.211203598E12":143,"1.211132751E12":38,"1.211133806E12":44,"1.2111772E12":129,"1.211176568E12":125,"1.211089596E12":15,"1.211172527E12":118,"1.211177333E12":133,"1.21114698E12":67,"1.211172176E12":113,"1.211146611E12":61,"1.211146664E12":63,"1.211177296E12":132,"1.211101971E12":24,"1.211249976E12":150,"1.211203467E12":141,"1.211147437E12":70,"1.21117649E12":124,"1.21114701E12":68,"1.211147076E12":69,"1.211168739E12":99,"1.211168069E12":96,"1.211132791E12":39,"1.211081102E12":11,"1.211164162E12":83,"1.211145478E12":57,"1.211147455E12":71,"1.2111408E12":49,"1.211177252E12":131,"1.211039593E12":4,"1.211149263E12":77,"1.211166791E12":94,"1.211202877E12":137,"1.211132628E12":36,"1.211203373E12":140,"1.211171484E12":107,"1.211149349E12":79,"1.21110271E12":28,"1.211102013E12":25,"1.211025382E12":2,"1.211102828E12":29,"1.211168104E12":97,"1.211102609E12":27,"1.211141236E12":52,"1.211250637E12":151,"1.211177176E12":128,"1.211146773E12":65,"1.211165369E12":91,"1.211167986E12":95,"1.211203276E12":139,"1.211089601E12":16,"1.211171341E12":105,"1.211132873E12":42,"1.21114653E12":58,"1.211203773E12":145,"1.211093341E12":20,"1.211141252E12":53,"1.211146768E12":64,"1.211037879E12":3,"1.21116834E12":98,"1.211171525E12":108,"1.211103071E12":32,"1.211131059E12":33,"1.211146864E12":66,"1.211165185E12":89,"1.211172235E12":116,"1.211102955E12":31,"1.211168845E12":100,"1.211146596E12":59,"1.211203569E12":142,"1.211147682E12":73,"1.211143384E12":56,"1.211171451E12":106,"1.211146651E12":62,"1.211176321E12":121,"1.211140263E12":47,"1.211146603E12":60,"1.211018404E12":1,"1.211172561E12":119,"1.211148734E12":76,"1.211165335E12":90,"1.211132551E12":34,"1.211164163E12":84,"1.211169837E12":104,"1.211203618E12":144,"1.211172494E12":117,"1.211148362E12":74,"1.21125183E12":152,"1.211149316E12":78,"1.211133809E12":45,"1.211176965E12":126,"1.21116969E12":103,"1.211134381E12":46,"1.211133794E12":43,"1.211073147E12":7,"1.211077611E12":9,"1.211172053E12":111,"1.21116537E12":92,"1.211171527E12":109,"1.211208105E12":148,"1.211082619E12":12,"1.21120812E12":149,"1.211177163E12":127,"1.211172224E12":115,"1.211164546E12":88,"1.211166159E12":93,"1.211089513E12":14,"1.211093469E12":22,"1.211091021E12":18},"NUMBER_OF_PEOPLE":400,"minTimeSeen":1.211018404E12,"maxTimeSeen":1.211558405E12,"NEIGHBORHOOD_RADIUS":20.0,"ENCOUNTER_CHANCE":0.05,"priority":1.0,"duration":540001.0,"minutesDuration":9000.016666666666,"hoursDuration":150.00027777777777,"daysDuration":6.250011574074073}
