{"propagationData":{"1.211018465E12":13,"1.211027647E12":140,"1.211035944E12":242,"1.211025672E12":114,"1.21102881E12":151,"1.211023171E12":81,"1.211023685E12":87,"1.211175391E12":379,"1.211029184E12":159,"1.211027411E12":138,"1.211073519E12":351,"1.211064145E12":338,"1.211018462E12":11,"1.211030805E12":187,"1.211032017E12":201,"1.211027748E12":142,"1.21102227E12":68,"1.211023416E12":84,"1.21102374E12":89,"1.211037302E12":256,"1.211025072E12":105,"1.211025866E12":116,"1.211026475E12":129,"1.211039532E12":264,"1.211031993E12":199,"1.211260593E12":387,"1.211042168E12":285,"1.211103979E12":371,"1.211041543E12":280,"1.211100355E12":368,"1.211022374E12":69,"1.211143431E12":377,"1.211253008E12":386,"1.211023201E12":82,"1.21104102E12":273,"1.211101319E12":370,"1.211022959E12":75,"1.211030075E12":163,"1.211047897E12":298,"1.21102341E12":83,"1.211023023E12":77,"1.211037257E12":254,"1.211050131E12":309,"1.211030171E12":172,"1.211056772E12":327,"1.211033561E12":224,"1.211025003E12":103,"1.211177603E12":381,"1.211175479E12":380,"1.211036626E12":247,"1.211050297E12":311,"1.211052547E12":316,"1.211030638E12":183,"1.211024884E12":102,"1.21102917E12":158,"1.211031733E12":197,"1.211031329E12":190,"1.211068484E12":345,"1.211047586E12":297,"1.211032292E12":208,"1.211055021E12":320,"1.211036697E12":249,"1.21102013E12":59,"1.21103034E12":179,"1.211032357E12":209,"1.211032822E12":216,"1.211024656E12":96,"1.211024305E12":92,"1.211026E12":120,"1.211024869E12":101,"1.211066383E12":342,"1.211043889E12":288,"1.211045647E12":293,"1.211034695E12":231,"1.211030329E12":175,"1.21103212E12":204,"1.211018527E12":24,"1.211026995E12":136,"1.211028879E12":154,"1.211027808E12":145,"1.21102886E12":153,"1.211024376E12":94,"1.211018766E12":36,"1.211048329E12":302,"1.211040768E12":271,"1.21104103E12":275,"1.211073348E12":350,"1.211243379E12":383,"1.211052663E12":317,"1.211025398E12":112,"1.211032015E12":200,"1.211019183E12":46,"1.211037163E12":253,"1.211032024E12":202,"1.211066068E12":340,"1.211018665E12":32,"1.21103566E12":238,"1.21104988E12":307,"1.211023592E12":86,"1.21102647E12":128,"1.211025075E12":106,"1.211018762E12":35,"1.211031155E12":188,"1.21103437E12":229,"1.211034249E12":228,"1.211036677E12":248,"1.21113635E12":375,"1.211026425E12":127,"1.211040436E12":267,"1.21102615E12":124,"1.211077157E12":355,"1.211047562E12":295,"1.211080343E12":358,"1.211067893E12":344,"1.211041025E12":274,"1.211031581E12":194,"1.211044861E12":290,"1.211100991E12":369,"1.211030338E12":178,"1.211024721E12":98,"1.21101933E12":47,"1.211029094E12":157,"1.21102289E12":74,"1.211032886E12":218,"1.211019993E12":58,"1.211032129E12":206,"1.21103491E12":232,"1.211019007E12":43,"1.211057356E12":329,"1.211050565E12":313,"1.211045381E12":292,"1.211030165E12":170,"1.211032617E12":212,"1.211018464E12":12,"1.21102648E12":130,"1.211050251E12":310,"1.211032379E12":210,"1.211030317E12":174,"1.211132786E12":374,"1.211080613E12":359,"1.211050089E12":308,"1.211023086E12":79,"1.211022551E12":70,"1.211024848E12":100,"1.211018524E12":20,"1.211026007E12":121,"1.211035747E12":240,"1.211028577E12":150,"1.211075734E12":354,"1.211051109E12":314,"1.211019421E12":50,"1.211025315E12":109,"1.211052824E12":318,"1.211018404E12":10,"1.211040736E12":270,"1.211063541E12":337,"1.211068716E12":346,"1.211022268E12":66,"1.211030135E12":167,"1.211018867E12":42,"1.21104878E12":305,"1.211030133E12":166,"1.211018466E12":15,"1.211043795E12":287,"1.211037258E12":255,"1.211037162E12":252,"1.21101854E12":28,"1.211020568E12":60,"1.211228696E12":382,"1.211018531E12":26,"1.211055837E12":324,"1.21108504E12":361,"1.211039565E12":265,"1.211027399E12":137,"1.211031727E12":196,"1.211022242E12":63,"1.211091168E12":365,"1.211018739E12":33,"1.211019424E12":51,"1.211025846E12":115,"1.211056796E12":328,"1.211030708E12":186,"1.211041625E12":283,"1.211024152E12":91,"1.21103013E12":165,"1.211083511E12":360,"1.211024756E12":99,"1.211047574E12":296,"1.211063327E12":336,"1.211058177E12":333,"1.211033784E12":226,"1.211025356E12":110,"1.211026021E12":122,"1.211025906E12":118,"1.211035921E12":241,"1.211027796E12":144,"1.211032798E12":214,"1.211018587E12":30,"1.211039612E12":266,"1.211142499E12":376,"1.211056355E12":325,"1.211052844E12":319,"1.211060827E12":334,"1.211032863E12":217,"1.211249855E12":385,"1.211077459E12":356,"1.211074016E12":352,"1.211032958E12":220,"1.211028841E12":152,"1.211025035E12":104,"1.211040882E12":272,"1.211030681E12":185,"1.211030022E12":162,"1.211032795E12":213,"1.211025396E12":111,"1.211025289E12":108,"1.211028411E12":147,"1.211041151E12":276,"1.211021711E12":61,"1.211022269E12":67,"1.211026633E12":134,"1.211057777E12":331,"1.21104852E12":303,"1.21101847E12":17,"1.211068953E12":347,"1.211051624E12":315,"1.211030163E12":168,"1.211025523E12":113,"1.211031676E12":195,"1.211019092E12":44,"1.211031431E12":192,"1.211093695E12":367,"1.211018525E12":23,"1.21104426E12":289,"1.211043664E12":286,"1.211019124E12":45,"1.211041549E12":281,"1.211041945E12":284,"1.211031327E12":189,"1.211048589E12":304,"1.211023084E12":78,"1.21103227E12":207,"1.211328575E12":388,"1.211032381E12":211,"1.211026627E12":133,"1.211106267E12":372,"1.211069212E12":348,"1.211034372E12":230,"1.211019431E12":54,"1.211031555E12":193,"1.211022854E12":73,"1.211030337E12":177,"1.211037457E12":258,"1.211024713E12":97,"1.21103209E12":203,"1.211245734E12":384,"1.211073138E12":349,"1.211047936E12":299,"1.21102351E12":85,"1.21102275E12":72,"1.211057668E12":330,"1.211022239E12":62,"1.21103319E12":221,"1.211032813E12":215,"1.211018798E12":38,"1.211045258E12":291,"1.211037495E12":259,"1.211033225E12":222,"1.211025195E12":107,"1.21106755E12":343,"1.211041419E12":279,"1.211056741E12":326,"1.21103038E12":181,"1.211018564E12":29,"1.211030674E12":184,"1.211029827E12":161,"1.21109294E12":366,"1.211027511E12":139,"1.211019371E12":49,"1.211048103E12":301,"1.211035209E12":234,"1.211086653E12":363,"1.211041301E12":278,"1.211028349E12":146,"1.211022245E12":64,"1.211066256E12":341,"1.211018776E12":37,"1.211026544E12":132,"1.211035195E12":233,"1.211055402E12":322,"1.211048099E12":300,"1.211035585E12":237,"1.21102436E12":93,"1.211035949E12":243,"1.211030114E12":164,"1.211033438E12":223,"1.211049575E12":306,"1.211024403E12":95,"1.211026188E12":125,"1.21105814E12":332,"1.211035231E12":235,"1.211022266E12":65,"1.211026075E12":123,"1.211026411E12":126,"1.211025877E12":117,"1.211036002E12":244,"1.211036606E12":246,"1.211027782E12":143,"1.21103061E12":182,"1.211040711E12":269,"1.211037541E12":261,"1.21103372E12":225,"1.211026843E12":135,"1.211019597E12":55,"1.211064305E12":339,"1.211061759E12":335,"1.211028475E12":148,"1.211032122E12":205,"1.211018803E12":39,"1.211024093E12":90,"1.21101859E12":31,"1.211127104E12":373,"1.211037315E12":257,"1.211019426E12":53,"1.211031965E12":198,"1.211022967E12":76,"1.211023149E12":80,"1.211023725E12":88,"1.211027703E12":141,"1.211018837E12":41,"1.211174983E12":378,"1.211037158E12":251,"1.21103295E12":219,"1.211019961E12":56,"1.211050502E12":312,"1.211018532E12":27,"1.211038464E12":262,"1.211018817E12":40,"1.211019367E12":48,"1.211055294E12":321,"1.211040442E12":268,"1.211036227E12":245,"1.211026524E12":131,"1.211035367E12":236,"1.211039408E12":263,"1.211028972E12":156,"1.211080235E12":357,"1.211034242E12":227,"1.211030164E12":169,"1.211028485E12":149,"1.211030336E12":176,"1.211030268E12":173,"1.211036724E12":250,"1.211031342E12":191,"1.211037538E12":260,"1.211035724E12":239,"1.211025909E12":119,"1.211086644E12":362,"1.211028912E12":155,"1.211055701E12":323,"1.211029266E12":160,"1.211041606E12":282,"1.211075649E12":353,"1.211018744E12":34,"1.211030347E12":180,"1.211045816E12":294,"1.211041162E12":277,"1.211018467E12":16,"1.211087028E12":364},"NUMBER_OF_PEOPLE":400,"minTimeSeen":1.211018404E12,"maxTimeSeen":1.211558405E12,"NEIGHBORHOOD_RADIUS":20.0,"ENCOUNTER_CHANCE":0.05,"priority":1.0,"duration":540001.0,"minutesDuration":9000.016666666666,"hoursDuration":150.00027777777777,"daysDuration":6.250011574074073}
