{"propagationData":{"1.211118786E12":373,"1.211047696E12":182,"1.211042145E12":81,"1.211055414E12":262,"1.211044282E12":135,"1.21109593E12":367,"1.211043077E12":108,"1.211044129E12":130,"1.211055875E12":270,"1.211069713E12":332,"1.211040427E12":44,"1.211069974E12":334,"1.211042749E12":101,"1.211043981E12":124,"1.21105425E12":249,"1.211068496E12":328,"1.211041879E12":77,"1.211042442E12":93,"1.211046349E12":159,"1.211047495E12":175,"1.211142667E12":380,"1.211119843E12":374,"1.21104382E12":121,"1.211043309E12":115,"1.211069024E12":329,"1.211045913E12":152,"1.211034627E12":4,"1.211041093E12":66,"1.211041646E12":73,"1.211055588E12":267,"1.211076965E12":350,"1.211037303E12":13,"1.211055537E12":264,"1.211047586E12":179,"1.211039015E12":29,"1.211055333E12":261,"1.211079026E12":352,"1.21104074E12":52,"1.211053274E12":242,"1.21105759E12":277,"1.21104777E12":184,"1.211038314E12":21,"1.211056756E12":272,"1.211059574E12":287,"1.211088834E12":362,"1.211043054E12":107,"1.211053052E12":239,"1.21105104E12":227,"1.211035604E12":6,"1.211046441E12":163,"1.211042576E12":99,"1.211063836E12":312,"1.211052284E12":236,"1.211047214E12":174,"1.211071128E12":337,"1.211038161E12":16,"1.211057687E12":278,"1.211040687E12":49,"1.211046033E12":153,"1.211074178E12":346,"1.21104314E12":113,"1.211040423E12":41,"1.211043961E12":122,"1.211043702E12":118,"1.211072545E12":340,"1.211045436E12":149,"1.211041003E12":60,"1.211046411E12":162,"1.211041495E12":70,"1.21105524E12":258,"1.211048128E12":192,"1.211038401E12":22,"1.211262382E12":387,"1.211044132E12":131,"1.211049437E12":206,"1.211041054E12":62,"1.211038421E12":23,"1.211046234E12":157,"1.211038628E12":26,"1.211042189E12":83,"1.211056872E12":273,"1.211038266E12":20,"1.211042342E12":90,"1.211041308E12":67,"1.21105396E12":248,"1.211018404E12":1,"1.21107028E12":336,"1.211036427E12":8,"1.211046819E12":167,"1.211044747E12":138,"1.21105554E12":265,"1.211050191E12":216,"1.211043105E12":109,"1.211047184E12":173,"1.211041334E12":68,"1.211051083E12":230,"1.211229893E12":385,"1.211111241E12":371,"1.211042192E12":84,"1.211045405E12":146,"1.211062486E12":305,"1.211354138E12":388,"1.211047054E12":172,"1.211047574E12":178,"1.211124134E12":376,"1.211058976E12":283,"1.211065285E12":314,"1.211044931E12":142,"1.211088676E12":361,"1.211038163E12":17,"1.211260588E12":386,"1.211048291E12":195,"1.21113748E12":377,"1.211040425E12":42,"1.211040715E12":50,"1.211042815E12":102,"1.211137888E12":378,"1.211038428E12":24,"1.21105352E12":244,"1.211046346E12":158,"1.211042004E12":80,"1.211057874E12":280,"1.211039436E12":32,"1.211042541E12":97,"1.211037268E12":12,"1.21104093E12":57,"1.211043664E12":117,"1.211050319E12":218,"1.211060836E12":295,"1.211044105E12":129,"1.211040154E12":35,"1.211092397E12":365,"1.211040176E12":37,"1.211044244E12":133,"1.211041668E12":74,"1.211062576E12":307,"1.211049024E12":203,"1.211042336E12":89,"1.211059865E12":289,"1.211059446E12":285,"1.211065406E12":317,"1.211052223E12":234,"1.211045398E12":145,"1.211037859E12":15,"1.211042323E12":86,"1.211049503E12":207,"1.211041487E12":69,"1.211049902E12":211,"1.211042697E12":100,"1.211040682E12":48,"1.211175485E12":381,"1.211375687E12":389,"1.211051098E12":231,"1.211036716E12":9,"1.211055536E12":263,"1.211067535E12":323,"1.211064046E12":313,"1.211068052E12":326,"1.211040419E12":39,"1.211041056E12":64,"1.211046156E12":156,"1.211053175E12":240,"1.211055241E12":259,"1.211056953E12":274,"1.211056327E12":271,"1.211048403E12":196,"1.211048279E12":194,"1.211053201E12":241,"1.211046383E12":160,"1.211048678E12":200,"1.211042388E12":91,"1.211046825E12":168,"1.21104769E12":181,"1.211053723E12":246,"1.211046624E12":164,"1.211036418E12":7,"1.211060907E12":296,"1.211061671E12":302,"1.211038503E12":25,"1.211073979E12":345,"1.211062971E12":309,"1.211055624E12":268,"1.211058891E12":281,"1.211050109E12":215,"1.211075939E12":348,"1.211082581E12":354,"1.211099108E12":370,"1.211089188E12":363,"1.211050673E12":225,"1.211042194E12":85,"1.2110491E12":204,"1.211076441E12":349,"1.211047568E12":177,"1.211060152E12":292,"1.21104785E12":186,"1.211082995E12":355,"1.211082148E12":353,"1.211040926E12":56,"1.211050366E12":219,"1.211057446E12":276,"1.211068292E12":327,"1.211048117E12":191,"1.211045413E12":147,"1.211051673E12":233,"1.211038197E12":19,"1.211042335E12":88,"1.211058969E12":282,"1.211073711E12":342,"1.211069099E12":330,"1.21109072E12":364,"1.211062167E12":303,"1.211055038E12":255,"1.211040751E12":53,"1.211055225E12":257,"1.211093515E12":366,"1.211044844E12":139,"1.21107421E12":347,"1.211047837E12":185,"1.211041055E12":63,"1.211057153E12":275,"1.211084496E12":357,"1.211063129E12":311,"1.211069757E12":333,"1.211073714E12":343,"1.211043136E12":112,"1.21105384E12":247,"1.211048776E12":202,"1.211049765E12":209,"1.211043772E12":120,"1.211043595E12":116,"1.211069986E12":335,"1.211054272E12":251,"1.211040716E12":51,"1.211054262E12":250,"1.211065358E12":315,"1.211055789E12":269,"1.211045841E12":151,"1.211040304E12":38,"1.211047718E12":183,"1.21104752E12":176,"1.21104107E12":65,"1.211043269E12":114,"1.21104016E12":36,"1.211052853E12":237,"1.211041509E12":71,"1.211051072E12":229,"1.211066202E12":318,"1.211043705E12":119,"1.211050001E12":212,"1.211039642E12":33,"1.211037243E12":11,"1.211115356E12":372,"1.211067671E12":324,"1.211048056E12":190,"1.211085745E12":360,"1.211041814E12":76,"1.211048682E12":201,"1.211061649E12":301,"1.211068026E12":325,"1.211042962E12":105,"1.211071984E12":338,"1.211043E12":106,"1.211062493E12":306,"1.21104671E12":165,"1.211050403E12":220,"1.21104841E12":198,"1.211066424E12":320,"1.211036776E12":10,"1.211052959E12":238,"1.211055556E12":266,"1.211042328E12":87,"1.211026629E12":2,"1.211061209E12":298,"1.211072058E12":339,"1.211085074E12":358,"1.211138912E12":379,"1.21104428E12":134,"1.211042849E12":104,"1.211054372E12":252,"1.211040973E12":58,"1.21104098E12":59,"1.211049118E12":205,"1.211053494E12":243,"1.211053639E12":245,"1.211122496E12":375,"1.211044035E12":126,"1.211066356E12":319,"1.211052236E12":235,"1.211042516E12":96,"1.211046965E12":170,"1.211050651E12":223,"1.21104577E12":150,"1.211060403E12":294,"1.211046385E12":161,"1.211040426E12":43,"1.211039401E12":30,"1.211044134E12":132,"1.211043124E12":111,"1.211047904E12":189,"1.211055283E12":260,"1.211060364E12":293,"1.211046882E12":169,"1.211034439E12":3,"1.211181648E12":382,"1.211045416E12":148,"1.211043965E12":123,"1.211050063E12":214,"1.211059867E12":290,"1.211050548E12":222,"1.211054812E12":253,"1.211048405E12":197,"1.211050537E12":221,"1.211038815E12":27,"1.211044032E12":125,"1.211044286E12":136,"1.211057701E12":279,"1.211048275E12":193,"1.211038183E12":18,"1.211044874E12":141,"1.211062464E12":304,"1.211097374E12":369,"1.211062943E12":308,"1.211051048E12":228,"1.211054946E12":254,"1.21106107E12":297,"1.211046073E12":155,"1.211037316E12":14,"1.21109646E12":368,"1.211040911E12":55,"1.21104485E12":140,"1.211078385E12":351,"1.21104088E12":54,"1.211041963E12":78,"1.211050277E12":217,"1.211047874E12":187,"1.21105915E12":284,"1.211039406E12":31,"1.211073957E12":344,"1.211047003E12":171,"1.211059717E12":288,"1.211041044E12":61,"1.211041535E12":72,"1.21105152E12":232,"1.211046034E12":154,"1.211085305E12":359,"1.211042501E12":95,"1.211049882E12":210,"1.211045184E12":144,"1.211042146E12":82,"1.21104042E12":40,"1.211035104E12":5,"1.211040534E12":46,"1.211043106E12":110,"1.211061246E12":299,"1.211040128E12":34,"1.211209819E12":383,"1.211044047E12":128,"1.211041686E12":75,"1.211067104E12":322,"1.211084472E12":356,"1.211040646E12":47,"1.211067092E12":321,"1.211069702E12":331,"1.211042843E12":103,"1.211055073E12":256,"1.211050655E12":224,"1.211039004E12":28,"1.211042462E12":94,"1.211046711E12":166,"1.211040463E12":45,"1.211073478E12":341,"1.211047621E12":180,"1.211065365E12":316,"1.211047898E12":188,"1.211051003E12":226,"1.211042441E12":92,"1.211042574E12":98,"1.211041999E12":79,"1.211045073E12":143,"1.211221994E12":384,"1.211050044E12":213,"1.211049711E12":208,"1.211059448E12":286,"1.211061524E12":300,"1.211044727E12":137,"1.211044041E12":127,"1.211048517E12":199,