{"propagationData":{"1.211147242E12":257,"1.211082372E12":117,"1.211084487E12":138,"1.211208039E12":275,"1.211071163E12":50,"1.211078116E12":89,"1.211148687E12":263,"1.211084192E12":131,"1.211068817E12":40,"1.211060065E12":10,"1.211092324E12":176,"1.211071382E12":52,"1.211142515E12":254,"1.211096193E12":195,"1.211100308E12":208,"1.211065639E12":27,"1.211214554E12":277,"1.21106623E12":29,"1.211088819E12":170,"1.211075814E12":70,"1.211164459E12":270,"1.211071977E12":58,"1.211085408E12":149,"1.211070922E12":49,"1.211215108E12":278,"1.211068737E12":37,"1.211149037E12":266,"1.21109215E12":172,"1.211142123E12":249,"1.211098848E12":205,"1.211087891E12":168,"1.211077207E12":80,"1.211067238E12":33,"1.211218054E12":285,"1.211071408E12":53,"1.211097125E12":198,"1.211106616E12":229,"1.211086335E12":159,"1.211075739E12":69,"1.211075908E12":74,"1.21107154E12":54,"1.211086752E12":160,"1.211147271E12":259,"1.211056205E12":7,"1.211082589E12":120,"1.211086812E12":161,"1.211099E12":207,"1.211092711E12":181,"1.211064278E12":23,"1.211141821E12":247,"1.211079735E12":95,"1.211082731E12":122,"1.211085021E12":145,"1.211087679E12":163,"1.211056545E12":8,"1.211084245E12":133,"1.211064248E12":20,"1.211140375E12":245,"1.211085385E12":148,"1.211075824E12":71,"1.211080464E12":103,"1.211074488E12":62,"1.211092415E12":179,"1.211084228E12":132,"1.211106174E12":226,"1.211067877E12":35,"1.211164314E12":268,"1.211081851E12":113,"1.211100989E12":213,"1.211081237E12":110,"1.211100576E12":209,"1.211078913E12":93,"1.211082063E12":114,"1.211086062E12":153,"1.211078087E12":87,"1.211086166E12":155,"1.211087866E12":167,"1.211064277E12":22,"1.211065065E12":25,"1.211147434E12":262,"1.211111756E12":234,"1.211080667E12":109,"1.211053385E12":5,"1.211104173E12":216,"1.211108824E12":232,"1.211070806E12":47,"1.211140366E12":244,"1.211063783E12":14,"1.211082569E12":119,"1.211079755E12":96,"1.211106248E12":228,"1.211074664E12":66,"1.211065367E12":26,"1.21110446E12":220,"1.211075913E12":75,"1.211087778E12":164,"1.211083236E12":126,"1.211084621E12":141,"1.211100955E12":211,"1.211104952E12":223,"1.211095841E12":192,"1.211082404E12":118,"1.211084156E12":129,"1.211070855E12":48,"1.211080184E12":99,"1.211164326E12":269,"1.211106632E12":230,"1.211104451E12":219,"1.211074507E12":63,"1.211082631E12":121,"1.211087847E12":166,"1.211092766E12":184,"1.211216445E12":279,"1.211136028E12":239,"1.211078889E12":91,"1.211102059E12":215,"1.211075539E12":67,"1.211064766E12":24,"1.211148876E12":265,"1.211207672E12":274,"1.211018404E12":1,"1.211069297E12":43,"1.211092146E12":171,"1.21111156E12":233,"1.211071688E12":55,"1.211080641E12":107,"1.21106951E12":44,"1.21109272E12":182,"1.211140276E12":242,"1.211075653E12":68,"1.211142488E12":253,"1.211084549E12":140,"1.211075922E12":76,"1.211068801E12":39,"1.211148758E12":264,"1.211104183E12":217,"1.211083446E12":128,"1.211084978E12":143,"1.211066748E12":32,"1.211076181E12":79,"1.211075929E12":77,"1.211085521E12":151,"1.211102041E12":214,"1.211034896E12":3,"1.211080275E12":101,"1.211061718E12":12,"1.211075881E12":73,"1.211140191E12":241,"1.211086311E12":158,"1.211078084E12":86,"1.211074574E12":65,"1.21108145E12":111,"1.211097136E12":199,"1.21108453E12":139,"1.211078819E12":90,"1.211104201E12":218,"1.211097165E12":200,"1.211096453E12":196,"1.211071175E12":51,"1.211072E12":59,"1.211063884E12":16,"1.211095891E12":193,"1.211147272E12":260,"1.211141843E12":248,"1.211080273E12":100,"1.211076069E12":78,"1.211060628E12":11,"1.211075856E12":72,"1.211088448E12":169,"1.211084257E12":134,"1.211084436E12":136,"1.21108502E12":144,"1.211083286E12":127,"1.211100595E12":210,"1.211078088E12":88,"1.211147256E12":258,"1.211142199E12":251,"1.21108061E12":106,"1.211092976E12":187,"1.211218472E12":286,"1.21110666E12":231,"1.211078011E12":85,"1.211086015E12":152,"1.211097463E12":203,"1.211092459E12":180,"1.211095552E12":191,"1.211142137E12":250,"1.21106801E12":36,"1.211086294E12":156,"1.211063748E12":13,"1.211136113E12":240,"1.211092261E12":174,"1.211141484E12":246,"1.211071901E12":56,"1.211072227E12":60,"1.211216657E12":280,"1.211147285E12":261,"1.211146951E12":256,"1.21107451E12":64,"1.211208066E12":276,"1.211069688E12":45,"1.211092762E12":183,"1.211074365E12":61,"1.211092337E12":177,"1.211084849E12":142,"1.211092987E12":188,"1.211106064E12":225,"1.211085141E12":147,"1.211087649E12":162,"1.211098993E12":206,"1.211082343E12":116,"1.211085092E12":146,"1.211142329E12":252,"1.21108053E12":104,"1.211164476E12":271,"1.211054218E12":6,"1.211080654E12":108,"1.211084185E12":130,"1.211066694E12":31,"1.211094296E12":190,"1.211106206E12":227,"1.211083013E12":124,"1.211104926E12":222,"1.21108309E12":125,"1.2111123E12":235,"1.211097448E12":202,"1.211071955E12":57,"1.211069233E12":42,"1.211064264E12":21,"1.211064168E12":17,"1.211105878E12":224,"1.211135988E12":237,"1.211097221E12":201,"1.211079857E12":98,"1.211029919E12":2,"1.211068763E12":38,"1.211082333E12":115,"1.211092339E12":178,"1.211084313E12":135,"1.211080284E12":102,"1.211164655E12":273,"1.211092159E12":173,"1.211079709E12":94,"1.211064178E12":18,"1.211077451E12":82,"1.211092317E12":175,"1.211098835E12":204,"1.211096129E12":194,"1.211079759E12":97,"1.211063854E12":15,"1.211068844E12":41,"1.211086081E12":154,"1.211087828E12":165,"1.211077464E12":83,"1.211085455E12":150,"1.211136008E12":238,"1.211218003E12":284,"1.211057422E12":9,"1.211217244E12":282,"1.211092908E12":186,"1.211217577E12":283,"1.211077327E12":81,"1.211146922E12":255,"1.211084447E12":137,"1.211036102E12":4,"1.211092992E12":189,"1.211160142E12":267,"1.211116311E12":236,"1.211065903E12":28,"1.211080609E12":105,"1.211096559E12":197,"1.211067455E12":34,"1.21110448E12":221,"1.211081836E12":112,"1.211077992E12":84,"1.211064181E12":19,"1.211070269E12":46,"1.211164643E12":272,"1.211092892E12":185,"1.211066335E12":30,"1.211086297E12":157,"1.211140287E12":243,"1.211100956E12":212,"1.211078906E12":92,"1.211217035E12":281,"1.211082757E12":123},"NUMBER_OF_PEOPLE":400,"minTimeSeen":1.211018404E12,"maxTimeSeen":1.211558405E12,"NEIGHBORHOOD_RADIUS":20.0,"ENCOUNTER_CHANCE":0.05,"priority":1.0,"duration":540001.0,"minutesDuration":9000.016666666666,"hoursDuration":150.00027777777777,"daysDuration":6.250011574074073}
