{"propagationData":{"1.211050309E12":276,"1.211093922E12":355,"1.211038279E12":189,"1.211018771E12":32,"1.211044051E12":242,"1.211018496E12":25,"1.211318759E12":370,"1.211058203E12":317,"1.21104311E12":236,"1.211093064E12":352,"1.21103722E12":176,"1.211062843E12":321,"1.211048782E12":269,"1.211018881E12":38,"1.211038528E12":195,"1.211022371E12":52,"1.211047566E12":260,"1.211035047E12":158,"1.211037928E12":186,"1.21103818E12":188,"1.211033597E12":137,"1.211040193E12":205,"1.211018452E12":20,"1.211092023E12":349,"1.211026055E12":80,"1.211034689E12":155,"1.211025896E12":75,"1.211033978E12":144,"1.211018416E12":13,"1.211033721E12":140,"1.21105106E12":281,"1.21103596E12":165,"1.211068524E12":328,"1.211057352E12":312,"1.211046018E12":249,"1.211043957E12":239,"1.211025667E12":72,"1.211033962E12":143,"1.211037208E12":173,"1.211041507E12":225,"1.21105196E12":287,"1.211050142E12":274,"1.211041417E12":222,"1.211018409E12":8,"1.21104791E12":262,"1.211044002E12":241,"1.211063335E12":324,"1.211052925E12":292,"1.21103787E12":184,"1.211041488E12":224,"1.21103072E12":97,"1.211051496E12":286,"1.211057872E12":316,"1.211051287E12":284,"1.211042368E12":228,"1.211028344E12":89,"1.211095885E12":356,"1.211018423E12":19,"1.211032773E12":125,"1.211052986E12":293,"1.211037858E12":183,"1.211038344E12":191,"1.211038177E12":187,"1.211018609E12":28,"1.2110433E12":237,"1.211031055E12":102,"1.211051082E12":283,"1.211048902E12":271,"1.211056545E12":305,"1.211056202E12":302,"1.21104145E12":223,"1.211032063E12":113,"1.211057371E12":314,"1.211050681E12":279,"1.211032391E12":122,"1.211023907E12":58,"1.211316624E12":365,"1.211046999E12":257,"1.21104044E12":210,"1.211018412E12":10,"1.211062899E12":322,"1.211045783E12":247,"1.211045439E12":245,"1.211026034E12":79,"1.211040829E12":213,"1.211018757E12":31,"1.211030953E12":101,"1.211033727E12":141,"1.21104721E12":259,"1.21104637E12":251,"1.211050315E12":277,"1.211032003E12":109,"1.211021993E12":50,"1.211031226E12":106,"1.211032967E12":130,"1.211056072E12":300,"1.211037766E12":180,"1.211037913E12":185,"1.211041152E12":218,"1.211018914E12":39,"1.211092867E12":351,"1.211040804E12":212,"1.211057321E12":311,"1.211063562E12":325,"1.2110185E12":27,"1.211039531E12":200,"1.211038604E12":197,"1.211040273E12":207,"1.211034036E12":145,"1.211061883E12":320,"1.211037216E12":175,"1.211038607E12":198,"1.211046428E12":253,"1.211018414E12":11,"1.211018919E12":40,"1.211038346E12":192,"1.211018406E12":7,"1.21103386E12":142,"1.211072082E12":332,"1.211031155E12":104,"1.211031158E12":105,"1.211034255E12":151,"1.211083693E12":340,"1.21104877E12":268,"1.211029637E12":91,"1.211027863E12":88,"1.211039583E12":201,"1.211026283E12":81,"1.211019267E12":46,"1.21105837E12":318,"1.211023469E12":56,"1.211025642E12":71,"1.21102705E12":86,"1.211039673E12":202,"1.211025632E12":70,"1.211035862E12":163,"1.211072701E12":336,"1.211018494E12":24,"1.211035691E12":162,"1.211044132E12":244,"1.211056825E12":308,"1.211046567E12":254,"1.211053608E12":295,"1.211068502E12":327,"1.211072427E12":334,"1.211025908E12":76,"1.211046654E12":256,"1.211018453E12":21,"1.211032014E12":110,"1.211056291E12":303,"1.21105227E12":290,"1.211033347E12":133,"1.211034954E12":156,"1.211037768E12":181,"1.211040136E12":203,"1.211027422E12":87,"1.211059279E12":319,"1.211034674E12":154,"1.211096001E12":357,"1.211018404E12":6,"1.211022498E12":53,"1.211303857E12":362,"1.211031624E12":108,"1.211069833E12":330,"1.211035971E12":166,"1.211050084E12":273,"1.211042322E12":227,"1.211315697E12":364,"1.211042369E12":229,"1.211035926E12":164,"1.211056169E12":301,"1.211025506E12":67,"1.211019501E12":48,"1.211093222E12":354,"1.211048696E12":267,"1.211033479E12":136,"1.211042871E12":234,"1.211032031E12":111,"1.211034122E12":146,"1.21103041E12":93,"1.211018419E12":14,"1.211019025E12":43,"1.211034163E12":148,"1.211056455E12":304,"1.211038575E12":196,"1.211040833E12":214,"1.211029489E12":90,"1.211046385E12":252,"1.211025029E12":64,"1.211104727E12":361,"1.211316835E12":366,"1.211025058E12":65,"1.211032147E12":117,"1.211047054E12":258,"1.211019046E12":44,"1.211043994E12":240,"1.211026929E12":85,"1.21102399E12":61,"1.21103216E12":119,"1.211104419E12":359,"1.211030513E12":95,"1.211041386E12":221,"1.211018826E12":37,"1.211092264E12":350,"1.211025936E12":77,"1.211317414E12":367,"1.211315504E12":363,"1.211018411E12":9,"1.211033687E12":138,"1.211048822E12":270,"1.211026506E12":83,"1.211083688E12":339,"1.211018421E12":18,"1.211055149E12":296,"1.211057051E12":310,"1.211031057E12":103,"1.211050725E12":280,"1.211040269E12":206,"1.211052055E12":288,"1.211040882E12":215,"1.211043793E12":238,"1.211071796E12":331,"1.211025579E12":69,"1.21103204E12":112,"1.211042371E12":230,"1.211030751E12":98,"1.211018816E12":34,"1.211034252E12":150,"1.211034655E12":153,"1.21101847E12":23,"1.211085104E12":346,"1.21104105E12":217,"1.211032929E12":128,"1.211036935E12":169,"1.21103042E12":94,"1.211035512E12":161,"1.2110466E12":255,"1.21102215E12":51,"1.211018823E12":36,"1.211051078E12":282,"1.211037794E12":182,"1.211093125E12":353,"1.211026586E12":84,"1.211048418E12":265,"1.211036472E12":167,"1.211042489E12":231,"1.211018721E12":29,"1.211038524E12":194,"1.211022768E12":55,"1.211025745E12":73,"1.211032069E12":114,"1.211041189E12":219,"1.211019005E12":41,"1.21103745E12":177,"1.211057458E12":315,"1.211018469E12":22,"1.211034437E12":152,"1.211041374E12":220,"1.211024914E12":63,"1.211041922E12":226,"1.211032807E12":126,"1.211032102E12":116,"1.211083184E12":338,"1.211055229E12":297,"1.211072641E12":335,"1.211046138E12":250,"1.211025891E12":74,"1.211098232E12":358,"1.211018818E12":35,"1.211038332E12":190,"1.211052223E12":289,"1.211051288E12":285,"1.211037121E12":170,"1.211318027E12":369,"1.21104035E12":209,"1.21104413E12":243,"1.211024076E12":62,"1.211032152E12":118,"1.211042889E12":235,"1.211035209E12":160,"1.211047729E12":261,"1.211023936E12":59,"1.211018415E12":12,"1.211025966E12":78,"1.211062974E12":323,"1.211019012E12":42,"1.211031275E12":107,"1.21103218E12":120,"1.211032631E12":123,"1.211034206E12":149,"1.211040345E12":208,"1.211023904E12":57,"1.211084949E12":345,"1.211053256E12":294,"1.211050193E12":275,"1.21103837E12":193,"1.211056865E12":309,"1.211021924E12":49,"1.211022626E12":54,"1.211050083E12":272,"1.211018808E12":33,"1.211033353E12":135,"1.211104501E12":360,"1.211032383E12":121,"1.211083733E12":341,"1.211055731E12":298,"1.211084521E12":343,"1.211056562E12":306,"1.211063705E12":326,"1.211034994E12":157,"1.211056759E12":307,"1.211091111E12":347,"1.211032937E12":129,"1.211018498E12":26,"1.211032074E12":115,"1.211048458E12":266,"1.211033172E12":131,"1.211317535E12":368,"1.211042692E12":232,"1.211048134E12":263,"1.211019475E12":47,"1.211025069E12":66,"1.21101842E12":16,"1.211030406E12":92,"1.211037536E12":178,"1.211018751E12":30,"1.211037558E12":179,"1.211052296E12":291,"1.211045946E12":248,"1.211019242E12":45,"1.211083846E12":342,"1.211045518E12":246,"1.211073331E12":337,"1.211041029E12":216,"1.211033711E12":139,"1.211030791E12":99,"1.21102394E12":60,"1.21103516E12":159,"1.211091526E12":348,"1.211050632E12":278,"1.211040137E12":204,"1.211032735E12":124,"1.211072331E12":333,"1.211033348E12":134,"1.21103945E12":199,"1.2110697E12":329,"1.211036576E12":168,"1.211055883E12":299,"1.211025557E12":68,"1.211084545E12":344,"1.211030915E12":100,"1.21103717E12":171,"1.211034125E12":147,"1.211032811E12":127,"1.211048258E12":264,"1.211033324E12":132,"1.21105737E12":313,"1.211042837E12":233},"NUMBER_OF_PEOPLE":400,"minTimeSeen":1.211018404E12,"maxTimeSeen":1.211558405E12,"NEIGHBORHOOD_RADIUS":20.0,"ENCOUNTER_CHANCE":0.05,"priority":1.0,"duration":540001.0,"minutesDuration":9000.016666666666,"hoursDuration":150.00027777777777,"daysDuration":6.250011574074073}
