{"propagationData":{"1.211050376E12":247,"1.211019155E12":3,"1.211038739E12":184,"1.211087653E12":358,"1.211038025E12":173,"1.211038708E12":182,"1.21105301E12":265,"1.211024922E12":30,"1.211103103E12":368,"1.211077876E12":336,"1.21106562E12":309,"1.211036753E12":157,"1.211030706E12":85,"1.211206005E12":382,"1.211038888E12":186,"1.211067921E12":317,"1.211065323E12":308,"1.211062606E12":306,"1.211043444E12":216,"1.211076648E12":333,"1.211048274E12":235,"1.211079088E12":343,"1.211024057E12":26,"1.211068718E12":318,"1.211023215E12":11,"1.211036723E12":156,"1.211117732E12":373,"1.211025577E12":38,"1.211053507E12":270,"1.211058571E12":296,"1.211025176E12":33,"1.211022884E12":6,"1.211026475E12":44,"1.211030827E12":89,"1.211080466E12":346,"1.211074836E12":331,"1.211025415E12":36,"1.211061885E12":303,"1.211029454E12":61,"1.21102392E12":23,"1.211039886E12":193,"1.211032658E12":123,"1.211038875E12":185,"1.211085922E12":354,"1.211037104E12":160,"1.211056004E12":282,"1.211027378E12":47,"1.211036825E12":158,"1.21108858E12":359,"1.211022859E12":5,"1.211031421E12":102,"1.211055442E12":280,"1.211049552E12":240,"1.211113206E12":371,"1.211065957E12":310,"1.2110445E12":223,"1.211029541E12":62,"1.211051062E12":256,"1.211043605E12":217,"1.211034503E12":135,"1.211051085E12":257,"1.21104143E12":198,"1.211033588E12":133,"1.211050102E12":243,"1.211031501E12":103,"1.211040716E12":196,"1.211078574E12":342,"1.211036655E12":153,"1.21106753E12":314,"1.211032986E12":126,"1.211066038E12":311,"1.211031931E12":108,"1.211092285E12":364,"1.211036676E12":155,"1.211055352E12":279,"1.211032762E12":124,"1.21105023E12":244,"1.211025949E12":40,"1.211032211E12":113,"1.211052898E12":264,"1.211030685E12":84,"1.211029726E12":64,"1.211070728E12":325,"1.211035861E12":147,"1.211068748E12":319,"1.211025096E12":31,"1.211042018E12":205,"1.211032454E12":119,"1.211092079E12":361,"1.211046023E12":227,"1.211056177E12":284,"1.211025398E12":35,"1.2110308E12":86,"1.211052297E12":262,"1.211041052E12":197,"1.211023224E12":12,"1.21105337E12":268,"1.211046454E12":229,"1.211058488E12":295,"1.211029443E12":60,"1.211034757E12":139,"1.211042904E12":213,"1.211235643E12":385,"1.211070651E12":324,"1.211050716E12":250,"1.211030465E12":81,"1.211028884E12":54,"1.211050287E12":245,"1.211050947E12":254,"1.21103603E12":148,"1.211041636E12":199,"1.21107385E12":328,"1.21105679E12":288,"1.211057392E12":290,"1.211050443E12":248,"1.211048537E12":236,"1.211030008E12":70,"1.211074794E12":330,"1.211037648E12":167,"1.211055228E12":278,"1.21103469E12":137,"1.211032178E12":112,"1.211056412E12":286,"1.211024511E12":28,"1.211025855E12":39,"1.211031976E12":109,"1.211037151E12":162,"1.211030207E12":75,"1.211025533E12":37,"1.211039765E12":191,"1.211031783E12":105,"1.211117827E12":374,"1.211083915E12":348,"1.211043305E12":215,"1.211044019E12":221,"1.211057457E12":291,"1.211038453E12":180,"1.211037932E12":172,"1.211030225E12":77,"1.211061585E12":301,"1.211052408E12":263,"1.211022905E12":7,"1.211036487E12":149,"1.211085226E12":351,"1.211029918E12":69,"1.211031022E12":98,"1.211030202E12":74,"1.211029123E12":55,"1.211053284E12":267,"1.211030914E12":94,"1.211031102E12":99,"1.21103872E12":183,"1.211069519E12":321,"1.211032237E12":115,"1.211033257E12":129,"1.211018404E12":1,"1.211092093E12":362,"1.211070448E12":323,"1.211067685E12":315,"1.211043161E12":214,"1.211050852E12":253,"1.211030472E12":82,"1.211030836E12":90,"1.211053763E12":271,"1.211035829E12":145,"1.211058289E12":293,"1.211030142E12":73,"1.211046771E12":232,"1.211041958E12":203,"1.211030018E12":71,"1.211039496E12":190,"1.211036864E12":159,"1.211062671E12":307,"1.211056777E12":287,"1.211030921E12":95,"1.211042358E12":210,"1.211037218E12":164,"1.211030428E12":80,"1.211038362E12":177,"1.211033527E12":132,"1.211038291E12":175,"1.21103765E12":168,"1.211033266E12":130,"1.211080507E12":347,"1.211036637E12":152,"1.211032221E12":114,"1.211030898E12":93,"1.211032135E12":111,"1.211035858E12":146,"1.21104176E12":201,"1.211030861E12":91,"1.211032317E12":116,"1.211050058E12":242,"1.211104303E12":369,"1.211069577E12":322,"1.211044586E12":225,"1.211094708E12":366,"1.211023339E12":13,"1.211029378E12":59,"1.2110299E12":68,"1.211023691E12":19,"1.211114501E12":372,"1.211049993E12":241,"1.211039492E12":189,"1.21102401E12":25,"1.211051718E12":261,"1.211104865E12":370,"1.211053022E12":266,"1.211078212E12":339,"1.211044519E12":224,"1.211037265E12":165,"1.211078085E12":338,"1.211056139E12":283,"1.211023702E12":20,"1.211038514E12":181,"1.211127704E12":376,"1.211025162E12":32,"1.21105894E12":297,"1.211030816E12":87,"1.211062128E12":304,"1.211061655E12":302,"1.211039971E12":195,"1.211043735E12":218,"1.211067869E12":316,"1.211026459E12":43,"1.211051514E12":260,"1.211085369E12":352,"1.211077951E12":337,"1.211031393E12":101,"1.211037668E12":169,"1.211074552E12":329,"1.211033076E12":128,"1.211050675E12":249,"1.211044022E12":222,"1.211037815E12":171,"1.211066138E12":312,"1.211083999E12":349,"1.211056265E12":285,"1.211042273E12":209,"1.211042101E12":207,"1.211023665E12":18,"1.211062214E12":305,"1.211039436E12":187,"1.2110365E12":151,"1.211084631E12":350,"1.211073839E12":327,"1.2111839E12":381,"1.211050328E12":246,"1.211037268E12":166,"1.211023522E12":17,"1.211032994E12":127,"1.211092686E12":365,"1.211044012E12":219,"1.211023448E12":15,"1.211042265E12":208,"1.211024877E12":29,"1.211026429E12":42,"1.211047818E12":234,"1.211030223E12":76,"1.211054596E12":276,"1.211031011E12":97,"1.211051113E12":258,"1.211039445E12":188,"1.21103245E12":118,"1.211046823E12":233,"1.211050749E12":252,"1.211037804E12":170,"1.211079198E12":344,"1.211023721E12":21,"1.211042399E12":212,"1.211054166E12":274,"1.211102641E12":367,"1.211019219E12":4,"1.211042386E12":211,"1.211046475E12":230,"1.211050742E12":251,"1.211050971E12":255,"1.211027477E12":49,"1.211032018E12":110,"1.211029654E12":63,"1.211029197E12":56,"1.211034706E12":138,"1.211077037E12":335,"1.211057206E12":289,"1.211078351E12":341,"1.211135212E12":378,"1.211035415E12":141,"1.211035046E12":140,"1.211060375E12":299,"1.211162089E12":379,"1.211183133E12":380,"1.211055604E12":281,"1.211053901E12":273,"1.211033454E12":131,"1.21103082E12":88,"1.211034552E12":136,"1.21104921E12":238,"1.211023464E12":16,"1.211030278E12":78,"1.211087176E12":356,"1.211024182E12":27,"1.211079253E12":345,"1.211046425E12":228,"1.211030412E12":79,"1.211039804E12":192,"1.211026355E12":41,"1.211025321E12":34,"1.211037141E12":161,"1.211045948E12":226,"1.211049205E12":237,"1.211054314E12":275,"1.21105129E12":259,"1.211038028E12":174,"1.21120641E12":383,"1.211059808E12":298,"1.211069264E12":320,"1.211032627E12":122,"1.211028744E12":51,"1.211023346E12":14,"1.21101908E12":2,"1.2110319E12":106,"1.211032963E12":125,"1.211037212E12":163,"1.211060428E12":300,"1.211038444E12":179,"1.211032621E12":121,"1.211087414E12":357,"1.211041647E12":200,"1.211032596E12":120,"1.211036664E12":154,"1.211092128E12":363,"1.211072413E12":326,"1.211023828E12":22,"1.211028778E12":52,"1.211027465E12":48,"1.211066596E12":313,"1.211057573E12":292,"1.211042081E12":206,"1.211030082E12":72,"1.211076482E12":332,"1.211031912E12":107,"1.211046748E12":231,"1.211029341E12":58,"1.211033621E12":134,"1.211041789E12":202,"1.211026541E12":45,"1.211031331E12":100,"1.211035611E12":143,"1.211030645E12":83,"1.211023143E12":10,"1.211049536E12":239,"1.211035772E12":144,"1.211022933E12":8,"1.211235039E12":384,"1.211023933E12":24,"1.211119814E12":375,"1.211041999E12":204,"1.211027289E12":46,"1.211127868E12":377,"1.21103094E12":96,"1.211028718E12":50,"1.211028815E12":53,"1.211085895E12":353,"1.211032385E12":117,"1.21109073E12":360,"1.211023108E12":9,"1.211076795E12":334,"1.211078291E12":340,"1.21102987E12":65,"1.211029897E12":67,"1.211030864E12":92,"1.211058429E12":294,"1.21105463E12":277,"1.211029875E12":66,"1.211435763E12":386,"1.211086257E12":355,"1.211039916E12":194,"1.211053777E12":272,"1.211035523E12":142,"1.211038399E12":178},"NUMBER_OF_PEOPLE":400,"minTimeSeen":1.211018404E12,"maxTimeSeen":1.211558405E12,"NEIGHBORHOOD_RADIUS":20.0,"ENCOUNTER_CHANCE":0.05,