{"propagationData":{"1.211045721E12":112,"1.211075075E12":324,"1.211075376E12":326,"1.211047447E12":148,"1.211063412E12":287,"1.21106874E12":308,"1.211033608E12":6,"1.211081624E12":342,"1.211046636E12":131,"1.211142666E12":381,"1.211060185E12":269,"1.211044659E12":97,"1.211050683E12":194,"1.211043262E12":72,"1.211064782E12":292,"1.211088822E12":363,"1.211040567E12":49,"1.21103858E12":35,"1.211057285E12":249,"1.211047873E12":156,"1.211045774E12":115,"1.211033922E12":10,"1.211061549E12":277,"1.211048938E12":166,"1.211044215E12":86,"1.211089864E12":367,"1.211037713E12":29,"1.211050114E12":181,"1.211045908E12":120,"1.211040409E12":47,"1.21105328E12":217,"1.211061055E12":276,"1.211076477E12":331,"1.211067645E12":299,"1.211048637E12":164,"1.211071667E12":319,"1.211063328E12":283,"1.211066052E12":296,"1.211098351E12":369,"1.211051079E12":202,"1.211088921E12":364,"1.211048456E12":161,"1.211053016E12":214,"1.211084632E12":353,"1.211057226E12":247,"1.211050386E12":184,"1.211050362E12":183,"1.211037361E12":28,"1.211041362E12":57,"1.211061684E12":278,"1.21104678E12":133,"1.211082362E12":347,"1.211078842E12":337,"1.211049062E12":168,"1.211060061E12":267,"1.211304306E12":387,"1.211088756E12":362,"1.211060914E12":272,"1.211041837E12":60,"1.211118959E12":375,"1.211057276E12":248,"1.211054578E12":229,"1.211044221E12":88,"1.211101521E12":374,"1.211040423E12":48,"1.211057937E12":256,"1.211054779E12":231,"1.211048185E12":160,"1.211044631E12":95,"1.211042E12":62,"1.211091215E12":368,"1.211048866E12":165,"1.211057669E12":253,"1.21104154E12":58,"1.21104161E12":59,"1.211046382E12":127,"1.211035256E12":20,"1.211043045E12":69,"1.211018404E12":1,"1.211053102E12":216,"1.211044935E12":103,"1.211082286E12":346,"1.211068205E12":304,"1.211077367E12":334,"1.211033927E12":11,"1.211060948E12":273,"1.211084933E12":354,"1.211257834E12":385,"1.211056777E12":246,"1.211067469E12":298,"1.211050457E12":186,"1.21104859E12":163,"1.21106467E12":290,"1.211049243E12":174,"1.211056441E12":242,"1.211069606E12":310,"1.211047418E12":147,"1.211053881E12":221,"1.211050925E12":195,"1.211055797E12":237,"1.211037124E12":25,"1.211050644E12":192,"1.211069365E12":309,"1.211054555E12":228,"1.21103977E12":42,"1.211141776E12":380,"1.21103909E12":38,"1.211046152E12":123,"1.21105424E12":224,"1.211053084E12":215,"1.211076506E12":332,"1.211057538E12":252,"1.211208285E12":382,"1.211089506E12":365,"1.211050398E12":185,"1.211045172E12":104,"1.211051667E12":206,"1.211038428E12":32,"1.211049944E12":180,"1.211046554E12":129,"1.211075974E12":329,"1.211042202E12":64,"1.211045453E12":105,"1.211050592E12":191,"1.211068125E12":303,"1.211045463E12":106,"1.211076767E12":333,"1.211045972E12":121,"1.211075809E12":327,"1.211036127E12":23,"1.211043807E12":78,"1.211044299E12":90,"1.211048041E12":157,"1.211059139E12":261,"1.211100193E12":370,"1.211406068E12":388,"1.211044522E12":94,"1.211045851E12":118,"1.211040617E12":50,"1.211083184E12":349,"1.211046401E12":128,"1.211033933E12":12,"1.211057727E12":254,"1.21104981E12":178,"1.211058007E12":257,"1.211034978E12":19,"1.211026061E12":3,"1.211051966E12":208,"1.211049667E12":177,"1.211057407E12":251,"1.211087287E12":361,"1.211050357E12":182,"1.211047451E12":149,"1.21103495E12":18,"1.211135424E12":379,"1.21105632E12":241,"1.211040111E12":46,"1.211035609E12":21,"1.211052673E12":211,"1.211066601E12":297,"1.211038521E12":33,"1.211045892E12":119,"1.211121297E12":376,"1.211080284E12":339,"1.211081764E12":343,"1.211051066E12":201,"1.211060107E12":268,"1.211055447E12":233,"1.211061711E12":279,"1.211045518E12":109,"1.211060366E12":271,"1.211047765E12":155,"1.211055624E12":235,"1.211070553E12":312,"1.211038978E12":37,"1.211039996E12":44,"1.211055444E12":232,"1.211047487E12":150,"1.211063331E12":284,"1.211071206E12":315,"1.211075345E12":325,"1.211084195E12":352,"1.211043232E12":71,"1.211051046E12":200,"1.211059899E12":264,"1.21104118E12":55,"1.211071978E12":321,"1.211054621E12":230,"1.211042055E12":63,"1.211063396E12":286,"1.211044637E12":96,"1.211042237E12":66,"1.211045515E12":108,"1.211068105E12":302,"1.211044182E12":84,"1.21105255E12":210,"1.211047691E12":154,"1.211053736E12":219,"1.211072372E12":322,"1.211051008E12":198,"1.211045498E12":107,"1.211064584E12":289,"1.211039818E12":43,"1.211068718E12":307,"1.211043769E12":75,"1.211044844E12":100,"1.211052152E12":209,"1.211062942E12":281,"1.211047306E12":144,"1.211054362E12":225,"1.21105627E12":240,"1.211026698E12":4,"1.211068547E12":306,"1.211057769E12":255,"1.211043834E12":79,"1.211101008E12":371,"1.211048042E12":158,"1.21105112E12":204,"1.211055602E12":234,"1.211043797E12":76,"1.211041336E12":56,"1.211058924E12":259,"1.211058975E12":260,"1.211082624E12":348,"1.211063226E12":282,"1.211132776E12":378,"1.211046216E12":124,"1.211101335E12":373,"1.211050489E12":188,"1.211033854E12":7,"1.211040841E12":51,"1.211053442E12":218,"1.211130728E12":377,"1.211034462E12":16,"1.211051467E12":205,"1.2110473E12":143,"1.211047394E12":145,"1.211056539E12":243,"1.211067868E12":301,"1.211033894E12":9,"1.211067772E12":300,"1.211046148E12":122,"1.211049131E12":170,"1.211044424E12":92,"1.211073832E12":323,"1.211021845E12":2,"1.211046735E12":132,"1.21104397E12":81,"1.211043798E12":77,"1.211071724E12":320,"1.211085903E12":356,"1.21105184E12":207,"1.211084172E12":351,"1.211033863E12":8,"1.211060331E12":270,"1.211089598E12":366,"1.211056751E12":245,"1.211050961E12":196,"1.211059693E12":263,"1.211052959E12":212,"1.21126072E12":386,"1.211059563E12":262,"1.211058815E12":258,"1.211055697E12":236,"1.211086564E12":358,"1.211046927E12":137,"1.211037354E12":27,"1.211034126E12":14,"1.21104098E12":53,"1.211049904E12":179,"1.211044504E12":93,"1.211064766E12":291,"1.211049136E12":171,"1.211047624E12":151,"1.211048534E12":162,"1.211070578E12":313,"1.211045826E12":117,"1.211077395E12":335,"1.211054422E12":226,"1.211057291E12":250,"1.211083221E12":350,"1.211044134E12":83,"1.211045758E12":114,"1.21104948E12":175,"1.211059937E12":265,"1.211071254E12":316,"1.211060964E12":275,"1.21108179E12":344,"1.211044219E12":87,"1.211232145E12":384,"1.211046569E12":130,"1.211071444E12":318,"1.211046882E12":136,"1.211065062E12":293,"1.211038543E12":34,"1.211038877E12":36,"1.21103412E12":13,"1.21104439E12":91,"1.211056718E12":244,"1.211044826E12":99,"1.211046838E12":134,"1.211045581E12":111,"1.211043169E12":70,"1.211046291E12":125,"1.21104467E12":98,"1.211050537E12":189,"1.211082169E12":345,"1.211054193E12":223,"1.211049167E12":172,"1.211054079E12":222,"1.211039712E12":41,"1.211218281E12":383,"1.211047194E12":139,"1.211050672E12":193,"1.211047253E12":141,"1.211032261E12":5,"1.211049129E12":169,"1.211066014E12":295,"1.211047408E12":146,"1.211071318E12":317,"1.211048978E12":167,"1.211049173E12":173,"1.211042204E12":65,"1.211044198E12":85,"1.211041963E12":61,"1.211040109E12":45,"1.211070754E12":314,"1.211046356E12":126,"1.211038166E12":31,"1.211063357E12":285,"1.211044226E12":89,"1.211101256E12":372,"1.211046864E12":135,"1.211034427E12":15,"1.211065386E12":294,"1.211047688E12":153,"1.211037931E12":30,"1.211048103E12":159,"1.211086764E12":360,"1.211086653E12":359,"1.211047292E12":142,"1.211080144E12":338,"1.211044857E12":101,"1.211043632E12":74,"1.211047242E12":140,"1.211081032E12":341,"1.211076237E12":330,"1.21103971E12":40,"1.211055938E12":239,"1.211054507E12":227,"1.211035748E12":22,"1.211045784E12":116,"1.211062708E12":280,"1.211037055E12":24,"1.211050972E12":197,"1.211053786E12":220,"1.211063553E12":288,"1.211043976E12":82,"1.211043372E12":73,"1.211051027E12":199,"1.211055895E12":238,"1.211043938E12":80,"1.211039205E12":39,"1.211059962E12":266,"1.211077731E12":336,"1.21106848E12":305,"1.211080671E12":340,"1.211050564E12":190,"1.211037145E12":26,"1.211044921E12":102,"1.211047051E12":138,"1.211041048E12":54,"1.211075959E12":328,"1.211034493E12":17,"1.211047669E12":152,"1.211040877E12":52,"1.211053E12":213,"1.211042459E12":68,"1.211085029E12":355,"1.211070326E12":311,"1.211086266E12":357,"1.211049628E12":176,"1.211045546E12":110,"1.211042275E12":67,"1.211045729E12":113},"NUMBER_OF_PEOPLE":400,