{"propagationData":{"1.21102066E12":46,"1.211050733E12":291,"1.211115021E12":353,"1.211018514E12":9,"1.21103655E12":164,"1.211039429E12":190,"1.211043815E12":236,"1.211030998E12":95,"1.21104155E12":204,"1.211034223E12":136,"1.211051047E12":293,"1.211032017E12":105,"1.211036176E12":157,"1.21107548E12":346,"1.211033461E12":127,"1.211018939E12":17,"1.211046045E12":253,"1.2110329E12":118,"1.211069216E12":340,"1.211030936E12":94,"1.211024998E12":62,"1.211038067E12":177,"1.211038926E12":185,"1.211025221E12":63,"1.211035876E12":150,"1.21103238E12":109,"1.211048588E12":274,"1.211061717E12":328,"1.211061534E12":326,"1.211019392E12":25,"1.21105425E12":301,"1.211033818E12":130,"1.211058496E12":317,"1.211031397E12":100,"1.211050142E12":283,"1.211041879E12":213,"1.211034292E12":137,"1.211051971E12":299,"1.211019646E12":39,"1.211038705E12":183,"1.211038711E12":184,"1.211040686E12":199,"1.211030379E12":80,"1.211068552E12":336,"1.21106286E12":330,"1.211102441E12":351,"1.211018471E12":4,"1.211051005E12":292,"1.211045817E12":248,"1.211040297E12":191,"1.211101474E12":348,"1.211040625E12":198,"1.211036466E12":163,"1.211049154E12":276,"1.211044627E12":246,"1.211035445E12":146,"1.211046042E12":252,"1.211050087E12":282,"1.211048313E12":270,"1.211030399E12":81,"1.211034989E12":144,"1.21105005E12":281,"1.211019638E12":36,"1.211018527E12":10,"1.211030296E12":77,"1.211041214E12":203,"1.211023434E12":55,"1.211059402E12":321,"1.211042461E12":220,"1.211040323E12":192,"1.211042966E12":230,"1.211042344E12":219,"1.211029496E12":71,"1.211036172E12":156,"1.211023348E12":54,"1.211035701E12":149,"1.211041973E12":214,"1.211018474E12":6,"1.211019136E12":19,"1.211057921E12":315,"1.211113964E12":352,"1.211022312E12":48,"1.211041982E12":215,"1.211022534E12":51,"1.211046148E12":255,"1.21103084E12":90,"1.211050676E12":289,"1.211033141E12":122,"1.211019581E12":30,"1.211028894E12":70,"1.211019555E12":29,"1.211033367E12":124,"1.211019588E12":31,"1.211031396E12":99,"1.211037206E12":170,"1.211023635E12":58,"1.211101501E12":349,"1.211036151E12":154,"1.211046603E12":259,"1.211041701E12":208,"1.211030465E12":84,"1.211373084E12":365,"1.211024335E12":61,"1.211035897E12":151,"1.211069309E12":341,"1.211056341E12":305,"1.211038032E12":176,"1.211039135E12":187,"1.211047032E12":261,"1.211043961E12":239,"1.211038013E12":175,"1.211045847E12":250,"1.211019684E12":40,"1.211377944E12":368,"1.211044583E12":245,"1.211075198E12":344,"1.211075429E12":345,"1.211073408E12":343,"1.211033393E12":125,"1.211040526E12":194,"1.211019157E12":21,"1.211042206E12":216,"1.211045906E12":251,"1.211218477E12":361,"1.211026492E12":67,"1.21103455E12":141,"1.211019449E12":27,"1.211035934E12":152,"1.211018725E12":12,"1.211033452E12":126,"1.211045795E12":247,"1.211072821E12":342,"1.211051927E12":298,"1.211049204E12":278,"1.211043104E12":233,"1.211020003E12":43,"1.211049925E12":280,"1.211042342E12":218,"1.211061515E12":325,"1.211044048E12":242,"1.21105042E12":286,"1.211018404E12":1,"1.211018836E12":15,"1.211047375E12":262,"1.211037159E12":169,"1.211031961E12":104,"1.211019634E12":34,"1.211030713E12":88,"1.211038643E12":182,"1.211047011E12":260,"1.211056053E12":304,"1.21103232E12":107,"1.211049125E12":275,"1.211030921E12":93,"1.211028828E12":69,"1.211036572E12":165,"1.211056626E12":307,"1.211062963E12":331,"1.211052236E12":300,"1.211028576E12":68,"1.211042847E12":227,"1.211043947E12":238,"1.211039251E12":189,"1.211060808E12":323,"1.211041672E12":205,"1.211032877E12":117,"1.211055744E12":302,"1.211041739E12":209,"1.211046063E12":254,"1.211042558E12":223,"1.211026059E12":65,"1.211031025E12":96,"1.211064888E12":333,"1.211229426E12":363,"1.2110503E12":285,"1.211030708E12":87,"1.211035021E12":145,"1.21106739E12":334,"1.211042486E12":221,"1.211034141E12":135,"1.21103811E12":179,"1.211130322E12":354,"1.211050215E12":284,"1.211036373E12":161,"1.211040691E12":200,"1.211067542E12":335,"1.211056823E12":309,"1.211031704E12":101,"1.211050593E12":288,"1.211055839E12":303,"1.211041747E12":210,"1.211036458E12":162,"1.211030654E12":86,"1.211043973E12":240,"1.211051084E12":295,"1.211047834E12":268,"1.211061673E12":327,"1.211018499E12":8,"1.211033121E12":121,"1.211057478E12":311,"1.211019184E12":23,"1.211031373E12":98,"1.211051897E12":297,"1.211030624E12":85,"1.211034481E12":139,"1.211033334E12":123,"1.211040523E12":193,"1.211019611E12":32,"1.211033769E12":129,"1.211042606E12":224,"1.211036625E12":166,"1.211026265E12":66,"1.211039161E12":188,"1.211038011E12":174,"1.211029736E12":73,"1.211133148E12":356,"1.211038003E12":173,"1.211229491E12":364,"1.211023591E12":57,"1.211018721E12":11,"1.211020541E12":45,"1.211030251E12":76,"1.21103302E12":120,"1.211058947E12":319,"1.211038068E12":178,"1.211035517E12":147,"1.211132599E12":355,"1.211034475E12":138,"1.211031953E12":103,"1.211030206E12":74,"1.211038979E12":186,"1.211042995E12":232,"1.211019928E12":42,"1.211032776E12":114,"1.211068779E12":338,"1.211046415E12":257,"1.211059571E12":322,"1.211030841E12":91,"1.21102275E12":53,"1.211042852E12":228,"1.211032807E12":116,"1.211043975E12":241,"1.211040617E12":196,"1.211030795E12":89,"1.211042915E12":229,"1.211030436E12":82,"1.211047794E12":267,"1.211019917E12":41,"1.211032786E12":115,"1.211036206E12":160,"1.211036951E12":168,"1.21137794E12":367,"1.211056792E12":308,"1.211036178E12":158,"1.211031316E12":97,"1.211029616E12":72,"1.211059361E12":320,"1.211049179E12":277,"1.211048353E12":271,"1.211019635E12":35,"1.211033694E12":128,"1.2113748E12":366,"1.211042513E12":222,"1.211019371E12":24,"1.211032913E12":119,"1.2110475E12":263,"1.211030462E12":83,"1.211049378E12":279,"1.211019473E12":28,"1.211030242E12":75,"1.211033967E12":133,"1.211025764E12":64,"1.211033964E12":132,"1.211068719E12":337,"1.211057301E12":310,"1.211036949E12":167,"1.21104062E12":197,"1.211040554E12":195,"1.211030339E12":78,"1.211022332E12":49,"1.211035538E12":148,"1.211041684E12":206,"1.211032624E12":111,"1.21101882E12":14,"1.211018472E12":5,"1.211037761E12":172,"1.211032383E12":110,"1.211034504E12":140,"1.211018753E12":13,"1.211079496E12":347,"1.211019125E12":18,"1.211042618E12":225,"1.211069071E12":339,"1.211057883E12":314,"1.211048421E12":272,"1.211040988E12":201,"1.211030364E12":79,"1.211102431E12":350,"1.211061421E12":324,"1.211023556E12":56,"1.211046374E12":256,"1.211042828E12":226,"1.211032723E12":112,"1.211163725E12":357,"1.211019633E12":33,"1.211034087E12":134,"1.211048087E12":269,"1.211038165E12":181,"1.211218455E12":360,"1.211047632E12":266,"1.211041686E12":207,"1.211023695E12":59,"1.211058767E12":318,"1.211022629E12":52,"1.211019426E12":26,"1.211020502E12":44,"1.211034966E12":143,"1.211019642E12":38,"1.21102398E12":60,"1.211043629E12":235,"1.211018443E12":3,"1.211043935E12":237,"1.211022227E12":47,"1.211037758E12":171,"1.211050574E12":287,"1.211046595E12":258,"1.211034895E12":142,"1.211043143E12":234,"1.211204005E12":359,"1.211038144E12":180,"1.211041029E12":202,"1.211163759E12":358,"1.211047611E12":265,"1.21104182E12":211,"1.211044581E12":244,"1.211044098E12":243,"1.211057839E12":313,"1.211063142E12":332,"1.211058193E12":316,"1.211056572E12":306,"1.211057737E12":312,"1.211018873E12":16,"1.211031723E12":102,"1.211051056E12":294,"1.211032328E12":108,"1.21105178E12":296,"1.211062635E12":329,"1.211041827E12":212,"1.211032068E12":106,"1.211022357E12":50,"1.211050679E12":290,"1.211036196E12":159,"1.211030884E12":92,"1.21121856E12":362,"1.211047568E12":264,"1.211018407E12":2,"1.211019158E12":22,"1.21103389E12":131,"1.211042979E12":231,"1.211018478E12":7,"1.211042334E12":217,"1.211035977E12":153,"1.211048511E12":273,"1.211032774E12":113,"1.211019153E12":20},"NUMBER_OF_PEOPLE":400,"minTimeSeen":1.211018404E12,"maxTimeSeen":1.211558405E12,"NEIGHBORHOOD_RADIUS":20.0,"ENCOUNTER_CHANCE":0.05,"priority":1.0,"duration":540001.0,"minutesDuration":9000.016666666666,"hoursDuration":150.00027777777777,"daysDuration":6.250011574074073}
