{"propagationData":{"1.211047514E12":262,"1.211045478E12":251,"1.211033945E12":115,"1.211056913E12":307,"1.211024811E12":35,"1.211038398E12":177,"1.211046417E12":256,"1.211035282E12":137,"1.21102881E12":50,"1.211024828E12":36,"1.211033481E12":108,"1.211037205E12":162,"1.211032369E12":96,"1.211085405E12":358,"1.211042071E12":216,"1.211031318E12":80,"1.21103616E12":143,"1.211042876E12":225,"1.211036632E12":154,"1.21103388E12":114,"1.211039706E12":190,"1.211053957E12":298,"1.211060604E12":322,"1.211083698E12":353,"1.211035037E12":132,"1.211037169E12":161,"1.211051232E12":290,"1.211046003E12":253,"1.211030916E12":72,"1.21103238E12":98,"1.211025955E12":44,"1.211030277E12":60,"1.211036262E12":147,"1.211037208E12":164,"1.211051196E12":289,"1.211034135E12":121,"1.211062153E12":326,"1.211025763E12":41,"1.21103824E12":174,"1.211045982E12":252,"1.211060415E12":320,"1.211042083E12":217,"1.211044215E12":236,"1.211052626E12":293,"1.211070645E12":336,"1.211025801E12":42,"1.211051062E12":288,"1.211041936E12":213,"1.211033386E12":106,"1.211034718E12":129,"1.211062195E12":327,"1.211030794E12":66,"1.21104862E12":274,"1.211035076E12":133,"1.211047638E12":264,"1.211022582E12":23,"1.211037597E12":171,"1.211030411E12":65,"1.21102242E12":13,"1.211058005E12":309,"1.211032149E12":90,"1.211079867E12":344,"1.211034482E12":126,"1.211082313E12":350,"1.211042313E12":218,"1.211093249E12":362,"1.211037552E12":170,"1.211079173E12":339,"1.211036406E12":149,"1.211050139E12":280,"1.211032331E12":94,"1.211041926E12":211,"1.211043591E12":230,"1.211036608E12":152,"1.211031394E12":81,"1.211033753E12":111,"1.211031998E12":89,"1.211033776E12":113,"1.211079206E12":341,"1.211023199E12":29,"1.211047453E12":260,"1.211022619E12":24,"1.211042571E12":221,"1.211046275E12":254,"1.211038403E12":178,"1.211034089E12":118,"1.211062005E12":325,"1.2110336E12":109,"1.211026133E12":46,"1.211056364E12":303,"1.211032398E12":99,"1.211025022E12":38,"1.211031887E12":86,"1.211025813E12":43,"1.211035268E12":135,"1.21108467E12":357,"1.211079549E12":342,"1.211032215E12":91,"1.211050066E12":278,"1.211034722E12":130,"1.21103032E12":62,"1.211039659E12":187,"1.211064251E12":334,"1.211031113E12":75,"1.211059845E12":317,"1.211036523E12":151,"1.211030397E12":63,"1.211022527E12":20,"1.211023711E12":32,"1.211027453E12":48,"1.211044268E12":239,"1.211058033E12":310,"1.211022445E12":15,"1.211029853E12":56,"1.211035406E12":140,"1.211033765E12":112,"1.211080244E12":346,"1.211025401E12":40,"1.211058086E12":311,"1.211047462E12":261,"1.211040671E12":208,"1.211034547E12":127,"1.211050686E12":285,"1.211030934E12":73,"1.211032379E12":97,"1.211022277E12":11,"1.211050544E12":283,"1.211040613E12":206,"1.211050639E12":284,"1.211045316E12":248,"1.211040279E12":198,"1.211026062E12":45,"1.211037323E12":168,"1.211023271E12":30,"1.211043045E12":226,"1.211084216E12":355,"1.211018404E12":2,"1.211040483E12":203,"1.211022492E12":16,"1.211037283E12":165,"1.211037609E12":172,"1.211040777E12":210,"1.211025153E12":39,"1.211030135E12":57,"1.211040508E12":204,"1.211051657E12":291,"1.211305042E12":368,"1.211081634E12":347,"1.211036708E12":156,"1.211037164E12":160,"1.211022547E12":22,"1.211032918E12":103,"1.211042516E12":220,"1.211036469E12":150,"1.211084633E12":356,"1.211032221E12":92,"1.211063823E12":332,"1.211049647E12":277,"1.21103667E12":155,"1.211038983E12":184,"1.211025011E12":37,"1.211036615E12":153,"1.211029339E12":53,"1.211030215E12":59,"1.211032877E12":102,"1.21104423E12":238,"1.211047839E12":267,"1.211030826E12":69,"1.211045405E12":250,"1.211034055E12":116,"1.211034146E12":122,"1.21105249E12":292,"1.211026145E12":47,"1.211060683E12":323,"1.211028664E12":49,"1.21103977E12":191,"1.211037383E12":169,"1.211040135E12":194,"1.211048066E12":269,"1.211030402E12":64,"1.211032242E12":93,"1.211018408E12":5,"1.211033744E12":110,"1.211034628E12":128,"1.211058306E12":313,"1.211044608E12":241,"1.211044956E12":243,"1.211079919E12":345,"1.211038469E12":181,"1.211065112E12":335,"1.211079054E12":338,"1.211034226E12":125,"1.211039691E12":188,"1.211045354E12":249,"1.211043169E12":227,"1.211064208E12":333,"1.211059796E12":316,"1.211035369E12":138,"1.211039272E12":185,"1.211048557E12":272,"1.211038428E12":179,"1.211056744E12":304,"1.211029601E12":54,"1.211033457E12":107,"1.211036236E12":146,"1.211056912E12":306,"1.211032823E12":101,"1.211030911E12":71,"1.21103883E12":182,"1.211028859E12":51,"1.211023145E12":27,"1.211059877E12":318,"1.211018439E12":6,"1.21104509E12":245,"1.211048589E12":273,"1.211044217E12":237,"1.211045178E12":246,"1.211044461E12":240,"1.211030968E12":74,"1.21104075E12":209,"1.211030801E12":67,"1.211047715E12":265,"1.211039462E12":186,"1.211051048E12":287,"1.211063558E12":330,"1.211040565E12":205,"1.211039699E12":189,"1.211051031E12":286,"1.211044133E12":235,"1.211035385E12":139,"1.21104664E12":257,"1.211061965E12":324,"1.211040415E12":202,"1.211022083E12":8,"1.211032337E12":95,"1.211063632E12":331,"1.211304494E12":367,"1.211093556E12":364,"1.211050423E12":282,"1.211022287E12":12,"1.21108188E12":349,"1.211031227E12":77,"1.211031141E12":76,"1.211049117E12":276,"1.211047544E12":263,"1.211030808E12":68,"1.211058905E12":315,"1.211024654E12":34,"1.211038912E12":183,"1.211047771E12":266,"1.211093581E12":365,"1.211044127E12":234,"1.211029768E12":55,"1.211032936E12":104,"1.211022245E12":10,"1.211056945E12":308,"1.21103844E12":180,"1.21104023E12":196,"1.211040614E12":207,"1.211031796E12":84,"1.211037207E12":163,"1.211044975E12":244,"1.211031891E12":87,"1.211036268E12":148,"1.211037884E12":173,"1.211054639E12":301,"1.211048858E12":275,"1.211052787E12":294,"1.211059915E12":319,"1.211022496E12":17,"1.211037284E12":167,"1.211044109E12":233,"1.211048317E12":271,"1.211079842E12":343,"1.211043177E12":228,"1.211045287E12":247,"1.211092849E12":361,"1.21103618E12":144,"1.211053885E12":297,"1.21104028E12":199,"1.211042651E12":222,"1.211031236E12":78,"1.211022505E12":19,"1.211040111E12":192,"1.211052823E12":295,"1.211050422E12":281,"1.21102265E12":25,"1.211038394E12":176,"1.21102243E12":14,"1.211040139E12":195,"1.211304431E12":366,"1.21103704E12":157,"1.21103551E12":142,"1.211033377E12":105,"1.211046332E12":255,"1.211034087E12":117,"1.211037141E12":158,"1.211056828E12":305,"1.211046909E12":258,"1.211022065E12":7,"1.211032663E12":100,"1.211043647E12":231,"1.211031942E12":88,"1.211034966E12":131,"1.211063006E12":329,"1.211081764E12":348,"1.211060438E12":321,"1.211071862E12":337,"1.211040277E12":197,"1.211043587E12":229,"1.211022227E12":9,"1.211058355E12":314,"1.211048011E12":268,"1.211030156E12":58,"1.211038275E12":175,"1.211041959E12":214,"1.211034217E12":123,"1.211024065E12":33,"1.211053978E12":299,"1.211050095E12":279,"1.211023188E12":28,"1.211043895E12":232,"1.211031308E12":79,"1.211022533E12":21,"1.211305627E12":369,"1.21105365E12":296,"1.211053998E12":300,"1.211034134E12":120,"1.211062966E12":328,"1.211048146E12":270,"1.211044824E12":242,"1.211023367E12":31,"1.211041934E12":212,"1.211037145E12":159,"1.211036205E12":145,"1.211029225E12":52,"1.21104268E12":224,"1.211041999E12":215,"1.21104033E12":201,"1.211031618E12":83,"1.211092748E12":360,"1.21103187E12":85,"1.211018407E12":3,"1.211055888E12":302,"1.211035228E12":134,"1.211022499E12":18,"1.211083769E12":354,"1.211042656E12":223,"1.21108319E12":352,"1.211042506E12":219,"1.21104013E12":193,"1.211031405E12":82,"1.211034106E12":119,"1.211093451E12":363,"1.211082395E12":351,"1.211035272E12":136,"1.211040305E12":200,"1.211030909E12":70,"1.211023039E12":26,"1.211091325E12":359,"1.211058258E12":312,"1.211034219E12":124},"NUMBER_OF_PEOPLE":400,"minTimeSeen":1.211018404E12,"maxTimeSeen":1.211558405E12,"NEIGHBORHOOD_RADIUS":20.0,"ENCOUNTER_CHANCE":0.05,"priority":1.0,"duration":540001.0,"minutesDuration":9000.016666666666,"hoursDuration":150.00027777777777,"daysDuration":6.250011574074073}
