{"propagationData":{"1.211040697E12":199,"1.211046512E12":249,"1.211038167E12":175,"1.21103586E12":149,"1.211030414E12":78,"1.211032578E12":101,"1.211042145E12":217,"1.211050288E12":274,"1.211032693E12":108,"1.211046509E12":248,"1.2110441E12":229,"1.21103019E12":71,"1.211033771E12":126,"1.211034223E12":134,"1.211039424E12":192,"1.211040714E12":200,"1.211030493E12":81,"1.211052584E12":282,"1.211047507E12":256,"1.211030159E12":70,"1.211045068E12":235,"1.211318992E12":346,"1.21104611E12":243,"1.211044129E12":230,"1.211018993E12":21,"1.211038823E12":185,"1.211044033E12":227,"1.211049456E12":269,"1.211047164E12":251,"1.211040649E12":197,"1.211020612E12":39,"1.211051114E12":275,"1.21103254E12":97,"1.211057651E12":298,"1.211030264E12":73,"1.211018461E12":7,"1.211030409E12":77,"1.211041669E12":211,"1.211040359E12":193,"1.211047897E12":259,"1.211032764E12":111,"1.211025643E12":55,"1.211018946E12":18,"1.211034961E12":143,"1.211041397E12":208,"1.211019232E12":30,"1.211034119E12":132,"1.211034905E12":141,"1.211043776E12":224,"1.211034098E12":131,"1.211041117E12":205,"1.211209212E12":344,"1.211030771E12":86,"1.211028582E12":63,"1.211030452E12":80,"1.211018996E12":23,"1.211032738E12":109,"1.211038536E12":179,"1.21103859E12":182,"1.211039162E12":187,"1.21101904E12":27,"1.211020734E12":40,"1.211019035E12":26,"1.211027582E12":60,"1.211022117E12":47,"1.211066506E12":317,"1.211046438E12":247,"1.211055393E12":289,"1.211051747E12":278,"1.2110696E12":325,"1.211034812E12":139,"1.211074723E12":329,"1.211033724E12":125,"1.211020339E12":35,"1.21103479E12":137,"1.211019965E12":32,"1.211021993E12":44,"1.211042407E12":220,"1.211037045E12":168,"1.211032519E12":96,"1.211036517E12":159,"1.211018914E12":17,"1.211021046E12":41,"1.211082022E12":336,"1.211044016E12":226,"1.211036742E12":165,"1.211035932E12":153,"1.211206584E12":342,"1.211045076E12":236,"1.211018828E12":15,"1.211057229E12":294,"1.211047866E12":257,"1.211034089E12":129,"1.211025211E12":52,"1.211020191E12":33,"1.211032969E12":114,"1.211038538E12":180,"1.211043787E12":225,"1.211054557E12":287,"1.211062207E12":307,"1.211018762E12":14,"1.211045735E12":239,"1.211032779E12":112,"1.211035123E12":144,"1.211039206E12":188,"1.211036512E12":158,"1.21102834E12":62,"1.211078733E12":330,"1.211081786E12":332,"1.211061461E12":306,"1.211069143E12":323,"1.211027792E12":61,"1.211038333E12":178,"1.211056848E12":291,"1.211020283E12":34,"1.211033779E12":128,"1.211066406E12":314,"1.211019176E12":29,"1.211022101E12":46,"1.211319087E12":347,"1.211047223E12":252,"1.211036195E12":154,"1.211066424E12":316,"1.211030622E12":84,"1.211031634E12":94,"1.21103664E12":162,"1.211074712E12":328,"1.211033446E12":120,"1.211045795E12":241,"1.211047316E12":253,"1.211021408E12":43,"1.211041076E12":204,"1.211033355E12":117,"1.211033774E12":127,"1.211035699E12":146,"1.21103336E12":119,"1.211058333E12":302,"1.21101871E12":12,"1.211035874E12":150,"1.211078795E12":331,"1.211035903E12":152,"1.211018404E12":3,"1.211019296E12":31,"1.2110252E12":51,"1.211068769E12":321,"1.211066257E12":313,"1.211036201E12":155,"1.211047483E12":255,"1.211025253E12":53,"1.211100437E12":341,"1.211048301E12":262,"1.211074215E12":326,"1.211040508E12":195,"1.211100111E12":340,"1.211036425E12":157,"1.211030133E12":69,"1.21103429E12":135,"1.211066566E12":318,"1.21104836E12":263,"1.211032564E12":100,"1.211049162E12":266,"1.211033592E12":123,"1.211048281E12":261,"1.211327204E12":349,"1.211048655E12":264,"1.211032759E12":110,"1.211062412E12":309,"1.211036984E12":166,"1.211032549E12":98,"1.21104517E12":238,"1.211058728E12":303,"1.211022067E12":45,"1.211031601E12":93,"1.211318793E12":345,"1.211056949E12":293,"1.211029382E12":64,"1.211042486E12":221,"1.211041538E12":209,"1.211029696E12":65,"1.21102045E12":36,"1.211032606E12":103,"1.211033017E12":116,"1.211043661E12":222,"1.211030067E12":67,"1.211054707E12":288,"1.211047887E12":258,"1.211057624E12":297,"1.211081889E12":335,"1.211022782E12":48,"1.211327048E12":348,"1.211058743E12":304,"1.21103141E12":91,"1.211040518E12":196,"1.211066421E12":315,"1.211058041E12":299,"1.211068754E12":320,"1.211044977E12":232,"1.211030843E12":87,"1.211030285E12":74,"1.211030237E12":72,"1.211030669E12":85,"1.211038583E12":181,"1.211030529E12":83,"1.211018698E12":10,"1.21103298E12":115,"1.211034925E12":142,"1.211054505E12":286,"1.211051974E12":279,"1.211042086E12":216,"1.211026015E12":58,"1.211051217E12":276,"1.211036654E12":163,"1.21103702E12":167,"1.211032557E12":99,"1.211030846E12":88,"1.211081875E12":334,"1.211061317E12":305,"1.211038889E12":186,"1.2110525E12":281,"1.211040722E12":201,"1.211038599E12":183,"1.211041198E12":206,"1.21103666E12":164,"1.211024808E12":49,"1.211047479E12":254,"1.211042019E12":215,"1.211044056E12":228,"1.211026391E12":59,"1.211081858E12":333,"1.211097258E12":338,"1.211054188E12":283,"1.211034804E12":138,"1.211018469E12":9,"1.211046384E12":245,"1.211018888E12":16,"1.211035816E12":148,"1.211039423E12":191,"1.211033358E12":118,"1.211037628E12":172,"1.211032687E12":107,"1.211049271E12":268,"1.211041057E12":203,"1.211043756E12":223,"1.211038153E12":174,"1.211031268E12":89,"1.211018705E12":11,"1.211025829E12":57,"1.211068852E12":322,"1.211046381E12":244,"1.21103038E12":76,"1.211037557E12":170,"1.211029821E12":66,"1.211025712E12":56,"1.211042161E12":218,"1.211018749E12":13,"1.211036635E12":161,"1.21105166E12":277,"1.211038239E12":176,"1.211074498E12":327,"1.211050051E12":271,"1.211054364E12":284,"1.211037577E12":171,"1.211025088E12":50,"1.211035662E12":145,"1.211018947E12":19,"1.211034777E12":136,"1.211018995E12":22,"1.211042175E12":219,"1.211056748E12":290,"1.211032613E12":104,"1.21105694E12":292,"1.211038305E12":177,"1.211030129E12":68,"1.211020486E12":38,"1.211058318E12":301,"1.21106236E12":308,"1.211057499E12":295,"1.211046547E12":250,"1.211041966E12":214,"1.211045917E12":242,"1.211034121E12":133,"1.211046434E12":246,"1.211069579E12":324,"1.211052007E12":280,"1.211036211E12":156,"1.211030494E12":82,"1.211032511E12":95,"1.21104139E12":207,"1.211041546E12":210,"1.211018405E12":4,"1.211050144E12":272,"1.211032845E12":113,"1.21103157E12":92,"1.211100029E12":339,"1.211032627E12":106,"1.211045147E12":237,"1.211044883E12":231,"1.211020471E12":37,"1.211033569E12":122,"1.211041853E12":213,"1.211031401E12":90,"1.211019165E12":28,"1.211040696E12":198,"1.211032596E12":102,"1.211018422E12":6,"1.211054454E12":285,"1.211037064E12":169,"1.211049181E12":267,"1.211066032E12":312,"1.211039397E12":190,"1.211038144E12":173,"1.211050186E12":273,"1.211045007E12":234,"1.211033711E12":124,"1.211039362E12":189,"1.211057557E12":296,"1.21104498E12":233,"1.211035801E12":147,"1.211021258E12":42,"1.211030418E12":79,"1.211038666E12":184,"1.211040755E12":202,"1.21101841E12":5,"1.211066785E12":319,"1.211019019E12":25,"1.211064063E12":311,"1.211048768E12":265,"1.211082151E12":337,"1.21106253E12":310,"1.211040489E12":194,"1.2110417E12":212,"1.211036545E12":160,"1.211034839E12":140,"1.211030347E12":75,"1.211049953E12":270,"1.211048273E12":260,"1.211025275E12":54,"1.211019003E12":24,"1.211035899E12":151,"1.211058111E12":300,"1.211018467E12":8,"1.211033559E12":121},"NUMBER_OF_PEOPLE":400,"minTimeSeen":1.211018404E12,"maxTimeSeen":1.211558405E12,"NEIGHBORHOOD_RADIUS":20.0,"ENCOUNTER_CHANCE":0.05,"priority":1.0,"duration":540001.0,"minutesDuration":9000.016666666666,"hoursDuration":150.00027777777777,"daysDuration":6.250011574074073}
