{"propagationData":{"1.211056391E12":319,"1.211051324E12":310,"1.211043145E12":274,"1.21102563E12":95,"1.211025265E12":87,"1.211020921E12":8,"1.21103586E12":216,"1.211032386E12":177,"1.2110275E12":122,"1.211035282E12":209,"1.21104243E12":270,"1.211021218E12":13,"1.211032636E12":179,"1.211024927E12":82,"1.211021632E12":28,"1.211028829E12":131,"1.211034148E12":197,"1.21103083E12":153,"1.21103689E12":224,"1.211018901E12":3,"1.211025749E12":99,"1.211085024E12":363,"1.211032976E12":187,"1.211043769E12":278,"1.211023766E12":70,"1.211025636E12":97,"1.211047563E12":297,"1.21102147E12":23,"1.211129805E12":379,"1.211037548E12":230,"1.211026124E12":107,"1.211035669E12":212,"1.211175493E12":384,"1.2110634E12":334,"1.211023E12":55,"1.211022651E12":46,"1.211022832E12":49,"1.211184907E12":385,"1.211035619E12":210,"1.211044622E12":282,"1.211201689E12":386,"1.211051496E12":311,"1.211018491E12":2,"1.211035941E12":217,"1.211025643E12":98,"1.211037119E12":227,"1.211023023E12":57,"1.211029284E12":136,"1.211047203E12":290,"1.211092807E12":369,"1.21105508E12":317,"1.211051085E12":309,"1.211093508E12":371,"1.21107814E12":352,"1.211048623E12":301,"1.211138375E12":381,"1.211081707E12":359,"1.211022885E12":52,"1.211030421E12":148,"1.211039743E12":250,"1.211036034E12":219,"1.211026053E12":105,"1.211032755E12":181,"1.211031931E12":168,"1.211023345E12":61,"1.211026034E12":104,"1.211051017E12":307,"1.211026326E12":111,"1.211030007E12":141,"1.211040706E12":256,"1.211020667E12":6,"1.211043043E12":272,"1.211025317E12":89,"1.211024376E12":73,"1.211031328E12":160,"1.211022637E12":41,"1.211073861E12":345,"1.211030319E12":145,"1.211035112E12":206,"1.211024565E12":77,"1.211093473E12":370,"1.211083012E12":361,"1.211023715E12":69,"1.211068213E12":339,"1.211035239E12":208,"1.211021499E12":25,"1.211035754E12":214,"1.211073343E12":343,"1.211031887E12":166,"1.211173407E12":383,"1.211102872E12":377,"1.2110284E12":127,"1.211032971E12":186,"1.211042404E12":268,"1.211135358E12":380,"1.211025292E12":88,"1.211063979E12":335,"1.211055045E12":316,"1.211042127E12":267,"1.211026384E12":113,"1.211030375E12":146,"1.211032203E12":172,"1.211062132E12":330,"1.211025202E12":86,"1.211028634E12":130,"1.211020715E12":7,"1.211027472E12":120,"1.211047562E12":296,"1.211047273E12":292,"1.211074974E12":347,"1.211022645E12":43,"1.211022852E12":51,"1.211037044E12":225,"1.211038492E12":242,"1.21103318E12":188,"1.211079247E12":353,"1.211039283E12":247,"1.211037662E12":232,"1.211032827E12":183,"1.211091595E12":367,"1.211019111E12":4,"1.211034903E12":200,"1.211038064E12":236,"1.211048554E12":300,"1.211030766E12":151,"1.211047211E12":291,"1.211041759E12":263,"1.211032067E12":170,"1.211033888E12":195,"1.21105689E12":320,"1.211049143E12":306,"1.211032308E12":174,"1.211023065E12":58,"1.211024854E12":81,"1.211024494E12":75,"1.211030852E12":155,"1.211039017E12":245,"1.211029009E12":134,"1.211059094E12":323,"1.211042411E12":269,"1.211040712E12":257,"1.211031547E12":162,"1.2110376E12":231,"1.211029878E12":140,"1.211046627E12":287,"1.211021259E12":15,"1.211028577E12":129,"1.211042039E12":265,"1.211032333E12":175,"1.211023694E12":67,"1.211021236E12":14,"1.211018404E12":1,"1.211043263E12":276,"1.211030472E12":149,"1.211032348E12":176,"1.211022347E12":37,"1.211036061E12":221,"1.211042062E12":266,"1.211046641E12":288,"1.211045925E12":283,"1.211066866E12":337,"1.211041663E12":261,"1.211029832E12":139,"1.211022596E12":39,"1.211043154E12":275,"1.211022991E12":54,"1.211029427E12":137,"1.211034982E12":203,"1.211047554E12":295,"1.211034891E12":199,"1.211073786E12":344,"1.211047589E12":298,"1.211023657E12":66,"1.21102191E12":32,"1.211033801E12":194,"1.211026176E12":109,"1.21103778E12":235,"1.211036013E12":218,"1.211023845E12":71,"1.211022115E12":34,"1.211047169E12":289,"1.211032883E12":184,"1.211024655E12":78,"1.211021473E12":24,"1.211037105E12":226,"1.211022643E12":42,"1.211031944E12":169,"1.211073107E12":342,"1.211047924E12":299,"1.211026205E12":110,"1.211022617E12":40,"1.211027974E12":124,"1.211021611E12":27,"1.211021311E12":17,"1.211101171E12":375,"1.211077544E12":351,"1.2110211E12":12,"1.211022229E12":36,"1.2110318E12":165,"1.211025365E12":90,"1.21103564E12":211,"1.211051614E12":312,"1.211025922E12":101,"1.211036181E12":223,"1.211028411E12":128,"1.211081029E12":358,"1.211028209E12":126,"1.21103273E12":180,"1.211030078E12":142,"1.211039867E12":252,"1.211087723E12":365,"1.211084902E12":362,"1.211055677E12":318,"1.211060535E12":329,"1.211025387E12":91,"1.211043085E12":273,"1.21102678E12":118,"1.211023542E12":63,"1.211033385E12":191,"1.211057701E12":321,"1.211095829E12":373,"1.211035074E12":204,"1.211043398E12":277,"1.211025758E12":100,"1.21103815E12":238,"1.21103976E12":251,"1.21102099E12":10,"1.211031481E12":161,"1.211029756E12":138,"1.211064143E12":336,"1.211100398E12":374,"1.211031064E12":156,"1.211021094E12":11,"1.211091676E12":368,"1.211021315E12":19,"1.211022753E12":48,"1.211031793E12":163,"1.21102098E12":9,"1.211040176E12":254,"1.211035113E12":207,"1.21102595E12":102,"1.211033716E12":192,"1.211021312E12":18,"1.211022648E12":44,"1.211030841E12":154,"1.211028889E12":133,"1.211043821E12":279,"1.211032196E12":171,"1.211039383E12":248,"1.211028838E12":132,"1.211040729E12":258,"1.211058933E12":322,"1.211024419E12":74,"1.211033327E12":189,"1.211041696E12":262,"1.211062312E12":332,"1.211029197E12":135,"1.211038166E12":239,"1.211026538E12":117,"1.211310031E12":388,"1.211025436E12":92,"1.211170926E12":382,"1.211021936E12":33,"1.211037742E12":233,"1.21108296E12":360,"1.211022217E12":35,"1.211031271E12":159,"1.211026412E12":114,"1.211068731E12":340,"1.211073914E12":346,"1.211022673E12":47,"1.211037776E12":234,"1.211023254E12":60,"1.211031122E12":157,"1.211060162E12":325,"1.211049058E12":305,"1.211039044E12":246,"1.211093644E12":372,"1.211054942E12":315,"1.211112402E12":378,"1.211023562E12":65,"1.211032234E12":173,"1.211040738E12":259,"1.211024799E12":79,"1.211024991E12":84,"1.211087624E12":364,"1.211021357E12":21,"1.211026143E12":108,"1.211024849E12":80,"1.211038886E12":244,"1.211020639E12":5,"1.211033737E12":193,"1.211031794E12":164,"1.211039421E12":249,"1.211040012E12":253,"1.211031905E12":167,"1.211047511E12":294,"1.21102265E12":45,"1.211021425E12":22,"1.211023544E12":64,"1.211025959E12":103,"1.211081026E12":357,"1.211035674E12":213,"1.211037147E12":229,"1.211022833E12":50,"1.211021303E12":16,"1.211032968E12":185,"1.211038112E12":237,"1.211025485E12":93,"1.211051655E12":313,"1.211024181E12":72,"1.211322299E12":389,"1.21104457E12":281,"1.211080626E12":355,"1.211026335E12":112,"1.211054688E12":314,"1.211043853E12":280,"1.211024505E12":76,"1.211038327E12":241,"1.211077512E12":350,"1.211028197E12":125,"1.211021528E12":26,"1.211035077E12":205,"1.211034913E12":201,"1.21102184E12":30,"1.211022541E12":38,"1.211032809E12":182,"1.211023004E12":56,"1.211041647E12":260,"1.211088659E12":366,"1.211048824E12":304,"1.211046008E12":284,"1.211062162E12":331,"1.211030089E12":143,"1.211075E12":348,"1.211038275E12":240,"1.211036128E12":222,"1.211034118E12":196,"1.211026066E12":106,"1.211048721E12":303,"1.211040569E12":255,"1.21102132E12":20,"1.21104636E12":285,"1.211030822E12":152,"1.211032409E12":178,"1.211023701E12":68,"1.21106323E12":333,"1.211023524E12":62,"1.21102295E12":53,"1.211046542E12":286,"1.211030534E12":150,"1.211059264E12":324,"1.211042863E12":271,"1.211034818E12":198,"1.211025182E12":85,"1.21103576E12":215,"1.211102514E12":376,"1.211034962E12":202,"1.211077324E12":349,"1.211030316E12":144,"1.21102642E12":115,"1.211260589E12":387,"1.211021873E12":31,"1.211066963E12":338,"1.211048691E12":302,"1.211023214E12":59,"1.211072882E12":341,"1.211024988E12":83,"1.21104728E12":293,"1.211041985E12":264,"1.211025582E12":94,"1.211027478E12":121,"1.211080341E12":354,"1.211051053E12":308,"1.211025635E12":96,"1.211027857E12":123,"1.211080692E12":356,"1.211031139E12":158,"1.21106033E12":327,"1.211027397E12":119,"1.21106018E12":326,"1.211026468E12":116},"NUMBER_OF_PEOPLE":400,"minTimeSeen":1.211018404E12,"maxTimeSeen":1.211558405E12,"NEIGHBORHOOD_RADIUS":20.0,