{"propagationData":{"1.211077168E12":211,"1.211064812E12":112,"1.211334003E12":349,"1.211082914E12":246,"1.2110734E12":181,"1.211145805E12":330,"1.21109277E12":292,"1.211027632E12":3,"1.211078616E12":218,"1.21106246E12":95,"1.21105839E12":63,"1.21116521E12":336,"1.211061805E12":90,"1.211088099E12":275,"1.21105063E12":6,"1.211107182E12":316,"1.211289134E12":344,"1.211061395E12":87,"1.211430066E12":351,"1.211081361E12":241,"1.211074429E12":195,"1.211104601E12":308,"1.211079743E12":228,"1.211063527E12":103,"1.211098548E12":298,"1.211098848E12":301,"1.211086806E12":266,"1.211062967E12":99,"1.211139462E12":327,"1.211053296E12":10,"1.211121767E12":322,"1.211078995E12":221,"1.211054906E12":17,"1.21107964E12":225,"1.211077334E12":213,"1.211055068E12":22,"1.211073793E12":186,"1.211064229E12":109,"1.211289331E12":345,"1.211107633E12":318,"1.211070038E12":148,"1.211145884E12":331,"1.211063787E12":104,"1.211079271E12":224,"1.211057306E12":53,"1.211139478E12":328,"1.211058784E12":64,"1.211088952E12":282,"1.211057965E12":61,"1.211068727E12":142,"1.211107138E12":315,"1.211064847E12":113,"1.211074402E12":193,"1.211061832E12":91,"1.211055429E12":28,"1.211082418E12":242,"1.211070858E12":154,"1.211085131E12":255,"1.211073575E12":184,"1.2110876E12":274,"1.211066029E12":120,"1.211079264E12":223,"1.211058934E12":66,"1.211086717E12":265,"1.211068635E12":140,"1.211083655E12":250,"1.211066397E12":124,"1.211088358E12":281,"1.211102635E12":303,"1.21108736E12":270,"1.211062458E12":94,"1.211062689E12":97,"1.211064759E12":111,"1.211110322E12":319,"1.211065083E12":116,"1.21105093E12":7,"1.211074714E12":199,"1.211059255E12":70,"1.211057563E12":57,"1.211073344E12":180,"1.211072386E12":171,"1.211165096E12":334,"1.21106921E12":145,"1.211105963E12":313,"1.211084295E12":254,"1.211080105E12":232,"1.211047189E12":4,"1.211063438E12":102,"1.211089035E12":284,"1.211102218E12":302,"1.211073343E12":179,"1.211072744E12":174,"1.211057852E12":59,"1.211082614E12":244,"1.211083699E12":252,"1.211055292E12":26,"1.211075842E12":205,"1.211061461E12":88,"1.211081331E12":240,"1.211078223E12":216,"1.211057288E12":52,"1.21107868E12":219,"1.211070256E12":150,"1.211073949E12":189,"1.211121803E12":323,"1.211075919E12":206,"1.211442619E12":352,"1.211091369E12":288,"1.211065614E12":118,"1.21110753E12":317,"1.211069202E12":144,"1.2110797E12":226,"1.211057059E12":49,"1.211074435E12":196,"1.21107116E12":158,"1.21107899E12":220,"1.211164899E12":333,"1.211072425E12":172,"1.211056136E12":35,"1.21106605E12":123,"1.211098802E12":300,"1.211085214E12":258,"1.211066971E12":127,"1.211079716E12":227,"1.211072686E12":173,"1.211092628E12":291,"1.211056314E12":38,"1.21105637E12":39,"1.211171775E12":339,"1.211092886E12":295,"1.211173135E12":340,"1.211105635E12":312,"1.211073053E12":176,"1.211072089E12":168,"1.211087322E12":269,"1.211018404E12":1,"1.211073749E12":185,"1.21106269E12":98,"1.211059847E12":73,"1.211077144E12":210,"1.21104871E12":5,"1.21105576E12":31,"1.211068556E12":137,"1.211333587E12":346,"1.211080835E12":235,"1.211074453E12":198,"1.21108832E12":279,"1.211072333E12":170,"1.211074215E12":190,"1.211054974E12":20,"1.211064147E12":107,"1.211173259E12":342,"1.211086529E12":262,"1.211073318E12":178,"1.211074954E12":201,"1.211061069E12":84,"1.211169741E12":337,"1.21106926E12":146,"1.211071405E12":162,"1.211077895E12":215,"1.211082814E12":245,"1.211081143E12":239,"1.211058847E12":65,"1.211051083E12":8,"1.211081116E12":238,"1.211057973E12":62,"1.211173184E12":341,"1.211074868E12":200,"1.211145896E12":332,"1.21105362E12":11,"1.211067222E12":128,"1.211086398E12":260,"1.211074373E12":192,"1.211104614E12":309,"1.211076066E12":207,"1.211104959E12":311,"1.211057545E12":56,"1.211088127E12":276,"1.211073854E12":187,"1.211057163E12":50,"1.211080957E12":237,"1.211075676E12":202,"1.211059299E12":72,"1.211087566E12":273,"1.21105667E12":40,"1.211060325E12":77,"1.211068699E12":141,"1.211067831E12":132,"1.211092626E12":290,"1.211074217E12":191,"1.211052962E12":9,"1.211074408E12":194,"1.211065364E12":117,"1.211076804E12":208,"1.211059227E12":69,"1.211072031E12":167,"1.211079025E12":222,"1.211074442E12":197,"1.2110606E12":78,"1.211064955E12":114,"1.211059923E12":76,"1.211056294E12":36,"1.211066546E12":126,"1.211442729E12":353,"1.211054819E12":14,"1.211068785E12":143,"1.211083565E12":249,"1.211060963E12":81,"1.211080917E12":236,"1.21107732E12":212,"1.21107576E12":204,"1.211056309E12":37,"1.211095564E12":296,"1.211055282E12":25,"1.211069591E12":147,"1.211073869E12":188,"1.211097048E12":297,"1.211057323E12":54,"1.211333692E12":347,"1.211073515E12":183,"1.211120887E12":320,"1.211064101E12":106,"1.211057021E12":48,"1.211054946E12":19,"1.211053856E12":12,"1.211071173E12":159,"1.211077405E12":214,"1.211055403E12":27,"1.211076954E12":209,"1.211092624E12":289,"1.211057473E12":55,"1.211061024E12":83,"1.211056988E12":46,"1.211070105E12":149,"1.211106094E12":314,"1.211056874E12":44,"1.211055081E12":24,"1.211072124E12":169,"1.211080403E12":234,"1.211060848E12":79,"1.211059026E12":67,"1.211067334E12":130,"1.211122076E12":324,"1.211056741E12":41,"1.211430065E12":350,"1.211103615E12":307,"1.211141695E12":329,"1.211079859E12":229,"1.2110852E12":257,"1.211085152E12":256,"1.21106098E12":82,"1.211056812E12":42,"1.211071695E12":166,"1.211086532E12":263,"1.211067934E12":134,"1.211087221E12":268,"1.211068195E12":136,"1.211067885E12":133,"1.211059874E12":74,"1.211088345E12":280,"1.211055968E12":33,"1.211061902E12":92,"1.211054936E12":18,"1.211139278E12":325,"1.211070349E12":151,"1.211170078E12":338,"1.211098603E12":299,"1.211061924E12":93,"1.211061193E12":86,"1.211071279E12":160,"1.211083325E12":247,"1.211064719E12":110,"1.211072795E12":175,"1.211087506E12":272,"1.211055913E12":32,"1.211061574E12":89,"1.211071032E12":156,"1.211089243E12":287,"1.211102653E12":304,"1.211062483E12":96,"1.211059285E12":71,"1.211103049E12":305,"1.211057005E12":47,"1.211057273E12":51,"1.211075691E12":203,"1.211054718E12":13,"1.211066042E12":122,"1.211139385E12":326,"1.211055607E12":29,"1.211073171E12":177,"1.211064205E12":108,"1.211087481E12":271,"1.211055073E12":23,"1.211065059E12":115,"1.211079886E12":230,"1.21108428E12":253,"1.21105488E12":16,"1.211068611E12":139,"1.211070371E12":152,"1.211082575E12":243,"1.21106816E12":135,"1.211089049E12":285,"1.211120899E12":321,"1.211055054E12":21,"1.211056875E12":45,"1.211165134E12":335,"1.21106576E12":119,"1.211063854E12":105,"1.211083426E12":248,"1.21107145E12":163,"1.2110803E12":233,"1.211059053E12":68,"1.211066462E12":125,"1.211104824E12":310,"1.211088978E12":283,"1.211056844E12":43,"1.211086566E12":264,"1.211086836E12":267,"1.211088227E12":277,"1.211086101E12":259,"1.211055746E12":30,"1.21108001E12":231,"1.21109279E12":294,"1.211060882E12":80,"1.211086498E12":261,"1.211061166E12":85,"1.211018758E12":2,"1.211071143E12":157,"1.211071493E12":164,"1.211055975E12":34,"1.211063423E12":100,"1.211088276E12":278,"1.211202565E12":343,"1.211070937E12":155,"1.211078375E12":217,"1.21133398E12":348,"1.211059899E12":75,"1.211092774E12":293,"1.211057641E12":58,"1.211103585E12":306,"1.211057916E12":60,"1.21106776E12":131,"1.211070507E12":153,"1.211071604E12":165,"1.211073402E12":182,"1.211089051E12":286,"1.211054838E12":15,"1.211071326E12":161},"NUMBER_OF_PEOPLE":400,"minTimeSeen":1.211018404E12,"maxTimeSeen":1.211558405E12,"NEIGHBORHOOD_RADIUS":20.0,"ENCOUNTER_CHANCE":0.05,"priority":1.0,"duration":540001.0,"minutesDuration":9000.016666666666,"hoursDuration":150.00027777777777,"daysDuration":6.250011574074073}
