{"propagationData":{"1.211054187E12":70,"1.211055213E12":87,"1.211076523E12":289,"1.211056774E12":118,"1.211063575E12":208,"1.211105602E12":357,"1.211056125E12":100,"1.211055727E12":95,"1.211066595E12":237,"1.211070316E12":254,"1.211054796E12":82,"1.211056175E12":103,"1.211071646E12":268,"1.211057791E12":131,"1.211078028E12":299,"1.21105531E12":88,"1.211059181E12":151,"1.211088847E12":334,"1.21105425E12":73,"1.21107681E12":292,"1.211056184E12":104,"1.211054654E12":78,"1.211055377E12":90,"1.211050131E12":21,"1.211112055E12":360,"1.211082434E12":321,"1.211057554E12":126,"1.211051147E12":32,"1.211096481E12":347,"1.211200859E12":382,"1.211083711E12":325,"1.211063754E12":211,"1.211068867E12":248,"1.211067546E12":242,"1.211055882E12":97,"1.211067374E12":239,"1.211061827E12":188,"1.211081724E12":317,"1.211129324E12":368,"1.2110527E12":55,"1.2110614E12":185,"1.211133871E12":371,"1.211067236E12":238,"1.211052346E12":52,"1.21106754E12":241,"1.211133708E12":370,"1.211056571E12":114,"1.211093018E12":341,"1.21120865E12":384,"1.211053308E12":61,"1.211062192E12":193,"1.211058435E12":138,"1.211057702E12":130,"1.211065036E12":222,"1.211088758E12":333,"1.211058169E12":134,"1.211057288E12":123,"1.21107997E12":310,"1.211083727E12":326,"1.211060188E12":166,"1.211082498E12":322,"1.211065042E12":223,"1.211088569E12":332,"1.211104019E12":356,"1.211030605E12":5,"1.211093302E12":343,"1.211050394E12":24,"1.211071629E12":267,"1.211053562E12":67,"1.211079827E12":308,"1.211058766E12":141,"1.211018404E12":1,"1.211071137E12":259,"1.211066359E12":235,"1.211072624E12":273,"1.211054203E12":71,"1.211100437E12":351,"1.21104986E12":16,"1.211031319E12":6,"1.211064921E12":221,"1.211056268E12":107,"1.211055361E12":89,"1.211051083E12":31,"1.21105319E12":59,"1.211061165E12":183,"1.21105722E12":122,"1.211201718E12":383,"1.211060808E12":174,"1.211073792E12":280,"1.211060865E12":177,"1.211051498E12":38,"1.211064351E12":216,"1.211063633E12":209,"1.2110598E12":160,"1.211065442E12":225,"1.211116029E12":361,"1.211064312E12":215,"1.211051684E12":46,"1.211053245E12":60,"1.211070789E12":256,"1.211078292E12":300,"1.211156849E12":376,"1.211053399E12":62,"1.211052389E12":53,"1.211068232E12":246,"1.211050254E12":22,"1.211057673E12":127,"1.211051667E12":45,"1.211058371E12":136,"1.211074103E12":283,"1.21106085E12":176,"1.211059169E12":150,"1.211065687E12":228,"1.211074559E12":285,"1.211072668E12":274,"1.211064388E12":218,"1.21104956E12":12,"1.211105848E12":358,"1.211060945E12":178,"1.211054747E12":79,"1.211103115E12":355,"1.211051413E12":35,"1.211063558E12":207,"1.211071182E12":262,"1.211087494E12":331,"1.211052305E12":50,"1.211056535E12":113,"1.211056386E12":112,"1.211078339E12":301,"1.2110569E12":119,"1.211055706E12":94,"1.211061613E12":186,"1.211079674E12":307,"1.211062481E12":199,"1.211049574E12":13,"1.211071152E12":260,"1.21107948E12":305,"1.211057682E12":128,"1.211053616E12":68,"1.211076894E12":294,"1.211061936E12":189,"1.211089301E12":335,"1.211059645E12":157,"1.21105897E12":146,"1.211102804E12":354,"1.211082321E12":320,"1.21107456E12":286,"1.211065684E12":227,"1.211050065E12":19,"1.211069283E12":250,"1.211081257E12":315,"1.211058482E12":139,"1.211060157E12":165,"1.21105632E12":109,"1.211076529E12":290,"1.211066266E12":233,"1.211102449E12":353,"1.211057499E12":125,"1.211077426E12":296,"1.21104964E12":15,"1.211095632E12":346,"1.211074054E12":282,"1.211260608E12":386,"1.211071862E12":272,"1.211051066E12":29,"1.211066388E12":236,"1.211049861E12":17,"1.211177897E12":380,"1.211071178E12":261,"1.211066032E12":230,"1.211049262E12":7,"1.211051315E12":34,"1.211065188E12":224,"1.21108102E12":314,"1.211062959E12":203,"1.211051512E12":39,"1.211121548E12":362,"1.211062696E12":201,"1.211080439E12":313,"1.211054951E12":84,"1.211084528E12":330,"1.211065836E12":229,"1.211054828E12":83,"1.211074131E12":284,"1.211050366E12":23,"1.211083094E12":324,"1.211020743E12":3,"1.211073665E12":279,"1.211071604E12":266,"1.211059201E12":152,"1.21105559E12":92,"1.211067458E12":240,"1.211152917E12":375,"1.211060969E12":180,"1.21105914E12":149,"1.211074973E12":288,"1.211192617E12":381,"1.21105171E12":47,"1.211055009E12":86,"1.211068972E12":249,"1.211177522E12":379,"1.211079229E12":303,"1.211136563E12":372,"1.21108022E12":312,"1.211139158E12":374,"1.211057843E12":132,"1.211063811E12":212,"1.21105564E12":93,"1.211070313E12":253,"1.211060946E12":179,"1.211071021E12":258,"1.211139084E12":373,"1.21117286E12":377,"1.211065451E12":226,"1.211061163E12":182,"1.211051481E12":37,"1.211060666E12":173,"1.211056222E12":106,"1.211058807E12":142,"1.211058814E12":143,"1.211056691E12":116,"1.211092725E12":340,"1.211051589E12":42,"1.21105187E12":49,"1.211049871E12":18,"1.211054245E12":72,"1.211053471E12":64,"1.21105692E12":120,"1.211062158E12":192,"1.211051467E12":36,"1.211060825E12":175,"1.211079197E12":302,"1.211089316E12":336,"1.211061136E12":181,"1.211067956E12":245,"1.211069535E12":251,"1.211125867E12":366,"1.211052709E12":56,"1.211069538E12":252,"1.211071798E12":269,"1.211094872E12":345,"1.211061959E12":190,"1.211051638E12":44,"1.211064845E12":220,"1.211071269E12":263,"1.211090297E12":338,"1.211068494E12":247,"1.211084033E12":327,"1.211057047E12":121,"1.211243126E12":385,"1.211079905E12":309,"1.211059332E12":155,"1.211051044E12":27,"1.211054466E12":77,"1.211062259E12":195,"1.211059016E12":147,"1.211059857E12":161,"1.211071272E12":264,"1.211070444E12":255,"1.211082186E12":319,"1.211057699E12":129,"1.211054952E12":85,"1.211057292E12":124,"1.211072763E12":275,"1.211092452E12":339,"1.211128012E12":367,"1.211058815E12":144,"1.211062618E12":200,"1.211059943E12":162,"1.211049539E12":11,"1.211081766E12":318,"1.211084221E12":329,"1.211063529E12":206,"1.211051522E12":40,"1.211058379E12":137,"1.211124076E12":365,"1.211060197E12":167,"1.211060293E12":169,"1.211073065E12":277,"1.211054777E12":80,"1.211072942E12":276,"1.211074039E12":281,"1.211063696E12":210,"1.2110932E12":342,"1.211060084E12":163,"1.21106604E12":231,"1.211121806E12":363,"1.211097525E12":350,"1.211083026E12":323,"1.211175496E12":378,"1.21105177E12":48,"1.211094708E12":344,"1.211054792E12":81,"1.211066338E12":234,"1.211062331E12":197,"1.211062057E12":191,"1.211058629E12":140,"1.211067579E12":243,"1.211060594E12":172,"1.211080199E12":311,"1.211018675E12":2,"1.211076679E12":291,"1.21105813E12":133,"1.211062235E12":194,"1.211049463E12":9,"1.21106292E12":202,"1.211071861E12":271,"1.211064234E12":213,"1.211096763E12":348,"1.211056727E12":117,"1.211060362E12":170,"1.211054308E12":74,"1.211062286E12":196,"1.211051063E12":28,"1.211052321E12":51,"1.211049615E12":14,"1.211053526E12":66,"1.211059058E12":148,"1.211056343E12":110,"1.211063452E12":205,"1.211029879E12":4,"1.211058251E12":135,"1.211056154E12":101,"1.211056035E12":99,"1.211051034E12":26,"1.21112182E12":364,"1.211071571E12":265,"1.211308576E12":387,"1.211060269E12":168,"1.211055807E12":96,"1.211079467E12":304,"1.211081616E12":316,"1.211055894E12":98,"1.211053427E12":63,"1.21105669E12":115,"1.211049498E12":10,"1.211077134E12":295,"1.21105545E12":91,"1.211077574E12":297,"1.211054378E12":76,"1.211064276E12":214,"1.211106967E12":359,"1.211089814E12":337,"1.211077822E12":298,"1.211101327E12":352,"1.211084209E12":328,"1.211060376E12":171,"1.211052756E12":57,"1.21105108E12":30,"1.211053489E12":65,"1.21105617E12":102,"1.211067787E12":244,"1.211059304E12":153,"1.211050076E12":20,"1.211073122E12":278,"1.211064418E12":219,"1.211132933E12":369,"1.211059636E12":156,"1.211063398E12":204,"1.211051154E12":33,"1.211058921E12":145,"1.211061231E12":184,"1.211096887E12":349,"1.211054347E12":75,"1.21107965E12":306,"1.211051015E12":25,"1.211071823E12":270,"1.211049451E12":8,"1.211056195E12":105,"1.211052846E12":58,"1.211070986E12":257,"1.211056365E12":111,"1.211051626E12":43,"1.21107686E12":293,"1.211059315E12":154,"1.211060145E12":164,"1.21106162E12":187,"1.211074891E12":287,"1.2110524E12":54,"1.211053637E12":69,"1.211056274E12":108,"1.211062469E12":198,"1.211064382E12":217,"1.211059747E12":158,"1.211051541E12":41},"NUMBER_OF_PEOPLE":400,