{"propagationData":{"1.211063725E12":244,"1.21105285E12":141,"1.211057345E12":191,"1.211062324E12":232,"1.211064665E12":248,"1.211081162E12":321,"1.211058203E12":199,"1.211021013E12":7,"1.211064832E12":251,"1.211054527E12":160,"1.211053744E12":151,"1.211068728E12":278,"1.211061676E12":226,"1.211049092E12":88,"1.211172558E12":376,"1.211060527E12":214,"1.211071056E12":289,"1.211061697E12":227,"1.211041185E12":26,"1.21105534E12":166,"1.211095837E12":351,"1.211046305E12":58,"1.211049654E12":99,"1.211172044E12":375,"1.211046402E12":59,"1.211067633E12":270,"1.211041843E12":31,"1.211084491E12":328,"1.211047872E12":73,"1.211040851E12":24,"1.211049839E12":101,"1.211066046E12":260,"1.211048631E12":81,"1.211194453E12":381,"1.211052027E12":132,"1.211063635E12":243,"1.21105797E12":197,"1.211068712E12":277,"1.211053999E12":155,"1.211066348E12":264,"1.211025338E12":14,"1.211019445E12":2,"1.211144399E12":372,"1.211045749E12":51,"1.211043887E12":41,"1.21106332E12":242,"1.211057746E12":193,"1.211065451E12":258,"1.211049552E12":97,"1.211049873E12":104,"1.211053336E12":145,"1.211135933E12":370,"1.211063187E12":241,"1.211061163E12":222,"1.211086349E12":334,"1.211057965E12":196,"1.211040668E12":21,"1.211045319E12":44,"1.211055027E12":161,"1.211060819E12":217,"1.21106298E12":239,"1.211069745E12":280,"1.211064322E12":246,"1.211053643E12":150,"1.211072787E12":299,"1.211061856E12":228,"1.211082713E12":322,"1.211054282E12":156,"1.211054492E12":159,"1.211058487E12":203,"1.211068789E12":279,"1.211062411E12":234,"1.211021851E12":10,"1.211048478E12":78,"1.211054437E12":158,"1.211075341E12":304,"1.211045659E12":50,"1.211133982E12":369,"1.211098194E12":356,"1.211070141E12":282,"1.211072341E12":297,"1.211076102E12":309,"1.211045548E12":47,"1.211050988E12":120,"1.211096112E12":352,"1.211050477E12":111,"1.211050665E12":113,"1.211086386E12":335,"1.21107182E12":291,"1.211057182E12":189,"1.211075565E12":305,"1.211064797E12":250,"1.211053206E12":142,"1.211125948E12":367,"1.211078142E12":314,"1.211052647E12":136,"1.21107007E12":281,"1.211080906E12":319,"1.21104484E12":42,"1.211093751E12":347,"1.211057126E12":187,"1.211101056E12":361,"1.211048547E12":79,"1.211189337E12":379,"1.211041398E12":28,"1.211050674E12":114,"1.211067688E12":271,"1.211056621E12":179,"1.211062304E12":231,"1.21105682E12":182,"1.211023241E12":11,"1.211054348E12":157,"1.211109682E12":365,"1.211066161E12":262,"1.211070571E12":285,"1.211053537E12":149,"1.211081063E12":320,"1.211052242E12":134,"1.211049196E12":91,"1.211066297E12":263,"1.211042997E12":38,"1.211093319E12":346,"1.21106303E12":240,"1.211141486E12":371,"1.211092831E12":344,"1.21104073E12":22,"1.211052762E12":139,"1.21108452E12":329,"1.211049758E12":100,"1.211048764E12":83,"1.211053358E12":146,"1.211062402E12":233,"1.211119905E12":366,"1.211046248E12":57,"1.211057158E12":188,"1.211049044E12":87,"1.21105637E12":177,"1.211051699E12":128,"1.211049925E12":105,"1.21101977E12":5,"1.211045621E12":48,"1.211051058E12":123,"1.211018404E12":1,"1.211055254E12":165,"1.211050172E12":109,"1.211048259E12":76,"1.211072844E12":300,"1.211053988E12":153,"1.211099585E12":357,"1.211061888E12":229,"1.211089815E12":339,"1.21105349E12":148,"1.211048702E12":82,"1.211050889E12":117,"1.211058213E12":200,"1.211055151E12":164,"1.211102416E12":363,"1.211041672E12":29,"1.211042283E12":35,"1.211076035E12":308,"1.211047625E12":68,"1.211064993E12":252,"1.211043521E12":39,"1.211060114E12":211,"1.211043774E12":40,"1.211049264E12":95,"1.211090822E12":342,"1.211051722E12":129,"1.211042215E12":34,"1.211056285E12":175,"1.211048778E12":84,"1.211056149E12":172,"1.211071854E12":292,"1.211047226E12":64,"1.211049844E12":102,"1.211065442E12":256,"1.211047169E12":63,"1.211057286E12":190,"1.2110651E12":254,"1.211060106E12":210,"1.211096398E12":353,"1.211059062E12":206,"1.211071963E12":293,"1.21104673E12":61,"1.211051024E12":121,"1.211053418E12":147,"1.21109485E12":349,"1.211040439E12":18,"1.211077627E12":313,"1.211092134E12":343,"1.211055455E12":169,"1.211107266E12":364,"1.211068294E12":275,"1.211047909E12":74,"1.211047831E12":72,"1.211062591E12":235,"1.211053996E12":154,"1.211045416E12":45,"1.211067152E12":267,"1.211079449E12":316,"1.21107022E12":283,"1.211086574E12":336,"1.211047302E12":65,"1.211045234E12":43,"1.211061234E12":223,"1.2110501E12":107,"1.211050106E12":108,"1.21105633E12":176,"1.211066759E12":266,"1.211084436E12":327,"1.211061895E12":230,"1.21108669E12":337,"1.211049531E12":96,"1.211051084E12":124,"1.211102332E12":362,"1.211050675E12":115,"1.211049944E12":106,"1.211041131E12":25,"1.211055394E12":168,"1.211097843E12":354,"1.211075789E12":306,"1.211064745E12":249,"1.211047373E12":66,"1.21108061E12":317,"1.211084782E12":331,"1.211057004E12":185,"1.211042343E12":37,"1.211047697E12":69,"1.2110627E12":237,"1.211024094E12":12,"1.21104987E12":103,"1.211174246E12":377,"1.211065445E12":257,"1.211058844E12":205,"1.21104196E12":33,"1.211065075E12":253,"1.211085962E12":333,"1.211051528E12":126,"1.211051048E12":122,"1.211055111E12":163,"1.211062749E12":238,"1.211070983E12":287,"1.21105675E12":181,"1.211127052E12":368,"1.21104173E12":30,"1.211045655E12":49,"1.211083521E12":325,"1.211049209E12":92,"1.211191999E12":380,"1.211050957E12":119,"1.211060804E12":216,"1.211045523E12":46,"1.211068056E12":272,"1.211055625E12":170,"1.211084578E12":330,"1.2110661E12":261,"1.211055081E12":162,"1.211025195E12":13,"1.211053791E12":152,"1.211030704E12":15,"1.21106091E12":219,"1.211058007E12":198,"1.211052096E12":133,"1.211097868E12":355,"1.211049642E12":98,"1.211090438E12":340,"1.211040493E12":19,"1.211058391E12":201,"1.211045997E12":55,"1.211074173E12":302,"1.211056631E12":180,"1.211038709E12":16,"1.211078979E12":315,"1.211059111E12":208,"1.211048922E12":86,"1.21105795E12":195,"1.211073914E12":301,"1.211019472E12":4,"1.211021135E12":8,"1.211068492E12":276,"1.211048366E12":77,"1.211059879E12":209,"1.211061528E12":224,"1.211092885E12":345,"1.211066733E12":265,"1.211042306E12":36,"1.211067423E12":268,"1.211057453E12":192,"1.211051628E12":127,"1.211047724E12":70,"1.211052802E12":140,"1.21106448E12":247,"1.211068281E12":274,"1.211055388E12":167,"1.211099769E12":358,"1.211083733E12":326,"1.211053321E12":144,"1.211071032E12":288,"1.211052589E12":135,"1.211090636E12":341,"1.211089429E12":338,"1.211160964E12":374,"1.211072693E12":298,"1.211060965E12":220,"1.21107197E12":294,"1.211071555E12":290,"1.211048568E12":80,"1.211040317E12":17,"1.211085163E12":332,"1.211068117E12":273,"1.211050953E12":118,"1.211047596E12":67,"1.211041894E12":32,"1.211075235E12":303,"1.211056238E12":174,"1.211070264E12":284,"1.211056835E12":183,"1.211083517E12":324,"1.211048841E12":85,"1.211053212E12":143,"1.211062629E12":236,"1.211076115E12":310,"1.211059064E12":207,"1.211040794E12":23,"1.211056186E12":173,"1.211083048E12":323,"1.211046837E12":62,"1.211045921E12":54,"1.21102115E12":9,"1.211019803E12":6,"1.211060832E12":218,"1.211094767E12":348,"1.211100084E12":359,"1.211072091E12":295,"1.211049181E12":90,"1.211065294E12":255,"1.211058399E12":202,"1.211048157E12":75,"1.211045787E12":52,"1.21101945E12":3,"1.211057036E12":186,"1.21106075E12":215,"1.211050186E12":110,"1.21105075E12":116,"1.211080893E12":318,"1.211046663E12":60,"1.211060996E12":221,"1.21106027E12":212,"1.21105881E12":204,"1.21115991E12":373,"1.21107602E12":307,"1.211040664E12":20,"1.211076272E12":311,"1.211076686E12":312,"1.211047773E12":71,"1.211057856E12":194,"1.211067482E12":269,"1.211072145E12":296,"1.211051901E12":131,"1.21110078E12":360,"1.211046078E12":56,"1.211051739E12":130,"1.211056371E12":178,"1.211095605E12":350,"1.211056915E12":184,"1.211049256E12":93,"1.211052707E12":137,"1.211070695E12":286,"1.211049144E12":89,"1.211051417E12":125,"1.211060318E12":213,"1.21106432E12":245,"1.211055629E12":171,"1.21118889E12":378,"1.211041378E12":27,"1.211050499E12":112,"1.211052725E12":138,"1.211061651E12":225},"NUMBER_OF_PEOPLE":400,"minTimeSeen":1.211018404E12,"maxTimeSeen":1.211558405E12,"NEIGHBORHOOD_RADIUS":20.0,"ENCOUNTER_CHANCE":0.05,"priority":1.0,"duration":540001.0,