{"propagationData":{"1.211035044E12":86,"1.211043727E12":217,"1.211031981E12":37,"1.211060343E12":307,"1.211059302E12":303,"1.211080155E12":354,"1.211031219E12":25,"1.211034946E12":80,"1.211082653E12":359,"1.211047716E12":259,"1.211046713E12":245,"1.211039954E12":171,"1.211050986E12":275,"1.211063839E12":327,"1.211071341E12":342,"1.211031429E12":29,"1.211040427E12":179,"1.211124311E12":375,"1.211060986E12":310,"1.211035002E12":83,"1.211058983E12":301,"1.211030835E12":23,"1.211030807E12":21,"1.211023103E12":8,"1.211034433E12":61,"1.211045288E12":230,"1.211064362E12":329,"1.211031329E12":27,"1.211047586E12":256,"1.211055429E12":286,"1.211037567E12":131,"1.211039948E12":170,"1.211048563E12":263,"1.211047666E12":257,"1.211058487E12":298,"1.211061147E12":311,"1.211040486E12":181,"1.211038645E12":146,"1.211070372E12":341,"1.211076202E12":347,"1.211019555E12":2,"1.211032628E12":49,"1.211045142E12":229,"1.211063147E12":322,"1.211038607E12":144,"1.211034757E12":76,"1.211047214E12":251,"1.21104272E12":212,"1.211038929E12":154,"1.211044091E12":222,"1.211053565E12":280,"1.211039378E12":159,"1.211057687E12":295,"1.211061295E12":313,"1.21106969E12":338,"1.211038274E12":138,"1.211049156E12":268,"1.211030571E12":9,"1.211041695E12":197,"1.211044162E12":223,"1.211053401E12":278,"1.211034382E12":59,"1.211081388E12":355,"1.21105103E12":276,"1.211041828E12":200,"1.211042E12":202,"1.211082518E12":358,"1.211063926E12":328,"1.211032056E12":39,"1.211043008E12":215,"1.211047415E12":254,"1.21104148E12":195,"1.211045331E12":233,"1.21104406E12":221,"1.211018404E12":1,"1.211039623E12":164,"1.211436544E12":388,"1.211201159E12":377,"1.211036679E12":115,"1.211032354E12":47,"1.211034771E12":77,"1.211036427E12":108,"1.211037336E12":126,"1.211034654E12":72,"1.211034488E12":67,"1.211036667E12":114,"1.211258706E12":385,"1.211048757E12":265,"1.21106158E12":315,"1.211046881E12":248,"1.211032959E12":51,"1.211046292E12":241,"1.211030648E12":11,"1.211079837E12":353,"1.211041861E12":201,"1.211050699E12":271,"1.211036064E12":101,"1.211036159E12":104,"1.211043993E12":220,"1.211036514E12":109,"1.211088426E12":362,"1.211035131E12":88,"1.211057282E12":293,"1.211046027E12":239,"1.211032262E12":46,"1.21104631E12":242,"1.211050793E12":272,"1.211034657E12":73,"1.211041698E12":198,"1.211054005E12":282,"1.211078413E12":349,"1.2110343E12":57,"1.211068303E12":336,"1.211040433E12":180,"1.21103886E12":149,"1.211056355E12":289,"1.211032629E12":50,"1.211079706E12":352,"1.211042182E12":205,"1.211053965E12":281,"1.211045503E12":235,"1.211037368E12":127,"1.211037023E12":121,"1.211030728E12":16,"1.211036884E12":117,"1.211034794E12":78,"1.211070257E12":340,"1.211063671E12":326,"1.211030784E12":17,"1.211348157E12":387,"1.211050981E12":274,"1.211041333E12":194,"1.211038807E12":148,"1.211030616E12":10,"1.211039566E12":163,"1.211087769E12":360,"1.211035686E12":94,"1.211034062E12":55,"1.211030947E12":24,"1.211054225E12":283,"1.211042702E12":211,"1.211031391E12":28,"1.211066786E12":332,"1.211038174E12":137,"1.211089624E12":363,"1.211036969E12":119,"1.211020456E12":5,"1.211043914E12":218,"1.211036551E12":111,"1.211041487E12":196,"1.211042521E12":207,"1.211050466E12":269,"1.211094487E12":369,"1.211037288E12":123,"1.211031784E12":35,"1.211061859E12":317,"1.211044655E12":226,"1.21103495E12":81,"1.211060966E12":309,"1.211031977E12":36,"1.21107153E12":343,"1.211061259E12":312,"1.211042651E12":208,"1.211045329E12":232,"1.211035989E12":100,"1.211054778E12":284,"1.211036611E12":112,"1.211047935E12":260,"1.211067189E12":333,"1.211211832E12":379,"1.211046785E12":247,"1.211040295E12":176,"1.211034622E12":70,"1.211039751E12":167,"1.211033521E12":53,"1.211034418E12":60,"1.211038984E12":157,"1.211032192E12":44,"1.211036939E12":118,"1.211090806E12":366,"1.21107704E12":348,"1.211243033E12":384,"1.211041E12":193,"1.211036131E12":103,"1.211260619E12":386,"1.211039674E12":166,"1.211040889E12":190,"1.211034684E12":74,"1.211062959E12":321,"1.211048031E12":261,"1.211037519E12":130,"1.211040049E12":173,"1.211038414E12":140,"1.211031565E12":32,"1.211045352E12":234,"1.211036545E12":110,"1.211092862E12":367,"1.211032213E12":45,"1.211035368E12":93,"1.211044182E12":224,"1.211066209E12":330,"1.211035177E12":89,"1.211042128E12":203,"1.211030706E12":15,"1.21104009E12":174,"1.21105768E12":294,"1.211058088E12":297,"1.211056811E12":291,"1.211063573E12":324,"1.211020307E12":3,"1.2110307E12":14,"1.211032581E12":48,"1.211037514E12":129,"1.211210738E12":378,"1.211038117E12":134,"1.211040372E12":178,"1.211093677E12":368,"1.211060268E12":306,"1.211035294E12":92,"1.211043674E12":216,"1.211089758E12":364,"1.211126188E12":376,"1.211036355E12":106,"1.211061709E12":316,"1.211032188E12":43,"1.211031281E12":26,"1.211030794E12":18,"1.211081707E12":357,"1.211040716E12":184,"1.211031439E12":30,"1.211040774E12":185,"1.211038642E12":145,"1.211045307E12":231,"1.211046379E12":243,"1.211057884E12":296,"1.211039812E12":168,"1.211034984E12":82,"1.211045517E12":237,"1.211037331E12":125,"1.211032185E12":42,"1.21106019E12":304,"1.21105523E12":285,"1.211239626E12":382,"1.211034438E12":62,"1.2110308E12":20,"1.211034486E12":66,"1.211044305E12":225,"1.211239839E12":383,"1.211056192E12":288,"1.211021594E12":6,"1.211042919E12":214,"1.211038796E12":147,"1.211040813E12":187,"1.21104397E12":219,"1.211058579E12":299,"1.21104052E12":183,"1.211067671E12":335,"1.211094926E12":370,"1.211062602E12":320,"1.211031581E12":33,"1.21108158E12":356,"1.21103983E12":169,"1.211060235E12":305,"1.211063668E12":325,"1.211032098E12":40,"1.211022668E12":7,"1.211123317E12":373,"1.211037298E12":124,"1.211040517E12":182,"1.21103455E12":69,"1.211034646E12":71,"1.211046112E12":240,"1.211063512E12":323,"1.21105585E12":287,"1.211035094E12":87,"1.211047385E12":253,"1.211068502E12":337,"1.211032113E12":41,"1.211038869E12":150,"1.211038424E12":141,"1.211040904E12":191,"1.211038445E12":142,"1.211030819E12":22,"1.211062083E12":318,"1.211040777E12":186,"1.211036767E12":116,"1.211040949E12":192,"1.21103889E12":151,"1.211039458E12":161,"1.211049136E12":267,"1.211069708E12":339,"1.211034367E12":58,"1.211041745E12":199,"1.211038924E12":152,"1.211058608E12":300,"1.211088204E12":361,"1.21112384E12":374,"1.211062337E12":319,"1.211039413E12":160,"1.211033612E12":54,"1.211036411E12":107,"1.211046761E12":246,"1.211075916E12":345,"1.211036122E12":102,"1.211039672E12":165,"1.211035865E12":96,"1.21104596E12":238,"1.211053526E12":279,"1.21103448E12":64,"1.211037971E12":133,"1.211042181E12":204,"1.211038969E12":155,"1.211037038E12":122,"1.211048752E12":264,"1.211047218E12":252,"1.211230617E12":380,"1.21103454E12":68,"1.211035246E12":91,"1.211042198E12":206,"1.21103167E12":34,"1.21104088E12":189,"1.211038493E12":143,"1.211030795E12":19,"1.211060387E12":308,"1.211072378E12":344,"1.211035884E12":97,"1.211076143E12":346,"1.211030674E12":12,"1.211056389E12":290,"1.211235364E12":381,"1.211035966E12":99,"1.211037414E12":128,"1.211090392E12":365,"1.211037577E12":132,"1.211038135E12":135,"1.211034874E12":79,"1.211052787E12":277,"1.211037015E12":120,"1.211035933E12":98,"1.211039991E12":172,"1.211031474E12":31,"1.211042676E12":210,"1.211042669E12":209,"1.211047458E12":255,"1.211044903E12":227,"1.211042853E12":213,"1.211038394E12":139,"1.211035022E12":84,"1.211046598E12":244,"1.2110472E12":250,"1.211038165E12":136,"1.211030678E12":13,"1.211034469E12":63,"1.211035815E12":95,"1.211044933E12":228,"1.211040238E12":175,"1.211045511E12":236,"1.211057156E12":292,"1.211034727E12":75,"1.211035213E12":90,"1.211050821E12":273,"1.211036631E12":113,"1.211079637E12":351,"1.211049025E12":266,"1.211050527E12":270,"1.211035043E12":85,"1.211066782E12":331,"1.211061572E12":314,"1.211020424E12":4,"1.211040868E12":188,"1.211039542E12":162,"1.211036205E12":105,"1.211038927E12":153,"1.211033383E12":52,"1.211039001E12":158,"1.211048307E12":262,"1.211067586E12":334,"1.211034065E12":56,"1.211094987E12":371,"1.211047669E12":258,"1.211032001E12":38,"1.211059266E12":302,"1.211078614E12":350,"1.211102461E12":372,"1.211046983E12":249,"1.211040305E12":177},