{"propagationData":{"1.211057448E12":30,"1.211057345E12":29,"1.211071327E12":112,"1.211085387E12":222,"1.211054773E12":15,"1.211076811E12":166,"1.211080186E12":178,"1.211083671E12":213,"1.211064752E12":63,"1.211093543E12":244,"1.211084922E12":219,"1.211067465E12":85,"1.211067803E12":87,"1.211092749E12":239,"1.211061204E12":46,"1.211072533E12":125,"1.211054392E12":10,"1.211053521E12":3,"1.211066961E12":81,"1.211165174E12":276,"1.211074224E12":136,"1.211067065E12":82,"1.211105419E12":268,"1.211093246E12":242,"1.211075857E12":158,"1.211085396E12":223,"1.211067436E12":84,"1.211057843E12":34,"1.211055532E12":18,"1.211343718E12":294,"1.211060805E12":42,"1.21107155E12":117,"1.211082551E12":205,"1.2110667E12":79,"1.211080404E12":182,"1.211081208E12":192,"1.211073769E12":134,"1.211070873E12":102,"1.211165195E12":279,"1.211105354E12":267,"1.211071461E12":114,"1.211054475E12":12,"1.211084839E12":216,"1.211081322E12":193,"1.211073155E12":131,"1.211164158E12":274,"1.211059859E12":37,"1.211061475E12":47,"1.211079999E12":175,"1.211072494E12":124,"1.211165947E12":284,"1.211056802E12":25,"1.211092742E12":238,"1.211069181E12":96,"1.211093141E12":241,"1.211075541E12":154,"1.21107173E12":120,"1.211055841E12":21,"1.211165194E12":278,"1.211084273E12":214,"1.211082564E12":206,"1.211075759E12":155,"1.211067493E12":86,"1.211071034E12":106,"1.211343676E12":293,"1.211338406E12":292,"1.211074414E12":140,"1.211081025E12":190,"1.211336798E12":288,"1.211117932E12":272,"1.21105902E12":36,"1.211099538E12":262,"1.211071299E12":109,"1.211056228E12":23,"1.211049762E12":2,"1.211061959E12":49,"1.211057258E12":28,"1.21108178E12":201,"1.211068089E12":88,"1.211073195E12":132,"1.211070569E12":99,"1.211071008E12":105,"1.211076964E12":169,"1.211063707E12":57,"1.21108269E12":208,"1.211066513E12":74,"1.211066656E12":77,"1.211054277E12":8,"1.211090851E12":237,"1.211116998E12":270,"1.211101858E12":264,"1.211081735E12":199,"1.211073112E12":130,"1.211118303E12":273,"1.211060055E12":39,"1.211080607E12":183,"1.211076042E12":160,"1.211080065E12":177,"1.211071549E12":116,"1.211071801E12":123,"1.211054764E12":14,"1.211117008E12":271,"1.211071634E12":118,"1.211333684E12":286,"1.21108877E12":234,"1.211068219E12":90,"1.211071789E12":122,"1.211076801E12":165,"1.211093546E12":245,"1.211057669E12":31,"1.21108242E12":202,"1.211093941E12":250,"1.211076087E12":161,"1.211076838E12":167,"1.211072586E12":127,"1.211076034E12":159,"1.211081453E12":197,"1.211080965E12":187,"1.211075184E12":150,"1.211094089E12":254,"1.211071149E12":107,"1.211070936E12":103,"1.2110766E12":163,"1.211082466E12":204,"1.211018404E12":1,"1.211077251E12":171,"1.211074431E12":141,"1.211165359E12":283,"1.211094149E12":256,"1.211080989E12":188,"1.211071343E12":113,"1.211074453E12":142,"1.211074549E12":143,"1.211060472E12":41,"1.211165226E12":280,"1.211099502E12":261,"1.211084925E12":220,"1.211075503E12":153,"1.211072537E12":126,"1.211100621E12":263,"1.211064392E12":61,"1.211070732E12":100,"1.211080962E12":186,"1.211333681E12":285,"1.211081715E12":198,"1.211066751E12":80,"1.21108245E12":203,"1.21107458E12":144,"1.211054422E12":11,"1.211337884E12":289,"1.211093924E12":249,"1.211074289E12":137,"1.211055744E12":20,"1.211084465E12":215,"1.21107542E12":151,"1.211087981E12":229,"1.211058192E12":35,"1.211070996E12":104,"1.211079976E12":174,"1.211076744E12":164,"1.211101881E12":265,"1.211090045E12":235,"1.211066537E12":75,"1.211064033E12":59,"1.211063659E12":55,"1.21109352E12":243,"1.211057717E12":32,"1.21109364E12":247,"1.21108798E12":228,"1.211061835E12":48,"1.211060992E12":45,"1.211088752E12":233,"1.211063813E12":58,"1.211054054E12":7,"1.211074106E12":135,"1.211081022E12":189,"1.211070733E12":101,"1.211094073E12":251,"1.211060878E12":44,"1.211072797E12":129,"1.211065557E12":69,"1.211165358E12":282,"1.211094147E12":255,"1.21106911E12":94,"1.211072711E12":128,"1.211080934E12":185,"1.211068689E12":92,"1.211064166E12":60,"1.21106616E12":72,"1.211075481E12":152,"1.211067434E12":83,"1.211071323E12":111,"1.211064534E12":62,"1.211068202E12":89,"1.211075809E12":157,"1.211080373E12":180,"1.211099407E12":258,"1.211101888E12":266,"1.211074674E12":146,"1.211076156E12":162,"1.211081365E12":194,"1.211062694E12":52,"1.211065773E12":70,"1.211064763E12":64,"1.211062379E12":50,"1.211056286E12":24,"1.2110743E12":138,"1.211062481E12":51,"1.211081419E12":196,"1.211063688E12":56,"1.211092763E12":240,"1.211083184E12":211,"1.21109078E12":236,"1.211081366E12":195,"1.211075767E12":156,"1.211065276E12":66,"1.211085441E12":224,"1.211060041E12":38,"1.211080398E12":181,"1.21107735E12":173,"1.211105495E12":269,"1.211063257E12":54,"1.211080296E12":179,"1.21107734E12":172,"1.211054293E12":9,"1.211165187E12":277,"1.21105545E12":17,"1.211076853E12":168,"1.211057169E12":27,"1.211074327E12":139,"1.21108686E12":226,"1.211082652E12":207,"1.211053693E12":6,"1.21105568E12":19,"1.211077143E12":170,"1.211165355E12":281,"1.211337885E12":290,"1.211093659E12":248,"1.211338345E12":291,"1.211099429E12":259,"1.211093639E12":246,"1.211084844E12":218,"1.211053611E12":4,"1.211073655E12":133,"1.211056927E12":26,"1.211053656E12":5,"1.211068763E12":93,"1.211070501E12":98,"1.211065819E12":71,"1.21109946E12":260,"1.211074878E12":148,"1.211088613E12":231,"1.211081746E12":200,"1.211071763E12":121,"1.2110747E12":147,"1.211057749E12":33,"1.211054627E12":13,"1.21106657E12":76,"1.21108875E12":232,"1.211094254E12":257,"1.211066447E12":73,"1.211055328E12":16,"1.21106009E12":40,"1.211083237E12":212,"1.211066692E12":78,"1.211074626E12":145,"1.211065417E12":68,"1.211069904E12":97,"1.211094074E12":253,"1.21116416E12":275,"1.211085911E12":225,"1.211062971E12":53,"1.211081106E12":191,"1.211071518E12":115,"1.21108001E12":176,"1.211065114E12":65,"1.211422211E12":295,"1.211060839E12":43,"1.211336744E12":287,"1.211068548E12":91,"1.211075118E12":149,"1.21108822E12":230,"1.211071244E12":108,"1.211084926E12":221,"1.211056157E12":22,"1.211082803E12":209,"1.211071719E12":119,"1.211071302E12":110,"1.211065362E12":67,"1.211084841E12":217,"1.211087513E12":227,"1.211069142E12":95,"1.211080928E12":184},"NUMBER_OF_PEOPLE":400,"minTimeSeen":1.211018404E12,"maxTimeSeen":1.211558405E12,"NEIGHBORHOOD_RADIUS":20.0,"ENCOUNTER_CHANCE":0.05,"priority":1.0,"duration":540001.0,"minutesDuration":9000.016666666666,"hoursDuration":150.00027777777777,"daysDuration":6.250011574074073}
