{"propagationData":{"1.211024857E12":88,"1.211032719E12":169,"1.211023171E12":59,"1.211044323E12":233,"1.211018526E12":36,"1.21105417E12":282,"1.211064832E12":315,"1.21106016E12":305,"1.211032369E12":164,"1.211023447E12":67,"1.211054605E12":287,"1.211018462E12":20,"1.211028292E12":124,"1.211085993E12":333,"1.211045068E12":238,"1.211023523E12":69,"1.211026882E12":111,"1.211087403E12":337,"1.211018417E12":15,"1.211022203E12":49,"1.211085937E12":331,"1.211031725E12":158,"1.211018416E12":14,"1.211058602E12":294,"1.211086806E12":335,"1.211038338E12":209,"1.211044643E12":234,"1.211021039E12":46,"1.211064705E12":314,"1.211036556E12":199,"1.211044712E12":236,"1.211025471E12":96,"1.211023233E12":62,"1.211031101E12":150,"1.211031938E12":160,"1.211038331E12":208,"1.211057695E12":291,"1.211018491E12":29,"1.211023298E12":66,"1.2110313E12":152,"1.211037671E12":203,"1.211037444E12":200,"1.211027547E12":117,"1.211024859E12":89,"1.211019711E12":45,"1.211037935E12":206,"1.211018477E12":25,"1.2110954E12":345,"1.211059739E12":302,"1.211026721E12":110,"1.211028582E12":127,"1.211031733E12":159,"1.21104213E12":221,"1.211028939E12":130,"1.211058975E12":296,"1.211034448E12":189,"1.211022117E12":48,"1.211041713E12":218,"1.211018646E12":39,"1.211049783E12":272,"1.211046141E12":245,"1.211031117E12":151,"1.211065812E12":319,"1.211023044E12":57,"1.211054369E12":283,"1.211023246E12":65,"1.211029496E12":134,"1.211033514E12":177,"1.211045192E12":241,"1.211028747E12":129,"1.211018474E12":22,"1.211049307E12":267,"1.211026016E12":105,"1.21102558E12":98,"1.211034438E12":188,"1.211038876E12":215,"1.211047721E12":264,"1.211018454E12":19,"1.21103877E12":214,"1.211057697E12":292,"1.211027886E12":119,"1.211018515E12":34,"1.211034042E12":182,"1.211024423E12":82,"1.211032398E12":165,"1.211023688E12":70,"1.211046603E12":249,"1.211094656E12":344,"1.211018428E12":18,"1.211087406E12":338,"1.211095731E12":348,"1.211032779E12":173,"1.211045074E12":239,"1.211028532E12":126,"1.211018589E12":37,"1.211018479E12":26,"1.211091073E12":342,"1.211087378E12":336,"1.21104971E12":270,"1.211038504E12":211,"1.211029791E12":136,"1.211031581E12":156,"1.211029365E12":132,"1.211023697E12":71,"1.211033702E12":178,"1.211046388E12":248,"1.211023469E12":68,"1.211030192E12":143,"1.211046142E12":246,"1.211045912E12":243,"1.211024219E12":78,"1.211018473E12":21,"1.211034615E12":193,"1.211024267E12":81,"1.211059925E12":304,"1.211044308E12":231,"1.211029817E12":137,"1.211082825E12":322,"1.21102199E12":47,"1.211050089E12":274,"1.211047826E12":266,"1.211027408E12":115,"1.211033749E12":179,"1.211086169E12":334,"1.211063763E12":312,"1.211031325E12":153,"1.211031547E12":154,"1.211061836E12":308,"1.211025315E12":95,"1.211024224E12":79,"1.211019104E12":42,"1.211025634E12":100,"1.211018404E12":10,"1.211038482E12":210,"1.211026427E12":108,"1.211022837E12":55,"1.211032743E12":172,"1.211034081E12":184,"1.211019675E12":44,"1.211023174E12":60,"1.211085952E12":332,"1.211059449E12":299,"1.211054593E12":286,"1.211018497E12":30,"1.21103073E12":146,"1.211025926E12":104,"1.211031569E12":155,"1.211046819E12":252,"1.211054607E12":288,"1.211045596E12":242,"1.211032468E12":168,"1.211018521E12":35,"1.211019495E12":43,"1.211038084E12":207,"1.211046729E12":251,"1.211024469E12":83,"1.211049976E12":273,"1.211032079E12":163,"1.211035064E12":196,"1.211018419E12":16,"1.211032877E12":175,"1.21103207E12":162,"1.211058648E12":295,"1.211062625E12":310,"1.211067552E12":320,"1.211042318E12":222,"1.211032724E12":171,"1.211027285E12":114,"1.21108277E12":321,"1.211057877E12":293,"1.211018483E12":28,"1.21108447E12":329,"1.211083064E12":323,"1.211038727E12":212,"1.211044813E12":237,"1.211018506E12":31,"1.211083256E12":325,"1.21105176E12":276,"1.211033948E12":180,"1.211023046E12":58,"1.211018421E12":17,"1.211095736E12":349,"1.211022696E12":53,"1.211090734E12":340,"1.211047573E12":261,"1.211064849E12":316,"1.211025035E12":93,"1.211054092E12":280,"1.21102949E12":133,"1.211059386E12":298,"1.211025612E12":99,"1.211018476E12":24,"1.211030751E12":147,"1.211022634E12":51,"1.211042086E12":220,"1.211022945E12":56,"1.211030122E12":139,"1.211056907E12":290,"1.211036236E12":197,"1.211028045E12":121,"1.211030152E12":142,"1.211023871E12":73,"1.211042429E12":223,"1.211054393E12":285,"1.211047083E12":257,"1.211053131E12":278,"1.211024882E12":90,"1.211065369E12":317,"1.211030138E12":140,"1.211052669E12":277,"1.211023207E12":61,"1.211024561E12":85,"1.211044065E12":229,"1.211034372E12":186,"1.211054117E12":281,"1.211047581E12":262,"1.211047074E12":256,"1.211018508E12":33,"1.211047818E12":265,"1.211028118E12":122,"1.211060443E12":306,"1.211049599E12":269,"1.211044309E12":232,"1.211034545E12":192,"1.211037457E12":201,"1.211059049E12":297,"1.211062384E12":309,"1.211032721E12":170,"1.211047206E12":260,"1.211084389E12":327,"1.21102275E12":54,"1.211028531E12":125,"1.211054086E12":279,"1.211043886E12":228,"1.211025047E12":94,"1.211032448E12":166,"1.21103425E12":185,"1.211034058E12":183,"1.211059814E12":303,"1.211047181E12":259,"1.2110416E12":217,"1.211025925E12":103,"1.211023237E12":64,"1.21103652E12":198,"1.211046826E12":253,"1.211046719E12":250,"1.211018603E12":38,"1.211024654E12":86,"1.211043091E12":226,"1.211030194E12":144,"1.211030242E12":145,"1.211051744E12":275,"1.211025668E12":101,"1.211084717E12":330,"1.211046108E12":244,"1.211022252E12":50,"1.211047609E12":263,"1.211027855E12":118,"1.21103097E12":148,"1.211032449E12":167,"1.211024521E12":84,"1.21103763E12":202,"1.211023878E12":74,"1.211047029E12":255,"1.211024182E12":77,"1.211095804E12":350,"1.211024144E12":76,"1.211054382E12":284,"1.21102265E12":52,"1.211034463E12":190,"1.211049538E12":268,"1.211019084E12":41,"1.211033998E12":181,"1.211084469E12":328,"1.211059664E12":301,"1.211034469E12":191,"1.211027481E12":116,"1.211043044E12":225,"1.211049748E12":271,"1.211023884E12":75,"1.211047135E12":258,"1.211032781E12":174,"1.211033415E12":176,"1.211026713E12":109,"1.211025021E12":92,"1.211027205E12":113,"1.211026093E12":107,"1.211028244E12":123,"1.211029759E12":135,"1.211024894E12":91,"1.211065483E12":318,"1.211056739E12":289,"1.211091044E12":341,"1.211064601E12":313,"1.21103474E12":194,"1.211032045E12":161,"1.211095665E12":347,"1.211024708E12":87,"1.211037732E12":205,"1.211084344E12":326,"1.211042553E12":224,"1.211046832E12":254,"1.211034823E12":195,"1.211028588E12":128,"1.211031044E12":149,"1.211026048E12":106,"1.211093269E12":343,"1.211060904E12":307,"1.211045171E12":240,"1.211043093E12":227,"1.21104112E12":216,"1.211018649E12":40,"1.211044253E12":230,"1.211095605E12":346,"1.21103012E12":138,"1.211031618E12":157,"1.211037718E12":204,"1.2110831E12":324,"1.211087407E12":339,"1.211059499E12":300,"1.211046247E12":247,"1.21104208E12":219,"1.211024264E12":80,"1.211030141E12":141,"1.211018407E12":13,"1.211063715E12":311,"1.211023748E12":72,"1.211044647E12":235,"1.211038729E12":213,"1.211028967E12":131,"1.211027093E12":112,"1.211025851E12":102},"NUMBER_OF_PEOPLE":400,"minTimeSeen":1.211018404E12,"maxTimeSeen":1.211558405E12,"NEIGHBORHOOD_RADIUS":20.0,"ENCOUNTER_CHANCE":0.05,"priority":1.0,"duration":540001.0,"minutesDuration":9000.016666666666,"hoursDuration":150.00027777777777,"daysDuration":6.250011574074073}
