{"propagationData":{"1.211179772E12":13,"1.211023126E12":9,"1.211018429E12":3,"1.211179736E12":12,"1.211018414E12":2,"1.21102268E12":7,"1.211018433E12":4,"1.211023457E12":10,"1.211023E12":8,"1.211018404E12":1,"1.211018574E12":6,"1.211018463E12":5,"1.211027565E12":11},"NUMBER_OF_PEOPLE":400,"minTimeSeen":1.211018404E12,"maxTimeSeen":1.211558405E12,"NEIGHBORHOOD_RADIUS":20.0,"ENCOUNTER_CHANCE":0.05,"priority":1.0,"duration":540001.0,"minutesDuration":9000.016666666666,"hoursDuration":150.00027777777777,"daysDuration":6.250011574074073}
