{"propagationData":{"1.211093603E12":305,"1.211067726E12":241,"1.211050376E12":67,"1.211067551E12":238,"1.211050417E12":68,"1.211053215E12":114,"1.211043066E12":21,"1.21107374E12":259,"1.211042145E12":15,"1.211080368E12":284,"1.211060229E12":194,"1.211051047E12":83,"1.211076408E12":268,"1.211053524E12":122,"1.211044011E12":28,"1.211053957E12":128,"1.211055854E12":148,"1.211093837E12":306,"1.211043262E12":23,"1.211074606E12":264,"1.211064265E12":227,"1.211060654E12":201,"1.211053886E12":127,"1.211048726E12":50,"1.211056564E12":157,"1.211077125E12":273,"1.21114742E12":320,"1.211050226E12":61,"1.211077023E12":270,"1.211062315E12":214,"1.211051953E12":100,"1.211082945E12":289,"1.211051014E12":80,"1.211053179E12":113,"1.21107711E12":272,"1.211074071E12":261,"1.211050473E12":70,"1.211045419E12":31,"1.2110552E12":139,"1.211050949E12":79,"1.211060093E12":192,"1.211040686E12":10,"1.211054135E12":129,"1.211059099E12":186,"1.21105073E12":76,"1.211059746E12":190,"1.211079537E12":281,"1.211077964E12":278,"1.211040668E12":9,"1.211058893E12":184,"1.211052445E12":104,"1.211104317E12":308,"1.211051082E12":85,"1.211147546E12":322,"1.211071667E12":249,"1.211052428E12":103,"1.211045386E12":30,"1.211051318E12":92,"1.21105115E12":89,"1.21107173E12":251,"1.211048523E12":49,"1.211054679E12":136,"1.21105024E12":63,"1.21105628E12":155,"1.211063765E12":223,"1.211050568E12":75,"1.211052745E12":106,"1.211055632E12":145,"1.211081856E12":287,"1.211047013E12":41,"1.211235833E12":325,"1.211055981E12":152,"1.211067673E12":240,"1.211083139E12":291,"1.211047866E12":45,"1.211064277E12":229,"1.211235478E12":324,"1.211051016E12":81,"1.211147434E12":321,"1.211058301E12":180,"1.211049906E12":56,"1.211057401E12":168,"1.211060252E12":195,"1.211042879E12":20,"1.211053066E12":109,"1.211057311E12":166,"1.211139459E12":312,"1.211235477E12":323,"1.211050287E12":65,"1.211040855E12":12,"1.211061152E12":206,"1.211083895E12":294,"1.211076903E12":269,"1.211053574E12":123,"1.211067759E12":242,"1.211146835E12":318,"1.211307862E12":328,"1.211080366E12":283,"1.211072385E12":253,"1.211091746E12":303,"1.211064085E12":225,"1.211053602E12":124,"1.211045815E12":33,"1.211055963E12":151,"1.211072642E12":254,"1.211066734E12":236,"1.21106764E12":239,"1.211050306E12":66,"1.211056731E12":159,"1.211050533E12":73,"1.21109128E12":302,"1.211055552E12":143,"1.211055924E12":150,"1.211046382E12":37,"1.211051699E12":98,"1.211060719E12":202,"1.211049418E12":54,"1.211051058E12":84,"1.211050426E12":69,"1.211018404E12":1,"1.211047579E12":43,"1.211056867E12":162,"1.211077367E12":277,"1.211072673E12":255,"1.211046632E12":38,"1.211042296E12":18,"1.211070589E12":247,"1.211068355E12":244,"1.211058289E12":179,"1.211054637E12":134,"1.211062287E12":213,"1.211062284E12":212,"1.211048174E12":46,"1.211054248E12":131,"1.211308968E12":329,"1.211051245E12":91,"1.211074502E12":263,"1.211052193E12":101,"1.211061563E12":208,"1.211054854E12":137,"1.211061866E12":210,"1.211055271E12":140,"1.211051112E12":88,"1.211049242E12":53,"1.211064269E12":228,"1.211040707E12":11,"1.211134177E12":310,"1.211040665E12":8,"1.211060451E12":198,"1.21104169E12":14,"1.21105704E12":163,"1.211077333E12":276,"1.211073758E12":260,"1.211052946E12":108,"1.211051478E12":95,"1.211065437E12":233,"1.211061801E12":209,"1.211053439E12":118,"1.211055501E12":142,"1.211057465E12":170,"1.211084324E12":296,"1.21107726E12":275,"1.211047766E12":44,"1.211050071E12":59,"1.211057523E12":173,"1.211043661E12":25,"1.211060728E12":203,"1.211073045E12":256,"1.211133349E12":309,"1.211058306E12":181,"1.211052708E12":105,"1.211054336E12":132,"1.211139723E12":313,"1.21105333E12":116,"1.211036393E12":6,"1.211066076E12":234,"1.21105119E12":90,"1.211046097E12":34,"1.211052794E12":107,"1.211083447E12":292,"1.211054877E12":138,"1.211307668E12":326,"1.211066716E12":235,"1.211042278E12":17,"1.211048405E12":47,"1.211057092E12":164,"1.211059484E12":187,"1.211073089E12":257,"1.211046693E12":39,"1.211048446E12":48,"1.211050497E12":71,"1.211140093E12":315,"1.211084711E12":299,"1.211063489E12":220,"1.211054642E12":135,"1.21106501E12":231,"1.211053652E12":125,"1.211056015E12":154,"1.211062703E12":216,"1.211081844E12":286,"1.211045264E12":29,"1.211039462E12":7,"1.211057323E12":167,"1.211060409E12":197,"1.211071565E12":248,"1.211063683E12":221,"1.211046784E12":40,"1.211053714E12":126,"1.211059097E12":185,"1.211049554E12":55,"1.21104398E12":27,"1.21106412E12":226,"1.211054216E12":130,"1.211084331E12":297,"1.211062384E12":215,"1.211056799E12":161,"1.211071901E12":252,"1.211040871E12":13,"1.211056569E12":158,"1.211057493E12":171,"1.211307857E12":327,"1.211091829E12":304,"1.211080722E12":285,"1.211053115E12":112,"1.21108188E12":288,"1.211068329E12":243,"1.21108466E12":298,"1.211049117E12":52,"1.211055591E12":144,"1.211086235E12":301,"1.211060406E12":196,"1.211058007E12":177,"1.211060122E12":193,"1.211051523E12":96,"1.211060511E12":200,"1.211062761E12":217,"1.211077223E12":274,"1.211051098E12":86,"1.2110795E12":280,"1.21105056E12":74,"1.211051458E12":94,"1.211046111E12":35,"1.211093946E12":307,"1.211057407E12":169,"1.211140119E12":316,"1.211046369E12":36,"1.211068713E12":246,"1.211060499E12":199,"1.211057684E12":175,"1.211053489E12":121,"1.211139249E12":311,"1.211056297E12":156,"1.211060025E12":191,"1.211063705E12":222,"1.211147315E12":319,"1.211051646E12":97,"1.211063776E12":224,"1.211056766E12":160,"1.211146707E12":317,"1.21101895E12":2,"1.211059676E12":189,"1.211043217E12":22,"1.211055799E12":147,"1.211077061E12":271,"1.21104375E12":26,"1.211057762E12":176,"1.211035732E12":5,"1.211057289E12":165,"1.21102864E12":3,"1.211050761E12":77,"1.211048728E12":51,"1.211071685E12":250,"1.211061291E12":207,"1.211050242E12":64,"1.211058866E12":183,"1.211053362E12":117,"1.211050054E12":58,"1.211054337E12":133,"1.211059561E12":188,"1.211063031E12":218,"1.211060809E12":204,"1.211057635E12":174,"1.211064587E12":230,"1.211066761E12":237,"1.211043531E12":24,"1.211047449E12":42,"1.211083577E12":293,"1.211078409E12":279,"1.21105346E12":120,"1.211050771E12":78,"1.211042863E12":19,"1.211053227E12":115,"1.211055441E12":141,"1.21108622E12":300,"1.211075448E12":267,"1.211075201E12":265,"1.211057497E12":172,"1.211080027E12":282,"1.211075269E12":266,"1.211061877E12":211,"1.211073355E12":258,"1.211055774E12":146,"1.211058383E12":182,"1.211050073E12":60,"1.211045707E12":32,"1.211083137E12":290,"1.211050233E12":62,"1.211053445E12":119,"1.211051417E12":93,"1.211074465E12":262,"1.211035623E12":4,"1.211051711E12":99,"1.211051046E12":82,"1.211068374E12":245,"1.211055888E12":149,"1.211050014E12":57,"1.211065247E12":232,"1.211063059E12":219,"1.211052424E12":102,"1.211139963E12":314,"1.211042237E12":16,"1.211050499E12":72,"1.21108412E12":295,"1.21105311E12":111,"1.211060913E12":205,"1.211058111E12":178,"1.211053091E12":110,"1.211051105E12":87,"1.211056003E12":153},"NUMBER_OF_PEOPLE":400,"minTimeSeen":1.211018404E12,"maxTimeSeen":1.211558405E12,"NEIGHBORHOOD_RADIUS":20.0,"ENCOUNTER_CHANCE":0.05,"priority":1.0,"duration":540001.0,"minutesDuration":9000.016666666666,"hoursDuration":150.00027777777777,"daysDuration":6.250011574074073}
