{"propagationData":{"1.211052826E12":299,"1.211037707E12":191,"1.211061703E12":321,"1.211031362E12":109,"1.211040035E12":202,"1.211045915E12":250,"1.211051577E12":288,"1.211046503E12":262,"1.211037626E12":190,"1.211065134E12":330,"1.211040999E12":217,"1.211077341E12":349,"1.211051561E12":287,"1.211052584E12":296,"1.21104094E12":216,"1.211035734E12":166,"1.211018961E12":40,"1.211018706E12":37,"1.211217257E12":370,"1.211052282E12":292,"1.211044659E12":239,"1.211040906E12":214,"1.211023445E12":55,"1.211039609E12":200,"1.211041225E12":218,"1.211052157E12":291,"1.211018416E12":12,"1.211067156E12":334,"1.211030835E12":99,"1.211046402E12":258,"1.211051247E12":281,"1.211031309E12":107,"1.211045982E12":252,"1.211018409E12":10,"1.211034512E12":148,"1.211077156E12":348,"1.211035524E12":157,"1.211083522E12":358,"1.211051496E12":283,"1.211018688E12":35,"1.211031779E12":116,"1.211050549E12":274,"1.211018423E12":19,"1.211031263E12":104,"1.211031736E12":115,"1.21113277E12":365,"1.211058292E12":314,"1.211018512E12":30,"1.211300101E12":374,"1.211047314E12":265,"1.211035898E12":168,"1.211019035E12":42,"1.211030116E12":87,"1.211018676E12":33,"1.211021307E12":50,"1.211072937E12":343,"1.211037861E12":194,"1.211045439E12":244,"1.21112593E12":362,"1.211040841E12":212,"1.211040829E12":211,"1.211024589E12":64,"1.211018757E12":38,"1.211023475E12":56,"1.21106199E12":323,"1.211033909E12":136,"1.211023669E12":58,"1.211068189E12":337,"1.211042187E12":221,"1.211030049E12":85,"1.211036172E12":174,"1.211030144E12":88,"1.211133142E12":366,"1.2110404E12":204,"1.211030257E12":92,"1.211046441E12":261,"1.211030722E12":93,"1.21104476E12":241,"1.2110301E12":86,"1.211063292E12":325,"1.211031563E12":111,"1.211042382E12":224,"1.211031698E12":113,"1.211018515E12":32,"1.21103566E12":165,"1.21105995E12":319,"1.211036112E12":170,"1.211058945E12":316,"1.211044042E12":230,"1.211018406E12":7,"1.21102413E12":62,"1.211042118E12":220,"1.211028814E12":79,"1.211034079E12":140,"1.211019433E12":44,"1.21104056E12":206,"1.211048753E12":269,"1.211045974E12":251,"1.211034101E12":142,"1.211030806E12":95,"1.211032914E12":132,"1.211217707E12":372,"1.211023697E12":59,"1.211046388E12":256,"1.21129133E12":373,"1.21105948E12":317,"1.21103771E12":192,"1.211063713E12":327,"1.211025468E12":74,"1.211036582E12":182,"1.211034547E12":149,"1.211051129E12":278,"1.211066255E12":332,"1.211037842E12":193,"1.211029115E12":80,"1.211031276E12":105,"1.211079289E12":352,"1.211033888E12":135,"1.211034049E12":139,"1.211082651E12":356,"1.211122512E12":360,"1.211074469E12":346,"1.211054785E12":303,"1.211035365E12":156,"1.211044194E12":233,"1.211050566E12":276,"1.211063073E12":324,"1.211063893E12":328,"1.211036954E12":183,"1.211037624E12":189,"1.21104406E12":231,"1.211058793E12":315,"1.211030195E12":89,"1.211019032E12":41,"1.211018404E12":4,"1.21103963E12":201,"1.211035598E12":162,"1.211321377E12":375,"1.211035976E12":169,"1.211051578E12":289,"1.21104551E12":245,"1.21105144E12":282,"1.211035601E12":164,"1.211037611E12":188,"1.211043921E12":227,"1.211034665E12":151,"1.211037164E12":185,"1.211065163E12":331,"1.211040724E12":207,"1.211061897E12":322,"1.211036168E12":172,"1.211028576E12":78,"1.211035064E12":154,"1.211031708E12":114,"1.211042212E12":222,"1.211032135E12":119,"1.211018419E12":14,"1.211024915E12":68,"1.211053985E12":300,"1.211029339E12":83,"1.211025178E12":72,"1.211025296E12":73,"1.211074963E12":347,"1.211071467E12":342,"1.211046139E12":253,"1.211034616E12":150,"1.211031297E12":106,"1.211032759E12":129,"1.211051134E12":279,"1.211046241E12":255,"1.211068714E12":338,"1.211051536E12":285,"1.211027242E12":77,"1.211042226E12":223,"1.211034095E12":141,"1.211048178E12":267,"1.211024933E12":69,"1.211056144E12":306,"1.211056185E12":307,"1.211024995E12":70,"1.211018678E12":34,"1.211031259E12":103,"1.21103233E12":122,"1.211058075E12":313,"1.211040817E12":208,"1.211056787E12":310,"1.211018421E12":17,"1.211032727E12":127,"1.211035119E12":155,"1.211035559E12":160,"1.211055529E12":305,"1.211018424E12":20,"1.211025496E12":75,"1.211033976E12":137,"1.211036537E12":181,"1.21103265E12":126,"1.211044543E12":237,"1.211052516E12":295,"1.211040918E12":215,"1.211032016E12":117,"1.211018476E12":28,"1.211024846E12":67,"1.211037909E12":195,"1.21104409E12":232,"1.211040822E12":209,"1.211071224E12":340,"1.211078088E12":350,"1.211047234E12":264,"1.211045895E12":249,"1.211029254E12":81,"1.211031347E12":108,"1.211045388E12":243,"1.211023559E12":57,"1.21107334E12":344,"1.211041919E12":219,"1.211037929E12":197,"1.211020671E12":48,"1.2110365E12":180,"1.211032332E12":123,"1.21149008E12":378,"1.211040828E12":210,"1.211040377E12":203,"1.211034231E12":143,"1.211022449E12":54,"1.21102482E12":66,"1.211215625E12":369,"1.211030784E12":94,"1.211048412E12":268,"1.211022334E12":53,"1.211050569E12":277,"1.211044299E12":235,"1.211035542E12":158,"1.211018943E12":39,"1.211035031E12":153,"1.211037912E12":196,"1.211052465E12":293,"1.211430936E12":377,"1.211217406E12":371,"1.211051644E12":290,"1.211029544E12":84,"1.211061311E12":320,"1.211032282E12":120,"1.211021312E12":51,"1.211018418E12":13,"1.211034461E12":147,"1.211057041E12":311,"1.211052604E12":297,"1.211052494E12":294,"1.211059634E12":318,"1.211018705E12":36,"1.211030808E12":96,"1.211036223E12":178,"1.211068138E12":336,"1.211063319E12":326,"1.211024654E12":65,"1.211031467E12":110,"1.211044034E12":229,"1.211032739E12":128,"1.211079963E12":353,"1.21106693E12":333,"1.211030823E12":97,"1.211054293E12":301,"1.211043944E12":228,"1.211046223E12":254,"1.211032307E12":121,"1.211044667E12":240,"1.211018415E12":11,"1.211082652E12":357,"1.211047166E12":263,"1.211069022E12":339,"1.211023727E12":60,"1.211018432E12":21,"1.211082587E12":355,"1.211055471E12":304,"1.211018437E12":23,"1.211126056E12":363,"1.211122543E12":361,"1.21104925E12":270,"1.211032418E12":125,"1.21103746E12":186,"1.211127189E12":364,"1.211032393E12":124,"1.211040891E12":213,"1.211036125E12":171,"1.211018448E12":25,"1.211056464E12":308,"1.211046403E12":259,"1.211045784E12":246,"1.211019168E12":43,"1.211033184E12":133,"1.211034912E12":152,"1.211042412E12":225,"1.211035868E12":167,"1.211020363E12":47,"1.211082503E12":354,"1.211034458E12":146,"1.211122478E12":359,"1.211051207E12":280,"1.211021639E12":52,"1.211074443E12":345,"1.211052817E12":298,"1.211043067E12":226,"1.21103276E12":130,"1.211037578E12":187,"1.211048087E12":266,"1.211024114E12":61,"1.211046439E12":260,"1.211018405E12":5,"1.211133464E12":367,"1.211050097E12":273,"1.211033229E12":134,"1.211044404E12":236,"1.211034363E12":145,"1.211054359E12":302,"1.211067545E12":335,"1.211032809E12":131,"1.21101842E12":16,"1.211078975E12":351,"1.2110446E12":238,"1.211018422E12":18,"1.21103208E12":118,"1.211034016E12":138,"1.211046389E12":257,"1.211045787E12":247,"1.21103619E12":176,"1.211049262E12":271,"1.211019644E12":45,"1.211030226E12":91,"1.211044795E12":242,"1.211056729E12":309,"1.211030858E12":101,"1.211036976E12":184,"1.211025498E12":76,"1.211029302E12":82,"1.211039578E12":199,"1.211040401E12":205,"1.211020712E12":49,"1.21102503E12":71,"1.211050555E12":275,"1.211200273E12":368,"1.211030844E12":100,"1.211035544E12":159,"1.211039548E12":198,"1.211071397E12":341,"1.211036196E12":177,"1.211399325E12":376,"1.211051506E12":284,"1.21103094E12":102,"1.211064914E12":329,"1.211020222E12":46,"1.211036323E12":179,"1.211024149E12":63,"1.211057774E12":312,"1.211018407E12":8,"1.211050044E12":272,"1.2110356E12":163,"1.211018478E12":29,"1.211018457E12":26,"1.211031638E12":112,"1.211034271E12":144,"1.211030203E12":90,"1.211045792E12":248,"1.21103558E12":161,"1.211051541E12":286,"1.211044236E12":234},"NUMBER_OF_PEOPLE":400,"minTimeSeen":1.211018404E12,"maxTimeSeen":1.211558405E12,"NEIGHBORHOOD_RADIUS":20.0,"ENCOUNTER_CHANCE":0.05,"priority":1.0,"duration":540001.0,"minutesDuration":9000.016666666666,"hoursDuration":150.00027777777777,"daysDuration":6.250011574074073}
