{"propagationData":{"1.211066168E12":249,"1.211119293E12":362,"1.211084175E12":335,"1.211079788E12":325,"1.211057025E12":163,"1.211072414E12":286,"1.211056125E12":143,"1.211058257E12":180,"1.211054612E12":119,"1.211050671E12":53,"1.211057213E12":164,"1.21103181E12":11,"1.211052718E12":89,"1.211056707E12":157,"1.211062958E12":224,"1.21106989E12":276,"1.211075586E12":307,"1.21107266E12":288,"1.211060844E12":205,"1.211057454E12":171,"1.211070799E12":283,"1.211073762E12":298,"1.211049348E12":21,"1.211062927E12":223,"1.211063905E12":233,"1.211057655E12":174,"1.211089904E12":347,"1.211058784E12":187,"1.21107922E12":322,"1.211139347E12":370,"1.211058972E12":189,"1.211058016E12":177,"1.21107987E12":327,"1.211072878E12":291,"1.211051107E12":65,"1.211052016E12":81,"1.211070421E12":278,"1.211060961E12":207,"1.21106553E12":246,"1.211156269E12":378,"1.211056532E12":152,"1.211050616E12":49,"1.211050625E12":50,"1.211081768E12":333,"1.211153508E12":376,"1.211056587E12":153,"1.211055981E12":142,"1.211074951E12":302,"1.211055389E12":130,"1.211060315E12":197,"1.211098418E12":356,"1.21111933E12":363,"1.211067564E12":260,"1.211052792E12":93,"1.211051016E12":60,"1.21105926E12":192,"1.211051185E12":69,"1.211026198E12":6,"1.21106516E12":244,"1.21114178E12":372,"1.211058006E12":176,"1.211154188E12":377,"1.211052222E12":85,"1.211138526E12":369,"1.21107048E12":280,"1.21107073E12":281,"1.211076528E12":313,"1.21105691E12":162,"1.211222628E12":387,"1.211051632E12":74,"1.211051129E12":68,"1.21105316E12":102,"1.211053747E12":109,"1.211053315E12":105,"1.211054221E12":113,"1.211054772E12":121,"1.211052293E12":86,"1.211067858E12":264,"1.211050426E12":38,"1.211018404E12":1,"1.211054935E12":123,"1.211052467E12":88,"1.211031288E12":10,"1.211054203E12":112,"1.211050463E12":43,"1.211021109E12":4,"1.211080968E12":332,"1.211084549E12":338,"1.211049293E12":19,"1.211080142E12":328,"1.211077703E12":318,"1.211260595E12":388,"1.211077672E12":317,"1.211070162E12":277,"1.211056263E12":147,"1.211086778E12":340,"1.211050433E12":42,"1.211054131E12":111,"1.211071082E12":284,"1.211076394E12":312,"1.211056254E12":145,"1.211053099E12":99,"1.211056882E12":161,"1.21107251E12":287,"1.211067582E12":261,"1.211018408E12":3,"1.211078862E12":321,"1.211063981E12":234,"1.211118887E12":361,"1.211050593E12":48,"1.211067145E12":258,"1.211133987E12":368,"1.211050106E12":34,"1.211049737E12":28,"1.211079303E12":323,"1.211055205E12":126,"1.211087879E12":343,"1.211097924E12":354,"1.211050085E12":32,"1.211054603E12":118,"1.211055391E12":131,"1.211066564E12":254,"1.211076774E12":315,"1.21106079E12":203,"1.211051681E12":75,"1.211051438E12":70,"1.211056704E12":156,"1.211051061E12":63,"1.211075844E12":310,"1.211057284E12":166,"1.21106406E12":235,"1.211061675E12":212,"1.211058061E12":178,"1.211074753E12":299,"1.21107343E12":294,"1.211049519E12":25,"1.211084488E12":337,"1.211049151E12":18,"1.211061914E12":215,"1.211059441E12":193,"1.21105043E12":40,"1.211075008E12":304,"1.211057302E12":167,"1.211060716E12":202,"1.211101948E12":358,"1.211050543E12":45,"1.211066437E12":251,"1.211032925E12":12,"1.211055536E12":133,"1.211062202E12":217,"1.21112664E12":367,"1.211061694E12":213,"1.211164038E12":380,"1.211066742E12":255,"1.211053918E12":110,"1.211060224E12":196,"1.21102813E12":8,"1.211067774E12":263,"1.211050648E12":52,"1.211073464E12":296,"1.211080698E12":329,"1.211059487E12":194,"1.211055592E12":136,"1.211049359E12":24,"1.211055184E12":125,"1.211051818E12":79,"1.21107554E12":306,"1.211050082E12":31,"1.211178024E12":383,"1.211018405E12":2,"1.211063176E12":227,"1.211040339E12":16,"1.211058722E12":186,"1.211052063E12":82,"1.211056368E12":148,"1.211051111E12":67,"1.211141218E12":371,"1.211102683E12":360,"1.211050744E12":55,"1.211065093E12":243,"1.211055666E12":138,"1.21106735E12":259,"1.211063201E12":228,"1.211052781E12":91,"1.211166743E12":381,"1.211075667E12":309,"1.211026117E12":5,"1.211058516E12":182,"1.211060355E12":198,"1.21103926E12":14,"1.211079826E12":326,"1.211051046E12":61,"1.211050014E12":30,"1.2110664E12":250,"1.211056609E12":154,"1.211053475E12":107,"1.211056659E12":155,"1.211054592E12":117,"1.211050887E12":56,"1.211073443E12":295,"1.21105854E12":183,"1.211040104E12":15,"1.211120941E12":364,"1.211055549E12":135,"1.21105063E12":51,"1.211075635E12":308,"1.211068718E12":269,"1.211093781E12":349,"1.211061043E12":209,"1.211050688E12":54,"1.211080903E12":331,"1.211069486E12":273,"1.211064433E12":238,"1.211145763E12":374,"1.211049351E12":22,"1.21105279E12":92,"1.211213644E12":386,"1.211068703E12":268,"1.211084462E12":336,"1.211080854E12":330,"1.211064349E12":236,"1.211060873E12":206,"1.211038531E12":13,"1.211052876E12":96,"1.211062609E12":219,"1.211054559E12":116,"1.211175477E12":382,"1.211050087E12":33,"1.211061922E12":216,"1.211069516E12":275,"1.211062652E12":221,"1.211056462E12":150,"1.211053135E12":101,"1.211069507E12":274,"1.211092505E12":348,"1.211078426E12":319,"1.211056177E12":144,"1.211026784E12":7,"1.211070735E12":282,"1.21105653E12":151,"1.211052112E12":83,"1.211064424E12":237,"1.211064778E12":241,"1.211057214E12":165,"1.211078615E12":320,"1.21105674E12":159,"1.211064588E12":240,"1.21106827E12":267,"1.211159364E12":379,"1.211073554E12":297,"1.211051737E12":76,"1.211053595E12":108,"1.21105158E12":72,"1.211054952E12":124,"1.211060382E12":199,"1.211075514E12":305,"1.211056261E12":146,"1.211062636E12":220,"1.211057438E12":169,"1.211063309E12":229,"1.211055685E12":139,"1.21105673E12":158,"1.211050306E12":35,"1.21106605E12":248,"1.211052847E12":95,"1.211058576E12":184,"1.211050577E12":47,"1.211051515E12":71,"1.211052881E12":97,"1.211100739E12":357,"1.211069164E12":271,"1.211052431E12":87,"1.211067604E12":262,"1.2110305E12":9,"1.211055386E12":129,"1.211058666E12":185,"1.211066981E12":257,"1.2110564E12":149,"1.211066801E12":256,"1.211088264E12":345,"1.211055744E12":141,"1.211050432E12":41,"1.211062412E12":218,"1.211053216E12":103,"1.211059851E12":195,"1.211050973E12":58,"1.211065437E12":245,"1.21105426E12":114,"1.211058971E12":188,"1.211060396E12":200,"1.211152056E12":375,"1.211074959E12":303,"1.211069302E12":272,"1.211053424E12":106,"1.21107316E12":293,"1.211211868E12":385,"1.211050495E12":44,"1.211093953E12":350,"1.211063063E12":226,"1.211066499E12":252,"1.211054558E12":115,"1.211087781E12":342,"1.211055617E12":137,"1.211050421E12":37,"1.211056755E12":160,"1.211077288E12":316,"1.211079751E12":324,"1.211052892E12":98,"1.211053131E12":100,"1.211050966E12":57,"1.211062703E12":222,"1.211057631E12":173,"1.2110665E12":253,"1.211074929E12":301,"1.211059259E12":191,"1.211072974E12":292,"1.211068837E12":270,"1.211057447E12":170,"1.211055267E12":127,"1.211052822E12":94,"1.211098051E12":355,"1.21112114E12":365,"1.211055728E12":140,"1.21106804E12":265,"1.211070465E12":279,"1.211049681E12":27,"1.211049639E12":26,"1.211060801E12":204,"1.211063369E12":230,"1.211057571E12":172,"1.211145434E12":373,"1.211095922E12":352,"1.211076654E12":314,"1.211059221E12":190,"1.211052779E12":90,"1.211086764E12":339,"1.211087917E12":344,"1.211061869E12":214,"1.21110219E12":359,"1.211051744E12":77,"1.211051746E12":78,"1.211064506E12":239,"1.211057335E12":168,"1.211081826E12":334,"1.211179589E12":384,"1.211316301E12":389,"1.211055539E12":134,"1.211061264E12":210,"1.21105108E12":64,"1.211052146E12":84,"1.21105105E12":62,"1.211062969E12":225,"1.211054836E12":122,"1.211068123E12":266,"1.211060978E12":208,"1.211053272E12":104,"1.211063892E12":232,"1.211063624E12":231,"1.211050337E12":36,"1.21107285E12":290,"1.21107476E12":300,"1.211051871E12":80,"1.211087339E12":341,"1.211057948E12":175,"1.211076036E12":311,"1.211049084E12":17,"1.211055423E12":132,"1.211094074E12":351,"1.21105823E12":179,"1.211054615E12":120,"1.211050558E12":46,"1.21105532E12":128,"1.211058325E12":181,"1.211051626E12":73,"1.211096639E12":353,"1.21107277E12":289,"1.211071265E12":285,"1.211049868E12":29,"1.21108967E12":346,"1.21106162E12":211,"1.211124768E12":366,"1.211060584E12":201,"1.211064899E12":242,"1.211065757E12":247,"1.211050985E12":59},"NUMBER_OF_PEOPLE":400,"minTimeSeen":1.211018404E12,