{"propagationData":{"1.211023692E12":36,"1.211170093E12":379,"1.211029164E12":74,"1.21109358E12":365,"1.211041964E12":236,"1.211034531E12":144,"1.211045161E12":263,"1.211030765E12":97,"1.211038499E12":200,"1.211034834E12":148,"1.211022714E12":30,"1.211046398E12":274,"1.211049541E12":286,"1.211039449E12":213,"1.211042818E12":247,"1.211142666E12":377,"1.211037273E12":175,"1.211033721E12":130,"1.21103238E12":118,"1.211061764E12":319,"1.211035811E12":162,"1.211035474E12":159,"1.211024136E12":39,"1.211054926E12":307,"1.211042442E12":242,"1.211085891E12":357,"1.211047897E12":285,"1.211021722E12":19,"1.211044128E12":256,"1.211030035E12":83,"1.211046015E12":270,"1.211052785E12":293,"1.21102489E12":42,"1.211189664E12":383,"1.211054001E12":302,"1.211067374E12":333,"1.211046322E12":272,"1.211035303E12":154,"1.211037787E12":188,"1.211026363E12":49,"1.211035701E12":160,"1.21104419E12":257,"1.21104445E12":260,"1.211026141E12":48,"1.211053451E12":298,"1.21103737E12":180,"1.211098471E12":367,"1.211033141E12":123,"1.211031159E12":103,"1.211031166E12":106,"1.211047876E12":284,"1.211068877E12":341,"1.211045318E12":265,"1.211029552E12":79,"1.211037854E12":191,"1.211061873E12":320,"1.211031158E12":102,"1.211039378E12":212,"1.211033387E12":129,"1.211031559E12":110,"1.211035375E12":155,"1.211026894E12":54,"1.211046033E12":271,"1.211030397E12":86,"1.211052222E12":291,"1.211114599E12":374,"1.211192057E12":384,"1.211164589E12":378,"1.211029531E12":78,"1.211042545E12":244,"1.211040145E12":223,"1.211021783E12":20,"1.211039221E12":211,"1.211043782E12":253,"1.211038878E12":210,"1.211040011E12":220,"1.211260676E12":387,"1.211037323E12":179,"1.211037827E12":190,"1.211034123E12":136,"1.211059279E12":318,"1.211020661E12":7,"1.211019977E12":6,"1.211029475E12":77,"1.2110766E12":353,"1.211018404E12":1,"1.211021696E12":13,"1.211030889E12":100,"1.211026386E12":51,"1.211045779E12":267,"1.211039602E12":215,"1.211035965E12":166,"1.211056002E12":309,"1.21102187E12":22,"1.211041545E12":231,"1.211028837E12":70,"1.211092616E12":363,"1.211105533E12":370,"1.211041663E12":232,"1.211175764E12":381,"1.211030752E12":96,"1.211086874E12":360,"1.21103755E12":186,"1.211019637E12":4,"1.211040776E12":226,"1.211029359E12":75,"1.2110299E12":81,"1.211019436E12":3,"1.211054495E12":303,"1.21104761E12":278,"1.211046365E12":273,"1.211029382E12":76,"1.211049761E12":288,"1.211022782E12":32,"1.211022338E12":28,"1.211022207E12":27,"1.211037318E12":177,"1.211049819E12":289,"1.211036458E12":172,"1.211027711E12":64,"1.211030681E12":90,"1.211038583E12":204,"1.211037934E12":194,"1.211044605E12":261,"1.211218951E12":385,"1.211042086E12":237,"1.211033137E12":122,"1.211073842E12":346,"1.211037815E12":189,"1.211033385E12":128,"1.211076039E12":352,"1.211035408E12":157,"1.211126142E12":375,"1.211042645E12":246,"1.211034724E12":146,"1.211021085E12":9,"1.211045178E12":264,"1.211042436E12":240,"1.211028957E12":72,"1.211025337E12":44,"1.211021718E12":15,"1.211038615E12":205,"1.211053448E12":297,"1.211034437E12":141,"1.211038119E12":197,"1.211042498E12":243,"1.211040089E12":222,"1.211025242E12":43,"1.211029016E12":73,"1.211047771E12":279,"1.211040005E12":219,"1.211032677E12":120,"1.211023276E12":34,"1.211032347E12":117,"1.211030339E12":84,"1.211030772E12":98,"1.21102873E12":68,"1.211051092E12":290,"1.211021704E12":14,"1.211033356E12":127,"1.211033271E12":126,"1.211028281E12":65,"1.211038789E12":207,"1.211064168E12":324,"1.211032723E12":121,"1.211037448E12":183,"1.211020724E12":8,"1.211027326E12":59,"1.211035461E12":158,"1.211074082E12":348,"1.211024861E12":41,"1.21106868E12":340,"1.211037865E12":192,"1.211047858E12":281,"1.211030376E12":85,"1.211056387E12":311,"1.211024614E12":40,"1.211034854E12":150,"1.21103405E12":134,"1.211069576E12":343,"1.211087702E12":361,"1.211033822E12":132,"1.211036254E12":170,"1.211062208E12":322,"1.211030693E12":91,"1.211057283E12":316,"1.21106197E12":321,"1.211040182E12":224,"1.211034483E12":142,"1.211031163E12":105,"1.211064474E12":328,"1.211045397E12":266,"1.211033835E12":133,"1.21103793E12":193,"1.211041199E12":227,"1.211039718E12":217,"1.211034137E12":137,"1.211053777E12":299,"1.211032334E12":116,"1.211033232E12":125,"1.211035866E12":163,"1.21103587E12":164,"1.211057359E12":317,"1.211065109E12":330,"1.21102752E12":63,"1.211032257E12":115,"1.211021975E12":25,"1.211027189E12":57,"1.211027381E12":60,"1.211034683E12":145,"1.21104786E12":282,"1.211086823E12":358,"1.211107472E12":371,"1.211036364E12":171,"1.211032089E12":114,"1.211047778E12":280,"1.211034937E12":152,"1.211034519E12":143,"1.211045924E12":269,"1.211034157E12":139,"1.211027274E12":58,"1.211042631E12":245,"1.211064195E12":325,"1.211077471E12":354,"1.211086846E12":359,"1.2110359E12":165,"1.21103002E12":82,"1.21122184E12":386,"1.211039597E12":214,"1.211077506E12":355,"1.211030523E12":87,"1.211068913E12":342,"1.211043949E12":255,"1.211053025E12":294,"1.211026545E12":52,"1.21102119E12":10,"1.211034154E12":138,"1.211031562E12":111,"1.211041961E12":235,"1.2110398E12":218,"1.211032394E12":119,"1.211031179E12":107,"1.21104958E12":287,"1.211041265E12":229,"1.211023588E12":35,"1.211056228E12":310,"1.211112832E12":373,"1.211031396E12":109,"1.211064277E12":326,"1.211042339E12":239,"1.21104126E12":228,"1.211056405E12":312,"1.211030783E12":99,"1.211047571E12":277,"1.211092876E12":364,"1.211031161E12":104,"1.211064514E12":329,"1.211036502E12":174,"1.21103602E12":168,"1.211038832E12":208,"1.211025562E12":46,"1.211068225E12":339,"1.21104511E12":262,"1.211053926E12":301,"1.21103732E12":178,"1.211027466E12":61,"1.211053167E12":295,"1.211073932E12":347,"1.211027489E12":62,"1.211033183E12":124,"1.211029878E12":80,"1.211030904E12":101,"1.211075903E12":350,"1.211073669E12":345,"1.211068223E12":338,"1.211057014E12":315,"1.21103375E12":131,"1.211021721E12":18,"1.211072333E12":344,"1.211041817E12":234,"1.211109494E12":372,"1.211034793E12":147,"1.211064445E12":327,"1.21104378E12":252,"1.211054823E12":306,"1.211043519E12":250,"1.211022346E12":29,"1.211030694E12":92,"1.21102193E12":23,"1.211047171E12":276,"1.211038053E12":196,"1.211052386E12":292,"1.211056936E12":314,"1.211025906E12":47,"1.211042438E12":241,"1.21103728E12":176,"1.21137573E12":389,"1.211030721E12":94,"1.211022202E12":26,"1.211183952E12":382,"1.21127146E12":388,"1.211023746E12":38,"1.21102179E12":21,"1.211044331E12":259,"1.211023733E12":37,"1.211034226E12":140,"1.211065117E12":331,"1.211032016E12":113,"1.211030751E12":95,"1.211046672E12":275,"1.211055152E12":308,"1.211067999E12":337,"1.211043261E12":249,"1.211034888E12":151,"1.211100206E12":368,"1.21102692E12":55,"1.211056864E12":313,"1.211093826E12":366,"1.211019877E12":5,"1.211040329E12":225,"1.211075973E12":351,"1.211035998E12":167,"1.211034082E12":135,"1.211031327E12":108,"1.211036175E12":169,"1.211054795E12":305,"1.211053851E12":300,"1.211040088E12":221,"1.211028821E12":69,"1.211035001E12":153,"1.211043094E12":248,"1.211028691E12":67,"1.211037983E12":195,"1.211028889E12":71,"1.211018625E12":2,"1.21103853E12":201,"1.21104367E12":251,"1.211054618E12":304,"1.211102577E12":369,"1.211043849E12":254,"1.211026382E12":50,"1.211038537E12":202,"1.211067557E12":334,"1.211038627E12":206,"1.211026645E12":53,"1.21103746E12":184,"1.211175591E12":380,"1.211038874E12":209,"1.211028665E12":66,"1.211045784E12":268,"1.211035396E12":156,"1.21106381E12":323,"1.211030544E12":88,"1.211021695E12":12,"1.211042253E12":238,"1.211034844E12":149,"1.211065819E12":332,"1.211037469E12":185,"1.211067822E12":335,"1.211030698E12":93,"1.211053384E12":296,"1.211025482E12":45,"1.211041664E12":233,"1.211067839E12":336,"1.211031777E12":112,"1.211022771E12":31,"1.21102702E12":56,"1.211037558E12":187,"1.211038437E12":199,"1.211039607E12":216,"1.21107793E12":356,"1.211023027E12":33,"1.211036459E12":173,"1.211041455E12":230,"1.211030671E12":89,"1.21113533E12":376,"1.211044301E12":258,"1.211047861E12":283,"1.211092538E12":362,"1.211037386E12":181,"1.211035753E12":161,"1.21102172E12":17,"1.211038399E12":198,"1.21102169E12":11,"1.21107583E12":349},"NUMBER_OF_PEOPLE":400,