{"propagationData":{"1.211162866E12":41,"1.211162857E12":40,"1.211154598E12":36,"1.211018404E12":1,"1.211435253E12":45,"1.211082245E12":11,"1.211156119E12":39,"1.211145201E12":29,"1.211060894E12":5,"1.211110844E12":27,"1.211084266E12":15,"1.211068452E12":7,"1.211082432E12":13,"1.211091901E12":22,"1.211110733E12":26,"1.21115485E12":37,"1.211162902E12":42,"1.211466179E12":47,"1.211110319E12":23,"1.2111487E12":31,"1.211089393E12":17,"1.211082373E12":12,"1.211084263E12":14,"1.211091122E12":20,"1.211154592E12":35,"1.211154359E12":33,"1.211468986E12":50,"1.211090272E12":19,"1.211110979E12":28,"1.211068173E12":6,"1.21108969E12":18,"1.211060817E12":4,"1.211149164E12":32,"1.211082154E12":9,"1.21107634E12":8,"1.211477774E12":51,"1.211163612E12":44,"1.211024154E12":2,"1.211110343E12":25,"1.211466504E12":48,"1.211435431E12":46,"1.211155619E12":38,"1.211147801E12":30,"1.211091876E12":21,"1.21146898E12":49,"1.211084282E12":16,"1.211154504E12":34,"1.211030171E12":3},"NUMBER_OF_PEOPLE":400,"minTimeSeen":1.211018404E12,"maxTimeSeen":1.211558405E12,"NEIGHBORHOOD_RADIUS":20.0,"ENCOUNTER_CHANCE":0.05,"priority":1.0,"duration":540001.0,"minutesDuration":9000.016666666666,"hoursDuration":150.00027777777777,"daysDuration":6.250011574074073}
