{"propagationData":{"1.211379744E12":13,"1.211125519E12":9,"1.21108978E12":4,"1.211090177E12":5,"1.211379582E12":12,"1.211018943E12":2,"1.211379505E12":10,"1.211018404E12":1,"1.211424281E12":14,"1.211090196E12":6,"1.211090223E12":7,"1.211379525E12":11,"1.211125423E12":8,"1.211033108E12":3},"NUMBER_OF_PEOPLE":400,"minTimeSeen":1.211018404E12,"maxTimeSeen":1.211558405E12,"NEIGHBORHOOD_RADIUS":20.0,"ENCOUNTER_CHANCE":0.05,"priority":1.0,"duration":540001.0,"minutesDuration":9000.016666666666,"hoursDuration":150.00027777777777,"daysDuration":6.250011574074073}
