{"propagationData":{"1.211057448E12":291,"1.211057368E12":289,"1.21124237E12":342,"1.211038781E12":217,"1.211025265E12":86,"1.211024857E12":83,"1.211029164E12":117,"1.211038696E12":216,"1.211064856E12":309,"1.21106246E12":307,"1.211029871E12":122,"1.211047022E12":253,"1.211038786E12":218,"1.211057225E12":287,"1.211018748E12":19,"1.211025318E12":90,"1.211029006E12":116,"1.211027688E12":105,"1.211018901E12":23,"1.211021276E12":48,"1.211038022E12":204,"1.211038412E12":209,"1.21103181E12":142,"1.211021458E12":52,"1.211025306E12":87,"1.211037904E12":200,"1.211027801E12":106,"1.211018759E12":20,"1.211053296E12":272,"1.211049518E12":257,"1.211043585E12":235,"1.211018632E12":11,"1.211068314E12":316,"1.211056585E12":279,"1.211049721E12":259,"1.21102101E12":45,"1.211056943E12":285,"1.211056846E12":284,"1.211026992E12":98,"1.211023431E12":70,"1.211053276E12":271,"1.211028524E12":112,"1.211059099E12":301,"1.211021889E12":58,"1.211031628E12":134,"1.211022061E12":60,"1.211021287E12":49,"1.211018669E12":14,"1.211025311E12":88,"1.211038485E12":212,"1.211037993E12":202,"1.21109029E12":338,"1.211053527E12":274,"1.211043494E12":234,"1.211046987E12":252,"1.211027582E12":102,"1.211046035E12":243,"1.211026892E12":97,"1.211032264E12":151,"1.211023266E12":69,"1.211065317E12":311,"1.211020417E12":39,"1.211018591E12":10,"1.211242422E12":344,"1.211034775E12":182,"1.211085385E12":336,"1.211034908E12":183,"1.21104334E12":231,"1.211032331E12":154,"1.211018926E12":25,"1.211059438E12":303,"1.211039927E12":220,"1.211031645E12":135,"1.21102443E12":80,"1.211056616E12":280,"1.211035746E12":190,"1.211021225E12":46,"1.211032241E12":149,"1.211049885E12":261,"1.211057436E12":290,"1.211046452E12":248,"1.21103493E12":185,"1.211085208E12":333,"1.211022745E12":65,"1.211044185E12":239,"1.211052744E12":268,"1.211046459E12":249,"1.211021845E12":57,"1.211032327E12":153,"1.211040819E12":222,"1.211032731E12":160,"1.211040966E12":224,"1.211035939E12":192,"1.211043376E12":232,"1.211018658E12":13,"1.211027609E12":104,"1.211025426E12":92,"1.211034285E12":175,"1.211033118E12":168,"1.211018503E12":6,"1.211030724E12":126,"1.211020387E12":38,"1.211026679E12":95,"1.211030948E12":129,"1.21103492E12":184,"1.211036541E12":194,"1.211056412E12":277,"1.211046411E12":246,"1.211022426E12":63,"1.211021252E12":47,"1.211027431E12":99,"1.211018674E12":15,"1.211038684E12":215,"1.211058835E12":300,"1.2110505E12":265,"1.211046476E12":250,"1.211023549E12":74,"1.211020272E12":35,"1.211031962E12":147,"1.211040575E12":221,"1.211034646E12":179,"1.211032555E12":158,"1.211031854E12":144,"1.211031789E12":139,"1.211038421E12":210,"1.211036549E12":195,"1.211031656E12":136,"1.211019412E12":29,"1.211024848E12":82,"1.211019541E12":33,"1.211018732E12":17,"1.211028402E12":109,"1.211047878E12":255,"1.211018524E12":9,"1.211031841E12":143,"1.211025209E12":85,"1.211056418E12":278,"1.211057491E12":293,"1.211047919E12":256,"1.211055223E12":276,"1.211032873E12":166,"1.21109018E12":337,"1.211018404E12":4,"1.21104342E12":233,"1.211028509E12":111,"1.211053049E12":269,"1.211045894E12":242,"1.211085273E12":334,"1.211024101E12":78,"1.211018883E12":22,"1.211021923E12":59,"1.211030921E12":128,"1.211018521E12":7,"1.211057649E12":294,"1.211026125E12":93,"1.211034699E12":180,"1.211030741E12":127,"1.211033633E12":170,"1.211069459E12":320,"1.211065299E12":310,"1.211032512E12":157,"1.211036514E12":193,"1.211022124E12":61,"1.211029281E12":120,"1.211075595E12":329,"1.211057282E12":288,"1.211024034E12":76,"1.211027475E12":100,"1.211031601E12":132,"1.211032263E12":150,"1.21103216E12":148,"1.21107251E12":326,"1.211030711E12":125,"1.211032843E12":165,"1.211028878E12":114,"1.211033923E12":172,"1.211038014E12":203,"1.211021611E12":55,"1.211025331E12":91,"1.211018678E12":16,"1.211021311E12":51,"1.211019482E12":30,"1.211021608E12":54,"1.211046424E12":247,"1.211046309E12":245,"1.211058798E12":299,"1.211019515E12":31,"1.211032736E12":161,"1.211020747E12":44,"1.211056809E12":283,"1.211029192E12":118,"1.21101874E12":18,"1.211046285E12":244,"1.211065392E12":313,"1.211018956E12":26,"1.211064843E12":308,"1.211024185E12":79,"1.21103453E12":176,"1.21102929E12":121,"1.21104149E12":226,"1.211033936E12":173,"1.211242397E12":343,"1.211023476E12":72,"1.211032335E12":155,"1.21102043E12":41,"1.211076767E12":330,"1.211059117E12":302,"1.211052587E12":266,"1.211073246E12":328,"1.211034229E12":174,"1.211041161E12":225,"1.211020637E12":43,"1.211031481E12":130,"1.211020314E12":37,"1.211035819E12":191,"1.211019518E12":32,"1.211036861E12":198,"1.211023176E12":67,"1.211036557E12":196,"1.211056738E12":281,"1.211038411E12":208,"1.211038068E12":205,"1.211031856E12":146,"1.211059655E12":304,"1.211019198E12":27,"1.211060767E12":306,"1.211038512E12":214,"1.211025148E12":84,"1.211032776E12":162,"1.211023643E12":75,"1.211040911E12":223,"1.211065582E12":314,"1.211020294E12":36,"1.211069348E12":319,"1.211069526E12":322,"1.211032841E12":164,"1.211057682E12":295,"1.211027477E12":101,"1.21104984E12":260,"1.211091077E12":339,"1.211043969E12":237,"1.211024051E12":77,"1.211038435E12":211,"1.211023013E12":66,"1.21105747E12":292,"1.211018645E12":12,"1.211069492E12":321,"1.211042742E12":228,"1.211023492E12":73,"1.211031602E12":133,"1.211034714E12":181,"1.211091115E12":340,"1.211023229E12":68,"1.211043982E12":238,"1.211038085E12":206,"1.211056748E12":282,"1.211047856E12":254,"1.211077796E12":331,"1.211025312E12":89,"1.211032433E12":156,"1.21103495E12":186,"1.211044361E12":240,"1.211035736E12":189,"1.21105814E12":297,"1.211046669E12":251,"1.211049921E12":264,"1.211034619E12":177,"1.211018522E12":8,"1.211031794E12":141,"1.211085314E12":335,"1.211030539E12":124,"1.211072558E12":327,"1.211068939E12":317,"1.211032723E12":159,"1.211021726E12":56,"1.211021297E12":50,"1.2110396E12":219,"1.211034638E12":178,"1.211041882E12":227,"1.211038178E12":207,"1.211029259E12":119,"1.21105829E12":298,"1.211032287E12":152,"1.211054359E12":275,"1.211043935E12":236,"1.211038511E12":213,"1.211028575E12":113,"1.211030501E12":123,"1.211093014E12":341,"1.211036659E12":197,"1.211024613E12":81,"1.211031729E12":137,"1.211035E12":187,"1.211036939E12":199,"1.211450023E12":345,"1.211033087E12":167,"1.21107065E12":324,"1.211066826E12":315,"1.211022669E12":64,"1.211027601E12":103,"1.21105971E12":305,"1.211031788E12":138,"1.2110215E12":53,"1.211058087E12":296,"1.211031491E12":131,"1.211049896E12":262,"1.211049526E12":258,"1.211070652E12":325,"1.211026772E12":96,"1.211022205E12":62,"1.211032777E12":163,"1.211065328E12":312,"1.211027811E12":107,"1.211070544E12":323,"1.211037987E12":201,"1.211028231E12":108,"1.211052622E12":267,"1.211053068E12":270,"1.211045883E12":241,"1.211026623E12":94,"1.211028408E12":110,"1.211023441E12":71,"1.211033743E12":171,"1.211069224E12":318,"1.211018492E12":5,"1.211033138E12":169,"1.211085066E12":332,"1.211019221E12":28,"1.211043141E12":230,"1.21102053E12":42,"1.211018761E12":21,"1.211020266E12":34,"1.211035561E12":188,"1.211049912E12":263,"1.211042837E12":229,"1.211053475E12":273},"NUMBER_OF_PEOPLE":400,"minTimeSeen":1.211018404E12,"maxTimeSeen":1.211558405E12,"NEIGHBORHOOD_RADIUS":20.0,"ENCOUNTER_CHANCE":0.05,"priority":1.0,"duration":540001.0,"minutesDuration":9000.016666666666,"hoursDuration":150.00027777777777,"daysDuration":6.250011574074073}
