{"propagationData":{"1.211230555E12":372,"1.211064083E12":329,"1.211038167E12":174,"1.21102563E12":63,"1.211061703E12":321,"1.211044285E12":234,"1.211044238E12":231,"1.211055868E12":301,"1.21103654E12":144,"1.211038197E12":175,"1.211044738E12":239,"1.211036602E12":145,"1.211033768E12":114,"1.211069343E12":343,"1.211046398E12":250,"1.21103263E12":87,"1.211018949E12":38,"1.211035938E12":133,"1.21104611E12":247,"1.211050043E12":272,"1.211031725E12":78,"1.21103895E12":186,"1.211033721E12":113,"1.211035066E12":126,"1.211062961E12":324,"1.211047337E12":260,"1.211038804E12":184,"1.21102057E12":51,"1.211042449E12":224,"1.211032973E12":109,"1.211047436E12":263,"1.211031397E12":76,"1.211031049E12":73,"1.211019047E12":40,"1.211036133E12":134,"1.211018409E12":8,"1.21103485E12":122,"1.211036963E12":152,"1.211037082E12":154,"1.211035053E12":125,"1.211037116E12":155,"1.211092574E12":353,"1.21104634E12":249,"1.211040686E12":205,"1.211053252E12":288,"1.211032806E12":98,"1.211038217E12":176,"1.21104982E12":269,"1.211045709E12":244,"1.211061661E12":320,"1.211050498E12":274,"1.211018423E12":19,"1.211050551E12":275,"1.211039678E12":191,"1.211054427E12":291,"1.211027772E12":69,"1.211018781E12":37,"1.211148895E12":364,"1.211052254E12":285,"1.211035445E12":129,"1.211063666E12":327,"1.211032805E12":97,"1.211452265E12":379,"1.211047314E12":259,"1.211052658E12":286,"1.211054698E12":296,"1.211031919E12":82,"1.211034661E12":121,"1.21103698E12":153,"1.211059211E12":313,"1.211018412E12":15,"1.211037234E12":160,"1.211018527E12":27,"1.211018757E12":36,"1.211036629E12":147,"1.211026006E12":65,"1.211035397E12":127,"1.211036927E12":151,"1.211076349E12":346,"1.211179174E12":368,"1.211042282E12":220,"1.211042576E12":226,"1.211032241E12":84,"1.21104016E12":199,"1.211049885E12":271,"1.211026046E12":66,"1.21109652E12":355,"1.211039871E12":193,"1.211086437E12":350,"1.21104225E12":219,"1.211037206E12":158,"1.211138783E12":360,"1.211047298E12":258,"1.211034155E12":116,"1.211038115E12":172,"1.211018414E12":16,"1.211036136E12":135,"1.211018406E12":6,"1.211041837E12":211,"1.211037555E12":165,"1.211038161E12":173,"1.211027936E12":70,"1.211050947E12":276,"1.211018685E12":33,"1.211032808E12":100,"1.211047424E12":262,"1.21101868E12":32,"1.211018503E12":24,"1.211033325E12":110,"1.211024919E12":58,"1.21106123E12":314,"1.211054554E12":294,"1.211031746E12":79,"1.211118985E12":357,"1.211039817E12":192,"1.211041972E12":213,"1.211018518E12":26,"1.211055079E12":299,"1.211020298E12":50,"1.211037488E12":164,"1.211096225E12":354,"1.211035516E12":132,"1.21105578E12":300,"1.211026489E12":68,"1.211040671E12":203,"1.211034547E12":119,"1.211230551E12":371,"1.211041828E12":210,"1.21102199E12":55,"1.211047356E12":261,"1.211039151E12":187,"1.211036216E12":140,"1.211072568E12":344,"1.211067549E12":338,"1.211018404E12":3,"1.211040025E12":195,"1.211058818E12":310,"1.21102843E12":71,"1.21107271E12":345,"1.211044326E12":236,"1.211042353E12":222,"1.211035425E12":128,"1.211057646E12":308,"1.211025212E12":61,"1.211039153E12":188,"1.211038101E12":171,"1.211044666E12":237,"1.211044197E12":229,"1.211040208E12":200,"1.211049375E12":268,"1.21103135E12":75,"1.21106626E12":332,"1.211032923E12":105,"1.211019143E12":45,"1.211050993E12":277,"1.211022103E12":57,"1.21103765E12":167,"1.211018429E12":21,"1.211235047E12":374,"1.211056214E12":302,"1.211018531E12":29,"1.211047106E12":256,"1.211032766E12":94,"1.211036615E12":146,"1.211025521E12":62,"1.211040833E12":206,"1.211050058E12":273,"1.211032877E12":103,"1.211051292E12":281,"1.211034891E12":123,"1.211019075E12":42,"1.211033674E12":112,"1.211047839E12":264,"1.211019728E12":47,"1.211032759E12":93,"1.211042583E12":227,"1.211056836E12":304,"1.211046893E12":254,"1.211034606E12":120,"1.211138137E12":358,"1.211066755E12":336,"1.21104244E12":223,"1.211056861E12":305,"1.21103216E12":83,"1.211054253E12":290,"1.211036184E12":137,"1.211046882E12":253,"1.211020702E12":54,"1.211025936E12":64,"1.211036509E12":143,"1.211086154E12":348,"1.211032966E12":107,"1.211057877E12":309,"1.211032756E12":92,"1.211036215E12":139,"1.211141526E12":362,"1.211044207E12":230,"1.211018411E12":14,"1.211024995E12":59,"1.211462432E12":383,"1.211144716E12":363,"1.211018408E12":7,"1.211445058E12":375,"1.211036324E12":142,"1.211039615E12":189,"1.211019129E12":43,"1.211043576E12":228,"1.211032958E12":106,"1.211039665E12":190,"1.211054428E12":292,"1.211018613E12":30,"1.211019052E12":41,"1.211076549E12":347,"1.211068012E12":340,"1.211061414E12":319,"1.211032838E12":102,"1.211019135E12":44,"1.211036321E12":141,"1.211063329E12":326,"1.211038378E12":178,"1.21105458E12":295,"1.211025204E12":60,"1.211019556E12":46,"1.211460818E12":382,"1.211042314E12":221,"1.211139338E12":361,"1.211039875E12":194,"1.211174021E12":367,"1.211046267E12":248,"1.211031407E12":77,"1.211052724E12":287,"1.211038472E12":181,"1.211020656E12":53,"1.211099427E12":356,"1.211460726E12":381,"1.211032916E12":104,"1.211061379E12":318,"1.211038411E12":180,"1.21103119E12":74,"1.211040129E12":198,"1.211069091E12":341,"1.211056271E12":303,"1.211042173E12":217,"1.211065026E12":330,"1.211042028E12":214,"1.211038098E12":170,"1.21103692E12":150,"1.211042241E12":218,"1.21106794E12":339,"1.21104705E12":255,"1.211061296E12":317,"1.211037942E12":169,"1.21106301E12":325,"1.21104049E12":202,"1.21103425E12":117,"1.211031778E12":81,"1.211049864E12":270,"1.211035482E12":130,"1.211036734E12":148,"1.211069147E12":342,"1.211032748E12":91,"1.211044257E12":232,"1.211066729E12":335,"1.211164761E12":366,"1.21103712E12":156,"1.211018687E12":34,"1.211041118E12":209,"1.211054738E12":297,"1.211032769E12":95,"1.211018415E12":17,"1.211054444E12":293,"1.211040067E12":196,"1.211057645E12":307,"1.211446231E12":378,"1.211033667E12":111,"1.211034257E12":118,"1.211062147E12":323,"1.211018437E12":22,"1.211041846E12":212,"1.21103746E12":163,"1.211047856E12":265,"1.21104555E12":243,"1.211037936E12":168,"1.211446121E12":377,"1.211020585E12":52,"1.211061264E12":316,"1.21113854E12":359,"1.211018448E12":23,"1.21108644E12":351,"1.211053489E12":289,"1.211042559E12":225,"1.211051013E12":278,"1.211061246E12":315,"1.211032682E12":89,"1.211038394E12":179,"1.211065124E12":331,"1.21103551E12":131,"1.211037448E12":161,"1.211042089E12":216,"1.211032968E12":108,"1.211036202E12":138,"1.211046439E12":251,"1.211044706E12":238,"1.211032663E12":88,"1.211018405E12":4,"1.211040912E12":207,"1.211036137E12":136,"1.211033792E12":115,"1.211047268E12":257,"1.211063939E12":328,"1.211047918E12":266,"1.2110389E12":185,"1.211035017E12":124,"1.211045921E12":246,"1.211092305E12":352,"1.211032809E12":101,"1.211018614E12":31,"1.211200308E12":369,"1.211233605E12":373,"1.211031777E12":80,"1.211051087E12":280,"1.211051836E12":284,"1.211026299E12":67,"1.211019744E12":49,"1.21104554E12":242,"1.21104007E12":197,"1.211057597E12":306,"1.211445914E12":376,"1.211032361E12":85,"1.211054741E12":298,"1.211018693E12":35,"1.211044795E12":241,"1.211048802E12":267,"1.211032618E12":86,"1.211229651E12":370,"1.211030164E12":72,"1.211066308E12":333,"1.21103721E12":159,"1.211038358E12":177,"1.211032777E12":96,"1.211018427E12":20,"1.211051056E12":279,"1.21101841E12":11,"1.21105155E12":282,"1.211042052E12":215,"1.211067445E12":337,"1.211040299E12":201,"1.211058949E12":312,"1.211038803E12":183,"1.211051674E12":283,"1.211032728E12":90,"1.21104571E12":245,"1.211019043E12":39,"1.211038638E12":182,"1.211046508E12":252,"1.211044325E12":235,"1.211019741E12":48,"1.211066593E12":334,"1.211164603E12":365,"1.211040926E12":208,"1.211044267E12":233,"1.211453293E12":380,"1.21108626E12":349,"1.211061984E12":322,"1.211058946E12":311,"1.211037637E12":166,"1.211036745E12":149},"NUMBER_OF_PEOPLE":400,"minTimeSeen":1.211018404E12,"maxTimeSeen":1.211558405E12,"NEIGHBORHOOD_RADIUS":20.0,"ENCOUNTER_CHANCE":0.05,"priority":1.0,"duration":540001.0,"minutesDuration":9000.016666666666,"hoursDuration":150.00027777777777,"daysDuration":6.250011574074073}
