{"propagationData":{"1.211074824E12":233,"1.211238328E12":268,"1.211055708E12":178,"1.211053495E12":157,"1.211047404E12":131,"1.21104223E12":58,"1.211055544E12":177,"1.211046656E12":118,"1.211042217E12":57,"1.211112103E12":252,"1.211392997E12":284,"1.211044953E12":88,"1.211034648E12":9,"1.211055833E12":183,"1.211042864E12":67,"1.211050491E12":150,"1.211036109E12":15,"1.21106477E12":200,"1.211042466E12":62,"1.211048569E12":140,"1.211037155E12":18,"1.211069974E12":217,"1.21105534E12":175,"1.211054465E12":165,"1.211042712E12":64,"1.211044971E12":89,"1.211046355E12":110,"1.211398791E12":292,"1.211046349E12":109,"1.211049305E12":148,"1.211112032E12":251,"1.211067571E12":208,"1.21125552E12":277,"1.211046588E12":115,"1.211044394E12":87,"1.211083782E12":241,"1.211388661E12":280,"1.211045106E12":90,"1.211044227E12":81,"1.211045415E12":93,"1.211393578E12":287,"1.211054415E12":163,"1.211039669E12":39,"1.211055324E12":174,"1.211393557E12":286,"1.211109859E12":247,"1.211241519E12":274,"1.211112237E12":254,"1.211073757E12":228,"1.211034624E12":7,"1.211069695E12":214,"1.211045517E12":96,"1.211398388E12":289,"1.211064315E12":196,"1.211043873E12":70,"1.211037651E12":23,"1.211255537E12":278,"1.21107372E12":227,"1.211047572E12":133,"1.211064306E12":195,"1.211071352E12":221,"1.211045712E12":100,"1.211037613E12":22,"1.21104432E12":85,"1.21138886E12":281,"1.211110063E12":249,"1.211046754E12":119,"1.211034872E12":11,"1.211240702E12":269,"1.211037685E12":24,"1.211055312E12":173,"1.211056226E12":186,"1.211063938E12":194,"1.211038473E12":28,"1.211042474E12":63,"1.211046618E12":116,"1.211069976E12":218,"1.211109117E12":246,"1.211241577E12":275,"1.211034285E12":3,"1.211049083E12":145,"1.211064316E12":197,"1.211044237E12":82,"1.211067678E12":210,"1.211045862E12":103,"1.211055777E12":181,"1.21106969E12":213,"1.21103469E12":10,"1.211047191E12":126,"1.211044367E12":86,"1.211055247E12":172,"1.211043904E12":71,"1.21104603E12":108,"1.211047208E12":127,"1.21104829E12":139,"1.211053546E12":158,"1.2111304E12":259,"1.211238324E12":267,"1.211039915E12":40,"1.211045467E12":94,"1.211046896E12":122,"1.211064958E12":201,"1.211049301E12":147,"1.211174446E12":263,"1.211066873E12":204,"1.211053917E12":160,"1.211042178E12":56,"1.211047509E12":132,"1.211045411E12":92,"1.211049281E12":146,"1.211053562E12":159,"1.211083729E12":240,"1.211044273E12":83,"1.211039086E12":33,"1.211018404E12":1,"1.211054935E12":171,"1.211043362E12":68,"1.211043762E12":69,"1.211240978E12":273,"1.211233657E12":264,"1.211039274E12":35,"1.211054508E12":167,"1.211041817E12":51,"1.21104567E12":98,"1.211066887E12":205,"1.211042752E12":65,"1.211040155E12":41,"1.211052402E12":152,"1.211048757E12":144,"1.211039667E12":38,"1.211071197E12":219,"1.21104171E12":50,"1.211041663E12":47,"1.21104662E12":117,"1.211054811E12":169,"1.211045888E12":105,"1.211046898E12":123,"1.211054397E12":162,"1.211040702E12":43,"1.21108087E12":235,"1.211042283E12":60,"1.211019238E12":2,"1.211240897E12":270,"1.211055831E12":182,"1.211047904E12":137,"1.2110809E12":236,"1.21123759E12":265,"1.211064985E12":202,"1.211037362E12":20,"1.211074758E12":229,"1.211047336E12":128,"1.211046395E12":113,"1.211036926E12":16,"1.211045601E12":97,"1.211038574E12":30,"1.211240936E12":271,"1.211129959E12":256,"1.211107406E12":244,"1.211393666E12":288,"1.211047704E12":135,"1.211050495E12":151,"1.211071273E12":220,"1.211040425E12":42,"1.211039432E12":37,"1.211035526E12":14,"1.21103449E12":4,"1.211241653E12":276,"1.211080844E12":234,"1.211067771E12":212,"1.211074764E12":230,"1.211054126E12":161,"1.211174045E12":261,"1.211045376E12":91,"1.211054484E12":166,"1.211117077E12":255,"1.211046866E12":120,"1.211050421E12":149,"1.211083093E12":238,"1.211052441E12":153,"1.211067742E12":211,"1.211042251E12":59,"1.211044053E12":75,"1.211054433E12":164,"1.211038756E12":32,"1.211112011E12":250,"1.211046498E12":114,"1.211044092E12":76,"1.211056154E12":184,"1.211056519E12":187,"1.211392965E12":283,"1.21108298E12":237,"1.211056171E12":185,"1.211034647E12":8,"1.211052465E12":155,"1.211064748E12":199,"1.21139877E12":291,"1.211074783E12":231,"1.211048638E12":141,"1.211060393E12":192,"1.211043969E12":72,"1.211035348E12":13,"1.21117406E12":262,"1.211045734E12":101,"1.211044315E12":84,"1.211037006E12":17,"1.211045878E12":104,"1.211039233E12":34,"1.211060375E12":191,"1.211398462E12":290,"1.211072729E12":222,"1.211047877E12":136,"1.211041897E12":53,"1.211042175E12":55,"1.211054821E12":170,"1.211045988E12":106,"1.211041053E12":44,"1.211083822E12":243,"1.211046369E12":111,"1.211112186E12":253,"1.211047348E12":129,"1.211045704E12":99,"1.211045784E12":102,"1.211034619E12":5,"1.211055731E12":180,"1.211037217E12":19,"1.211038387E12":27,"1.211130408E12":260,"1.211044212E12":80,"1.211041904E12":54,"1.211047585E12":134,"1.211034622E12":6,"1.211048668E12":142,"1.211047172E12":124,"1.21124096E12":272,"1.211083704E12":239,"1.211046025E12":107,"1.211073088E12":224,"1.211041289E12":45,"1.211047183E12":125,"1.211052447E12":154,"1.211041664E12":48,"1.211048252E12":138,"1.211073547E12":225,"1.211109001E12":245,"1.211041369E12":46,"1.211037536E12":21,"1.211083783E12":242,"1.211055477E12":176,"1.211044205E12":79,"1.211044119E12":78,"1.211130269E12":257,"1.211060047E12":189,"1.211052569E12":156,"1.211039397E12":36,"1.2110675E12":206,"1.211060366E12":190,"1.211237596E12":266,"1.211060408E12":193,"1.211041694E12":49,"1.211041823E12":52,"1.211044098E12":77,"1.211034962E12":12,"1.211044004E12":73,"1.21106995E12":216,"1.211042288E12":61,"1.211048691E12":143,"1.211058642E12":188,"1.211065309E12":203,"1.211073588E12":226,"1.211067586E12":209,"1.211038648E12":31,"1.211109959E12":248,"1.211074787E12":232,"1.211037995E12":26,"1.21104736E12":130,"1.211072757E12":223,"1.211042813E12":66,"1.21103793E12":25,"1.211069885E12":215,"1.211393033E12":285,"1.211392921E12":282,"1.211038496E12":29,"1.211064398E12":198,"1.211054724E12":168,"1.211130341E12":258,"1.211387296E12":279,"1.21104639E12":112,"1.211045468E12":95,"1.211044041E12":74},"NUMBER_OF_PEOPLE":400,"minTimeSeen":1.211018404E12,"maxTimeSeen":1.211558405E12,"NEIGHBORHOOD_RADIUS":20.0,"ENCOUNTER_CHANCE":0.05,"priority":1.0,"duration":540001.0,"minutesDuration":9000.016666666666,"hoursDuration":150.00027777777777,"daysDuration":6.250011574074073}
