{"propagationData":{"1.211030193E12":96,"1.211092641E12":356,"1.211056001E12":317,"1.211128197E12":373,"1.211032894E12":157,"1.211018496E12":13,"1.211036228E12":190,"1.211049945E12":300,"1.211038696E12":226,"1.211046215E12":286,"1.211037262E12":202,"1.211065109E12":333,"1.211041182E12":248,"1.211039429E12":238,"1.211076142E12":346,"1.211064752E12":332,"1.21104311E12":268,"1.211027443E12":79,"1.211032052E12":136,"1.211080107E12":352,"1.211054605E12":316,"1.211038374E12":222,"1.211032017E12":134,"1.211034148E12":165,"1.211027189E12":78,"1.211029507E12":91,"1.211032389E12":143,"1.211219493E12":380,"1.21102359E12":57,"1.211018416E12":4,"1.211037691E12":210,"1.21101949E12":21,"1.211039392E12":237,"1.211042065E12":251,"1.211032182E12":141,"1.211066199E12":337,"1.211045165E12":276,"1.211031397E12":118,"1.211046895E12":291,"1.211018468E12":9,"1.211025348E12":66,"1.211079067E12":349,"1.211042094E12":252,"1.211023233E12":54,"1.211032128E12":139,"1.211034958E12":169,"1.21102639E12":72,"1.211032764E12":154,"1.211038539E12":225,"1.21102341E12":55,"1.211058008E12":321,"1.2110313E12":109,"1.211032806E12":156,"1.211078128E12":348,"1.211061163E12":327,"1.211103771E12":368,"1.211166181E12":378,"1.211135436E12":375,"1.21104058E12":245,"1.211093236E12":357,"1.211045319E12":278,"1.211025138E12":63,"1.211036166E12":189,"1.211032643E12":150,"1.211032162E12":140,"1.211067384E12":340,"1.211043293E12":269,"1.2110421E12":254,"1.211030865E12":104,"1.211021615E12":42,"1.211126589E12":372,"1.211045783E12":283,"1.211026034E12":69,"1.211020144E12":27,"1.211020513E12":31,"1.211021703E12":43,"1.211036588E12":194,"1.211032634E12":149,"1.211037979E12":216,"1.211031145E12":108,"1.211061431E12":328,"1.211031368E12":113,"1.211067543E12":341,"1.211031394E12":116,"1.211020703E12":35,"1.211034704E12":168,"1.211018955E12":16,"1.211027019E12":77,"1.211036135E12":186,"1.211022534E12":50,"1.211039593E12":241,"1.211316368E12":384,"1.21106213E12":331,"1.211030236E12":98,"1.211029112E12":87,"1.211029277E12":88,"1.211052138E12":310,"1.211030447E12":100,"1.211044185E12":275,"1.211037527E12":205,"1.211019477E12":20,"1.21102075E12":36,"1.211031374E12":114,"1.211032002E12":132,"1.211031128E12":107,"1.211037544E12":206,"1.211093751E12":358,"1.211037081E12":201,"1.211040034E12":242,"1.211099437E12":364,"1.211095264E12":361,"1.211050287E12":303,"1.211034595E12":166,"1.211042456E12":261,"1.211033387E12":160,"1.211147192E12":377,"1.211018503E12":14,"1.21103497E12":170,"1.211038143E12":217,"1.211036917E12":199,"1.211023697E12":58,"1.21104915E12":297,"1.211023469E12":56,"1.211053574E12":314,"1.211045275E12":277,"1.211038847E12":229,"1.211038753E12":227,"1.211037602E12":208,"1.211046136E12":285,"1.211049156E12":298,"1.211032691E12":153,"1.211236954E12":382,"1.211059119E12":322,"1.211044162E12":274,"1.211048448E12":296,"1.211035862E12":181,"1.211042997E12":267,"1.211050024E12":302,"1.211032088E12":137,"1.211049266E12":299,"1.211222369E12":381,"1.211050479E12":306,"1.211093929E12":359,"1.211059568E12":323,"1.211020243E12":28,"1.211036154E12":187,"1.211051858E12":308,"1.211059792E12":324,"1.211035338E12":180,"1.211036906E12":198,"1.211080073E12":351,"1.211021985E12":46,"1.211036954E12":200,"1.211095828E12":362,"1.211019088E12":18,"1.211038482E12":224,"1.211018404E12":1,"1.211036643E12":196,"1.211032395E12":145,"1.211243129E12":383,"1.211029297E12":89,"1.211031349E12":112,"1.211028819E12":83,"1.211019458E12":19,"1.211046856E12":290,"1.211042296E12":260,"1.211029887E12":93,"1.211030135E12":95,"1.211029311E12":90,"1.211051596E12":307,"1.21102186E12":45,"1.211039568E12":240,"1.211031319E12":111,"1.211037759E12":214,"1.211031314E12":110,"1.211019501E12":22,"1.2110216E12":41,"1.211020624E12":33,"1.211121277E12":371,"1.211039236E12":235,"1.211216808E12":379,"1.211033479E12":161,"1.21104533E12":280,"1.211030449E12":101,"1.2110383E12":221,"1.211020107E12":25,"1.211032542E12":148,"1.211034993E12":171,"1.211050017E12":301,"1.211076407E12":347,"1.211032681E12":151,"1.211031125E12":106,"1.211035306E12":179,"1.21104644E12":288,"1.211037271E12":203,"1.211034616E12":167,"1.211045755E12":282,"1.211037326E12":204,"1.211036396E12":193,"1.21110422E12":369,"1.211032523E12":147,"1.211095161E12":360,"1.211089657E12":353,"1.211034146E12":164,"1.211459836E12":388,"1.211042111E12":255,"1.211038168E12":219,"1.211066755E12":339,"1.211030812E12":103,"1.211033051E12":159,"1.211103065E12":367,"1.211026526E12":76,"1.211042538E12":262,"1.21109045E12":354,"1.211020444E12":30,"1.211020282E12":29,"1.211021728E12":44,"1.211031452E12":124,"1.211019059E12":17,"1.211100782E12":365,"1.211039388E12":236,"1.211034998E12":173,"1.211022229E12":48,"1.211022437E12":49,"1.211060087E12":325,"1.211028723E12":81,"1.211044148E12":273,"1.211025474E12":67,"1.211036243E12":191,"1.211039547E12":239,"1.211032011E12":133,"1.211026018E12":68,"1.211024856E12":61,"1.211052576E12":311,"1.211041975E12":250,"1.211052789E12":312,"1.211033011E12":158,"1.211383052E12":387,"1.211035156E12":176,"1.211035931E12":184,"1.211028873E12":86,"1.211042261E12":259,"1.211075874E12":343,"1.211028864E12":85,"1.211021389E12":40,"1.211050411E12":305,"1.211060922E12":326,"1.211041968E12":249,"1.21103591E12":183,"1.211057885E12":320,"1.2110314E12":119,"1.21106801E12":342,"1.211044092E12":271,"1.21107939E12":350,"1.211023202E12":53,"1.211030251E12":99,"1.211065669E12":336,"1.21101894E12":15,"1.211026391E12":73,"1.211042095E12":253,"1.211043997E12":270,"1.211036592E12":195,"1.211028852E12":84,"1.211026163E12":70,"1.211032479E12":146,"1.211031773E12":130,"1.211057201E12":319,"1.211021253E12":38,"1.211030683E12":102,"1.211047434E12":293,"1.211025297E12":64,"1.211039068E12":232,"1.211037739E12":213,"1.211021262E12":39,"1.211031646E12":127,"1.211024209E12":60,"1.211022077E12":47,"1.211035288E12":178,"1.211097032E12":363,"1.211037591E12":207,"1.21103009E12":94,"1.21133667E12":385,"1.211037717E12":211,"1.211031467E12":125,"1.211039143E12":234,"1.211032193E12":142,"1.21104413E12":272,"1.211040835E12":247,"1.211365794E12":386,"1.211040602E12":246,"1.211040218E12":244,"1.211036363E12":192,"1.211047561E12":294,"1.211102556E12":366,"1.211065149E12":334,"1.211020923E12":37,"1.211035908E12":182,"1.211032105E12":138,"1.211027829E12":80,"1.211037823E12":215,"1.211035249E12":177,"1.211066261E12":338,"1.211026431E12":74,"1.211032393E12":144,"1.211039039E12":231,"1.211091276E12":355,"1.211046772E12":289,"1.211036125E12":185,"1.211020636E12":34,"1.211031074E12":105,"1.211031404E12":121,"1.211032686E12":152,"1.211039069E12":233,"1.211061674E12":330,"1.211042132E12":256,"1.211136022E12":376,"1.211046923E12":292,"1.211026452E12":75,"1.21103197E12":131,"1.211042179E12":258,"1.211038833E12":228,"1.211031419E12":123,"1.21107605E12":344,"1.211026355E12":71,"1.211019577E12":23,"1.211061646E12":329,"1.21103816E12":218,"1.211018487E12":11,"1.211128685E12":374,"1.211051998E12":309,"1.211023149E12":52,"1.211034139E12":163,"1.211031401E12":120,"1.211054579E12":315,"1.211046276E12":287,"1.211047565E12":295,"1.211018413E12":3,"1.211035006E12":174,"1.211036882E12":197,"1.211065315E12":335,"1.211057036E12":318,"1.211032802E12":155,"1.211025103E12":62,"1.211029839E12":92,"1.211037732E12":212,"1.211020119E12":26,"1.211038907E12":230,"1.211042135E12":257,"1.211031641E12":126,"1.211076122E12":345,"1.211045322E12":279,"1.21102052E12":32,"1.211024146E12":59,"1.211031745E12":129,"1.21101843E12":5,"1.211031395E12":117,"1.211031723E12":128,"1.211042741E12":265,"1.211105071E12":370,"1.211038476E12":223,"1.21102278E12":51,"1.211042677E12":263,"1.21104268E12":264,"1.211035039E12":175,"1.211030209E12":97,"1.211019579E12":24,"1.211032022E12":135,"1.211050322E12":304,"1.211028809E12":82,"1.211018407E12":2,"1.211046124E12":284,"1.211025346E12":65,"1.211018478E12":10,"1.211037608E12":209,"1.211036165E12":188,"1.21104013E12":243,"1.211031412E12":122,"1.211053142E12":313,"1.211042837E12":266,"1.211018467E12":6},"NUMBER_OF_PEOPLE":400,"minTimeSeen":1.211018404E12,"maxTimeSeen":1.211558405E12,"NEIGHBORHOOD_RADIUS":20.0,"ENCOUNTER_CHANCE":0.05,