{"propagationData":{"1.211121682E12":171,"1.211127578E12":220,"1.211123915E12":191,"1.211122763E12":180,"1.2111037E12":66,"1.211313479E12":385,"1.211172679E12":347,"1.211133153E12":249,"1.211153897E12":316,"1.211116971E12":133,"1.211179471E12":354,"1.211099331E12":24,"1.211180631E12":357,"1.211099062E12":18,"1.211125962E12":206,"1.211122408E12":179,"1.211131798E12":240,"1.211145957E12":302,"1.211106455E12":90,"1.211142666E12":290,"1.211098922E12":15,"1.211100254E12":36,"1.211115137E12":124,"1.211129269E12":230,"1.211106983E12":93,"1.211103812E12":68,"1.211134995E12":254,"1.211120826E12":163,"1.211103806E12":67,"1.211338834E12":386,"1.211133058E12":248,"1.21114042E12":282,"1.211127867E12":223,"1.21111514E12":125,"1.211270666E12":382,"1.211138262E12":271,"1.211104798E12":77,"1.211147299E12":307,"1.211170163E12":344,"1.211135374E12":256,"1.211148982E12":311,"1.211123655E12":186,"1.211203608E12":365,"1.211101866E12":52,"1.211167969E12":341,"1.211130764E12":237,"1.211127248E12":218,"1.211177324E12":351,"1.211100305E12":37,"1.211135986E12":260,"1.211098825E12":12,"1.211138042E12":270,"1.211116653E12":131,"1.211128915E12":229,"1.211170851E12":345,"1.211170158E12":343,"1.21111725E12":134,"1.211163297E12":332,"1.21109941E12":26,"1.211099167E12":21,"1.21113727E12":267,"1.211101523E12":46,"1.21102258E12":3,"1.211114649E12":120,"1.211097523E12":4,"1.211101202E12":42,"1.211116642E12":130,"1.211123393E12":183,"1.211126241E12":210,"1.21112847E12":226,"1.21111135E12":105,"1.211115128E12":123,"1.211209094E12":368,"1.211125493E12":200,"1.211097687E12":6,"1.21118467E12":359,"1.211132046E12":241,"1.211280143E12":383,"1.211172529E12":346,"1.211103588E12":64,"1.211130603E12":235,"1.21110159E12":48,"1.211106439E12":89,"1.211112295E12":110,"1.211113681E12":115,"1.211157461E12":320,"1.21112969E12":233,"1.21151685E12":387,"1.211145835E12":301,"1.211106727E12":92,"1.211102877E12":59,"1.211128566E12":227,"1.211125807E12":204,"1.211113381E12":113,"1.211143201E12":293,"1.211101262E12":43,"1.211135216E12":255,"1.211121995E12":174,"1.211123441E12":184,"1.211099185E12":23,"1.211120965E12":165,"1.211117793E12":139,"1.211126002E12":207,"1.211098846E12":13,"1.211137129E12":266,"1.211179799E12":356,"1.211098617E12":9,"1.211178277E12":352,"1.211250014E12":377,"1.211145285E12":300,"1.211112124E12":108,"1.211105315E12":83,"1.211108514E12":99,"1.211116133E12":128,"1.211173342E12":348,"1.211120407E12":161,"1.211125313E12":199,"1.211119798E12":157,"1.21114498E12":299,"1.211119574E12":153,"1.211108177E12":98,"1.211128899E12":228,"1.211100351E12":38,"1.211122139E12":175,"1.211167569E12":340,"1.211101722E12":51,"1.211119105E12":151,"1.211169549E12":342,"1.211111911E12":106,"1.211127584E12":221,"1.211135693E12":259,"1.211111291E12":103,"1.211194584E12":362,"1.211117833E12":140,"1.211184776E12":360,"1.211149348E12":312,"1.211127502E12":219,"1.211126612E12":212,"1.211146791E12":306,"1.211124963E12":196,"1.211107987E12":97,"1.211103413E12":62,"1.211190397E12":361,"1.211154026E12":317,"1.211104717E12":76,"1.211105739E12":84,"1.211181904E12":358,"1.211097662E12":5,"1.211157775E12":323,"1.211132989E12":247,"1.211103021E12":60,"1.21109968E12":30,"1.211121531E12":170,"1.211098344E12":7,"1.211106482E12":91,"1.211119057E12":150,"1.211136663E12":265,"1.211018404E12":1,"1.211099396E12":25,"1.211228758E12":375,"1.211103234E12":61,"1.211141266E12":284,"1.211257387E12":380,"1.211104909E12":78,"1.211162127E12":330,"1.211121735E12":172,"1.21110492E12":79,"1.211099136E12":20,"1.211114805E12":121,"1.211146293E12":303,"1.21110171E12":50,"1.211124186E12":192,"1.211163084E12":331,"1.21111318E12":112,"1.211099685E12":31,"1.211123463E12":185,"1.211159756E12":327,"1.211159095E12":326,"1.211104687E12":75,"1.211140372E12":281,"1.211118356E12":145,"1.211127747E12":222,"1.211118502E12":146,"1.211099812E12":32,"1.211104105E12":70,"1.211125145E12":198,"1.21112376E12":190,"1.211146469E12":305,"1.211157772E12":322,"1.211114474E12":119,"1.211137802E12":268,"1.21113444E12":251,"1.211162072E12":329,"1.211136052E12":261,"1.211109357E12":100,"1.211123687E12":187,"1.211098726E12":10,"1.211152183E12":314,"1.211126653E12":213,"1.211124347E12":193,"1.211102456E12":58,"1.211111348E12":104,"1.211102267E12":56,"1.211164507E12":335,"1.211130137E12":234,"1.211107558E12":95,"1.211098939E12":17,"1.211118167E12":141,"1.211163363E12":333,"1.211126827E12":214,"1.211123715E12":189,"1.211132259E12":242,"1.211118914E12":149,"1.211104261E12":72,"1.211138915E12":274,"1.211143753E12":296,"1.211216985E12":371,"1.211099568E12":27,"1.21128959E12":384,"1.211139671E12":276,"1.21113621E12":263,"1.211115099E12":122,"1.211099573E12":28,"1.211120404E12":160,"1.211205991E12":367,"1.211147622E12":308,"1.211101606E12":49,"1.211129438E12":232,"1.211218513E12":373,"1.211116436E12":129,"1.21112805E12":224,"1.211120918E12":164,"1.211153759E12":315,"1.211144962E12":298,"1.211140013E12":278,"1.211126933E12":215,"1.211140229E12":280,"1.211118202E12":143,"1.211116117E12":127,"1.211119427E12":152,"1.211139609E12":275,"1.211098863E12":14,"1.211130979E12":239,"1.211166551E12":337,"1.211106108E12":87,"1.211156421E12":318,"1.211125604E12":202,"1.211101287E12":44,"1.211245376E12":376,"1.211123193E12":182,"1.211118867E12":148,"1.211122191E12":176,"1.211110523E12":102,"1.211143544E12":295,"1.211134563E12":252,"1.211209785E12":370,"1.211133866E12":250,"1.211099089E12":19,"1.211165537E12":336,"1.211135375E12":257,"1.211158208E12":324,"1.211101562E12":47,"1.211105222E12":82,"1.211103693E12":65,"1.211119664E12":156,"1.211142455E12":289,"1.211105043E12":81,"1.211100144E12":35,"1.211120225E12":158,"1.211129342E12":231,"1.2111139E12":117,"1.211122225E12":177,"1.211130656E12":236,"1.211117481E12":136,"1.211125817E12":205,"1.211130777E12":238,"1.211117364E12":135,"1.211204275E12":366,"1.211143207E12":294,"1.211117578E12":137,"1.211106016E12":86,"1.211157073E12":319,"1.211103507E12":63,"1.211117601E12":138,"1.211141636E12":288,"1.211104298E12":74,"1.211126038E12":208,"1.211141359E12":286,"1.211118212E12":144,"1.211109551E12":101,"1.211137923E12":269,"1.211102382E12":57,"1.21111426E12":118,"1.211166882E12":339,"1.211136133E12":262,"1.211107008E12":94,"1.211132833E12":245,"1.211140213E12":279,"1.211121822E12":173,"1.211101291E12":45,"1.211198936E12":363,"1.211138853E12":272,"1.21117548E12":349,"1.211021811E12":2,"1.211098511E12":8,"1.211128282E12":225,"1.211099934E12":33,"1.211115527E12":126,"1.211102054E12":53,"1.211112136E12":109,"1.211132966E12":246,"1.211107659E12":96,"1.211146468E12":304,"1.211142684E12":291,"1.211144227E12":297,"1.211100545E12":40,"1.211148702E12":309,"1.211099175E12":22,"1.211251358E12":378,"1.211102158E12":54,"1.211099642E12":29,"1.211121158E12":166,"1.211122351E12":178,"1.211256862E12":379,"1.211120392E12":159,"1.211118188E12":142,"1.211112044E12":107,"1.211161215E12":328,"1.2110988E12":11,"1.211104271E12":73,"1.211119578E12":154,"1.211104218E12":71,"1.211134683E12":253,"1.211209208E12":369,"1.21112559E12":201,"1.211100999E12":41,"1.211118574E12":147,"1.211139883E12":277,"1.211123097E12":181,"1.211176318E12":350,"1.21116391E12":334,"1.211124523E12":194,"1.211158879E12":325,"1.211136434E12":264,"1.211126974E12":216,"1.211132567E12":244,"1.211124757E12":195,"1.211113878E12":116,"1.211127089E12":217,"1.211166852E12":338,"1.211132422E12":243,"1.2111488E12":310,"1.211121308E12":168,"1.211135551E12":258,"1.211151134E12":313,"1.21114146E12":287,"1.211126219E12":209,"1.211120727E12":162,"1.211202194E12":364,"1.211261383E12":381,"1.211142874E12":292,"1.211218357E12":372,"1.211103967E12":69,"1.211106126E12":88,"1.211121167E12":167,"1.211100431E12":39,"1.211126499E12":211,"1.211102243E12":55,"1.211125605E12":203,"1.21122376E12":374,"1.211119615E12":155,"1.211157735E12":321,"1.211141267E12":285,"1.21111244E12":111,"1.211116814E12":132,"1.211123697E12":188,"1.21110504E12":80,"1.211113646E12":114,"1.211121417E12":169,"1.21110586E12":85,"1.21114115E12":283,"1.211099957E12":34,"1.211178655E12":353,"1.211125101E12":197},"NUMBER_OF_PEOPLE":400,"minTimeSeen":1.211018404E12,