{"propagationData":{"1.211042208E12":234,"1.211038829E12":207,"1.211040505E12":215,"1.211018465E12":21,"1.211027911E12":81,"1.211032142E12":119,"1.211044285E12":244,"1.211060566E12":311,"1.211036989E12":187,"1.211051505E12":288,"1.211038696E12":206,"1.211050367E12":279,"1.211047691E12":267,"1.211040492E12":214,"1.211037839E12":194,"1.211030796E12":104,"1.211024184E12":72,"1.211032369E12":125,"1.211022099E12":58,"1.211305203E12":347,"1.211035229E12":170,"1.211064991E12":318,"1.211037928E12":196,"1.211030505E12":96,"1.211033656E12":143,"1.211067763E12":324,"1.211033157E12":141,"1.211034388E12":156,"1.211040781E12":216,"1.211481578E12":352,"1.211048648E12":271,"1.211030905E12":106,"1.211018416E12":18,"1.211036361E12":183,"1.21105098E12":287,"1.211023836E12":70,"1.211044643E12":247,"1.21102997E12":85,"1.21104206E12":232,"1.21103716E12":188,"1.211030703E12":101,"1.211031578E12":109,"1.211062165E12":313,"1.211023153E12":62,"1.211032128E12":118,"1.211018683E12":33,"1.211018491E12":24,"1.21101931E12":41,"1.211026563E12":77,"1.211019232E12":40,"1.211018737E12":34,"1.211032614E12":130,"1.211018533E12":31,"1.211034253E12":155,"1.21103625E12":182,"1.211030085E12":88,"1.211049886E12":277,"1.211020874E12":52,"1.211035072E12":168,"1.211021867E12":57,"1.211082048E12":336,"1.211058322E12":303,"1.211041951E12":231,"1.211026545E12":76,"1.211021255E12":54,"1.211019444E12":42,"1.211038147E12":200,"1.211035236E12":171,"1.211056332E12":293,"1.211030753E12":103,"1.211066506E12":321,"1.211048641E12":270,"1.211018412E12":16,"1.211067953E12":329,"1.21105094E12":286,"1.211032504E12":128,"1.211142034E12":342,"1.211034431E12":159,"1.211037269E12":191,"1.211031408E12":107,"1.21105069E12":284,"1.21101853E12":30,"1.211060296E12":308,"1.211142373E12":344,"1.211054303E12":291,"1.211038191E12":202,"1.211040881E12":220,"1.211036214E12":180,"1.211040888E12":221,"1.211047034E12":260,"1.211037651E12":192,"1.21104103E12":224,"1.211045203E12":249,"1.211056592E12":295,"1.211039058E12":210,"1.211052025E12":290,"1.211040922E12":222,"1.211019677E12":45,"1.211065164E12":320,"1.211034544E12":162,"1.211481449E12":350,"1.211036151E12":177,"1.211034155E12":152,"1.211057702E12":299,"1.211142021E12":341,"1.211038929E12":208,"1.211304995E12":346,"1.211018972E12":35,"1.21101971E12":47,"1.211031804E12":114,"1.211040405E12":213,"1.211034249E12":154,"1.211032602E12":129,"1.211050935E12":285,"1.211058641E12":304,"1.211028424E12":82,"1.211032753E12":134,"1.211048914E12":274,"1.211036219E12":181,"1.211019628E12":44,"1.211027092E12":78,"1.21103451E12":160,"1.21104773E12":268,"1.211044566E12":245,"1.211020484E12":48,"1.211032914E12":136,"1.211058026E12":302,"1.21103457E12":163,"1.21103492E12":165,"1.211030192E12":90,"1.21106235E12":315,"1.211019205E12":39,"1.211124641E12":340,"1.211042545E12":239,"1.211114302E12":338,"1.211041341E12":228,"1.211062618E12":317,"1.211040816E12":218,"1.211018464E12":20,"1.211050346E12":278,"1.211035338E12":172,"1.211032362E12":124,"1.211030145E12":89,"1.211034048E12":147,"1.211031737E12":112,"1.211481526E12":351,"1.211023486E12":65,"1.211306294E12":349,"1.211087022E12":337,"1.211018404E12":8,"1.211042525E12":238,"1.211032743E12":133,"1.211037777E12":193,"1.211040783E12":217,"1.211032153E12":120,"1.211048259E12":269,"1.211019194E12":38,"1.211032704E12":132,"1.211044197E12":243,"1.211038483E12":204,"1.211018441E12":19,"1.211057406E12":297,"1.21104657E12":255,"1.211032221E12":121,"1.211046965E12":259,"1.211030305E12":93,"1.211045728E12":252,"1.211020546E12":49,"1.211022242E12":59,"1.211035586E12":174,"1.211034055E12":148,"1.211114592E12":339,"1.211026145E12":75,"1.211041037E12":225,"1.211031601E12":110,"1.211038186E12":201,"1.21104669E12":258,"1.211031452E12":108,"1.21103909E12":211,"1.211018483E12":23,"1.211056457E12":294,"1.211018411E12":15,"1.211067854E12":326,"1.21103233E12":122,"1.211018408E12":14,"1.211046424E12":254,"1.211050545E12":280,"1.211032078E12":117,"1.211068633E12":331,"1.211040997E12":223,"1.211065022E12":319,"1.211034921E12":166,"1.211034226E12":153,"1.211045354E12":250,"1.211062277E12":314,"1.211042086E12":233,"1.211039025E12":209,"1.211031664E12":111,"1.21101847E12":22,"1.211050675E12":283,"1.211067332E12":323,"1.211030482E12":95,"1.211034068E12":150,"1.211041919E12":230,"1.211044166E12":242,"1.211081985E12":335,"1.211023476E12":64,"1.211040315E12":212,"1.211033775E12":145,"1.211032994E12":138,"1.211036175E12":178,"1.211032381E12":126,"1.211067288E12":322,"1.211047448E12":263,"1.211023591E12":69,"1.211031762E12":113,"1.211034514E12":161,"1.211061996E12":312,"1.211050569E12":281,"1.211051819E12":289,"1.211142157E12":343,"1.211067875E12":327,"1.211045202E12":248,"1.211045428E12":251,"1.211037983E12":198,"1.211049565E12":276,"1.211050664E12":282,"1.211022744E12":60,"1.211027631E12":80,"1.211019139E12":37,"1.211036178E12":179,"1.211042276E12":236,"1.211024704E12":74,"1.211030705E12":102,"1.21104747E12":264,"1.211024657E12":73,"1.211044584E12":246,"1.211035884E12":175,"1.211030041E12":86,"1.211046587E12":256,"1.211021623E12":56,"1.211030473E12":94,"1.211024073E12":71,"1.211019447E12":43,"1.211037263E12":190,"1.211042258E12":235,"1.211036116E12":176,"1.211062607E12":316,"1.211047664E12":266,"1.211036368E12":184,"1.211046316E12":253,"1.211023492E12":66,"1.211037207E12":189,"1.211033468E12":142,"1.211033802E12":146,"1.211034063E12":149,"1.211048714E12":272,"1.211072833E12":332,"1.211049491E12":275,"1.211042373E12":237,"1.211044157E12":241,"1.211033149E12":140,"1.211056726E12":296,"1.211057768E12":301,"1.211057684E12":298,"1.211060385E12":310,"1.211057765E12":300,"1.21102103E12":53,"1.211041249E12":227,"1.211067785E12":325,"1.211030303E12":92,"1.211034799E12":164,"1.211023556E12":68,"1.211023185E12":63,"1.211035405E12":173,"1.211046598E12":257,"1.2110328E12":135,"1.211032074E12":116,"1.211036394E12":186,"1.211030678E12":100,"1.211031965E12":115,"1.211040818E12":219,"1.211047438E12":262,"1.211034406E12":158,"1.211047183E12":261,"1.211056257E12":292,"1.211028575E12":83,"1.211030538E12":97,"1.211038125E12":199,"1.211027205E12":79,"1.21106816E12":330,"1.21104157E12":229,"1.211018413E12":17,"1.211037848E12":195,"1.211305595E12":348,"1.211038617E12":205,"1.211018504E12":27,"1.211030628E12":98,"1.211019685E12":46,"1.211276455E12":345,"1.211018495E12":26,"1.211074209E12":333,"1.211020582E12":50,"1.211020707E12":51,"1.211032635E12":131,"1.211059079E12":306,"1.211036374E12":185,"1.211035175E12":169,"1.211041247E12":226,"1.211058937E12":305,"1.21102301E12":61,"1.211030276E12":91,"1.211074228E12":334,"1.211018976E12":36,"1.211032993E12":137,"1.211038476E12":203,"1.211030635E12":99,"1.211030844E12":105,"1.211035039E12":167,"1.211042565E12":240,"1.211037961E12":197,"1.211034389E12":157,"1.211048772E12":273,"1.211033005E12":139,"1.211047568E12":265,"1.211018407E12":12,"1.211028672E12":84,"1.211023533E12":67,"1.211030052E12":87,"1.211032446E12":127,"1.211033773E12":144,"1.211018534E12":32,"1.211034106E12":151,"1.211067898E12":328,"1.211060369E12":309,"1.211060134E12":307},"NUMBER_OF_PEOPLE":400,"minTimeSeen":1.211018404E12,"maxTimeSeen":1.211558405E12,"NEIGHBORHOOD_RADIUS":20.0,"ENCOUNTER_CHANCE":0.05,"priority":1.0,"duration":540001.0,"minutesDuration":9000.016666666666,"hoursDuration":150.00027777777777,"daysDuration":6.250011574074073}
