{"propagationData":{"1.211040529E12":211,"1.21103835E12":185,"1.211040505E12":210,"1.211022479E12":39,"1.211031981E12":114,"1.211022589E12":40,"1.211029504E12":81,"1.211034964E12":151,"1.211039539E12":199,"1.211034057E12":137,"1.211023416E12":51,"1.211033019E12":127,"1.211053459E12":268,"1.211083698E12":320,"1.21106561E12":298,"1.211060178E12":288,"1.211041315E12":221,"1.211045859E12":234,"1.211040432E12":208,"1.211026475E12":70,"1.211052018E12":261,"1.211019409E12":17,"1.211046447E12":244,"1.211030264E12":88,"1.211075242E12":315,"1.211020271E12":28,"1.211034783E12":147,"1.211034958E12":150,"1.2110359E12":165,"1.211060441E12":289,"1.211045649E12":230,"1.211020138E12":27,"1.211041831E12":224,"1.211035802E12":163,"1.211073621E12":307,"1.211044394E12":225,"1.211019257E12":14,"1.211065141E12":295,"1.211021287E12":34,"1.211038344E12":184,"1.211024884E12":60,"1.211034924E12":149,"1.211065707E12":299,"1.211024414E12":56,"1.211213537E12":329,"1.211020085E12":26,"1.211031742E12":105,"1.211045841E12":232,"1.211031636E12":104,"1.211050246E12":253,"1.211029695E12":82,"1.211046429E12":242,"1.211030385E12":94,"1.211026387E12":69,"1.211030518E12":96,"1.211032586E12":118,"1.211046599E12":246,"1.211021443E12":36,"1.211040594E12":212,"1.211034462E12":141,"1.211057002E12":278,"1.211019525E12":21,"1.211070177E12":306,"1.211023375E12":50,"1.211044769E12":228,"1.211035634E12":157,"1.211019136E12":6,"1.211054055E12":271,"1.211050676E12":256,"1.211040162E12":206,"1.211045896E12":236,"1.211074446E12":313,"1.21103916E12":197,"1.211030552E12":98,"1.211019233E12":12,"1.211030361E12":90,"1.211019159E12":7,"1.211057702E12":284,"1.21103531E12":155,"1.211039642E12":203,"1.211033742E12":132,"1.211214236E12":332,"1.211046521E12":245,"1.211039203E12":198,"1.211023502E12":52,"1.211069914E12":304,"1.211032808E12":125,"1.211032741E12":123,"1.211036502E12":171,"1.211025114E12":63,"1.211021206E12":31,"1.211030581E12":99,"1.211032685E12":121,"1.211048487E12":252,"1.21103854E12":191,"1.21101956E12":22,"1.211029995E12":84,"1.21101912E12":5,"1.211019253E12":13,"1.211020343E12":29,"1.211023141E12":45,"1.21103847E12":188,"1.211034646E12":146,"1.211032896E12":126,"1.211034205E12":139,"1.211074203E12":312,"1.211031971E12":113,"1.211031864E12":108,"1.211028055E12":72,"1.211033841E12":135,"1.211024848E12":59,"1.21103054E12":97,"1.211028834E12":79,"1.211038266E12":183,"1.211033269E12":129,"1.211033774E12":134,"1.211034521E12":142,"1.211035572E12":156,"1.211066251E12":303,"1.211018404E12":1,"1.211032743E12":124,"1.211028726E12":76,"1.21105325E12":263,"1.211053154E12":262,"1.211028063E12":73,"1.211054235E12":272,"1.21103724E12":176,"1.211035926E12":166,"1.21101918E12":9,"1.211053306E12":265,"1.211040232E12":207,"1.211040622E12":213,"1.211053695E12":270,"1.211083755E12":321,"1.211028492E12":74,"1.211035787E12":161,"1.211023132E12":44,"1.211040833E12":217,"1.211038924E12":195,"1.211035146E12":153,"1.21104644E12":243,"1.211040992E12":218,"1.211040827E12":216,"1.211032655E12":120,"1.211038108E12":181,"1.211065139E12":294,"1.211055643E12":273,"1.211073817E12":310,"1.2110558E12":275,"1.211025316E12":64,"1.211025356E12":66,"1.211033605E12":131,"1.21103464E12":145,"1.211020004E12":25,"1.211061855E12":291,"1.211032653E12":119,"1.211065158E12":296,"1.211057545E12":282,"1.211040691E12":214,"1.211173942E12":326,"1.211173894E12":325,"1.211030402E12":95,"1.211031858E12":107,"1.211047741E12":251,"1.211046037E12":238,"1.211021311E12":35,"1.211057163E12":279,"1.211039634E12":202,"1.211026506E12":71,"1.211084476E12":324,"1.211029751E12":83,"1.211051466E12":259,"1.211019505E12":19,"1.211075563E12":317,"1.211084257E12":323,"1.211075283E12":316,"1.211045929E12":237,"1.211055668E12":274,"1.211019181E12":10,"1.211022634E12":41,"1.211023329E12":47,"1.211038459E12":187,"1.211083476E12":318,"1.211019508E12":20,"1.211053515E12":269,"1.211053372E12":266,"1.211041617E12":222,"1.211019352E12":15,"1.211033193E12":128,"1.211030624E12":101,"1.211074494E12":314,"1.21103572E12":159,"1.211033953E12":136,"1.211031966E12":112,"1.211038472E12":189,"1.211036534E12":173,"1.21104614E12":240,"1.211024939E12":61,"1.211061645E12":290,"1.211034231E12":140,"1.211044658E12":227,"1.211074084E12":311,"1.211024982E12":62,"1.211038713E12":193,"1.211023202E12":46,"1.211055846E12":277,"1.21103578E12":160,"1.21105719E12":280,"1.211022753E12":42,"1.211045655E12":231,"1.211030377E12":93,"1.211214844E12":333,"1.211050992E12":257,"1.211020555E12":30,"1.211038104E12":180,"1.211058406E12":287,"1.211041657E12":223,"1.21101911E12":3,"1.211031827E12":106,"1.211035012E12":152,"1.211030197E12":86,"1.211019116E12":4,"1.211019178E12":8,"1.21103767E12":179,"1.211065814E12":300,"1.211030312E12":89,"1.21103853E12":190,"1.211019935E12":23,"1.211039545E12":200,"1.21102628E12":67,"1.211040449E12":209,"1.211030661E12":102,"1.211053261E12":264,"1.211024657E12":57,"1.211038166E12":182,"1.211036503E12":172,"1.21106517E12":297,"1.211035683E12":158,"1.211073657E12":308,"1.2110475E12":248,"1.211032384E12":117,"1.211040747E12":215,"1.211036035E12":168,"1.211030194E12":85,"1.211047679E12":250,"1.211044579E12":226,"1.211028835E12":80,"1.211031891E12":110,"1.21103218E12":116,"1.211021843E12":37,"1.211083774E12":322,"1.21103746E12":177,"1.211035933E12":167,"1.211021263E12":33,"1.211030618E12":100,"1.211030247E12":87,"1.211033595E12":130,"1.211057559E12":283,"1.211046403E12":241,"1.211034912E12":148,"1.211031593E12":103,"1.211030364E12":91,"1.211026349E12":68,"1.211031879E12":109,"1.211073759E12":309,"1.211019084E12":2,"1.211035255E12":154,"1.211025321E12":65,"1.211032737E12":122,"1.211083694E12":319,"1.211047585E12":249,"1.211066039E12":302,"1.211023355E12":48,"1.211032059E12":115,"1.21103912E12":196,"1.2110361E12":169,"1.211044889E12":229,"1.21102283E12":43,"1.211063692E12":292,"1.211069959E12":305,"1.21103958E12":201,"1.211028816E12":78,"1.211033751E12":133,"1.211213887E12":331,"1.211039984E12":204,"1.211047304E12":247,"1.211053452E12":267,"1.211038541E12":192,"1.21102236E12":38,"1.21103588E12":164,"1.211037117E12":175,"1.211036131E12":170,"1.211173952E12":327,"1.211019414E12":18,"1.211028738E12":77,"1.211031912E12":111,"1.211035801E12":162,"1.211034576E12":144,"1.211034569E12":143,"1.211065912E12":301,"1.211045886E12":235,"1.211023367E12":49,"1.211057856E12":285,"1.211212323E12":328,"1.211040032E12":205,"1.211028497E12":75,"1.211046056E12":239,"1.211019396E12":16,"1.211057432E12":281,"1.211019989E12":24,"1.211058405E12":286,"1.21106372E12":293,"1.211036586E12":174,"1.211023937E12":54,"1.211041149E12":219,"1.211023787E12":53,"1.211213805E12":330,"1.211051046E12":258,"1.211051526E12":260,"1.211038417E12":186,"1.211050317E12":254,"1.211050516E12":255,"1.211021251E12":32,"1.211024725E12":58,"1.211024031E12":55,"1.211019221E12":11,"1.211030367E12":92,"1.211041302E12":220,"1.211037637E12":178,"1.211055821E12":276,"1.211038783E12":194},"NUMBER_OF_PEOPLE":400,"minTimeSeen":1.211018404E12,"maxTimeSeen":1.211558405E12,"NEIGHBORHOOD_RADIUS":20.0,"ENCOUNTER_CHANCE":0.05,"priority":1.0,"duration":540001.0,"minutesDuration":9000.016666666666,"hoursDuration":150.00027777777777,"daysDuration":6.250011574074073}
