{"propagationData":{"1.211048572E12":226,"1.211050417E12":236,"1.211043394E12":179,"1.211039067E12":116,"1.211030796E12":12,"1.211040536E12":141,"1.211051527E12":249,"1.211038888E12":114,"1.211057213E12":273,"1.211093308E12":369,"1.211071245E12":325,"1.211072742E12":332,"1.211040649E12":144,"1.211031296E12":19,"1.211023965E12":3,"1.211032744E12":38,"1.211047752E12":213,"1.21107188E12":327,"1.211030742E12":11,"1.211037166E12":74,"1.211055195E12":267,"1.211038614E12":104,"1.211032614E12":36,"1.211072663E12":331,"1.211078093E12":344,"1.211038217E12":91,"1.211182596E12":383,"1.211040511E12":139,"1.211063159E12":297,"1.211051005E12":243,"1.21104061E12":142,"1.211034165E12":51,"1.211039479E12":126,"1.2110321E12":27,"1.211085928E12":358,"1.211042495E12":168,"1.211059725E12":282,"1.211038314E12":95,"1.211051107E12":246,"1.211038669E12":108,"1.211038858E12":112,"1.211030995E12":16,"1.211033171E12":41,"1.21105001E12":233,"1.211069878E12":318,"1.211033472E12":44,"1.211081479E12":354,"1.211059907E12":284,"1.21103842E12":99,"1.211048165E12":218,"1.211050438E12":239,"1.211075464E12":340,"1.211037403E12":77,"1.211042068E12":163,"1.211036269E12":66,"1.211071221E12":324,"1.211079902E12":348,"1.211053294E12":251,"1.211047214E12":210,"1.21104573E12":200,"1.211033661E12":46,"1.211063177E12":298,"1.21104376E12":183,"1.21106012E12":285,"1.211038032E12":88,"1.211128655E12":378,"1.211040982E12":152,"1.211072648E12":330,"1.21105513E12":265,"1.211285059E12":388,"1.211035955E12":59,"1.211061688E12":291,"1.211044895E12":196,"1.211037394E12":76,"1.211054772E12":261,"1.211032005E12":25,"1.211063052E12":295,"1.211018404E12":1,"1.211038813E12":110,"1.211048457E12":225,"1.211031949E12":23,"1.211036679E12":71,"1.211032163E12":29,"1.211066878E12":309,"1.211077106E12":341,"1.211044376E12":188,"1.21104296E12":175,"1.211042062E12":162,"1.211041001E12":153,"1.211033573E12":45,"1.211074411E12":335,"1.211069586E12":317,"1.211032221E12":31,"1.211050017E12":234,"1.211075288E12":338,"1.211055558E12":270,"1.211036514E12":67,"1.211037574E12":79,"1.211055785E12":272,"1.211030391E12":6,"1.21106288E12":294,"1.21109904E12":376,"1.211066951E12":310,"1.211040648E12":143,"1.211049482E12":230,"1.211045308E12":198,"1.211047766E12":214,"1.211040135E12":134,"1.211030265E12":4,"1.211047657E12":211,"1.211044569E12":190,"1.21107052E12":322,"1.211043404E12":180,"1.211043035E12":176,"1.211041263E12":154,"1.211038849E12":111,"1.211054921E12":263,"1.211049366E12":228,"1.211260718E12":386,"1.211038373E12":96,"1.211040126E12":133,"1.211038033E12":89,"1.211058004E12":276,"1.211055504E12":269,"1.211059522E12":280,"1.211038284E12":94,"1.211042532E12":170,"1.211065152E12":305,"1.211036055E12":60,"1.211059097E12":279,"1.211033463E12":43,"1.211038027E12":86,"1.211041304E12":155,"1.211042781E12":172,"1.211059571E12":281,"1.211039059E12":115,"1.211148864E12":380,"1.211051332E12":247,"1.211032009E12":26,"1.211032961E12":39,"1.211044239E12":186,"1.211063257E12":299,"1.211063319E12":301,"1.211037838E12":83,"1.211043771E12":184,"1.211059009E12":277,"1.211032152E12":28,"1.211043685E12":182,"1.211040815E12":149,"1.211045923E12":204,"1.211088829E12":367,"1.211054218E12":258,"1.21103665E12":70,"1.211038231E12":92,"1.211040046E12":132,"1.211037575E12":80,"1.211041314E12":157,"1.21103372E12":47,"1.211040295E12":136,"1.211035501E12":54,"1.211042689E12":171,"1.211042427E12":167,"1.21104199E12":161,"1.211050941E12":242,"1.211050431E12":237,"1.211127848E12":377,"1.211050874E12":241,"1.211053904E12":254,"1.211046276E12":206,"1.211046825E12":208,"1.211045787E12":202,"1.211061671E12":290,"1.211039397E12":123,"1.211036227E12":65,"1.211072136E12":328,"1.211055441E12":268,"1.211040271E12":135,"1.211033822E12":49,"1.211030645E12":9,"1.211041305E12":156,"1.211057283E12":274,"1.211039182E12":118,"1.211070355E12":321,"1.211037561E12":78,"1.211035837E12":56,"1.211049613E12":232,"1.211055193E12":266,"1.211038026E12":85,"1.211043289E12":178,"1.211039464E12":125,"1.211087421E12":364,"1.211038491E12":102,"1.211047971E12":216,"1.211085929E12":359,"1.211089687E12":368,"1.211038735E12":109,"1.211043602E12":181,"1.211031974E12":24,"1.211036735E12":73,"1.21105379E12":253,"1.211093668E12":371,"1.211046877E12":209,"1.21103083E12":13,"1.211033292E12":42,"1.211030603E12":7,"1.211044439E12":189,"1.211036516E12":68,"1.211070885E12":323,"1.211055043E12":264,"1.211044294E12":187,"1.211078161E12":345,"1.21103824E12":93,"1.211063129E12":296,"1.211031928E12":22,"1.211046116E12":205,"1.211036092E12":62,"1.211077344E12":342,"1.211031628E12":21,"1.211044938E12":197,"1.211038485E12":101,"1.211048623E12":227,"1.211041683E12":158,"1.211039551E12":128,"1.211032396E12":34,"1.21106723E12":313,"1.21105397E12":256,"1.211086416E12":362,"1.211040829E12":150,"1.211044046E12":185,"1.211062824E12":293,"1.211062652E12":292,"1.21105454E12":260,"1.211096363E12":374,"1.211044587E12":193,"1.211055729E12":271,"1.211057365E12":275,"1.211049549E12":231,"1.211048176E12":219,"1.211033018E12":40,"1.211047843E12":215,"1.21103621E12":64,"1.211030636E12":8,"1.211073312E12":333,"1.211039203E12":119,"1.211044576E12":191,"1.211041824E12":159,"1.211031581E12":20,"1.211038383E12":98,"1.211038634E12":105,"1.211044583E12":192,"1.211070283E12":320,"1.21104479E12":195,"1.211039283E12":122,"1.211074617E12":336,"1.211031078E12":17,"1.211050346E12":235,"1.211066962E12":311,"1.211045853E12":203,"1.211079948E12":349,"1.21108821E12":366,"1.211032237E12":32,"1.21103963E12":129,"1.211084963E12":355,"1.211039254E12":121,"1.211030966E12":15,"1.211038637E12":106,"1.211035926E12":58,"1.211065259E12":306,"1.211077759E12":343,"1.211054879E12":262,"1.211066981E12":312,"1.211085565E12":357,"1.211045688E12":199,"1.211037184E12":75,"1.211080385E12":353,"1.211033804E12":48,"1.211254152E12":385,"1.211088204E12":365,"1.211047712E12":212,"1.211080264E12":352,"1.211236894E12":384,"1.211275098E12":387,"1.211039654E12":131,"1.211059055E12":278,"1.211094292E12":372,"1.211097206E12":375,"1.211042155E12":165,"1.211039634E12":130,"1.211080129E12":351,"1.211042902E12":174,"1.21103611E12":63,"1.211067291E12":315,"1.211048381E12":220,"1.211048411E12":222,"1.2110324E12":35,"1.211073641E12":334,"1.21104066E12":145,"1.211129383E12":379,"1.211046297E12":207,"1.211051084E12":245,"1.211072402E12":329,"1.211084995E12":356,"1.211048446E12":224,"1.211036625E12":69,"1.211037835E12":82,"1.211041968E12":160,"1.211050622E12":240,"1.211086269E12":360,"1.211053313E12":252,"1.211049401E12":229,"1.21103221E12":30,"1.211035214E12":53,"1.211086281E12":361,"1.211080051E12":350,"1.211038426E12":100,"1.211061311E12":289,"1.211063299E12":300,"1.211040976E12":151,"1.211031189E12":18,"1.211034058E12":50,"1.211048402E12":221,"1.211063322E12":302,"1.211035884E12":57,"1.211054318E12":259,"1.211093623E12":370,"1.211048437E12":223,"1.211038537E12":103,"1.211039075E12":117,"1.21103785E12":84,"1.211059791E12":283,"1.211066793E12":308,"1.211039536E12":127,"1.211040428E12":138,"1.211042501E12":169,"1.211042341E12":166,"1.211051458E12":248,"1.211052061E12":250,"1.211042122E12":164,"1.211040784E12":147,"1.211037834E12":81,"1.211094407E12":373,"1.211050434E12":238,"1.211069947E12":319,"1.211032246E12":33,"1.211053963E12":255,"1.211066606E12":307,"1.21107832E12":346,"1.211040512E12":140,"1.211039399E12":124,"1.211038886E12":113,"1.211074926E12":337,"1.21103671E12":72,"1.211061246E12":288,"1.211039229E12":120,"1.211181042E12":382,"1.211035815E12":55,"1.21103089E12":14,"1.211075426E12":339,"1.211040717E12":146,"1.211067255E12":314,"1.21103419E12":52,"1.211043167E12":177,"1.21107168E12":326,"1.21104031E12":137,"1.21103609E12":61,"1.21106488E12":303,"1.211042891E12":173,"1.211060383E12":286,"1.211030276E12":5,"1.211030737E12":10,"1.211086683E12":363,"1.211038648E12":107,"1.211032728E12":37,"1.211038042E12":90,"1.211044751E12":194,"1.211051059E12":244,"1.211038376E12":97,"1.21106884E12":316,"1.211040801E12":148,"1.21102377E12":2,"1.211064975E12":304,"1.211158246E12":381,"1.211061021E12":287,"1.211054213E12":257,"1.211079694E12":347,"1.21104798E12":217},"NUMBER_OF_PEOPLE":400,