{"propagationData":{"1.211047471E12":276,"1.21103277E12":97,"1.211028601E12":20,"1.211044571E12":249,"1.211148677E12":377,"1.211062383E12":333,"1.211029167E12":27,"1.21102881E12":24,"1.211032815E12":99,"1.211030366E12":58,"1.211045836E12":262,"1.211052838E12":301,"1.211045325E12":254,"1.211043329E12":240,"1.211167341E12":380,"1.211054524E12":309,"1.211054818E12":310,"1.21103019E12":51,"1.211043299E12":239,"1.211175484E12":382,"1.211053618E12":304,"1.21109879E12":371,"1.211028817E12":25,"1.211030331E12":56,"1.211033247E12":109,"1.211034865E12":137,"1.211038415E12":188,"1.211041315E12":221,"1.21103238E12":92,"1.211046325E12":268,"1.211045143E12":252,"1.211041708E12":229,"1.211038875E12":196,"1.211032973E12":102,"1.211042806E12":233,"1.21104057E12":210,"1.211045769E12":261,"1.211061096E12":328,"1.211030438E12":61,"1.211036874E12":171,"1.211048512E12":283,"1.211035465E12":146,"1.211032128E12":90,"1.211030137E12":44,"1.21103725E12":178,"1.211030378E12":59,"1.211041397E12":223,"1.2110313E12":76,"1.211028374E12":18,"1.211033249E12":110,"1.211029697E12":33,"1.211034119E12":122,"1.211097346E12":368,"1.211089904E12":364,"1.21104166E12":227,"1.211042906E12":235,"1.211030248E12":54,"1.211040157E12":203,"1.211028678E12":22,"1.211028184E12":14,"1.21106527E12":339,"1.211039023E12":199,"1.211054485E12":308,"1.211032732E12":96,"1.211033145E12":106,"1.211042858E12":234,"1.211059071E12":319,"1.211035483E12":148,"1.211033298E12":111,"1.211086754E12":359,"1.211038699E12":195,"1.211032516E12":93,"1.211046688E12":270,"1.211048748E12":287,"1.21105023E12":296,"1.211039896E12":201,"1.211041676E12":228,"1.21103421E12":125,"1.211034843E12":136,"1.211036751E12":168,"1.211033175E12":107,"1.211061576E12":331,"1.211036169E12":155,"1.211036782E12":170,"1.211047453E12":275,"1.211056592E12":312,"1.211050211E12":295,"1.211030134E12":41,"1.211034479E12":129,"1.21104016E12":204,"1.211085253E12":357,"1.211072178E12":344,"1.211044305E12":248,"1.211028338E12":16,"1.211037461E12":179,"1.211147103E12":376,"1.211232972E12":383,"1.211040273E12":208,"1.211034084E12":120,"1.211030651E12":67,"1.211083722E12":354,"1.211036239E12":156,"1.211031545E12":80,"1.211043089E12":237,"1.21105649E12":311,"1.211060973E12":327,"1.211031155E12":74,"1.211035111E12":142,"1.211038529E12":190,"1.211045603E12":257,"1.211040792E12":213,"1.211041045E12":217,"1.211034838E12":135,"1.21102615E12":12,"1.211048516E12":284,"1.211021175E12":3,"1.211031099E12":73,"1.211048098E12":279,"1.211058206E12":318,"1.211031746E12":83,"1.211034817E12":134,"1.21105691E12":313,"1.211046294E12":266,"1.211053503E12":303,"1.21103305E12":104,"1.211044289E12":247,"1.211030204E12":53,"1.211033726E12":118,"1.211058094E12":316,"1.211034505E12":130,"1.211040957E12":216,"1.211032026E12":88,"1.211081642E12":352,"1.211035934E12":152,"1.211030165E12":48,"1.211046252E12":265,"1.211044019E12":244,"1.211021269E12":4,"1.21103109E12":72,"1.211037475E12":180,"1.211029457E12":31,"1.211033143E12":105,"1.211100196E12":373,"1.21106053E12":324,"1.211100136E12":372,"1.21103336E12":112,"1.211040874E12":214,"1.211031943E12":86,"1.211043288E12":238,"1.211028345E12":17,"1.211047512E12":277,"1.211018404E12":1,"1.211075612E12":345,"1.211036764E12":169,"1.211267935E12":387,"1.211147021E12":375,"1.211030178E12":49,"1.211041141E12":218,"1.211142347E12":374,"1.211030921E12":69,"1.211040208E12":206,"1.211036241E12":157,"1.211063072E12":337,"1.211045418E12":256,"1.211037231E12":176,"1.211031792E12":84,"1.211040213E12":207,"1.211032959E12":101,"1.211032938E12":100,"1.211038594E12":194,"1.211030648E12":66,"1.211064718E12":338,"1.21126059E12":385,"1.211038575E12":193,"1.211035477E12":147,"1.211061239E12":329,"1.211060209E12":320,"1.211028515E12":19,"1.211028165E12":13,"1.211029281E12":28,"1.211252686E12":384,"1.211079855E12":349,"1.211043832E12":242,"1.211045673E12":258,"1.2110299E12":38,"1.211026145E12":11,"1.211048747E12":286,"1.211030617E12":62,"1.211036411E12":160,"1.211034791E12":133,"1.21105447E12":307,"1.211046721E12":271,"1.211054387E12":306,"1.211037599E12":183,"1.211032798E12":98,"1.211037108E12":172,"1.211037161E12":174,"1.211038999E12":198,"1.211264876E12":386,"1.21104379E12":241,"1.211041326E12":222,"1.211032727E12":95,"1.211029432E12":30,"1.211045715E12":259,"1.211042154E12":231,"1.21104916E12":290,"1.211040725E12":211,"1.211035075E12":141,"1.211071874E12":343,"1.211165162E12":379,"1.211046739E12":272,"1.211029895E12":37,"1.211030132E12":40,"1.211039748E12":200,"1.211034925E12":138,"1.211078675E12":347,"1.211071673E12":341,"1.211029604E12":32,"1.211043846E12":243,"1.211045385E12":255,"1.211038447E12":189,"1.211030624E12":64,"1.211030152E12":45,"1.211033389E12":113,"1.211049955E12":293,"1.211034104E12":121,"1.211029077E12":26,"1.211034774E12":131,"1.211028683E12":23,"1.211171066E12":381,"1.21109835E12":370,"1.211036127E12":154,"1.211048412E12":282,"1.211033447E12":115,"1.211031682E12":82,"1.211025637E12":7,"1.211034372E12":127,"1.211062242E12":332,"1.211302802E12":389,"1.211051031E12":297,"1.21102595E12":9,"1.211034959E12":139,"1.21106052E12":323,"1.211044045E12":245,"1.21102984E12":34,"1.211030197E12":52,"1.211085027E12":356,"1.211040118E12":202,"1.21104306E12":236,"1.211037841E12":184,"1.211048409E12":281,"1.211031958E12":87,"1.211060387E12":322,"1.2110367E12":166,"1.21128864E12":388,"1.211030395E12":60,"1.211036532E12":164,"1.211036376E12":159,"1.211036734E12":167,"1.211079677E12":348,"1.211035884E12":150,"1.211086782E12":360,"1.211036551E12":165,"1.211037505E12":181,"1.211041487E12":225,"1.21103712E12":173,"1.21114918E12":378,"1.211049114E12":289,"1.211044213E12":246,"1.211035422E12":145,"1.211036028E12":153,"1.211037182E12":175,"1.211042742E12":232,"1.211024474E12":6,"1.211052819E12":300,"1.2110899E12":363,"1.211037941E12":185,"1.211038567E12":192,"1.211051101E12":298,"1.211034071E12":119,"1.211081418E12":351,"1.211041432E12":224,"1.211061488E12":330,"1.211057645E12":315,"1.211037577E12":182,"1.211075821E12":346,"1.211033022E12":103,"1.211041269E12":219,"1.211089476E12":361,"1.211062624E12":335,"1.211045176E12":253,"1.211030927E12":70,"1.211081848E12":353,"1.211038886E12":197,"1.211030136E12":42,"1.211021011E12":2,"1.211034186E12":123,"1.211025717E12":8,"1.211049227E12":291,"1.211031551E12":81,"1.211094752E12":366,"1.211041547E12":226,"1.211036462E12":162,"1.211038394E12":187,"1.21103372E12":117,"1.211040525E12":209,"1.211030306E12":55,"1.211086036E12":358,"1.211048282E12":280,"1.211031824E12":85,"1.211035262E12":143,"1.211042093E12":230,"1.211034786E12":132,"1.211036486E12":163,"1.211047334E12":274,"1.211032122E12":89,"1.211046383E12":269,"1.211089665E12":362,"1.211044933E12":250,"1.211045742E12":260,"1.211040935E12":215,"1.211031477E12":79,"1.211051981E12":299,"1.211046312E12":267,"1.211035896E12":151,"1.21104879E12":288,"1.211058098E12":317,"1.211034212E12":126,"1.211030156E12":47,"1.211034997E12":140,"1.211050157E12":294,"1.211035318E12":144,"1.21103419E12":124,"1.211047244E12":273,"1.211029848E12":35,"1.211060558E12":325,"1.211048666E12":285,"1.211079863E12":350,"1.211046E12":264,"1.211032303E12":91,"1.211026086E12":10,"1.211033711E12":116,"1.211041284E12":220,"1.211032641E12":94,"1.211028667E12":21,"1.211049927E12":292,"1.211047555E12":278,"1.211029341E12":29,"1.211037237E12":177,"1.211038534E12":191,"1.211071769E12":342,"1.211062966E12":336,"1.211031395E12":78,"1.211029993E12":39,"1.21104513E12":251,"1.211053402E12":302,"1.211034465E12":128,"1.21103064E12":65,"1.211067591E12":340,"1.211057329E12":314,"1.211040182E12":205,"1.211023906E12":5,"1.211095605E12":367,"1.211031162E12":75,"1.21103806E12":186,"1.211040773E12":212,"1.211035875E12":149,"1.211054258E12":305,"1.211030804E12":68,"1.211036282E12":158,"1.211031062E12":71,"1.211031326E12":77,"1.211045941E12":263,"1.211033179E12":108,"1.211030188E12":50,"1.21106068E12":326,"1.211033413E12":114,"1.211030347E12":57,"1.211091599E12":365,"1.211084222E12":355,"1.211098139E12":369,"1.211060352E12":321,"1.211062564E12":334},"NUMBER_OF_PEOPLE":400,"minTimeSeen":1.211018404E12,"maxTimeSeen":1.211558405E12,