{"propagationData":{"1.211067204E12":322,"1.211057448E12":281,"1.211048683E12":228,"1.211042421E12":138,"1.211044238E12":166,"1.211059833E12":294,"1.211045788E12":192,"1.211077165E12":339,"1.211045031E12":181,"1.211045721E12":191,"1.211055544E12":263,"1.21104094E12":104,"1.21103713E12":40,"1.21103736E12":45,"1.211034297E12":20,"1.21104239E12":137,"1.211050542E12":238,"1.211031293E12":5,"1.21108027E12":345,"1.21107834E12":343,"1.211047041E12":207,"1.211056187E12":271,"1.211055671E12":266,"1.21104786E12":221,"1.211044659E12":180,"1.211044303E12":172,"1.211040663E12":96,"1.211066804E12":320,"1.211048617E12":226,"1.21104026E12":89,"1.211040751E12":101,"1.211048173E12":222,"1.21104715E12":210,"1.211061717E12":303,"1.211082285E12":348,"1.211044516E12":176,"1.211042143E12":130,"1.211044196E12":164,"1.21107711E12":338,"1.211046355E12":200,"1.21103969E12":77,"1.211032747E12":9,"1.211045982E12":194,"1.21104354E12":157,"1.211035342E12":27,"1.211047459E12":215,"1.211036519E12":36,"1.211041669E12":116,"1.211041488E12":111,"1.211082128E12":347,"1.211053414E12":251,"1.211041859E12":123,"1.211050549E12":239,"1.211042883E12":146,"1.211042156E12":131,"1.211077523E12":341,"1.211105864E12":366,"1.211055669E12":265,"1.21104885E12":231,"1.211039417E12":73,"1.21104504E12":182,"1.21104862E12":227,"1.211053995E12":257,"1.211047586E12":219,"1.21105891E12":288,"1.211078978E12":344,"1.211038506E12":66,"1.211038221E12":56,"1.21104014E12":86,"1.211039611E12":75,"1.211046151E12":197,"1.211038211E12":54,"1.211046333E12":198,"1.211045647E12":190,"1.21110596E12":367,"1.211042252E12":136,"1.211041214E12":105,"1.211041373E12":109,"1.211040072E12":83,"1.211036593E12":37,"1.211084798E12":351,"1.211059417E12":293,"1.211042629E12":142,"1.211043284E12":151,"1.211067757E12":325,"1.211059006E12":289,"1.211038755E12":68,"1.211064729E12":314,"1.211035743E12":33,"1.211088405E12":355,"1.211037361E12":46,"1.211036921E12":38,"1.211042811E12":145,"1.211044437E12":173,"1.211059313E12":292,"1.211040434E12":92,"1.211018889E12":3,"1.211058053E12":284,"1.211032224E12":6,"1.21103561E12":31,"1.21104225E12":135,"1.21104202E12":124,"1.21110396E12":365,"1.211047437E12":214,"1.211053692E12":253,"1.211057316E12":279,"1.211038115E12":52,"1.211074206E12":337,"1.211060042E12":296,"1.211047427E12":213,"1.211242118E12":386,"1.21105047E12":237,"1.211056663E12":275,"1.211092149E12":360,"1.211050692E12":241,"1.211038106E12":50,"1.211085028E12":352,"1.211065756E12":317,"1.211041491E12":112,"1.211053716E12":254,"1.211047577E12":217,"1.211124194E12":371,"1.211032837E12":11,"1.211042493E12":140,"1.211044249E12":170,"1.211042203E12":134,"1.211033449E12":15,"1.211037872E12":48,"1.211060146E12":298,"1.21105837E12":285,"1.211053849E12":256,"1.211061159E12":301,"1.211041346E12":108,"1.211084094E12":349,"1.211033473E12":16,"1.211087331E12":353,"1.211042056E12":125,"1.21104424E12":167,"1.211048336E12":225,"1.211040287E12":91,"1.211055963E12":270,"1.211048197E12":223,"1.211038216E12":55,"1.211229025E12":383,"1.211035094E12":24,"1.21104458E12":177,"1.211044067E12":163,"1.211037932E12":49,"1.211046766E12":204,"1.211040506E12":95,"1.211042079E12":126,"1.211045153E12":183,"1.211045795E12":193,"1.211046927E12":205,"1.211042913E12":147,"1.211063721E12":309,"1.211084221E12":350,"1.211053037E12":247,"1.211040263E12":90,"1.21104133E12":107,"1.211060342E12":300,"1.211048271E12":224,"1.211043045E12":149,"1.211018404E12":1,"1.211040915E12":103,"1.211053409E12":250,"1.211055568E12":264,"1.211099218E12":362,"1.211112091E12":368,"1.211060144E12":297,"1.211055386E12":262,"1.211053042E12":248,"1.211042141E12":129,"1.211047582E12":218,"1.211046611E12":203,"1.211120442E12":370,"1.211041243E12":106,"1.211038185E12":53,"1.211040749E12":100,"1.211057604E12":282,"1.211154609E12":381,"1.211034163E12":19,"1.211052989E12":246,"1.211040702E12":98,"1.211092143E12":359,"1.211040695E12":97,"1.211045191E12":184,"1.211037109E12":39,"1.211041598E12":114,"1.211050194E12":235,"1.211070946E12":334,"1.211050793E12":243,"1.211038502E12":64,"1.211044219E12":165,"1.211044449E12":175,"1.211234214E12":385,"1.211058376E12":286,"1.211141776E12":380,"1.211032966E12":14,"1.211042556E12":141,"1.211233924E12":384,"1.211087386E12":354,"1.211038555E12":67,"1.211126331E12":376,"1.211045351E12":185,"1.211080957E12":346,"1.211042114E12":127,"1.211070702E12":332,"1.211041841E12":122,"1.211041659E12":115,"1.211064074E12":310,"1.2110324E12":7,"1.211041791E12":118,"1.211067831E12":326,"1.21104729E12":212,"1.211032952E12":13,"1.211046096E12":196,"1.211102632E12":364,"1.211059232E12":290,"1.211035139E12":25,"1.211035603E12":30,"1.211051084E12":245,"1.211056204E12":272,"1.211049147E12":232,"1.211062224E12":306,"1.211044445E12":174,"1.211039814E12":80,"1.211043234E12":150,"1.211055758E12":267,"1.211035931E12":34,"1.211066858E12":321,"1.211040126E12":85,"1.211064172E12":311,"1.211038472E12":62,"1.211059877E12":295,"1.211037268E12":42,"1.211049445E12":233,"1.211038241E12":57,"1.211044591E12":178,"1.211047175E12":211,"1.211089272E12":356,"1.211040079E12":84,"1.211039689E12":76,"1.211137864E12":378,"1.211042198E12":133,"1.211071335E12":336,"1.211059306E12":291,"1.211141055E12":379,"1.211034782E12":22,"1.21103051E12":4,"1.211037198E12":41,"1.211078176E12":342,"1.211040253E12":88,"1.211038493E12":63,"1.211044269E12":171,"1.211032841E12":12,"1.211066753E12":319,"1.211050452E12":236,"1.211046962E12":206,"1.211037557E12":47,"1.211043303E12":152,"1.211044034E12":161,"1.211045997E12":195,"1.211119821E12":369,"1.211046334E12":199,"1.211043428E12":155,"1.211070887E12":333,"1.211035702E12":32,"1.211038465E12":61,"1.21104873E12":229,"1.211067965E12":327,"1.211077445E12":340,"1.211035458E12":29,"1.21115775E12":382,"1.211090515E12":358,"1.211050653E12":240,"1.211061282E12":302,"1.211038777E12":69,"1.21104146E12":110,"1.21113546E12":377,"1.211039114E12":71,"1.211043522E12":156,"1.211035949E12":35,"1.211044024E12":160,"1.211070161E12":331,"1.211054476E12":259,"1.211060193E12":299,"1.21103971E12":78,"1.21101882E12":2,"1.211064719E12":313,"1.211064287E12":312,"1.211062725E12":307,"1.211037327E12":43,"1.211038249E12":58,"1.21103826E12":60,"1.211047141E12":209,"1.211042132E12":128,"1.211039427E12":74,"1.211044066E12":162,"1.211042179E12":132,"1.21104361E12":158,"1.211124497E12":372,"1.211055828E12":269,"1.21104563E12":189,"1.211067697E12":324,"1.211038257E12":59,"1.211069205E12":330,"1.211038114E12":51,"1.211125466E12":374,"1.211041718E12":117,"1.211067677E12":323,"1.211039799E12":79,"1.211068457E12":329,"1.211058003E12":283,"1.21104562E12":188,"1.211040849E12":102,"1.211125698E12":375,"1.211047135E12":208,"1.21105672E12":276,"1.211032781E12":10,"1.211053815E12":255,"1.211035086E12":23,"1.211047565E12":216,"1.211050763E12":242,"1.211053404E12":249,"1.21104247E12":139,"1.211093359E12":361,"1.211342622E12":388,"1.211065471E12":316,"1.211062131E12":305,"1.211040185E12":87,"1.211071178E12":335,"1.211053415E12":252,"1.211102523E12":363,"1.211054249E12":258,"1.211040435E12":93,"1.211046581E12":202,"1.211043759E12":159,"1.211063361E12":308,"1.211043385E12":154,"1.21103995E12":81,"1.211035367E12":28,"1.211055787E12":268,"1.211040457E12":94,"1.211032635E12":8,"1.211125168E12":373,"1.211038503E12":65,"1.21104182E12":120,"1.211041554E12":113,"1.211045442E12":186,"1.21104001E12":82,"1.211065114E12":315,"1.211056572E12":274,"1.211051068E12":244,"1.211055088E12":261,"1.211049816E12":234,"1.211035284E12":26,"1.211043317E12":153,"1.211037351E12":44,"1.211260589E12":387,"1.211047782E12":220,"1.211089826E12":357,"1.211041827E12":121,"1.211057317E12":280,"1.211033689E12":18,"1.21104268E12":144,"1.211033507E12":17,"1.211056788E12":277,"1.211044626E12":179,"1.211048772E12":230,"1.211058572E12":287,"1.211056315E12":273,"1.211056866E12":278,"1.211066689E12":318,"1.211055002E12":260,"1.211034316E12":21,"1.211068139E12":328,"1.211039207E12":72,"1.211061986E12":304,"1.211039085E12":70,"1.211045515E12":187,"1.211046539E12":201,"1.211042951E12":148},"NUMBER_OF_PEOPLE":400,"minTimeSeen":1.211018404E12,"maxTimeSeen":1.211558405E12,