{"propagationData":{"1.211063356E12":249,"1.211084124E12":323,"1.211089808E12":340,"1.211054524E12":168,"1.211075376E12":302,"1.211050556E12":132,"1.211042876E12":49,"1.21108719E12":333,"1.211040175E12":25,"1.211117564E12":351,"1.211045433E12":75,"1.211042452E12":45,"1.211048387E12":108,"1.211071777E12":285,"1.211046018E12":81,"1.211063617E12":252,"1.21105477E12":173,"1.211093857E12":343,"1.211049218E12":119,"1.211113417E12":349,"1.211071006E12":277,"1.211065118E12":259,"1.211058823E12":214,"1.211049202E12":118,"1.211071186E12":279,"1.211046355E12":87,"1.21108434E12":325,"1.211045306E12":70,"1.211039635E12":21,"1.211071101E12":278,"1.211058023E12":209,"1.211056798E12":194,"1.211060441E12":232,"1.211056122E12":189,"1.211073227E12":288,"1.211050736E12":135,"1.211047368E12":98,"1.211058008E12":207,"1.211080876E12":314,"1.211042279E12":41,"1.211076244E12":306,"1.211065236E12":260,"1.211040919E12":29,"1.211054272E12":162,"1.211082635E12":317,"1.211054415E12":165,"1.211065706E12":262,"1.211055123E12":178,"1.211080428E12":313,"1.211058836E12":215,"1.211054564E12":170,"1.21107488E12":294,"1.211038949E12":7,"1.211046491E12":89,"1.211063328E12":248,"1.211059763E12":230,"1.211055207E12":179,"1.211059512E12":225,"1.21105467E12":171,"1.211038699E12":5,"1.211042793E12":47,"1.211067303E12":264,"1.21105683E12":195,"1.211039457E12":17,"1.211053442E12":157,"1.211075323E12":301,"1.211058123E12":210,"1.211094798E12":346,"1.21104628E12":85,"1.211084004E12":322,"1.211044329E12":62,"1.211067661E12":265,"1.21105523E12":181,"1.211042331E12":43,"1.211048918E12":114,"1.211059255E12":219,"1.211038882E12":6,"1.211062889E12":246,"1.211060533E12":234,"1.211055058E12":177,"1.21106077E12":235,"1.211054943E12":175,"1.211056719E12":193,"1.21104179E12":33,"1.21104225E12":39,"1.211075119E12":296,"1.211089329E12":339,"1.211062972E12":247,"1.211047677E12":102,"1.211038961E12":8,"1.21105047E12":126,"1.211046119E12":84,"1.211056663E12":192,"1.211043223E12":52,"1.211046326E12":86,"1.211059727E12":229,"1.211050942E12":137,"1.211043624E12":55,"1.211058951E12":218,"1.211039003E12":9,"1.21104606E12":83,"1.211063506E12":250,"1.211076742E12":307,"1.211127416E12":352,"1.211057288E12":198,"1.211050443E12":125,"1.211048636E12":113,"1.211075189E12":298,"1.211074706E12":293,"1.21107177E12":284,"1.21106927E12":271,"1.211072385E12":287,"1.21105603E12":187,"1.21104073E12":28,"1.211042351E12":44,"1.211082382E12":315,"1.211057292E12":200,"1.211046558E12":91,"1.211076923E12":312,"1.211059418E12":224,"1.211043467E12":54,"1.211039552E12":18,"1.211050394E12":123,"1.211055887E12":185,"1.211052126E12":151,"1.211063848E12":253,"1.211068032E12":267,"1.211046879E12":94,"1.211055621E12":183,"1.21107147E12":281,"1.211046382E12":88,"1.211070318E12":273,"1.21105051E12":128,"1.211086802E12":330,"1.211112825E12":348,"1.211054922E12":174,"1.211051058E12":138,"1.21105345E12":159,"1.211018404E12":1,"1.211041782E12":32,"1.211050852E12":136,"1.211117362E12":350,"1.21106186E12":243,"1.211076854E12":310,"1.211058673E12":213,"1.211039568E12":20,"1.211063546E12":251,"1.211061038E12":238,"1.211083355E12":319,"1.211075121E12":297,"1.211059704E12":228,"1.211093943E12":344,"1.211087015E12":331,"1.211051587E12":147,"1.211051083E12":139,"1.211057466E12":202,"1.211046842E12":92,"1.211048974E12":115,"1.211052154E12":152,"1.211073359E12":290,"1.211045959E12":80,"1.211039181E12":11,"1.21103928E12":14,"1.211054383E12":164,"1.211069005E12":270,"1.211040448E12":26,"1.211074632E12":292,"1.211087637E12":337,"1.21108278E12":318,"1.211047767E12":104,"1.211051634E12":148,"1.211075989E12":304,"1.211039413E12":16,"1.211057373E12":201,"1.211046893E12":95,"1.211044719E12":66,"1.211510513E12":353,"1.211082396E12":316,"1.2110651E12":258,"1.211045423E12":74,"1.211046029E12":82,"1.211041698E12":31,"1.211045311E12":71,"1.211075298E12":299,"1.211047389E12":99,"1.211040487E12":27,"1.211042315E12":42,"1.211042628E12":46,"1.211071799E12":286,"1.211059389E12":221,"1.211071512E12":283,"1.211050395E12":124,"1.211053239E12":155,"1.21105608E12":188,"1.211044598E12":65,"1.211085707E12":329,"1.211045581E12":78,"1.211047896E12":106,"1.211070058E12":272,"1.211043965E12":59,"1.211043793E12":58,"1.211038583E12":4,"1.211087342E12":334,"1.211054515E12":167,"1.211054558E12":169,"1.211057825E12":204,"1.211070441E12":274,"1.211043988E12":60,"1.211052176E12":153,"1.211050537E12":129,"1.21104195E12":36,"1.21105352E12":160,"1.211070506E12":275,"1.211062397E12":245,"1.211018566E12":2,"1.211047477E12":100,"1.211053383E12":156,"1.211039195E12":12,"1.211064166E12":257,"1.211058124E12":211,"1.211050641E12":133,"1.21104652E12":90,"1.211055571E12":182,"1.211047522E12":101,"1.211071472E12":282,"1.211047194E12":97,"1.211051443E12":142,"1.211044427E12":64,"1.211089825E12":341,"1.211047744E12":103,"1.211054244E12":161,"1.211059407E12":223,"1.211048589E12":110,"1.211049129E12":117,"1.211060489E12":233,"1.211083491E12":321,"1.211076788E12":309,"1.211052791E12":154,"1.21104434E12":63,"1.211039902E12":24,"1.211051568E12":146,"1.211068779E12":268,"1.211043784E12":57,"1.211045523E12":76,"1.211039647E12":22,"1.211018773E12":3,"1.21105688E12":196,"1.21104306E12":51,"1.21106795E12":266,"1.211060165E12":231,"1.211051771E12":149,"1.211076894E12":311,"1.211039411E12":15,"1.211058007E12":206,"1.211063957E12":255,"1.211083379E12":320,"1.211054676E12":172,"1.211051329E12":140,"1.211041895E12":35,"1.211055956E12":186,"1.211087546E12":336,"1.211054461E12":166,"1.211051542E12":144,"1.211084386E12":326,"1.211041645E12":30,"1.211060934E12":237,"1.211092235E12":342,"1.211057645E12":203,"1.211044975E12":68,"1.211041846E12":34,"1.211054958E12":176,"1.211044021E12":61,"1.211039114E12":10,"1.211049383E12":120,"1.211050552E12":130,"1.211055836E12":184,"1.211094877E12":347,"1.211074926E12":295,"1.211071252E12":280,"1.211044996E12":69,"1.211057941E12":205,"1.211075985E12":303,"1.211068819E12":269,"1.211047801E12":105,"1.211055217E12":180,"1.211045807E12":79,"1.2110594E12":222,"1.211087117E12":332,"1.211047036E12":96,"1.211048282E12":107,"1.211087462E12":335,"1.211061919E12":244,"1.211048615E12":111,"1.211051331E12":141,"1.211084861E12":328,"1.211058604E12":212,"1.211045384E12":72,"1.211075306E12":300,"1.211061742E12":242,"1.211046878E12":93,"1.211054379E12":163,"1.211074154E12":291,"1.211056186E12":191,"1.211073275E12":289,"1.211042908E12":50,"1.211059383E12":220,"1.211048622E12":112,"1.211050484E12":127,"1.211057289E12":199,"1.211049648E12":122,"1.211057118E12":197,"1.211061722E12":241,"1.211058843E12":216,"1.211084303E12":324,"1.211063854E12":254,"1.21105967E12":227,"1.211094074E12":345,"1.211059652E12":226,"1.211039554E12":19,"1.211039212E12":13,"1.211058022E12":208,"1.211076062E12":305,"1.211051532E12":143,"1.21105188E12":150,"1.211056164E12":190,"1.211061166E12":239,"1.211049386E12":121,"1.211050555E12":131,"1.211043359E12":53,"1.211058949E12":217,"1.21106415E12":256,"1.211045528E12":77,"1.211045397E12":73,"1.211039848E12":23,"1.211065362E12":261,"1.211042262E12":40,"1.211042055E12":37,"1.211065822E12":263,"1.211050735E12":134,"1.211042249E12":38,"1.21107089E12":276,"1.211048982E12":116,"1.211089281E12":338,"1.211061651E12":240,"1.211053446E12":158,"1.211076743E12":308,"1.211060913E12":236,"1.211043737E12":56,"1.211051556E12":145,"1.211044915E12":67,"1.211042837E12":48,"1.211048517E12":109,"1.211084387E12":327},"NUMBER_OF_PEOPLE":400,"minTimeSeen":1.211018404E12,"maxTimeSeen":1.211558405E12,"NEIGHBORHOOD_RADIUS":20.0,"ENCOUNTER_CHANCE":0.05,"priority":1.0,"duration":540001.0,"minutesDuration":9000.016666666666,"hoursDuration":150.00027777777777,"daysDuration":6.250011574074073}
