{"propagationData":{"1.211097254E12":46,"1.211089257E12":43,"1.211088136E12":40,"1.211149398E12":54,"1.211078179E12":32,"1.211085972E12":37,"1.211056871E12":26,"1.211080791E12":34,"1.211149203E12":51,"1.211038204E12":5,"1.211076753E12":30,"1.211051067E12":15,"1.211076069E12":28,"1.211078583E12":33,"1.211056831E12":25,"1.21108545E12":36,"1.211056232E12":21,"1.211055858E12":18,"1.211076642E12":29,"1.211089251E12":42,"1.211095189E12":45,"1.211089292E12":44,"1.2110861E12":38,"1.211086188E12":39,"1.211050997E12":14,"1.211056255E12":22,"1.211056261E12":23,"1.211149202E12":50,"1.211038577E12":7,"1.211051695E12":16,"1.211055547E12":17,"1.211038531E12":6,"1.211148436E12":48,"1.211044174E12":11,"1.211150314E12":56,"1.211073481E12":27,"1.211043531E12":9,"1.211018404E12":1,"1.21103963E12":8,"1.211050696E12":13,"1.211056164E12":20,"1.211150358E12":57,"1.211149358E12":53,"1.211078111E12":31,"1.211056147E12":19,"1.211085413E12":35,"1.211044365E12":12,"1.211019447E12":2,"1.211150008E12":55,"1.2110973E12":47,"1.211022721E12":3,"1.211088144E12":41,"1.211149309E12":52,"1.211148447E12":49,"1.211043584E12":10,"1.211056776E12":24,"1.211038176E12":4},"NUMBER_OF_PEOPLE":400,"minTimeSeen":1.211018404E12,"maxTimeSeen":1.211558405E12,"NEIGHBORHOOD_RADIUS":20.0,"ENCOUNTER_CHANCE":0.05,"priority":1.0,"duration":540001.0,"minutesDuration":9000.016666666666,"hoursDuration":150.00027777777777,"daysDuration":6.250011574074073}
