{"propagationData":{"1.211076055E12":344,"1.211040529E12":238,"1.211037712E12":209,"1.211048572E12":282,"1.211080672E12":354,"1.211061703E12":326,"1.211212153E12":385,"1.211050803E12":291,"1.211044639E12":266,"1.211018709E12":9,"1.211032123E12":120,"1.211019655E12":34,"1.211018734E12":16,"1.211042071E12":247,"1.211045933E12":275,"1.211018961E12":23,"1.211030967E12":96,"1.211031214E12":104,"1.211034045E12":154,"1.211059656E12":320,"1.211040955E12":243,"1.211104294E12":370,"1.211038302E12":215,"1.211034272E12":159,"1.211075038E12":342,"1.211030372E12":76,"1.211018759E12":19,"1.211035066E12":166,"1.211084527E12":358,"1.211031106E12":101,"1.211030762E12":87,"1.211025415E12":53,"1.211186103E12":383,"1.211057766E12":314,"1.211018632E12":4,"1.21103324E12":141,"1.2110403E12":234,"1.211051014E12":295,"1.211044574E12":265,"1.211031309E12":106,"1.211037432E12":199,"1.211039635E12":231,"1.21105536E12":306,"1.21103787E12":211,"1.211154284E12":378,"1.211045889E12":271,"1.211073227E12":340,"1.211068462E12":335,"1.211038711E12":221,"1.211032764E12":134,"1.211054339E12":305,"1.211034433E12":162,"1.211039646E12":232,"1.211021736E12":42,"1.211036095E12":185,"1.211032587E12":129,"1.211045913E12":274,"1.211035164E12":169,"1.211041117E12":244,"1.211062195E12":327,"1.211020762E12":39,"1.21103382E12":153,"1.211161095E12":380,"1.211030962E12":95,"1.211033675E12":149,"1.211125393E12":373,"1.211051951E12":301,"1.211035613E12":179,"1.211042756E12":253,"1.211035956E12":184,"1.211036655E12":194,"1.211018704E12":7,"1.211057819E12":315,"1.211040304E12":235,"1.211073115E12":339,"1.211032793E12":135,"1.211050967E12":293,"1.211018676E12":6,"1.211035143E12":168,"1.211032755E12":132,"1.211055882E12":308,"1.211042313E12":248,"1.211038699E12":220,"1.211018731E12":15,"1.211039508E12":228,"1.211038259E12":213,"1.211032762E12":133,"1.211039227E12":225,"1.211023647E12":44,"1.211031409E12":107,"1.211053948E12":303,"1.211025949E12":56,"1.211018718E12":14,"1.211084798E12":359,"1.211019428E12":28,"1.211037792E12":210,"1.211031226E12":105,"1.211083652E12":357,"1.211140818E12":375,"1.211051002E12":294,"1.211018713E12":13,"1.211030974E12":97,"1.21103213E12":121,"1.211035604E12":178,"1.211049759E12":283,"1.211124019E12":371,"1.211018778E12":20,"1.211036996E12":196,"1.211042919E12":256,"1.211032023E12":115,"1.211080253E12":353,"1.211037573E12":202,"1.211030744E12":83,"1.211025813E12":54,"1.211036239E12":187,"1.211032183E12":123,"1.211322305E12":388,"1.211039246E12":226,"1.211078857E12":348,"1.21101909E12":25,"1.211019511E12":30,"1.211055762E12":307,"1.211039617E12":230,"1.211019069E12":24,"1.211019446E12":29,"1.211055921E12":310,"1.211030077E12":68,"1.211038551E12":219,"1.211036502E12":191,"1.211045903E12":272,"1.21103957E12":229,"1.211066724E12":332,"1.211195833E12":384,"1.211034144E12":155,"1.2110375E12":201,"1.211018707E12":8,"1.211032998E12":137,"1.211091825E12":364,"1.211031037E12":99,"1.211033504E12":144,"1.211035406E12":175,"1.211040309E12":236,"1.211035529E12":177,"1.211035862E12":180,"1.211045912E12":273,"1.211033717E12":151,"1.21103422E12":158,"1.21103771E12":207,"1.211030687E12":78,"1.211032033E12":116,"1.211030738E12":82,"1.211029303E12":64,"1.211032401E12":126,"1.211030934E12":94,"1.211183428E12":382,"1.211050711E12":290,"1.211033337E12":143,"1.211030128E12":70,"1.211096246E12":365,"1.211030692E12":79,"1.211043387E12":258,"1.211083104E12":356,"1.211034308E12":160,"1.211035395E12":174,"1.211050633E12":288,"1.211020561E12":37,"1.211036487E12":190,"1.211101315E12":369,"1.211043348E12":257,"1.211079929E12":351,"1.21103091E12":90,"1.211018404E12":2,"1.211030747E12":84,"1.211069111E12":336,"1.21105893E12":317,"1.211046884E12":277,"1.211030178E12":74,"1.211019306E12":27,"1.21104586E12":270,"1.211038272E12":214,"1.211080232E12":352,"1.211042451E12":251,"1.211067835E12":334,"1.211040421E12":237,"1.211037892E12":212,"1.211028576E12":60,"1.211025403E12":52,"1.211060084E12":322,"1.211034163E12":156,"1.211077041E12":345,"1.211019681E12":36,"1.211036463E12":188,"1.211051028E12":296,"1.211061575E12":325,"1.211159966E12":379,"1.211069819E12":337,"1.211031442E12":108,"1.211269528E12":386,"1.211065284E12":331,"1.211037595E12":204,"1.211030761E12":86,"1.211124248E12":372,"1.211100353E12":368,"1.211030617E12":77,"1.211035869E12":181,"1.2110966E12":366,"1.211020576E12":38,"1.211019667E12":35,"1.211031107E12":102,"1.21103371E12":150,"1.211152646E12":377,"1.211042438E12":250,"1.211025816E12":55,"1.211032515E12":128,"1.211084905E12":360,"1.211079868E12":350,"1.211043661E12":260,"1.211047604E12":279,"1.211036479E12":189,"1.211038456E12":217,"1.211070241E12":338,"1.211032078E12":118,"1.21103532E12":172,"1.211018596E12":3,"1.211034164E12":157,"1.211037346E12":198,"1.211046956E12":278,"1.211057673E12":313,"1.21117737E12":381,"1.211032161E12":122,"1.211031849E12":111,"1.211019169E12":26,"1.21106014E12":323,"1.211042575E12":252,"1.211039255E12":227,"1.211047849E12":280,"1.211036546E12":192,"1.211031093E12":100,"1.21103662E12":193,"1.211038787E12":222,"1.211035263E12":171,"1.211048564E12":281,"1.211029056E12":61,"1.211035512E12":176,"1.211045379E12":268,"1.211040917E12":241,"1.211031966E12":114,"1.21104357E12":259,"1.211024094E12":46,"1.21103461E12":164,"1.211301006E12":387,"1.211030917E12":92,"1.211035951E12":183,"1.211074848E12":341,"1.211063785E12":328,"1.211042896E12":255,"1.211031667E12":110,"1.211018712E12":11,"1.21103245E12":127,"1.211030906E12":89,"1.211032054E12":117,"1.211045939E12":276,"1.211031958E12":113,"1.21104464E12":267,"1.211035082E12":167,"1.211051863E12":300,"1.211029712E12":66,"1.211053038E12":302,"1.211033231E12":140,"1.21105788E12":316,"1.211031927E12":112,"1.21107735E12":346,"1.211024654E12":47,"1.211035884E12":182,"1.211059553E12":319,"1.211065068E12":330,"1.211034427E12":161,"1.211078525E12":347,"1.211085901E12":363,"1.211085152E12":362,"1.211056124E12":311,"1.211040699E12":239,"1.211029058E12":62,"1.211030158E12":72,"1.211031148E12":103,"1.21103353E12":147,"1.21103079E12":88,"1.211031009E12":98,"1.211050626E12":287,"1.211021357E12":41,"1.211035346E12":173,"1.211025106E12":49,"1.211050402E12":285,"1.211030927E12":93,"1.211025281E12":51,"1.211037593E12":203,"1.211019535E12":31,"1.211060143E12":324,"1.211026075E12":57,"1.211037321E12":197,"1.211043708E12":262,"1.211037623E12":206,"1.211033512E12":145,"1.21106475E12":329,"1.211018736E12":18,"1.211084946E12":361,"1.211037448E12":200,"1.211018803E12":22,"1.211019552E12":32,"1.211038923E12":223,"1.211033117E12":138,"1.211036202E12":186,"1.211018797E12":21,"1.211055895E12":309,"1.211038549E12":218,"1.211030755E12":85,"1.211033611E12":148,"1.211031534E12":109,"1.211056714E12":312,"1.21104562E12":269,"1.211018711E12":10,"1.211030698E12":80,"1.211036953E12":195,"1.211133044E12":374,"1.21102934E12":65,"1.211030089E12":69,"1.211032311E12":124,"1.211035063E12":165,"1.211043773E12":263,"1.211043663E12":261,"1.211032615E12":130,"1.211033206E12":139,"1.211049764E12":284,"1.211040847E12":240,"1.211026572E12":59,"1.21102653E12":58,"1.211023707E12":45,"1.211075043E12":343,"1.211059692E12":321,"1.211082649E12":355,"1.211043915E12":264,"1.211042364E12":249,"1.211021991E12":43,"1.211033816E12":152,"1.211050708E12":289,"1.211029762E12":67,"1.211146812E12":376,"1.211029302E12":63,"1.211030737E12":81,"1.21104284E12":254,"1.211018643E12":5,"1.211038927E12":224,"1.211042052E12":246,"1.211032675E12":131,"1.21106674E12":333,"1.211034471E12":163,"1.211059076E12":318,"1.211096791E12":367,"1.211041192E12":245,"1.211033516E12":146,"1.211051257E12":299,"1.211038376E12":216,"1.211051046E12":297,"1.211050471E12":286,"1.211021105E12":40,"1.211032314E12":125,"1.211019606E12":33,"1.211024805E12":48,"1.211054136E12":304,"1.211032811E12":136,"1.21102523E12":50,"1.211030294E12":75,"1.211078906E12":349,"1.211033324E12":142,"1.211051105E12":298,"1.211030154E12":71},"NUMBER_OF_PEOPLE":400,"minTimeSeen":1.211018404E12,"maxTimeSeen":1.211558405E12,"NEIGHBORHOOD_RADIUS":20.0,"ENCOUNTER_CHANCE":0.05,"priority":1.0,"duration":540001.0,"minutesDuration":9000.016666666666,