{"propagationData":{"1.211035044E12":95,"1.211040125E12":146,"1.211067338E12":288,"1.211067902E12":291,"1.211047404E12":227,"1.21108621E12":309,"1.211018514E12":26,"1.211403077E12":346,"1.211160038E12":326,"1.211034148E12":87,"1.211018445E12":14,"1.211146774E12":325,"1.211024074E12":55,"1.211023523E12":53,"1.211050119E12":240,"1.211040742E12":157,"1.211403132E12":347,"1.211042959E12":184,"1.211397885E12":338,"1.211034202E12":89,"1.211019652E12":39,"1.211052339E12":251,"1.211102555E12":320,"1.211041651E12":170,"1.21103238E12":80,"1.211020438E12":41,"1.211040978E12":160,"1.211035474E12":101,"1.211018461E12":23,"1.211025238E12":60,"1.211044063E12":193,"1.211394395E12":335,"1.211025879E12":65,"1.211056287E12":260,"1.211046021E12":211,"1.211058558E12":267,"1.211056153E12":259,"1.211393814E12":332,"1.211025802E12":64,"1.211043374E12":187,"1.21104316E12":186,"1.211041729E12":173,"1.211047733E12":232,"1.211093358E12":314,"1.211034503E12":92,"1.21105712E12":266,"1.211056793E12":264,"1.21104058E12":154,"1.211039375E12":128,"1.211041064E12":161,"1.211043108E12":185,"1.211074407E12":307,"1.211041754E12":174,"1.211035493E12":102,"1.211022503E12":50,"1.211040275E12":150,"1.211018512E12":25,"1.211019578E12":33,"1.211036655E12":110,"1.211051486E12":246,"1.211046216E12":215,"1.211044947E12":204,"1.211020725E12":45,"1.211042393E12":179,"1.211051431E12":245,"1.211034482E12":91,"1.211056824E12":265,"1.211047232E12":222,"1.211043859E12":188,"1.211086481E12":310,"1.21102264E12":51,"1.21104628E12":216,"1.211034843E12":93,"1.211036316E12":106,"1.211074414E12":308,"1.211047272E12":224,"1.211041194E12":166,"1.211394051E12":333,"1.21104016E12":148,"1.211041615E12":168,"1.211019587E12":34,"1.211389024E12":330,"1.21104505E12":207,"1.211042869E12":183,"1.211018459E12":21,"1.211028583E12":73,"1.211018435E12":6,"1.211059202E12":268,"1.211018406E12":4,"1.211397779E12":336,"1.211035005E12":94,"1.211069976E12":296,"1.211019427E12":32,"1.211065459E12":282,"1.2110699E12":295,"1.21104412E12":195,"1.211059514E12":274,"1.211038353E12":124,"1.211038032E12":119,"1.211032132E12":78,"1.211020735E12":47,"1.211038253E12":123,"1.211043961E12":190,"1.211065521E12":284,"1.211020626E12":43,"1.211018518E12":27,"1.211038244E12":122,"1.211041695E12":172,"1.211046366E12":220,"1.211394287E12":334,"1.211030207E12":76,"1.211046329E12":218,"1.211041133E12":162,"1.211022757E12":52,"1.211056381E12":263,"1.211070041E12":297,"1.211047663E12":231,"1.211055924E12":256,"1.211393748E12":331,"1.211054622E12":254,"1.211033338E12":84,"1.211052491E12":252,"1.21101959E12":35,"1.211402325E12":343,"1.211043892E12":189,"1.21104406E12":192,"1.211034345E12":90,"1.211025634E12":62,"1.211018404E12":2,"1.211020722E12":44,"1.211018456E12":19,"1.211040158E12":147,"1.211041643E12":169,"1.211038365E12":125,"1.2110351E12":97,"1.211037964E12":117,"1.211044141E12":196,"1.211037373E12":115,"1.211055967E12":257,"1.211039487E12":134,"1.211050098E12":239,"1.211403047E12":345,"1.211050191E12":243,"1.211070233E12":299,"1.211019657E12":40,"1.211042844E12":181,"1.211018444E12":13,"1.211064286E12":280,"1.211060086E12":277,"1.211018531E12":28,"1.211036637E12":109,"1.211039453E12":131,"1.211035069E12":96,"1.211021356E12":48,"1.211039363E12":127,"1.211066387E12":285,"1.211025014E12":58,"1.211046337E12":219,"1.211044864E12":201,"1.211047839E12":234,"1.211032759E12":81,"1.211388263E12":329,"1.211047468E12":228,"1.211046199E12":214,"1.21101926E12":29,"1.211040316E12":152,"1.211024655E12":56,"1.21102401E12":54,"1.211044219E12":197,"1.211033997E12":86,"1.211026889E12":68,"1.211045017E12":205,"1.21102733E12":70,"1.211060219E12":278,"1.211035144E12":98,"1.211027115E12":69,"1.211059401E12":272,"1.211040051E12":144,"1.211044569E12":198,"1.211039455E12":132,"1.211036914E12":112,"1.21103337E12":85,"1.211019382E12":30,"1.211030237E12":77,"1.211060021E12":275,"1.211066405E12":286,"1.211044936E12":203,"1.211035865E12":105,"1.211047851E12":236,"1.211042857E12":182,"1.211034166E12":88,"1.21104467E12":200,"1.211018446E12":18,"1.211103477E12":323,"1.21105933E12":270,"1.211025204E12":59,"1.211056294E12":261,"1.211039485E12":133,"1.21103637E12":107,"1.211042314E12":178,"1.211018458E12":20,"1.211019611E12":37,"1.211044871E12":202,"1.211039527E12":137,"1.211070417E12":303,"1.211019385E12":31,"1.21104509E12":208,"1.211047253E12":223,"1.21101846E12":22,"1.211024877E12":57,"1.211047491E12":229,"1.211041668E12":171,"1.211032776E12":82,"1.211040036E12":143,"1.21139879E12":340,"1.211388178E12":327,"1.211038493E12":126,"1.211041876E12":175,"1.211050128E12":241,"1.211019608E12":36,"1.211040936E12":158,"1.211397855E12":337,"1.211070403E12":302,"1.211056348E12":262,"1.211021487E12":49,"1.211042276E12":177,"1.211035556E12":103,"1.211025473E12":61,"1.211036969E12":114,"1.211038222E12":121,"1.211050944E12":244,"1.211035331E12":99,"1.211033195E12":83,"1.211039908E12":142,"1.211045734E12":210,"1.211087655E12":312,"1.211038181E12":120,"1.211018463E12":24,"1.211039521E12":136,"1.211027691E12":71,"1.21102055E12":42,"1.211046044E12":212,"1.211044071E12":194,"1.211045045E12":206,"1.211027776E12":72,"1.211018437E12":8,"1.211040951E12":159,"1.211026084E12":67,"1.211042519E12":180,"1.211099494E12":316,"1.21104069E12":155,"1.211146329E12":324,"1.211070293E12":300,"1.211047853E12":237,"1.211070433E12":304,"1.211046283E12":217,"1.211069422E12":294,"1.21106757E12":290,"1.211018442E12":9,"1.211036462E12":108,"1.211402343E12":344,"1.211102813E12":321,"1.211035358E12":100,"1.211019614E12":38,"1.211100047E12":319,"1.211036928E12":113,"1.211040693E12":156,"1.211041224E12":167,"1.211087614E12":311,"1.211018405E12":3,"1.211402324E12":342,"1.211402318E12":341,"1.211018443E12":11,"1.211028816E12":74,"1.211040063E12":145,"1.211047293E12":226,"1.211059493E12":273,"1.21103943E12":130,"1.211055374E12":255,"1.211046046E12":213,"1.211067341E12":289,"1.211037901E12":116,"1.211070361E12":301,"1.211065471E12":283,"1.211087661E12":313,"1.21105015E12":242,"1.211073176E12":306,"1.211059321E12":269,"1.211035806E12":104,"1.211020731E12":46,"1.211039489E12":135,"1.211052227E12":250,"1.211026073E12":66,"1.211064314E12":281,"1.211051801E12":247,"1.211053973E12":253,"1.211018436E12":7,"1.211069354E12":293,"1.211044004E12":191,"1.211047287E12":225,"1.211036761E12":111,"1.211099599E12":318,"1.211039529E12":138,"1.211032376E12":79,"1.211037987E12":118,"1.211388179E12":328,"1.211052156E12":249,"1.211041168E12":163,"1.211056135E12":258,"1.211039701E12":139,"1.211040182E12":149,"1.211059357E12":271,"1.211064249E12":279,"1.211398585E12":339,"1.211041192E12":164,"1.21109343E12":315,"1.211070144E12":298,"1.211047505E12":230,"1.211018407E12":5,"1.211042262E12":176,"1.211099541E12":317,"1.211102851E12":322,"1.211068149E12":292,"1.211025767E12":63,"1.211072838E12":305,"1.211047221E12":221,"1.211045114E12":209,"1.211039705E12":141,"1.211044647E12":199,"1.211029078E12":75,"1.211052036E12":248,"1.211040407E12":153,"1.211047785E12":233},"NUMBER_OF_PEOPLE":400,"minTimeSeen":1.211018404E12,"maxTimeSeen":1.211558405E12,"NEIGHBORHOOD_RADIUS":20.0,"ENCOUNTER_CHANCE":0.05,"priority":1.0,"duration":540001.0,"minutesDuration":9000.016666666666,"hoursDuration":150.00027777777777,"daysDuration":6.250011574074073}
