{"propagationData":{"1.211030349E12":16,"1.211046416E12":252,"1.211093499E12":358,"1.211044736E12":237,"1.211043607E12":231,"1.211040307E12":191,"1.211037347E12":149,"1.211042091E12":214,"1.211047404E12":262,"1.211044639E12":233,"1.211045141E12":245,"1.211036401E12":132,"1.211065804E12":332,"1.211040714E12":198,"1.211031063E12":32,"1.211048658E12":277,"1.211034179E12":82,"1.211043358E12":229,"1.211038286E12":167,"1.211040567E12":194,"1.211038477E12":172,"1.211053095E12":297,"1.211030827E12":29,"1.211047594E12":269,"1.211091228E12":355,"1.211045738E12":250,"1.211036126E12":128,"1.211036887E12":135,"1.211061764E12":319,"1.21115137E12":372,"1.211041593E12":209,"1.211035543E12":114,"1.211065886E12":333,"1.211053845E12":300,"1.211034292E12":86,"1.211031772E12":36,"1.211061935E12":321,"1.211051882E12":290,"1.211035478E12":113,"1.211054254E12":301,"1.211037132E12":142,"1.211035342E12":111,"1.211041483E12":207,"1.211036049E12":125,"1.211031628E12":34,"1.211034718E12":95,"1.211047425E12":263,"1.211034165E12":81,"1.211037993E12":158,"1.211032623E12":59,"1.211035099E12":105,"1.211040716E12":199,"1.211035661E12":116,"1.211047016E12":260,"1.211030421E12":19,"1.211035826E12":121,"1.211042773E12":223,"1.211034698E12":93,"1.211039641E12":185,"1.211036065E12":126,"1.211066383E12":335,"1.21104219E12":215,"1.211039E12":177,"1.211164985E12":376,"1.211037066E12":140,"1.211040418E12":192,"1.211034754E12":97,"1.211032295E12":54,"1.211034775E12":98,"1.211053442E12":298,"1.211045004E12":241,"1.211032091E12":46,"1.211029855E12":12,"1.211038675E12":176,"1.211033171E12":79,"1.211072276E12":340,"1.211042708E12":221,"1.211041556E12":208,"1.211061304E12":318,"1.211054552E12":307,"1.211052232E12":292,"1.211038046E12":161,"1.211066235E12":334,"1.211043117E12":227,"1.211024352E12":10,"1.211042576E12":220,"1.211030668E12":25,"1.211065694E12":331,"1.211035155E12":106,"1.211060329E12":315,"1.211032782E12":65,"1.211034872E12":99,"1.211140735E12":370,"1.211031911E12":38,"1.211039165E12":180,"1.211156241E12":374,"1.211030361E12":17,"1.211041119E12":203,"1.211034926E12":100,"1.211040606E12":195,"1.211046651E12":257,"1.211038566E12":175,"1.211035897E12":123,"1.2110374E12":150,"1.211134733E12":369,"1.211049763E12":283,"1.21104645E12":253,"1.211034285E12":85,"1.211033166E12":78,"1.21105538E12":308,"1.211054329E12":302,"1.211022376E12":7,"1.21126062E12":386,"1.211050096E12":285,"1.211050258E12":286,"1.211053568E12":299,"1.211048482E12":275,"1.211041153E12":204,"1.21103318E12":80,"1.211081795E12":346,"1.211046697E12":258,"1.21103771E12":155,"1.211030512E12":22,"1.211050976E12":287,"1.21104875E12":279,"1.211037701E12":154,"1.211036897E12":136,"1.211054457E12":303,"1.211032856E12":69,"1.211237952E12":384,"1.211078439E12":343,"1.211039139E12":179,"1.211064466E12":325,"1.211033109E12":76,"1.211033021E12":73,"1.211042209E12":217,"1.211065331E12":329,"1.211040506E12":193,"1.211047663E12":272,"1.211032268E12":51,"1.211054513E12":305,"1.211042849E12":225,"1.211040712E12":197,"1.211031633E12":35,"1.211038203E12":165,"1.211049118E12":280,"1.211032082E12":45,"1.21124786E12":385,"1.211034603E12":92,"1.211037345E12":148,"1.211018404E12":1,"1.21101884E12":3,"1.211038309E12":169,"1.211032743E12":64,"1.211044839E12":240,"1.211046456E12":254,"1.211032252E12":49,"1.211215841E12":379,"1.211030963E12":31,"1.211132473E12":368,"1.211038152E12":163,"1.211047564E12":268,"1.211031365E12":33,"1.21109003E12":353,"1.211038291E12":168,"1.211065355E12":330,"1.211036001E12":124,"1.211034699E12":94,"1.211037639E12":151,"1.211039398E12":183,"1.211051902E12":291,"1.211032796E12":66,"1.211043615E12":232,"1.211032156E12":48,"1.21103207E12":42,"1.211035333E12":110,"1.211037867E12":156,"1.211061247E12":317,"1.211034535E12":89,"1.211032147E12":47,"1.211044805E12":238,"1.211036923E12":137,"1.211040248E12":189,"1.211035302E12":108,"1.211050983E12":288,"1.211030711E12":26,"1.21103192E12":39,"1.211152718E12":373,"1.211060364E12":316,"1.211418149E12":389,"1.21104972E12":282,"1.211052982E12":295,"1.211032071E12":44,"1.211030816E12":28,"1.211037683E12":152,"1.211039241E12":182,"1.211032727E12":62,"1.211027433E12":11,"1.211040704E12":196,"1.211038517E12":173,"1.211037029E12":139,"1.211043576E12":230,"1.21103265E12":61,"1.211030454E12":20,"1.211041278E12":206,"1.211222863E12":382,"1.211030529E12":23,"1.211060319E12":314,"1.211045679E12":249,"1.211054518E12":306,"1.211043169E12":228,"1.211018816E12":2,"1.211030228E12":15,"1.211045663E12":248,"1.211052789E12":293,"1.21108502E12":349,"1.211032733E12":63,"1.211020194E12":4,"1.211032293E12":53,"1.211047045E12":261,"1.211041825E12":211,"1.211301735E12":387,"1.211038447E12":171,"1.211220301E12":381,"1.211045104E12":244,"1.211117816E12":364,"1.211047522E12":264,"1.211131069E12":367,"1.211036171E12":129,"1.211166804E12":377,"1.211029873E12":13,"1.211042191E12":216,"1.211023583E12":8,"1.211038264E12":166,"1.211080813E12":344,"1.211032916E12":70,"1.211034554E12":91,"1.211228816E12":383,"1.211035877E12":122,"1.21105863E12":311,"1.211023591E12":9,"1.211047667E12":273,"1.211085041E12":350,"1.211039566E12":184,"1.211071565E12":338,"1.211040301E12":190,"1.21104507E12":243,"1.211052791E12":294,"1.211044686E12":236,"1.211034545E12":90,"1.211093405E12":357,"1.21104579E12":251,"1.211048687E12":278,"1.211048515E12":276,"1.211035671E12":118,"1.211032807E12":67,"1.211037219E12":145,"1.211032813E12":68,"1.21103425E12":83,"1.211076112E12":342,"1.211030415E12":18,"1.211034944E12":102,"1.211042484E12":219,"1.211047606E12":270,"1.211035798E12":120,"1.2110576E12":309,"1.211037091E12":141,"1.211057871E12":310,"1.211034322E12":87,"1.211032538E12":58,"1.211046647E12":256,"1.211042733E12":222,"1.211047561E12":266,"1.211032464E12":57,"1.211032925E12":71,"1.211063812E12":323,"1.211044656E12":234,"1.211036657E12":134,"1.211035662E12":117,"1.211030726E12":27,"1.211071586E12":339,"1.211032256E12":50,"1.211038018E12":159,"1.211069326E12":336,"1.211062291E12":322,"1.211032624E12":60,"1.211091939E12":356,"1.211032383E12":55,"1.211049216E12":281,"1.211150866E12":371,"1.211037321E12":147,"1.211034935E12":101,"1.211117647E12":363,"1.211033043E12":75,"1.211064542E12":326,"1.211034534E12":88,"1.21107042E12":337,"1.211030897E12":30,"1.211094497E12":361,"1.211083904E12":348,"1.211039656E12":186,"1.211051408E12":289,"1.211053074E12":296,"1.211045384E12":247,"1.211093548E12":359,"1.211046465E12":255,"1.211045013E12":242,"1.211054491E12":304,"1.211038178E12":164,"1.211090365E12":354,"1.211032287E12":52,"1.211035017E12":103,"1.211046971E12":259,"1.211094779E12":362,"1.211219737E12":380,"1.211037158E12":143,"1.211035778E12":119,"1.211127369E12":365,"1.211034727E12":96,"1.211031777E12":37,"1.211035318E12":109,"1.211081817E12":347,"1.211040873E12":202,"1.211049982E12":284,"1.211085871E12":352,"1.211036093E12":127,"1.211038541E12":174,"1.211032999E12":72,"1.21108552E12":351,"1.211035202E12":107,"1.211033111E12":77,"1.21103619E12":131,"1.21104077E12":201,"1.211196325E12":378,"1.211042081E12":213,"1.211158042E12":375,"1.211021173E12":6,"1.211061926E12":320,"1.211048369E12":274,"1.211036439E12":133,"1.21103904E12":178,"1.211094173E12":360,"1.21103721E12":144,"1.211040224E12":188,"1.211044824E12":239,"1.211064889E12":327,"1.211041656E12":210,"1.211040726E12":200,"1.211037292E12":146,"1.211064261E12":324,"1.21103303E12":74,"1.211035364E12":112,"1.211059035E12":312,"1.211303121E12":388,"1.211042441E12":218,"1.211037939E12":157,"1.211041168E12":205,"1.211037012E12":138,"1.211035597E12":115,"1.211032057E12":40,"1.211035098E12":104,"1.211032068E12":41,"1.21104303E12":226,"1.211041844E12":212,"1.211032457E12":56,"1.211038405E12":170,"1.211044668E12":235,"1.211030149E12":14,"1.211047659E12":271,"1.211039893E12":187,"1.211059091E12":313,"1.211081035E12":345,"1.211064975E12":328,"1.211020252E12":5,"1.211042841E12":224,"1.211039207E12":181,"1.211129924E12":366,"1.211045324E12":246,"1.211034271E12":84,"1.211037697E12":153,"1.211030587E12":24,"1.211038077E12":162,"1.211075923E12":341,"1.211038035E12":160},"NUMBER_OF_PEOPLE":400,"minTimeSeen":1.211018404E12,