{"propagationData":{"1.211129362E12":202,"1.211117163E12":87,"1.211126169E12":175,"1.211135371E12":239,"1.211126496E12":177,"1.211126716E12":181,"1.211121097E12":124,"1.211105504E12":17,"1.211115999E12":76,"1.211146837E12":291,"1.211120173E12":113,"1.211122077E12":136,"1.211115764E12":75,"1.211112302E12":52,"1.211116545E12":79,"1.211124422E12":154,"1.21116347E12":327,"1.21116044E12":320,"1.211138048E12":251,"1.211175321E12":348,"1.211139205E12":257,"1.21110412E12":6,"1.211147667E12":293,"1.211137594E12":249,"1.211094348E12":2,"1.211165012E12":330,"1.211146368E12":287,"1.211119995E12":108,"1.21114549E12":285,"1.211172496E12":344,"1.211105991E12":22,"1.2111789E12":355,"1.21115684E12":316,"1.211127867E12":192,"1.211136486E12":245,"1.211133371E12":225,"1.211126605E12":180,"1.211104624E12":13,"1.211125508E12":165,"1.211152456E12":311,"1.211143431E12":274,"1.211118398E12":95,"1.211127943E12":193,"1.211131597E12":216,"1.211114614E12":64,"1.211106012E12":23,"1.211204335E12":363,"1.211117879E12":90,"1.211116648E12":82,"1.21112978E12":207,"1.211160642E12":321,"1.211121815E12":133,"1.211148913E12":299,"1.211122356E12":137,"1.211128316E12":198,"1.211145441E12":284,"1.21114051E12":262,"1.211138417E12":252,"1.211119836E12":103,"1.211125943E12":171,"1.211146808E12":290,"1.211133833E12":228,"1.211116691E12":84,"1.211120192E12":114,"1.211120273E12":115,"1.211147435E12":292,"1.211167037E12":332,"1.211116677E12":83,"1.211116396E12":78,"1.211152389E12":310,"1.211142649E12":271,"1.21113849E12":253,"1.211105773E12":19,"1.211134789E12":233,"1.211174675E12":347,"1.211108114E12":34,"1.211171774E12":342,"1.211106892E12":32,"1.211162504E12":326,"1.211114859E12":66,"1.211132219E12":220,"1.211161311E12":324,"1.211114905E12":68,"1.21112543E12":161,"1.211110552E12":42,"1.211178474E12":354,"1.21113115E12":213,"1.211120078E12":112,"1.211150041E12":304,"1.211141523E12":265,"1.211127965E12":194,"1.211125173E12":159,"1.211135947E12":242,"1.211110196E12":38,"1.211127011E12":186,"1.211210472E12":366,"1.21113472E12":232,"1.211119886E12":105,"1.211141992E12":266,"1.21112854E12":200,"1.211175851E12":350,"1.211119998E12":109,"1.211150495E12":306,"1.211120911E12":122,"1.211113263E12":58,"1.211105794E12":21,"1.211148134E12":296,"1.211223884E12":375,"1.211105315E12":15,"1.211148025E12":295,"1.211132334E12":221,"1.211146773E12":289,"1.21112413E12":150,"1.211157149E12":317,"1.211128123E12":197,"1.21121499E12":369,"1.211138725E12":255,"1.211214669E12":368,"1.211183045E12":356,"1.211121253E12":127,"1.21111276E12":56,"1.211120072E12":111,"1.211172027E12":343,"1.211119968E12":107,"1.21111254E12":55,"1.211127731E12":191,"1.211104457E12":11,"1.211226168E12":376,"1.211103944E12":5,"1.211144565E12":281,"1.211111746E12":45,"1.211133395E12":226,"1.211134652E12":231,"1.211186281E12":360,"1.211106039E12":25,"1.211122585E12":138,"1.21115188E12":308,"1.211143756E12":277,"1.211148671E12":298,"1.211105115E12":14,"1.21112474E12":155,"1.211126093E12":173,"1.21110687E12":31,"1.211110078E12":36,"1.21112157E12":130,"1.211222472E12":373,"1.211114436E12":63,"1.21111988E12":104,"1.211126152E12":174,"1.211175616E12":349,"1.211160057E12":319,"1.21112151E12":129,"1.211171648E12":341,"1.211140935E12":264,"1.211145037E12":283,"1.211126718E12":182,"1.211114079E12":60,"1.211125453E12":162,"1.211289357E12":385,"1.211018404E12":1,"1.211110394E12":40,"1.211120527E12":116,"1.21111438E12":62,"1.211144392E12":280,"1.211123037E12":142,"1.211131074E12":212,"1.211126335E12":176,"1.211200845E12":362,"1.211106341E12":26,"1.211125594E12":166,"1.21113002E12":209,"1.211129574E12":206,"1.211139157E12":256,"1.211107457E12":33,"1.211115392E12":70,"1.211170999E12":339,"1.211133268E12":224,"1.211120817E12":121,"1.211122709E12":140,"1.211124886E12":157,"1.211169535E12":335,"1.211170977E12":338,"1.211105332E12":16,"1.21111027E12":39,"1.21116213E12":325,"1.211138497E12":254,"1.21114617E12":286,"1.211115644E12":74,"1.211112251E12":51,"1.211139777E12":259,"1.211135112E12":235,"1.211123783E12":148,"1.211131389E12":215,"1.211148979E12":300,"1.211105789E12":20,"1.211123474E12":145,"1.211124913E12":158,"1.211125478E12":164,"1.211116625E12":80,"1.211142381E12":269,"1.211142016E12":267,"1.211128088E12":196,"1.211124185E12":151,"1.21114388E12":278,"1.211111186E12":44,"1.211260588E12":383,"1.211119681E12":102,"1.21114254E12":270,"1.21111043E12":41,"1.21112119E12":126,"1.211166533E12":331,"1.21112439E12":153,"1.21112946E12":203,"1.211127376E12":188,"1.211115154E12":69,"1.211174255E12":346,"1.211164953E12":329,"1.211120748E12":119,"1.211157472E12":318,"1.211112778E12":57,"1.21112344E12":144,"1.211117556E12":89,"1.211134167E12":229,"1.21112754E12":190,"1.211167555E12":333,"1.21112672E12":183,"1.211135398E12":240,"1.211130406E12":210,"1.211117028E12":86,"1.211134297E12":230,"1.21114299E12":272,"1.211106793E12":30,"1.211153846E12":314,"1.211125681E12":167,"1.211129203E12":201,"1.211114677E12":65,"1.211104468E12":12,"1.21112575E12":170,"1.211217366E12":372,"1.211170282E12":336,"1.211127998E12":195,"1.211115408E12":71,"1.21112193E12":134,"1.211118905E12":97,"1.21136797E12":386,"1.211125427E12":160,"1.211111864E12":47,"1.211146742E12":288,"1.211110144E12":37,"1.211114895E12":67,"1.211244478E12":381,"1.211118429E12":96,"1.211105587E12":18,"1.211131298E12":214,"1.211227898E12":377,"1.211176705E12":351,"1.211133443E12":227,"1.21114983E12":303,"1.211140279E12":260,"1.211118227E12":93,"1.211104251E12":7,"1.2111211E12":125,"1.211210409E12":365,"1.211183676E12":357,"1.211115619E12":73,"1.211223456E12":374,"1.211152235E12":309,"1.211176903E12":352,"1.211106013E12":24,"1.211119499E12":100,"1.211122594E12":139,"1.211126897E12":185,"1.211233608E12":378,"1.211130555E12":211,"1.211127466E12":189,"1.211123838E12":149,"1.211150976E12":307,"1.211143521E12":276,"1.211119895E12":106,"1.211170583E12":337,"1.2111231E12":143,"1.211120561E12":118,"1.211120003E12":110,"1.21112362E12":147,"1.211114134E12":61,"1.21111209E12":50,"1.211121431E12":128,"1.211116827E12":85,"1.211147701E12":294,"1.211132961E12":223,"1.211137932E12":250,"1.211272229E12":384,"1.211149125E12":301,"1.211125713E12":169,"1.211145025E12":282,"1.211128407E12":199,"1.211200311E12":361,"1.211123579E12":146,"1.211136547E12":246,"1.211125701E12":168,"1.211106519E12":28,"1.21111328E12":59,"1.211134956E12":234,"1.211120549E12":117,"1.211211776E12":367,"1.211116011E12":77,"1.211121807E12":132,"1.21111816E12":92,"1.211122726E12":141,"1.211173004E12":345,"1.211129956E12":208,"1.211126573E12":178,"1.211129493E12":205,"1.211119208E12":99,"1.211140371E12":261,"1.211118091E12":91,"1.211126811E12":184,"1.211116634E12":81,"1.211106419E12":27,"1.211104268E12":8,"1.211121757E12":131,"1.211178086E12":353,"1.211136331E12":243,"1.211121096E12":123,"1.211132026E12":218,"1.211143039E12":273,"1.211135277E12":237,"1.211119557E12":101,"1.211160846E12":322,"1.211135932E12":241,"1.211156127E12":315,"1.211139287E12":258,"1.211131825E12":217,"1.211153444E12":313,"1.211140906E12":263,"1.211132799E12":222,"1.211149615E12":302,"1.211234047E12":379,"1.211142252E12":268,"1.211120797E12":120,"1.211124296E12":152,"1.211122029E12":135,"1.211186112E12":359,"1.211111771E12":46,"1.211168125E12":334,"1.211106568E12":29,"1.211104362E12":9,"1.211104441E12":10,"1.211135345E12":238,"1.211216691E12":371,"1.211112382E12":54,"1.211124878E12":156,"1.211117346E12":88,"1.211115491E12":72,"1.21111826E12":94,"1.211208907E12":364,"1.211150306E12":305,"1.21111232E12":53,"1.211152641E12":312,"1.211248054E12":382,"1.211132115E12":219,"1.211103835E12":4,"1.211109183E12":35,"1.211375386E12":387,"1.211102622E12":3,"1.21114432E12":279,"1.21114347E12":275,"1.211112001E12":49,"1.211127263E12":187,"1.211171364E12":340,"1.211161162E12":323,"1.211126037E12":172,"1.211135248E12":236,"1.211110637E12":43,"1.211125459E12":163,"1.211186053E12":358,"1.211111975E12":48,"1.211148357E12":297,"1.211136766E12":247,"1.211243093E12":380,"1.211136782E12":248,"1.211136427E12":244,"1.211215459E12":370,"1.211119056E12":98},"NUMBER_OF_PEOPLE":400,"minTimeSeen":1.211018404E12,