{"propagationData":{"1.211082975E12":342,"1.211056001E12":230,"1.211044238E12":76,"1.211105348E12":365,"1.211064767E12":288,"1.211053081E12":202,"1.211042989E12":53,"1.211049192E12":158,"1.21107995E12":334,"1.211045915E12":100,"1.211047402E12":124,"1.211075864E12":323,"1.211070327E12":311,"1.211043704E12":69,"1.211050887E12":181,"1.211044882E12":87,"1.211036704E12":9,"1.211047691E12":130,"1.211062438E12":278,"1.211051097E12":185,"1.211093933E12":359,"1.211175484E12":382,"1.211039889E12":20,"1.211046636E12":111,"1.211051032E12":183,"1.211046858E12":115,"1.211060887E12":263,"1.211053411E12":207,"1.211046175E12":101,"1.211044039E12":74,"1.211076953E12":324,"1.211124149E12":370,"1.21106148E12":268,"1.211046472E12":110,"1.211044643E12":81,"1.21106749E12":300,"1.211060844E12":261,"1.211042401E12":42,"1.211044196E12":75,"1.211079844E12":333,"1.211071255E12":316,"1.211079978E12":335,"1.211068136E12":305,"1.211067363E12":298,"1.211045362E12":91,"1.211084683E12":343,"1.211060847E12":262,"1.211067951E12":304,"1.211061947E12":273,"1.211054339E12":215,"1.211048835E12":153,"1.211067596E12":301,"1.211041584E12":34,"1.211048439E12":142,"1.211097465E12":360,"1.211053083E12":203,"1.211043382E12":63,"1.211061709E12":270,"1.211045817E12":98,"1.211135554E12":376,"1.211054242E12":214,"1.211043468E12":64,"1.211053687E12":210,"1.211050099E12":173,"1.2110457E12":96,"1.211049571E12":164,"1.211063394E12":285,"1.211021298E12":3,"1.211063524E12":287,"1.211049985E12":171,"1.211051317E12":189,"1.211253003E12":385,"1.211056332E12":232,"1.211045313E12":90,"1.211050713E12":179,"1.211044503E12":78,"1.211056623E12":234,"1.211037861E12":13,"1.211049276E12":161,"1.21105094E12":182,"1.2110486E12":144,"1.211043225E12":57,"1.211044731E12":85,"1.21104637E12":103,"1.21104086E12":23,"1.211058821E12":247,"1.211047075E12":118,"1.211048667E12":148,"1.211039831E12":18,"1.211053326E12":205,"1.211052189E12":194,"1.211140354E12":380,"1.211054966E12":221,"1.211053449E12":208,"1.211077243E12":327,"1.211049975E12":168,"1.211080339E12":338,"1.211055614E12":226,"1.211064956E12":290,"1.211047843E12":133,"1.211050676E12":178,"1.211044319E12":77,"1.211062338E12":276,"1.211042511E12":43,"1.211070055E12":310,"1.211039054E12":14,"1.211041116E12":31,"1.211043223E12":56,"1.211055082E12":223,"1.211136585E12":377,"1.211059059E12":248,"1.211048815E12":151,"1.211048339E12":140,"1.211046709E12":112,"1.211048145E12":137,"1.21104739E12":123,"1.211061402E12":267,"1.211105135E12":364,"1.21106092E12":264,"1.211039796E12":17,"1.211058069E12":246,"1.211069521E12":308,"1.211059758E12":251,"1.211062653E12":279,"1.211056916E12":238,"1.211061501E12":269,"1.211066016E12":293,"1.211052806E12":197,"1.211040943E12":27,"1.211078306E12":330,"1.211035725E12":4,"1.211130253E12":372,"1.211045501E12":94,"1.21103664E12":8,"1.21106651E12":295,"1.211057678E12":243,"1.211089838E12":353,"1.211048086E12":136,"1.211042039E12":38,"1.211053037E12":201,"1.211037827E12":12,"1.211070936E12":313,"1.211051058E12":184,"1.211051109E12":186,"1.211082475E12":340,"1.211079143E12":332,"1.211073418E12":321,"1.211054563E12":216,"1.211018404E12":1,"1.21105042E12":177,"1.211043263E12":59,"1.21104326E12":58,"1.211044688E12":83,"1.211043473E12":65,"1.211039376E12":15,"1.211073168E12":320,"1.211063509E12":286,"1.211054637E12":217,"1.211072412E12":318,"1.21113033E12":373,"1.211055889E12":229,"1.211056626E12":235,"1.21104296E12":48,"1.21107524E12":322,"1.21112015E12":368,"1.211066748E12":296,"1.211062963E12":281,"1.211043754E12":70,"1.211042372E12":41,"1.211067466E12":299,"1.211117693E12":366,"1.211046385E12":104,"1.211104236E12":363,"1.211053346E12":206,"1.211037278E12":11,"1.211071316E12":317,"1.211048634E12":145,"1.211185076E12":384,"1.211049753E12":167,"1.211040908E12":24,"1.211048747E12":149,"1.211090455E12":354,"1.211061102E12":265,"1.211071095E12":314,"1.211041014E12":29,"1.211046882E12":117,"1.211069672E12":309,"1.211063306E12":283,"1.211049043E12":157,"1.211050071E12":172,"1.211042709E12":46,"1.211042967E12":50,"1.211118167E12":367,"1.211054707E12":218,"1.211046869E12":116,"1.211040858E12":22,"1.211040694E12":21,"1.211053987E12":213,"1.211046424E12":108,"1.211047682E12":129,"1.211062372E12":277,"1.211037251E12":10,"1.211048834E12":152,"1.211071199E12":315,"1.211065268E12":292,"1.211042964E12":49,"1.211047283E12":122,"1.211046743E12":113,"1.211065117E12":291,"1.211049737E12":166,"1.211131507E12":375,"1.211057107E12":239,"1.211043169E12":55,"1.211045564E12":95,"1.211256828E12":386,"1.211047153E12":120,"1.211138029E12":378,"1.21108502E12":345,"1.211088031E12":350,"1.211090711E12":356,"1.21106011E12":255,"1.211051429E12":190,"1.211045488E12":93,"1.211047522E12":126,"1.211046464E12":109,"1.211041086E12":30,"1.211057308E12":242,"1.211043474E12":66,"1.21104297E12":51,"1.211047744E12":132,"1.211084958E12":344,"1.21103643E12":7,"1.211047454E12":125,"1.211055495E12":224,"1.211056608E12":233,"1.211061342E12":266,"1.211087696E12":349,"1.211039887E12":19,"1.211048251E12":139,"1.21109087E12":358,"1.211077908E12":328,"1.211049024E12":156,"1.211048474E12":143,"1.211043784E12":71,"1.211041367E12":32,"1.211042535E12":44,"1.211052731E12":196,"1.211053031E12":200,"1.211047933E12":134,"1.211046401E12":105,"1.2111214E12":369,"1.211088491E12":351,"1.211047692E12":131,"1.211055069E12":222,"1.211048657E12":146,"1.211054843E12":220,"1.2110416E12":35,"1.211045425E12":92,"1.211045299E12":89,"1.211059717E12":249,"1.21105669E12":237,"1.211043303E12":61,"1.211050291E12":175,"1.211179894E12":383,"1.211044702E12":84,"1.211056292E12":231,"1.211046339E12":102,"1.211059791E12":252,"1.211036116E12":6,"1.21104147E12":33,"1.21104998E12":169,"1.211087247E12":348,"1.211044667E12":82,"1.211046408E12":107,"1.211080024E12":336,"1.211042139E12":39,"1.211050773E12":180,"1.21108257E12":341,"1.211077939E12":329,"1.211042146E12":40,"1.211052181E12":193,"1.211060467E12":257,"1.211049667E12":165,"1.211049247E12":160,"1.211048397E12":141,"1.211058019E12":244,"1.211048784E12":150,"1.211051305E12":188,"1.211070868E12":312,"1.211044753E12":86,"1.211053462E12":209,"1.211139416E12":379,"1.211048663E12":147,"1.211047141E12":119,"1.211063195E12":282,"1.21104331E12":62,"1.21106335E12":284,"1.211054822E12":219,"1.21104452E12":79,"1.211064883E12":289,"1.211040909E12":26,"1.211050419E12":176,"1.211089104E12":352,"1.211040958E12":28,"1.21109048E12":355,"1.211085163E12":347,"1.211082407E12":339,"1.211047649E12":128,"1.211068768E12":307,"1.211131006E12":374,"1.211057298E12":241,"1.211052197E12":195,"1.211035902E12":5,"1.211078369E12":331,"1.211042973E12":52,"1.211067762E12":303,"1.211043291E12":60,"1.211060811E12":260,"1.211052928E12":199,"1.211062882E12":280,"1.211049011E12":155,"1.211051192E12":187,"1.211165154E12":381,"1.211072836E12":319,"1.211046837E12":114,"1.211080259E12":337,"1.21106062E12":259,"1.211066762E12":297,"1.211041681E12":36,"1.211041777E12":37,"1.21104895E12":154,"1.211045861E12":99,"1.211098391E12":362,"1.21106816E12":306,"1.211062258E12":275,"1.21105727E12":240,"1.211053242E12":204,"1.211049982E12":170,"1.211077035E12":325,"1.211044563E12":80,"1.211047257E12":121,"1.211066159E12":294,"1.211050138E12":174,"1.211260641E12":387,"1.211056637E12":236,"1.211058028E12":245,"1.211044945E12":88,"1.211059803E12":253,"1.211053973E12":211,"1.211046406E12":106,"1.211055533E12":225,"1.211085138E12":346,"1.211018825E12":2,"1.21106039E12":256,"1.211047641E12":127,"1.21109816E12":361,"1.211062208E12":274,"1.211060105E12":254,"1.211043788E12":72,"1.211049536E12":163,"1.211059735E12":250,"1.211049427E12":162,"1.211043684E12":67,"1.211048177E12":138,"1.211039548E12":16,"1.21104268E12":45,"1.211127651E12":371,"1.211077237E12":326,"1.211043799E12":73,"1.211043146E12":54,"1.211061725E12":271,"1.211067651E12":302,"1.211043699E12":68,"1.21104922E12":159,"1.211061809E12":272,"1.21106057E12":258,"1.211090783E12":357,"1.211051485E12":192,"1.211052887E12":198,"1.211055619E12":227,"1.21105147E12":191,"1.211055821E12":228,"1.21104798E12":135,"1.211045809E12":97},"NUMBER_OF_PEOPLE":400,"minTimeSeen":1.211018404E12,