{"propagationData":{"1.211018771E12":38,"1.21103587E12":149,"1.211041796E12":222,"1.211042851E12":234,"1.21105356E12":302,"1.211023514E12":54,"1.211024658E12":59,"1.211037928E12":180,"1.211035873E12":150,"1.211043048E12":235,"1.211068718E12":350,"1.211043984E12":250,"1.211041225E12":217,"1.211055692E12":308,"1.211041651E12":219,"1.211062559E12":339,"1.211377318E12":360,"1.211031106E12":94,"1.211061279E12":323,"1.211018431E12":21,"1.211025763E12":66,"1.211032625E12":115,"1.211019911E12":48,"1.21104493E12":260,"1.211042242E12":228,"1.211043175E12":241,"1.211018409E12":14,"1.211045561E12":265,"1.211059175E12":316,"1.21104782E12":280,"1.211036191E12":155,"1.211055575E12":306,"1.211038764E12":193,"1.21104316E12":240,"1.211337364E12":359,"1.211043213E12":242,"1.211018819E12":39,"1.211032768E12":122,"1.211038273E12":188,"1.21103903E12":198,"1.211061709E12":332,"1.211383111E12":361,"1.211050869E12":292,"1.21103124E12":95,"1.21103859E12":191,"1.211033783E12":127,"1.211386114E12":363,"1.211253003E12":353,"1.211032149E12":107,"1.211049379E12":290,"1.211019248E12":42,"1.21104399E12":251,"1.211062995E12":340,"1.211034287E12":131,"1.21104219E12":227,"1.211034378E12":133,"1.21105094E12":295,"1.211062031E12":335,"1.211044565E12":255,"1.211062028E12":334,"1.211031562E12":98,"1.211036907E12":164,"1.211044692E12":256,"1.21104752E12":276,"1.211040524E12":207,"1.211038037E12":184,"1.211044872E12":258,"1.211037197E12":167,"1.211035397E12":145,"1.211032583E12":113,"1.211045947E12":267,"1.21102976E12":71,"1.211037225E12":169,"1.21125356E12":357,"1.211034486E12":134,"1.211036152E12":153,"1.211049756E12":291,"1.211033474E12":126,"1.211032911E12":123,"1.211050891E12":294,"1.211035663E12":146,"1.211034872E12":136,"1.211040272E12":203,"1.211058222E12":311,"1.211072129E12":351,"1.211018435E12":23,"1.211036614E12":158,"1.211030636E12":81,"1.211018406E12":7,"1.211038179E12":187,"1.211035016E12":138,"1.2110557E12":309,"1.211038631E12":192,"1.211052295E12":301,"1.211018479E12":28,"1.211019746E12":46,"1.211032572E12":112,"1.211033793E12":128,"1.211034273E12":129,"1.211067413E12":346,"1.211037629E12":177,"1.211042008E12":225,"1.211025642E12":64,"1.211043096E12":237,"1.211048513E12":287,"1.211060613E12":319,"1.211043995E12":252,"1.211037199E12":168,"1.211036762E12":161,"1.211036195E12":156,"1.211019888E12":47,"1.211035248E12":144,"1.211030605E12":80,"1.211032617E12":114,"1.211018464E12":26,"1.211032379E12":111,"1.211030225E12":75,"1.21103852E12":190,"1.211047499E12":273,"1.211042333E12":231,"1.211037617E12":176,"1.211030798E12":87,"1.211025209E12":61,"1.211061434E12":325,"1.211058927E12":314,"1.211036621E12":159,"1.211047512E12":275,"1.211043485E12":245,"1.211018404E12":5,"1.211019296E12":44,"1.21138669E12":365,"1.211035829E12":147,"1.21104209E12":226,"1.211058673E12":313,"1.211019306E12":45,"1.211054508E12":304,"1.211031068E12":93,"1.211051273E12":296,"1.211024564E12":58,"1.21103232E12":109,"1.211044914E12":259,"1.211042268E12":230,"1.211018466E12":27,"1.211042598E12":233,"1.211040381E12":205,"1.211030014E12":73,"1.211032959E12":124,"1.211061659E12":331,"1.211024337E12":57,"1.211037249E12":170,"1.211037535E12":174,"1.211045286E12":263,"1.211061047E12":321,"1.211038834E12":196,"1.21102537E12":62,"1.211035165E12":142,"1.211038281E12":189,"1.211018481E12":30,"1.21104381E12":249,"1.211040992E12":215,"1.211018727E12":34,"1.211036189E12":154,"1.211043124E12":238,"1.21101926E12":43,"1.211047707E12":278,"1.211045103E12":261,"1.211037428E12":173,"1.211066252E12":344,"1.211046662E12":270,"1.211040648E12":210,"1.211030711E12":84,"1.211046684E12":271,"1.211065344E12":341,"1.211018483E12":31,"1.211036199E12":157,"1.21103757E12":175,"1.211018592E12":32,"1.211018411E12":16,"1.211034283E12":130,"1.211047762E12":279,"1.211018408E12":12,"1.21104858E12":288,"1.211029813E12":72,"1.211032727E12":119,"1.211048246E12":284,"1.211033031E12":125,"1.211030318E12":77,"1.211025207E12":60,"1.211047484E12":272,"1.211062078E12":336,"1.211036824E12":162,"1.211386627E12":364,"1.211040425E12":206,"1.211031956E12":103,"1.211030843E12":88,"1.211037887E12":179,"1.211034502E12":135,"1.211062248E12":337,"1.211031951E12":102,"1.211038061E12":185,"1.21102569E12":65,"1.211043638E12":247,"1.211030996E12":91,"1.211252781E12":352,"1.211023476E12":53,"1.211062475E12":338,"1.211031966E12":104,"1.211253251E12":355,"1.211043283E12":243,"1.211020563E12":49,"1.211023755E12":56,"1.211036904E12":163,"1.211040116E12":201,"1.21103815E12":186,"1.211045514E12":264,"1.211040679E12":211,"1.211045618E12":266,"1.211023448E12":52,"1.211066833E12":345,"1.211067421E12":347,"1.21101846E12":25,"1.21104173E12":220,"1.211040942E12":214,"1.211040322E12":204,"1.211051725E12":299,"1.211031011E12":92,"1.211037376E12":172,"1.21103264E12":116,"1.211032721E12":118,"1.211061518E12":327,"1.211253473E12":356,"1.211043147E12":239,"1.211047936E12":282,"1.211048231E12":283,"1.211030795E12":86,"1.211065801E12":342,"1.211032025E12":105,"1.211043586E12":246,"1.2110416E12":218,"1.211050885E12":293,"1.211048402E12":286,"1.211038821E12":195,"1.21103038E12":79,"1.211018735E12":35,"1.211040549E12":208,"1.211044127E12":253,"1.211032152E12":108,"1.211049114E12":289,"1.211046217E12":269,"1.211040602E12":209,"1.211031292E12":96,"1.211035209E12":143,"1.211036929E12":165,"1.211037941E12":182,"1.211018415E12":18,"1.211021185E12":50,"1.21106592E12":343,"1.211035084E12":141,"1.211061025E12":320,"1.211030779E12":85,"1.211018432E12":22,"1.211051311E12":297,"1.2110189E12":41,"1.211061495E12":326,"1.211060258E12":317,"1.211047895E12":281,"1.211018839E12":40,"1.211060541E12":318,"1.211048317E12":285,"1.211047503E12":274,"1.211044157E12":254,"1.21103508E12":140,"1.211061632E12":330,"1.2110434E12":244,"1.211031593E12":99,"1.211018736E12":36,"1.211038789E12":194,"1.211061421E12":324,"1.211030695E12":83,"1.211040264E12":202,"1.211035033E12":139,"1.211025814E12":67,"1.21103276E12":121,"1.211032661E12":117,"1.21103797E12":183,"1.211052197E12":300,"1.211054241E12":303,"1.211043647E12":248,"1.21103035E12":78,"1.211040775E12":212,"1.21105172E12":298,"1.211068468E12":349,"1.2110389E12":197,"1.211036143E12":151,"1.211030866E12":89,"1.211041774E12":221,"1.211031728E12":100,"1.211018413E12":17,"1.211030658E12":82,"1.21103501E12":137,"1.211040873E12":213,"1.211018422E12":19,"1.211061609E12":329,"1.211031941E12":101,"1.21103764E12":178,"1.211059048E12":315,"1.21102368E12":55,"1.21103088E12":90,"1.211336237E12":358,"1.21125311E12":354,"1.211061926E12":333,"1.211018717E12":33,"1.211035863E12":148,"1.211039563E12":199,"1.211055684E12":307,"1.211042553E12":232,"1.211018436E12":24,"1.211036149E12":152,"1.21102935E12":68,"1.211037094E12":166,"1.211047706E12":277,"1.211031395E12":97,"1.211030276E12":76,"1.211018427E12":20,"1.211021332E12":51,"1.211018758E12":37,"1.211032376E12":110,"1.211041827E12":223,"1.211061185E12":322,"1.211045185E12":262,"1.211025479E12":63,"1.211037334E12":171,"1.211046118E12":268,"1.211041836E12":224,"1.211058278E12":312,"1.211036696E12":160,"1.21104101E12":216,"1.211018407E12":10,"1.211039589E12":200,"1.211058182E12":310,"1.21103793E12":181,"1.21103274E12":120,"1.211067929E12":348,"1.211384876E12":362,"1.211034313E12":132,"1.211032127E12":106,"1.211029753E12":70,"1.211061606E12":328,"1.21104309E12":236,"1.211029555E12":69},"NUMBER_OF_PEOPLE":400,"minTimeSeen":1.211018404E12,"maxTimeSeen":1.211558405E12,"NEIGHBORHOOD_RADIUS":20.0,"ENCOUNTER_CHANCE":0.05,"priority":1.0,"duration":540001.0,"minutesDuration":9000.016666666666,"hoursDuration":150.00027777777777,"daysDuration":6.250011574074073}
