{"propagationData":{"1.211044135E12":223,"1.211038835E12":190,"1.211022829E12":72,"1.211080082E12":330,"1.21102881E12":100,"1.21106238E12":300,"1.211040872E12":210,"1.211022386E12":69,"1.211041534E12":215,"1.211018565E12":22,"1.21102752E12":94,"1.211022887E12":73,"1.211030796E12":124,"1.211056834E12":281,"1.211061366E12":294,"1.211052656E12":259,"1.211030342E12":121,"1.211038154E12":181,"1.211040781E12":209,"1.21102033E12":48,"1.211020165E12":44,"1.211076334E12":323,"1.211035876E12":180,"1.211044555E12":224,"1.211074998E12":318,"1.211021143E12":55,"1.211023508E12":74,"1.211039886E12":201,"1.211032625E12":153,"1.211130699E12":340,"1.211029556E12":105,"1.211019395E12":33,"1.211035478E12":176,"1.211018556E12":20,"1.211028474E12":98,"1.211042083E12":217,"1.211085148E12":338,"1.211035802E12":177,"1.211020808E12":52,"1.211044938E12":228,"1.211042183E12":220,"1.211079887E12":329,"1.211046042E12":239,"1.211064451E12":307,"1.211062429E12":302,"1.21101855E12":19,"1.21104218E12":219,"1.211032793E12":157,"1.211329868E12":341,"1.211018412E12":10,"1.211029739E12":110,"1.211059043E12":284,"1.211038471E12":187,"1.2110555E12":274,"1.211050903E12":256,"1.211020785E12":51,"1.211071488E12":312,"1.211030907E12":126,"1.211033395E12":163,"1.211025164E12":89,"1.211032278E12":144,"1.211035264E12":175,"1.211027627E12":97,"1.211032094E12":141,"1.211061304E12":293,"1.21108512E12":337,"1.211018713E12":26,"1.211034486E12":168,"1.211032199E12":143,"1.211078429E12":326,"1.211080761E12":333,"1.211020091E12":42,"1.211032782E12":156,"1.211040733E12":208,"1.211031396E12":131,"1.211052744E12":261,"1.211056182E12":279,"1.211023865E12":76,"1.211021845E12":64,"1.211039246E12":194,"1.2110557E12":276,"1.211040405E12":206,"1.211044815E12":226,"1.21105402E12":269,"1.21106203E12":299,"1.211018493E12":14,"1.211039378E12":196,"1.211022209E12":66,"1.211018503E12":17,"1.211030063E12":112,"1.21105401E12":268,"1.211046033E12":238,"1.211027503E12":93,"1.211021273E12":56,"1.211029531E12":104,"1.211018707E12":25,"1.211053537E12":265,"1.21101956E12":36,"1.211059119E12":286,"1.211033393E12":162,"1.211035862E12":179,"1.211042099E12":218,"1.211028693E12":99,"1.21102106E12":54,"1.211062387E12":301,"1.211061501E12":295,"1.211024987E12":87,"1.21104508E12":229,"1.211032617E12":152,"1.211022578E12":70,"1.211032379E12":149,"1.211330071E12":343,"1.211030692E12":123,"1.211030225E12":120,"1.211071576E12":314,"1.21103852E12":188,"1.211048599E12":243,"1.211028834E12":101,"1.211023512E12":75,"1.211031403E12":134,"1.211031334E12":130,"1.211075406E12":322,"1.211033186E12":159,"1.211066978E12":310,"1.211064771E12":308,"1.211072599E12":317,"1.211030901E12":125,"1.211050507E12":253,"1.211054667E12":271,"1.211019739E12":41,"1.211061611E12":298,"1.211018404E12":3,"1.211031557E12":138,"1.211040904E12":212,"1.211061504E12":296,"1.21102504E12":88,"1.211048556E12":242,"1.211018958E12":30,"1.211021721E12":62,"1.211040895E12":211,"1.211022249E12":67,"1.211034793E12":171,"1.211039236E12":193,"1.211018521E12":18,"1.211047795E12":240,"1.211032176E12":142,"1.211029031E12":102,"1.211053593E12":266,"1.211039251E12":195,"1.211068733E12":311,"1.211058562E12":283,"1.211024183E12":80,"1.211021301E12":57,"1.211032283E12":145,"1.211019085E12":31,"1.211019596E12":37,"1.211027574E12":96,"1.211061554E12":297,"1.211034415E12":167,"1.211019673E12":38,"1.211021484E12":60,"1.211033445E12":166,"1.211079854E12":327,"1.21104972E12":251,"1.211018411E12":6,"1.211020251E12":45,"1.211021682E12":61,"1.211019482E12":35,"1.211035071E12":172,"1.211027554E12":95,"1.211018421E12":13,"1.211035211E12":174,"1.211042064E12":216,"1.211030101E12":115,"1.211061287E12":292,"1.211039432E12":197,"1.211024045E12":79,"1.21108063E12":332,"1.211066957E12":309,"1.211042371E12":221,"1.211030084E12":113,"1.211040138E12":203,"1.211018912E12":28,"1.211045503E12":232,"1.211063329E12":303,"1.211052789E12":262,"1.211032733E12":154,"1.211045385E12":231,"1.211084649E12":334,"1.211064425E12":306,"1.211033283E12":161,"1.211024902E12":83,"1.211039146E12":192,"1.211031537E12":137,"1.211049277E12":247,"1.21102031E12":47,"1.211050966E12":257,"1.211020254E12":46,"1.211055651E12":275,"1.211029721E12":109,"1.211039708E12":200,"1.211040079E12":202,"1.211020338E12":49,"1.211049291E12":249,"1.211034492E12":169,"1.211049752E12":252,"1.21105586E12":277,"1.211038411E12":186,"1.211030124E12":117,"1.211050849E12":255,"1.211030206E12":119,"1.211049282E12":248,"1.211064384E12":305,"1.211056109E12":278,"1.211035816E12":178,"1.211024326E12":82,"1.211048638E12":244,"1.211060647E12":290,"1.211044822E12":227,"1.211029633E12":107,"1.21103009E12":114,"1.211024038E12":78,"1.211027477E12":92,"1.211079884E12":328,"1.211038166E12":182,"1.211018564E12":21,"1.21108049E12":331,"1.211075003E12":319,"1.211056877E12":282,"1.211019459E12":34,"1.211032307E12":146,"1.211078268E12":325,"1.211329874E12":342,"1.211032872E12":158,"1.211045945E12":236,"1.211019697E12":39,"1.211129129E12":339,"1.211075139E12":320,"1.211018899E12":27,"1.211032352E12":147,"1.211054958E12":272,"1.211052978E12":263,"1.211045772E12":234,"1.211039696E12":199,"1.211049247E12":246,"1.211038874E12":191,"1.211054664E12":270,"1.211025281E12":90,"1.211044753E12":225,"1.211024236E12":81,"1.211020837E12":53,"1.211033271E12":160,"1.211027146E12":91,"1.211024947E12":86,"1.211031398E12":132,"1.211061246E12":291,"1.211055217E12":273,"1.211038394E12":185,"1.211040958E12":213,"1.211021395E12":59,"1.211045917E12":235,"1.211029567E12":106,"1.211053498E12":264,"1.211072575E12":316,"1.211018498E12":16,"1.211021773E12":63,"1.211020427E12":50,"1.211071628E12":315,"1.211045766E12":233,"1.211029645E12":108,"1.211075206E12":321,"1.211084677E12":335,"1.211052676E12":260,"1.211038549E12":189,"1.211078219E12":324,"1.211031582E12":139,"1.211032576E12":151,"1.211019706E12":40,"1.211048759E12":245,"1.211040277E12":205,"1.211030058E12":111,"1.211031401E12":133,"1.21101939E12":32,"1.211024916E12":85,"1.21102136E12":58,"1.211024909E12":84,"1.211031466E12":136,"1.211018413E12":12,"1.211059088E12":285,"1.211021906E12":65,"1.21106009E12":288,"1.211041492E12":214,"1.211047858E12":241,"1.211046E12":237,"1.211038188E12":183,"1.211033433E12":165,"1.211040442E12":207,"1.211022814E12":71,"1.211035202E12":173,"1.211056806E12":280,"1.211018495E12":15,"1.211050546E12":254,"1.211018702E12":23,"1.211032527E12":150,"1.211031088E12":127,"1.211031277E12":129,"1.211060383E12":289,"1.211042649E12":222,"1.211020097E12":43,"1.211032777E12":155,"1.21104513E12":230,"1.211031723E12":140,"1.211063711E12":304,"1.21101841E12":4,"1.211084944E12":336,"1.211032376E12":148,"1.21105155E12":258,"1.211034715E12":170,"1.211053823E12":267,"1.211040179E12":204,"1.21103012E12":116,"1.211029461E12":103,"1.211030531E12":122,"1.211039464E12":198,"1.211018921E12":29,"1.211024031E12":77,"1.211031139E12":128,"1.211033413E12":164,"1.211038384E12":184,"1.211071508E12":313,"1.211031412E12":135,"1.211059201E12":287,"1.211049334E12":250,"1.211030198E12":118},"NUMBER_OF_PEOPLE":400,"minTimeSeen":1.211018404E12,"maxTimeSeen":1.211558405E12,"NEIGHBORHOOD_RADIUS":20.0,"ENCOUNTER_CHANCE":0.05,"priority":1.0,"duration":540001.0,"minutesDuration":9000.016666666666,"hoursDuration":150.00027777777777,"daysDuration":6.250011574074073}
