{"propagationData":{"1.211084127E12":33,"1.211102818E12":88,"1.211079686E12":16,"1.21109547E12":81,"1.211085255E12":38,"1.211079554E12":15,"1.2111323E12":116,"1.211080273E12":18,"1.2110929E12":59,"1.211136412E12":122,"1.211136163E12":118,"1.21108719E12":42,"1.211093939E12":65,"1.211132259E12":115,"1.211087746E12":48,"1.211079748E12":17,"1.211146363E12":133,"1.21108399E12":31,"1.211094813E12":78,"1.211091619E12":57,"1.21112904E12":112,"1.211125235E12":106,"1.211087789E12":49,"1.211136333E12":120,"1.21109481E12":77,"1.21112501E12":103,"1.211201385E12":138,"1.211094384E12":71,"1.211145677E12":129,"1.211065348E12":8,"1.211132953E12":117,"1.211125149E12":104,"1.211093736E12":61,"1.211083933E12":30,"1.211083897E12":28,"1.211094644E12":72,"1.211078715E12":14,"1.211143805E12":128,"1.211139012E12":126,"1.211087721E12":46,"1.211094177E12":67,"1.211094777E12":74,"1.211087628E12":45,"1.211093454E12":60,"1.211138971E12":124,"1.211198288E12":135,"1.211131768E12":114,"1.211125008E12":102,"1.211081641E12":24,"1.211090805E12":55,"1.211095148E12":80,"1.211083652E12":27,"1.211094222E12":69,"1.211081237E12":22,"1.211083931E12":29,"1.21110074E12":84,"1.211125152E12":105,"1.21110071E12":83,"1.211143725E12":127,"1.211081149E12":20,"1.211081049E12":19,"1.21109427E12":70,"1.211128835E12":108,"1.211081217E12":21,"1.211146281E12":132,"1.211102263E12":85,"1.21108742E12":44,"1.211094656E12":73,"1.211136683E12":123,"1.211063707E12":7,"1.211119781E12":100,"1.211136235E12":119,"1.211084835E12":37,"1.211087137E12":41,"1.211201306E12":137,"1.211094209E12":68,"1.211145731E12":131,"1.211077791E12":13,"1.211106626E12":94,"1.211062339E12":5,"1.21106235E12":6,"1.211094142E12":66,"1.211061714E12":3,"1.211129016E12":111,"1.211084105E12":32,"1.211089141E12":52,"1.211077366E12":12,"1.211094802E12":75,"1.211095588E12":82,"1.211087742E12":47,"1.211119707E12":97,"1.211084156E12":35,"1.211062275E12":4,"1.211201215E12":136,"1.211119712E12":99,"1.211069496E12":11,"1.211090334E12":54,"1.211092615E12":58,"1.211102683E12":86,"1.211102731E12":87,"1.211105618E12":90,"1.211106632E12":95,"1.211084797E12":36,"1.211087982E12":51,"1.211128857E12":109,"1.211019308E12":2,"1.211085394E12":39,"1.211090294E12":53,"1.211095134E12":79,"1.211090968E12":56,"1.211018404E12":1,"1.211093898E12":64,"1.211124975E12":101,"1.211066041E12":9,"1.211087946E12":50,"1.211106269E12":93,"1.211068421E12":10,"1.211083263E12":25,"1.21113634E12":121,"1.211083331E12":26,"1.211119696E12":96,"1.211131749E12":113,"1.211102831E12":89,"1.211093859E12":63,"1.21108126E12":23,"1.211087191E12":43,"1.21110574E12":91,"1.211138995E12":125,"1.211146378E12":134,"1.211093801E12":62,"1.211128385E12":107,"1.211084135E12":34,"1.211094805E12":76,"1.211105746E12":92,"1.211085503E12":40},"NUMBER_OF_PEOPLE":400,"minTimeSeen":1.211018404E12,"maxTimeSeen":1.211558405E12,"NEIGHBORHOOD_RADIUS":20.0,"ENCOUNTER_CHANCE":0.05,"priority":1.0,"duration":540001.0,"minutesDuration":9000.016666666666,"hoursDuration":150.00027777777777,"daysDuration":6.250011574074073}
