{"propagationData":{"1.2110893E12":353,"1.211076523E12":312,"1.211075364E12":308,"1.211077582E12":318,"1.211053949E12":155,"1.211051457E12":117,"1.21108E12":325,"1.211055662E12":194,"1.211051047E12":110,"1.211079166E12":323,"1.211057285E12":214,"1.211069974E12":278,"1.211047642E12":50,"1.211085474E12":344,"1.211053701E12":151,"1.211043974E12":9,"1.211091096E12":358,"1.211056235E12":200,"1.211053414E12":143,"1.211081028E12":331,"1.211075642E12":309,"1.211055315E12":184,"1.211065657E12":265,"1.21107505E12":306,"1.211060023E12":234,"1.211052237E12":121,"1.211053373E12":142,"1.211056106E12":199,"1.211056444E12":203,"1.21104649E12":41,"1.211065301E12":264,"1.211062655E12":252,"1.2110555E12":190,"1.211044365E12":15,"1.211050315E12":95,"1.211062367E12":248,"1.211059102E12":226,"1.211091804E12":361,"1.211049595E12":74,"1.21107749E12":317,"1.21104432E12":14,"1.211044973E12":21,"1.211063379E12":256,"1.211050103E12":90,"1.211067366E12":272,"1.211057165E12":213,"1.211157954E12":378,"1.211084266E12":337,"1.211057288E12":215,"1.211055871E12":197,"1.211050096E12":88,"1.211053574E12":147,"1.211060046E12":235,"1.211043827E12":5,"1.211089703E12":356,"1.211044389E12":16,"1.211050677E12":104,"1.211045381E12":26,"1.211052859E12":135,"1.211052334E12":124,"1.211049228E12":69,"1.21106271E12":254,"1.211056657E12":204,"1.211056042E12":198,"1.211018404E12":1,"1.211074088E12":301,"1.211074036E12":300,"1.211078139E12":321,"1.211081241E12":332,"1.211066204E12":267,"1.211048373E12":56,"1.211047133E12":42,"1.211114085E12":371,"1.211055305E12":183,"1.211072716E12":296,"1.211053662E12":150,"1.211070002E12":279,"1.211049183E12":66,"1.211116874E12":372,"1.211338844E12":388,"1.211045403E12":27,"1.211060106E12":236,"1.211075041E12":305,"1.211052979E12":137,"1.211073966E12":299,"1.21108447E12":339,"1.211047753E12":52,"1.211056919E12":209,"1.211052844E12":134,"1.211076753E12":314,"1.211047484E12":47,"1.211066589E12":269,"1.211055462E12":187,"1.21107269E12":294,"1.211045666E12":31,"1.211054697E12":172,"1.211052789E12":133,"1.211054944E12":175,"1.211055001E12":177,"1.21105276E12":132,"1.211199998E12":385,"1.211045547E12":30,"1.211060371E12":238,"1.211045972E12":35,"1.211055251E12":181,"1.211018434E12":2,"1.211077999E12":320,"1.211054197E12":159,"1.211084884E12":342,"1.21105271E12":131,"1.211065026E12":262,"1.211050957E12":108,"1.211051473E12":118,"1.21108939E12":355,"1.21106248E12":250,"1.211064901E12":261,"1.211085027E12":343,"1.211052604E12":128,"1.211220462E12":386,"1.211064892E12":260,"1.211094219E12":367,"1.211047544E12":48,"1.211047269E12":45,"1.211070266E12":281,"1.211050812E12":107,"1.211043855E12":8,"1.211071469E12":287,"1.211045209E12":24,"1.21105002E12":85,"1.21107456E12":302,"1.211080122E12":327,"1.211051101E12":113,"1.211050384E12":97,"1.211049447E12":73,"1.211051579E12":119,"1.21108003E12":326,"1.211056694E12":205,"1.211044655E12":18,"1.211061685E12":245,"1.211062058E12":246,"1.211056327E12":201,"1.211067864E12":274,"1.211100359E12":370,"1.211057914E12":218,"1.211044782E12":20,"1.211055731E12":196,"1.211072277E12":291,"1.211057936E12":219,"1.211053954E12":156,"1.211055411E12":186,"1.211059676E12":231,"1.21104964E12":76,"1.211175517E12":384,"1.211047632E12":49,"1.211055395E12":185,"1.211049683E12":78,"1.211048524E12":59,"1.211079989E12":324,"1.211046318E12":40,"1.211049643E12":77,"1.211055477E12":188,"1.211062404E12":249,"1.211065294E12":263,"1.211050456E12":99,"1.211045787E12":33,"1.211260598E12":387,"1.211059391E12":230,"1.211067112E12":271,"1.211050245E12":94,"1.211059273E12":229,"1.211062682E12":253,"1.211054951E12":176,"1.211052586E12":126,"1.211047274E12":46,"1.211071735E12":289,"1.211045236E12":25,"1.211065974E12":266,"1.21109138E12":359,"1.211055619E12":192,"1.211046296E12":39,"1.211024831E12":4,"1.21108018E12":328,"1.211054319E12":164,"1.211080357E12":329,"1.211055201E12":179,"1.211044011E12":10,"1.211053465E12":144,"1.211051032E12":109,"1.211044255E12":13,"1.211075968E12":310,"1.211056811E12":208,"1.211046178E12":38,"1.211076726E12":313,"1.211054363E12":165,"1.211045138E12":23,"1.211051182E12":115,"1.211070857E12":283,"1.211055493E12":189,"1.211049938E12":82,"1.211064304E12":257,"1.211084638E12":340,"1.211074754E12":303,"1.211059938E12":233,"1.211047733E12":51,"1.211053604E12":149,"1.211050155E12":92,"1.211092204E12":363,"1.211098828E12":369,"1.211051793E12":120,"1.211055676E12":195,"1.211054629E12":171,"1.211067477E12":273,"1.211050804E12":106,"1.21107532E12":307,"1.211055207E12":180,"1.211054245E12":162,"1.211054462E12":168,"1.211089089E12":352,"1.211058601E12":222,"1.211097678E12":368,"1.21105314E12":139,"1.211045464E12":28,"1.211061014E12":242,"1.21112386E12":373,"1.211052596E12":127,"1.211052709E12":130,"1.211048701E12":61,"1.21105353E12":145,"1.211073484E12":297,"1.211087787E12":351,"1.211053181E12":140,"1.211175491E12":383,"1.211054286E12":163,"1.211047152E12":43,"1.21107633E12":311,"1.211045711E12":32,"1.211161271E12":379,"1.211049199E12":67,"1.211018589E12":3,"1.211167704E12":381,"1.21105239E12":125,"1.211064823E12":259,"1.211062602E12":251,"1.211045009E12":22,"1.211093275E12":366,"1.211045847E12":34,"1.211087013E12":350,"1.211165591E12":380,"1.211067945E12":275,"1.211060351E12":237,"1.211044058E12":11,"1.211072701E12":295,"1.211050383E12":96,"1.211053914E12":154,"1.211049962E12":84,"1.211044713E12":19,"1.211066572E12":268,"1.21107023E12":280,"1.211050566E12":103,"1.211044181E12":12,"1.211059177E12":227,"1.211053213E12":141,"1.211051109E12":114,"1.211051058E12":111,"1.211050507E12":100,"1.211044407E12":17,"1.211054563E12":169,"1.21105042E12":98,"1.211057953E12":220,"1.211048945E12":64,"1.211053814E12":153,"1.211072614E12":293,"1.211141266E12":376,"1.211055563E12":191,"1.211047922E12":53,"1.211077018E12":316,"1.211086286E12":347,"1.211081532E12":333,"1.211049874E12":80,"1.211049375E12":72,"1.211060831E12":240,"1.211052256E12":123,"1.211050767E12":105,"1.211072305E12":292,"1.211057589E12":217,"1.211069454E12":277,"1.211085594E12":345,"1.211086788E12":349,"1.211060761E12":239,"1.211049844E12":79,"1.211070412E12":282,"1.211050136E12":91,"1.211085885E12":346,"1.211045481E12":29,"1.211080851E12":330,"1.211056809E12":207,"1.211052962E12":136,"1.2110501E12":89,"1.21105055E12":101,"1.211046055E12":37,"1.211071138E12":285,"1.211043846E12":7,"1.211078484E12":322,"1.211093237E12":365,"1.211054819E12":174,"1.211054736E12":173,"1.211043829E12":6,"1.211077009E12":315,"1.211054565E12":170,"1.211082039E12":336,"1.211048752E12":62,"1.211089385E12":354,"1.211072008E12":290,"1.21104935E12":71,"1.211071144E12":286,"1.211091808E12":362,"1.211059259E12":228,"1.211053532E12":146,"1.211053808E12":152,"1.211081647E12":334,"1.211049237E12":70,"1.211071497E12":288,"1.211058882E12":224,"1.211062962E12":255,"1.211126897E12":374,"1.211054243E12":161,"1.211048632E12":60,"1.211048402E12":57,"1.211061191E12":243,"1.211069147E12":276,"1.211055176E12":178,"1.21117433E12":382,"1.211081734E12":335,"1.211049894E12":81,"1.211054447E12":166,"1.211057346E12":216,"1.211143321E12":377,"1.211052238E12":122,"1.211092235E12":364,"1.211090596E12":357,"1.211057143E12":212,"1.21112928E12":375,"1.211056748E12":206,"1.211050083E12":87,"1.211058831E12":223,"1.21105108E12":112,"1.211049227E12":68,"1.211077657E12":319,"1.211056927E12":210,"1.211050076E12":86,"1.21104879E12":63,"1.211058554E12":221,"1.211070954E12":284,"1.211059064E12":225,"1.211061547E12":244,"1.211059685E12":232,"1.211053978E12":157,"1.211048361E12":55,"1.211048999E12":65,"1.211060912E12":241,"1.211084797E12":341,"1.2110553E12":182,"1.211050186E12":93,"1.211066782E12":270,"1.2110735E12":298,"1.211084356E12":338,"1.211054093E12":158,"1.211051399E12":116,"1.211047168E12":44,"1.211054452E12":167,"1.21106212E12":247,"1.211050555E12":102,"1.21105299E12":138,"1.211091526E12":360,"1.211056371E12":202,"1.211046043E12":36,"1.211055657E12":193,"1.211047949E12":54,"1.211049946E12":83,"1.21105421E12":160,"1.211056974E12":211,"1.211086362E12":348,"1.211074903E12":304,"1.211048511E12":58,"1.211049628E12":75},"NUMBER_OF_PEOPLE":400,