{"propagationData":{"1.211172194E12":13,"1.211155712E12":10,"1.21108837E12":6,"1.21103182E12":3,"1.21117216E12":12,"1.211018404E12":1,"1.211087664E12":4,"1.211088272E12":5,"1.211171994E12":11,"1.211091487E12":8,"1.211019221E12":2,"1.211091428E12":7,"1.21115543E12":9},"NUMBER_OF_PEOPLE":400,"minTimeSeen":1.211018404E12,"maxTimeSeen":1.211558405E12,"NEIGHBORHOOD_RADIUS":20.0,"ENCOUNTER_CHANCE":0.05,"priority":1.0,"duration":540001.0,"minutesDuration":9000.016666666666,"hoursDuration":150.00027777777777,"daysDuration":6.250011574074073}
