{"propagationData":{"1.211064083E12":2,"1.211094937E12":301,"1.21112704E12":353,"1.211074304E12":85,"1.211079689E12":164,"1.211071615E12":45,"1.211076588E12":122,"1.211076132E12":117,"1.211089691E12":271,"1.211084517E12":218,"1.211076763E12":123,"1.211075075E12":96,"1.21107693E12":127,"1.211089452E12":269,"1.211082524E12":201,"1.211070356E12":33,"1.211075072E12":95,"1.21107472E12":93,"1.21109349E12":295,"1.21107268E12":62,"1.211082415E12":198,"1.211089121E12":267,"1.21107485E12":94,"1.211076209E12":119,"1.211077749E12":141,"1.211079501E12":162,"1.211164264E12":370,"1.211089365E12":268,"1.211073387E12":74,"1.211102906E12":326,"1.211095204E12":304,"1.21108837E12":263,"1.211075276E12":101,"1.211105129E12":330,"1.211076135E12":118,"1.211100321E12":314,"1.211078134E12":147,"1.21108044E12":176,"1.211076021E12":113,"1.211070793E12":35,"1.211085597E12":234,"1.21110117E12":321,"1.211092197E12":288,"1.211084683E12":221,"1.211085098E12":230,"1.211080854E12":183,"1.21107353E12":75,"1.211088349E12":262,"1.211087819E12":258,"1.211080015E12":169,"1.211078093E12":146,"1.211229021E12":384,"1.211092926E12":293,"1.211175479E12":380,"1.211064267E12":6,"1.211117376E12":343,"1.211066653E12":20,"1.211092725E12":292,"1.211082635E12":203,"1.211079906E12":165,"1.211080605E12":178,"1.21107514E12":98,"1.211079285E12":161,"1.211073808E12":80,"1.211070307E12":31,"1.211075709E12":109,"1.211095867E12":309,"1.211090393E12":273,"1.211082313E12":196,"1.211075249E12":100,"1.211072734E12":63,"1.211100589E12":317,"1.211077406E12":136,"1.211107264E12":337,"1.211082133E12":194,"1.211081689E12":191,"1.211074488E12":88,"1.211073646E12":77,"1.211071783E12":51,"1.211099817E12":312,"1.211085134E12":231,"1.211064553E12":8,"1.211088317E12":261,"1.211084928E12":226,"1.211096124E12":310,"1.211116497E12":342,"1.211074555E12":90,"1.211070962E12":39,"1.211116353E12":341,"1.211074522E12":89,"1.211084328E12":215,"1.211077641E12":140,"1.211086166E12":241,"1.211071907E12":54,"1.211078452E12":150,"1.211103579E12":327,"1.211078507E12":151,"1.211167653E12":372,"1.211088756E12":265,"1.211084707E12":223,"1.211081916E12":192,"1.211127511E12":354,"1.211078857E12":154,"1.211077906E12":144,"1.211095264E12":306,"1.211077277E12":133,"1.211106742E12":335,"1.211080001E12":168,"1.211084187E12":212,"1.211086601E12":250,"1.211084305E12":214,"1.211080396E12":174,"1.211093219E12":294,"1.211106366E12":333,"1.211104979E12":328,"1.211155146E12":369,"1.211080343E12":173,"1.211107039E12":336,"1.211091087E12":277,"1.211072539E12":60,"1.211089688E12":270,"1.211081409E12":189,"1.211099591E12":311,"1.211091824E12":284,"1.211092071E12":285,"1.211078736E12":153,"1.21106929E12":26,"1.211100667E12":318,"1.211082487E12":199,"1.21107899E12":156,"1.211077384E12":135,"1.211080289E12":171,"1.211087972E12":259,"1.211071554E12":42,"1.211085985E12":240,"1.211075332E12":105,"1.211074375E12":86,"1.211338727E12":388,"1.211084503E12":217,"1.211064212E12":5,"1.211073932E12":82,"1.211165064E12":371,"1.21108637E12":245,"1.211066572E12":18,"1.211080965E12":185,"1.21109546E12":307,"1.211091524E12":281,"1.211085789E12":236,"1.211086342E12":244,"1.211225492E12":383,"1.211078866E12":155,"1.211178929E12":381,"1.211082952E12":206,"1.211125652E12":351,"1.211018404E12":1,"1.211148131E12":366,"1.21114639E12":363,"1.211085558E12":233,"1.211064156E12":3,"1.211092377E12":289,"1.211086339E12":243,"1.211075594E12":106,"1.211078019E12":145,"1.211121222E12":347,"1.211127641E12":355,"1.21107992E12":166,"1.211171421E12":376,"1.211095624E12":308,"1.211072291E12":57,"1.211078316E12":149,"1.211084536E12":219,"1.211086998E12":253,"1.211077886E12":143,"1.211136471E12":360,"1.211078254E12":148,"1.211086524E12":249,"1.2110838E12":211,"1.21107719E12":131,"1.211071764E12":50,"1.211173694E12":378,"1.211151588E12":368,"1.211074585E12":91,"1.211073306E12":73,"1.211093768E12":298,"1.211076065E12":114,"1.211112667E12":339,"1.211083659E12":210,"1.211071435E12":41,"1.211080304E12":172,"1.211091308E12":279,"1.211089813E12":272,"1.211072779E12":64,"1.211068753E12":24,"1.211071585E12":44,"1.211071681E12":48,"1.211069905E12":30,"1.211084299E12":213,"1.211075666E12":107,"1.211079187E12":160,"1.211080658E12":180,"1.211074201E12":84,"1.211076014E12":111,"1.211079976E12":167,"1.211170936E12":375,"1.211092494E12":290,"1.21107726E12":132,"1.211106416E12":334,"1.211091222E12":278,"1.211073107E12":70,"1.211079013E12":157,"1.211082513E12":200,"1.211080864E12":184,"1.211083076E12":208,"1.211075699E12":108,"1.211310033E12":387,"1.21108536E12":232,"1.211074004E12":83,"1.211082603E12":202,"1.211074391E12":87,"1.211091479E12":280,"1.211075292E12":103,"1.211076397E12":121,"1.211073641E12":76,"1.21121291E12":382,"1.211073898E12":81,"1.211071874E12":52,"1.211122173E12":348,"1.211088438E12":264,"1.211081066E12":187,"1.21106634E12":15,"1.211076091E12":115,"1.211072402E12":59,"1.211092119E12":286,"1.211066363E12":16,"1.211072256E12":56,"1.211091631E12":282,"1.211080666E12":181,"1.211071557E12":43,"1.21108826E12":260,"1.21108061E12":179,"1.21106853E12":23,"1.211102598E12":325,"1.21108588E12":238,"1.211073058E12":68,"1.21112921E12":358,"1.211100368E12":315,"1.211075083E12":97,"1.211074716E12":92,"1.211075151E12":99,"1.211076098E12":116,"1.211092564E12":291,"1.211095219E12":305,"1.211071347E12":40,"1.211073794E12":79,"1.21114709E12":364,"1.211078646E12":152,"1.211090531E12":275,"1.211077007E12":128,"1.211084613E12":220,"1.211069348E12":28,"1.211128213E12":356,"1.211087501E12":257,"1.211077335E12":134,"1.211090485E12":274,"1.211091801E12":283,"1.211073768E12":78,"1.211085846E12":237,"1.211129309E12":359,"1.211087048E12":254,"1.211076016E12":112,"1.211082042E12":193,"1.211066626E12":19,"1.211101023E12":320,"1.211071675E12":47,"1.211076011E12":110,"1.211071747E12":49,"1.211077108E12":129,"1.211100944E12":319,"1.211066035E12":13,"1.211069901E12":29,"1.211118152E12":344,"1.211077831E12":142,"1.211100443E12":316,"1.211084705E12":222,"1.211168709E12":373,"1.211067161E12":21,"1.211081359E12":188,"1.21108324E12":209,"1.21108053E12":177,"1.211073061E12":69,"1.211073287E12":72,"1.211140119E12":362,"1.211064789E12":10,"1.211082833E12":205,"1.211148588E12":367,"1.211080437E12":175,"1.211076889E12":126,"1.211101656E12":322,"1.211123743E12":349,"1.211111747E12":338,"1.211077636E12":139,"1.211084428E12":216,"1.211079075E12":159,"1.211086452E12":247,"1.2110768E12":125,"1.211090823E12":276,"1.211071888E12":53,"1.21107904E12":158,"1.211072368E12":58,"1.211085971E12":239,"1.211095047E12":302,"1.211071964E12":55,"1.211065484E12":12,"1.211084819E12":224,"1.211070817E12":36,"1.211071657E12":46,"1.211077461E12":137,"1.211064562E12":9,"1.211260603E12":385,"1.211094614E12":300,"1.211085691E12":235,"1.211069304E12":27,"1.211305956E12":386,"1.211095172E12":303,"1.211128905E12":357,"1.211124122E12":350,"1.211086996E12":252,"1.21112647E12":352,"1.211077153E12":130,"1.211120154E12":345,"1.211088987E12":266,"1.211067246E12":22,"1.211085073E12":228,"1.211087166E12":255,"1.211082256E12":195,"1.211082963E12":207,"1.21110534E12":331,"1.21108642E12":246,"1.211105949E12":332,"1.211077556E12":138,"1.211102147E12":323,"1.21108506E12":227,"1.211147543E12":365,"1.211080245E12":170,"1.211084872E12":225,"1.211072801E12":65,"1.211082809E12":204,"1.21107965E12":163,"1.211065365E12":11,"1.211075281E12":102,"1.211066404E12":17,"1.211086757E12":251,"1.211070828E12":37,"1.211093637E12":297,"1.211066062E12":14,"1.211080784E12":182,"1.21107282E12":66,"1.21107624E12":120,"1.211102551E12":324,"1.211073187E12":71,"1.211105071E12":329,"1.211120432E12":346,"1.211092181E12":287,"1.211064513E12":7,"1.21107678E12":124,"1.211082414E12":197,"1.211116194E12":340,"1.211174007E12":379,"1.211087488E12":256,"1.211070494E12":34,"1.211075331E12":104,"1.211070317E12":32,"1.211081035E12":186,"1.211172692E12":377,"1.211086521E12":248,"1.211064184E12":4,"1.211069186E12":25,"1.211139357E12":361,"1.211072838E12":67,"1.21109415E12":299,"1.21107267E12":61,"1.21109356E12":296,"1.21108623E12":242,"1.211099869E12":313,"1.211070907E12":38,"1.211081635E12":190,"1.211169061E12":374},