{"propagationData":{"1.21103066E12":63,"1.211033945E12":108,"1.211037347E12":138,"1.211040848E12":188,"1.211038838E12":165,"1.211062201E12":300,"1.211064396E12":307,"1.211031392E12":77,"1.211018519E12":3,"1.211024573E12":41,"1.211035177E12":123,"1.211024862E12":43,"1.211045078E12":221,"1.211018961E12":27,"1.21104239E12":205,"1.211018864E12":20,"1.211046889E12":239,"1.211036177E12":130,"1.21102037E12":29,"1.211030431E12":61,"1.211063421E12":305,"1.211481343E12":342,"1.211054448E12":283,"1.211022098E12":37,"1.211037937E12":151,"1.211032935E12":97,"1.211031356E12":76,"1.211047594E12":249,"1.211078479E12":322,"1.211319214E12":333,"1.211032625E12":92,"1.211041438E12":191,"1.21104181E12":196,"1.21104701E12":242,"1.211036644E12":136,"1.21106573E12":311,"1.211071683E12":316,"1.21103651E12":132,"1.211049211E12":265,"1.211041483E12":192,"1.21107765E12":321,"1.211044814E12":218,"1.211040823E12":186,"1.211051062E12":278,"1.21107246E12":317,"1.211048971E12":261,"1.211039386E12":171,"1.211032951E12":98,"1.211030675E12":64,"1.211050267E12":268,"1.211044627E12":216,"1.211031055E12":72,"1.211025495E12":45,"1.211036166E12":128,"1.211040222E12":180,"1.211018866E12":21,"1.211048052E12":256,"1.211049676E12":267,"1.211037474E12":139,"1.211038761E12":162,"1.211038855E12":166,"1.211292212E12":331,"1.211030753E12":66,"1.211018646E12":8,"1.211018697E12":10,"1.211050967E12":276,"1.211044123E12":214,"1.211038817E12":164,"1.21131917E12":332,"1.211026867E12":50,"1.211040841E12":187,"1.211062158E12":299,"1.21104752E12":247,"1.211032139E12":86,"1.211033727E12":107,"1.211045613E12":231,"1.211040866E12":189,"1.211047575E12":248,"1.211041915E12":197,"1.211048109E12":257,"1.211038702E12":159,"1.211059615E12":292,"1.211018872E12":23,"1.211087597E12":327,"1.211020655E12":34,"1.211032451E12":90,"1.211044057E12":213,"1.211059811E12":294,"1.211018859E12":17,"1.211031166E12":74,"1.211076711E12":320,"1.211037573E12":142,"1.211038507E12":155,"1.211031507E12":80,"1.211037902E12":150,"1.211044042E12":211,"1.211018406E12":2,"1.211057857E12":288,"1.21102413E12":40,"1.211033146E12":102,"1.211032962E12":99,"1.211071679E12":315,"1.211032061E12":85,"1.211046664E12":237,"1.211037873E12":149,"1.211018994E12":28,"1.211040016E12":176,"1.211039144E12":170,"1.211047846E12":252,"1.211022294E12":38,"1.211035406E12":125,"1.211037662E12":143,"1.211025632E12":46,"1.21103422E12":116,"1.211032886E12":96,"1.211043782E12":209,"1.211045918E12":234,"1.211033328E12":103,"1.211018929E12":25,"1.211047489E12":246,"1.211030883E12":67,"1.211029817E12":58,"1.211064154E12":306,"1.211063419E12":304,"1.211018893E12":24,"1.21104018E12":179,"1.211050306E12":269,"1.211040633E12":184,"1.211048318E12":259,"1.211050577E12":271,"1.211038878E12":168,"1.211087361E12":324,"1.211481365E12":343,"1.211018636E12":7,"1.211045094E12":222,"1.211045244E12":224,"1.211051999E12":282,"1.211045611E12":230,"1.211018404E12":1,"1.211027165E12":52,"1.211034059E12":111,"1.211018855E12":13,"1.211033714E12":106,"1.211051657E12":279,"1.211042274E12":203,"1.211031133E12":73,"1.211087526E12":326,"1.211046292E12":235,"1.211020658E12":35,"1.211060967E12":295,"1.211040702E12":185,"1.211036159E12":127,"1.211064411E12":308,"1.211049039E12":264,"1.211036514E12":133,"1.211031282E12":75,"1.211034963E12":121,"1.211030694E12":65,"1.211020372E12":30,"1.211022022E12":36,"1.211030969E12":71,"1.211041702E12":195,"1.211479285E12":339,"1.211049407E12":266,"1.21103415E12":115,"1.211042318E12":204,"1.211072541E12":319,"1.211409465E12":334,"1.211041391E12":190,"1.211059731E12":293,"1.21104658E12":236,"1.21102581E12":48,"1.211045099E12":223,"1.21104763E12":250,"1.211038877E12":167,"1.211048975E12":262,"1.211031939E12":83,"1.211477964E12":338,"1.211058418E12":290,"1.211025207E12":44,"1.21103617E12":129,"1.211477828E12":337,"1.21103656E12":134,"1.211033577E12":105,"1.211040623E12":183,"1.211033082E12":101,"1.21101886E12":18,"1.211042182E12":201,"1.211046764E12":238,"1.211034046E12":109,"1.211056543E12":285,"1.211039031E12":169,"1.211050675E12":272,"1.211027013E12":51,"1.211038815E12":163,"1.211030386E12":60,"1.211066913E12":312,"1.211041997E12":198,"1.211047426E12":245,"1.211050421E12":270,"1.211029046E12":54,"1.211038733E12":160,"1.211036587E12":135,"1.211032668E12":93,"1.211046931E12":240,"1.211037508E12":140,"1.211018871E12":22,"1.211018525E12":4,"1.211045246E12":225,"1.211022497E12":39,"1.211035535E12":126,"1.211030952E12":70,"1.211039533E12":173,"1.211042436E12":206,"1.211039737E12":175,"1.211039462E12":172,"1.211018543E12":5,"1.211020395E12":31,"1.211034767E12":118,"1.211037832E12":146,"1.211144329E12":328,"1.211045483E12":228,"1.211038512E12":156,"1.211032721E12":94,"1.211040334E12":182,"1.211018934E12":26,"1.211031988E12":84,"1.2110302E12":59,"1.211045428E12":227,"1.211222808E12":330,"1.211037983E12":152,"1.211034931E12":119,"1.211045604E12":229,"1.211032813E12":95,"1.211032402E12":88,"1.211024832E12":42,"1.211032448E12":89,"1.211040163E12":178,"1.211042473E12":207,"1.211049021E12":263,"1.211047916E12":255,"1.211072496E12":318,"1.211037859E12":147,"1.21103048E12":62,"1.211034732E12":117,"1.211479983E12":340,"1.211029437E12":56,"1.211047315E12":244,"1.211037546E12":141,"1.211047889E12":254,"1.211018838E12":11,"1.211044832E12":219,"1.211037862E12":148,"1.21103645E12":131,"1.211042069E12":200,"1.211480066E12":341,"1.211037823E12":145,"1.21103406E12":112,"1.211050916E12":274,"1.211044614E12":215,"1.211477731E12":336,"1.211034145E12":114,"1.211018856E12":15,"1.21103769E12":144,"1.211031404E12":78,"1.21103496E12":120,"1.211030933E12":69,"1.211020654E12":33,"1.211413946E12":335,"1.211048296E12":258,"1.211020545E12":32,"1.211031419E12":79,"1.211030897E12":68,"1.211038521E12":157,"1.211045892E12":233,"1.211042038E12":199,"1.211066918E12":313,"1.211050941E12":275,"1.21104004E12":177,"1.211038165E12":153,"1.211064682E12":309,"1.211032195E12":87,"1.211041582E12":193,"1.211061854E12":298,"1.211018599E12":6,"1.211061731E12":297,"1.211047268E12":243,"1.211031582E12":81,"1.21105829E12":289,"1.211043935E12":210,"1.211032963E12":100,"1.211029063E12":55,"1.211044934E12":220,"1.211043779E12":208,"1.211062221E12":301,"1.211039707E12":174,"1.211032615E12":91,"1.21103829E12":154,"1.211062533E12":303,"1.211087093E12":323,"1.211035154E12":122,"1.211035381E12":124,"1.211222775E12":329,"1.211026202E12":49,"1.211044794E12":217,"1.211054701E12":284,"1.211041694E12":194,"1.211045322E12":226,"1.211058891E12":291,"1.211050876E12":273,"1.211045886E12":232,"1.211029449E12":57,"1.211047706E12":251,"1.211051993E12":281,"1.211056552E12":286,"1.211046994E12":241,"1.211040299E12":181,"1.21107164E12":314,"1.211047861E12":253,"1.211037334E12":137,"1.211061205E12":296,"1.21104222E12":202,"1.211051713E12":280,"1.211051046E12":277,"1.211018862E12":19,"1.211065533E12":310,"1.211031638E12":82,"1.211038544E12":158,"1.211033477E12":104,"1.211048836E12":260,"1.211028818E12":53,"1.211062469E12":302,"1.211025771E12":47,"1.211056661E12":287},"NUMBER_OF_PEOPLE":400,"minTimeSeen":1.211018404E12,"maxTimeSeen":1.211558405E12,"NEIGHBORHOOD_RADIUS":20.0,"ENCOUNTER_CHANCE":0.05,"priority":1.0,"duration":540001.0,"minutesDuration":9000.016666666666,"hoursDuration":150.00027777777777,"daysDuration":6.250011574074073}
