{"propagationData":{"1.211057448E12":116,"1.2110556E12":78,"1.211060082E12":149,"1.211078116E12":290,"1.21110113E12":346,"1.211090779E12":331,"1.211081268E12":303,"1.211055722E12":83,"1.211067377E12":237,"1.211064186E12":209,"1.211067465E12":238,"1.211068397E12":245,"1.211211574E12":384,"1.211060101E12":150,"1.21105098E12":27,"1.211092897E12":336,"1.21106327E12":197,"1.211065157E12":223,"1.211282941E12":387,"1.211059952E12":148,"1.211098636E12":341,"1.211054149E12":65,"1.211063335E12":199,"1.211099664E12":342,"1.211050949E12":26,"1.211077557E12":288,"1.21106229E12":188,"1.211053088E12":55,"1.21106066E12":162,"1.211057161E12":107,"1.211116713E12":354,"1.211061017E12":169,"1.211057752E12":125,"1.211074629E12":282,"1.211063524E12":203,"1.211129985E12":364,"1.211063212E12":196,"1.211051079E12":34,"1.211098365E12":340,"1.211077145E12":287,"1.211062786E12":192,"1.211063521E12":202,"1.211070552E12":254,"1.211079259E12":294,"1.211063425E12":201,"1.211070776E12":257,"1.211081641E12":306,"1.211056982E12":104,"1.211062367E12":189,"1.211053842E12":62,"1.211081479E12":304,"1.21109037E12":329,"1.21105874E12":137,"1.211057294E12":111,"1.211056571E12":94,"1.211052792E12":51,"1.211138473E12":370,"1.211085072E12":319,"1.211064111E12":208,"1.211124593E12":362,"1.211057591E12":121,"1.211051772E12":44,"1.211100645E12":343,"1.211061439E12":176,"1.211071998E12":269,"1.211084957E12":317,"1.211057429E12":115,"1.211050528E12":22,"1.211054839E12":70,"1.211060336E12":155,"1.211058708E12":136,"1.211091556E12":332,"1.211082274E12":308,"1.211084582E12":316,"1.211053689E12":61,"1.211069685E12":251,"1.211084263E12":314,"1.211056952E12":103,"1.211069467E12":250,"1.211061035E12":170,"1.211071591E12":264,"1.211131537E12":365,"1.211121816E12":361,"1.211059121E12":142,"1.211060171E12":151,"1.211057318E12":112,"1.211086409E12":321,"1.211059131E12":143,"1.211018404E12":1,"1.211080678E12":300,"1.211080641E12":299,"1.211138267E12":368,"1.211062604E12":190,"1.211065449E12":226,"1.211062983E12":195,"1.211049304E12":6,"1.211056777E12":99,"1.211064392E12":211,"1.211057649E12":122,"1.211056421E12":93,"1.211052154E12":47,"1.211079837E12":295,"1.211120721E12":358,"1.211074868E12":283,"1.211078597E12":292,"1.211061383E12":175,"1.211147827E12":374,"1.211064658E12":218,"1.2110503E12":14,"1.211075328E12":285,"1.211061554E12":177,"1.211050194E12":13,"1.211060635E12":161,"1.211067792E12":240,"1.211062037E12":187,"1.211061164E12":172,"1.211053876E12":63,"1.211057676E12":123,"1.211051018E12":31,"1.211055966E12":88,"1.211053348E12":56,"1.211057478E12":117,"1.211056907E12":101,"1.211071557E12":263,"1.211054407E12":66,"1.211067164E12":235,"1.211063352E12":200,"1.211062016E12":186,"1.211051061E12":33,"1.211065369E12":225,"1.211058173E12":128,"1.211067316E12":236,"1.211080602E12":298,"1.211071203E12":259,"1.211436524E12":388,"1.211061704E12":181,"1.211121146E12":360,"1.211064541E12":215,"1.211060406E12":157,"1.211056132E12":90,"1.211084516E12":315,"1.211058755E12":138,"1.211051593E12":43,"1.21108507E12":318,"1.211026209E12":3,"1.211060541E12":159,"1.211176871E12":381,"1.211059422E12":146,"1.211049754E12":8,"1.211063757E12":206,"1.21108937E12":327,"1.211056726E12":98,"1.211068445E12":246,"1.211058081E12":127,"1.211072135E12":270,"1.211100823E12":345,"1.211080228E12":297,"1.211051479E12":38,"1.21112991E12":363,"1.211064525E12":214,"1.211064347E12":210,"1.211057869E12":126,"1.211076459E12":286,"1.211086787E12":322,"1.211074452E12":281,"1.211065019E12":221,"1.211066393E12":232,"1.211100805E12":344,"1.211057289E12":110,"1.211049861E12":10,"1.211058568E12":133,"1.211061202E12":173,"1.211051488E12":39,"1.211049262E12":4,"1.211092871E12":335,"1.211050092E12":12,"1.21106644E12":233,"1.211055642E12":80,"1.211070831E12":258,"1.211066086E12":230,"1.211064072E12":207,"1.211072316E12":272,"1.211073162E12":277,"1.21106189E12":184,"1.211071493E12":262,"1.211121122E12":359,"1.211064635E12":217,"1.211051046E12":32,"1.211072848E12":274,"1.211140571E12":372,"1.211052453E12":48,"1.211072322E12":273,"1.211060233E12":152,"1.21105587E12":86,"1.211058692E12":135,"1.211103696E12":350,"1.211072249E12":271,"1.211057489E12":118,"1.21116283E12":377,"1.211071361E12":260,"1.211078326E12":291,"1.211106966E12":353,"1.211064433E12":213,"1.211232801E12":385,"1.211160889E12":376,"1.211056069E12":89,"1.211062695E12":191,"1.211051558E12":42,"1.211082044E12":307,"1.21106491E12":220,"1.211051496E12":40,"1.211141772E12":373,"1.211064575E12":216,"1.211061557E12":178,"1.211064428E12":212,"1.211051793E12":45,"1.211054415E12":67,"1.211060747E12":164,"1.211053382E12":58,"1.211070029E12":252,"1.211057551E12":119,"1.211050681E12":24,"1.211055248E12":76,"1.211083386E12":311,"1.211061644E12":179,"1.211056642E12":96,"1.211103243E12":348,"1.211051017E12":30,"1.211201677E12":382,"1.211054861E12":72,"1.211057205E12":108,"1.211138299E12":369,"1.21107372E12":278,"1.211056784E12":100,"1.211119073E12":355,"1.211057332E12":113,"1.211061959E12":185,"1.211063731E12":205,"1.211057258E12":109,"1.211060465E12":158,"1.211092557E12":334,"1.211052968E12":52,"1.211051103E12":36,"1.211164319E12":378,"1.211082605E12":309,"1.211050316E12":15,"1.211061266E12":174,"1.211066161E12":231,"1.211059885E12":147,"1.211057043E12":106,"1.211102219E12":347,"1.211049707E12":7,"1.211052075E12":46,"1.211140288E12":371,"1.21105578E12":84,"1.211103251E12":349,"1.211209926E12":383,"1.211072988E12":276,"1.211063309E12":198,"1.211065204E12":224,"1.211068083E12":241,"1.211062866E12":193,"1.211073887E12":280,"1.211055924E12":87,"1.21105252E12":49,"1.211119928E12":356,"1.211050754E12":25,"1.21105637E12":92,"1.211069275E12":249,"1.21107796E12":289,"1.21105042E12":20,"1.21105893E12":140,"1.211057024E12":105,"1.211050331E12":18,"1.211093936E12":337,"1.21106165E12":180,"1.211054658E12":68,"1.211066055E12":229,"1.211057385E12":114,"1.211070667E12":255,"1.211104037E12":351,"1.211089106E12":326,"1.211071699E12":267,"1.211068393E12":244,"1.211071458E12":261,"1.211050432E12":21,"1.211049779E12":9,"1.211081538E12":305,"1.211104208E12":352,"1.211081092E12":302,"1.211058457E12":131,"1.211153547E12":375,"1.211092242E12":333,"1.211055285E12":77,"1.211090666E12":330,"1.211060693E12":163,"1.211055191E12":75,"1.211088915E12":325,"1.211060556E12":160,"1.211058954E12":141,"1.211085255E12":320,"1.211058577E12":134,"1.211055665E12":81,"1.211060992E12":168,"1.211059404E12":145,"1.211050545E12":23,"1.211057741E12":124,"1.211120231E12":357,"1.211067786E12":239,"1.211055152E12":74,"1.211061861E12":183,"1.211253035E12":386,"1.211053613E12":60,"1.211055617E12":79,"1.211166461E12":379,"1.211070551E12":253,"1.211024436E12":2,"1.211079838E12":296,"1.211082925E12":310,"1.211060402E12":156,"1.211060279E12":153,"1.211058207E12":129,"1.211058498E12":132,"1.211054843E12":71,"1.211061107E12":171,"1.211056631E12":95,"1.211068379E12":243,"1.211175113E12":380,"1.211051552E12":41,"1.211067124E12":234,"1.211050335E12":19,"1.211060309E12":154,"1.211071682E12":266,"1.211072975E12":275,"1.211051244E12":37,"1.211054664E12":69,"1.211070715E12":256,"1.211075197E12":284,"1.211053935E12":64,"1.211065714E12":228,"1.211068117E12":242,"1.211071885E12":268,"1.211094E12":338,"1.211050076E12":11,"1.21105308E12":53,"1.211137296E12":367,"1.211078805E12":293,"1.211088415E12":324,"1.211056714E12":97,"1.211068902E12":247,"1.211060829E12":166,"1.211069196E12":248,"1.21108344E12":312,"1.211065565E12":227,"1.211058921E12":139,"1.211064743E12":219,"1.211063646E12":204,"1.21108687E12":323,"1.211060771E12":165,"1.211058244E12":130,"1.211055016E12":73,"1.211055781E12":85,"1.211053378E12":57,"1.211056325E12":91,"1.211057574E12":120,"1.211050991E12":29,"1.211055672E12":82,"1.2110493E12":5,"1.211065114E12":222,"1.211073735E12":279,"1.211062966E12":194,"1.211051099E12":35,"1.211081001E12":301,"1.211071592E12":265,"1.211056915E12":102,"1.211060891E12":167,"1.211050322E12":17,"1.211052678E12":50,"1.211050317E12":16,"1.211090291E12":328,"1.211050985E12":28,"1.211135245E12":366,"1.211059135E12":144,"1.211053446E12":59,"1.211083809E12":313,"1.211098187E12":339},