{"propagationData":{"1.211147165E12":378,"1.211083544E12":334,"1.211050884E12":105,"1.211052366E12":126,"1.211085086E12":340,"1.211055355E12":179,"1.211062465E12":266,"1.211049057E12":68,"1.211051775E12":117,"1.21106558E12":282,"1.211076811E12":313,"1.211071631E12":297,"1.211142745E12":377,"1.211059226E12":232,"1.211056733E12":199,"1.211061676E12":263,"1.211047566E12":35,"1.211046713E12":20,"1.2111475E12":379,"1.211119709E12":366,"1.211082785E12":333,"1.211047351E12":31,"1.211160469E12":382,"1.211069324E12":289,"1.211050586E12":100,"1.211079961E12":321,"1.211113687E12":364,"1.211064433E12":274,"1.211048681E12":62,"1.211059689E12":239,"1.211048029E12":47,"1.211040592E12":7,"1.211047337E12":28,"1.211060844E12":257,"1.211086976E12":345,"1.211048692E12":64,"1.21107711E12":314,"1.211052378E12":127,"1.211051994E12":120,"1.211052207E12":124,"1.211053276E12":141,"1.211073526E12":303,"1.211082085E12":331,"1.211047339E12":29,"1.211142725E12":376,"1.211071511E12":296,"1.211051091E12":108,"1.211134012E12":374,"1.211054536E12":160,"1.211058805E12":225,"1.211054409E12":159,"1.211049749E12":80,"1.211069356E12":290,"1.211061475E12":260,"1.211047619E12":37,"1.211059216E12":231,"1.211049458E12":74,"1.211049444E12":73,"1.211054756E12":165,"1.211059725E12":242,"1.21115846E12":381,"1.211058934E12":229,"1.211046688E12":18,"1.211059579E12":238,"1.211091179E12":351,"1.211059695E12":240,"1.211059523E12":236,"1.211051991E12":119,"1.211173957E12":383,"1.211077298E12":315,"1.211220499E12":387,"1.211081305E12":327,"1.211078609E12":316,"1.211055245E12":174,"1.211055257E12":175,"1.211057312E12":209,"1.211048377E12":52,"1.211118118E12":365,"1.211060794E12":256,"1.211131035E12":371,"1.211064732E12":278,"1.211049283E12":70,"1.211058286E12":220,"1.211057652E12":213,"1.211052709E12":132,"1.211103402E12":361,"1.211033585E12":2,"1.211049633E12":76,"1.211059768E12":244,"1.21107492E12":307,"1.211052469E12":130,"1.211085352E12":341,"1.211059269E12":233,"1.211056367E12":190,"1.211052464E12":129,"1.211060562E12":254,"1.211046905E12":24,"1.211046689E12":19,"1.211087706E12":348,"1.211050539E12":97,"1.211051072E12":107,"1.21118012E12":386,"1.211087711E12":349,"1.21105156E12":114,"1.211056409E12":191,"1.211057165E12":206,"1.211055336E12":177,"1.211049284E12":71,"1.211047739E12":41,"1.211054152E12":154,"1.211057081E12":204,"1.211055969E12":183,"1.211056621E12":196,"1.211058265E12":219,"1.211043163E12":9,"1.211112845E12":363,"1.211045272E12":14,"1.21105064E12":102,"1.211043529E12":11,"1.211052617E12":131,"1.211096249E12":356,"1.211047617E12":36,"1.211054233E12":157,"1.211128899E12":370,"1.21105892E12":227,"1.211050134E12":89,"1.211049825E12":84,"1.211053568E12":146,"1.21106167E12":262,"1.21104739E12":32,"1.211075919E12":310,"1.211065509E12":281,"1.21106123E12":259,"1.211054873E12":168,"1.211060725E12":255,"1.211049784E12":81,"1.211049736E12":79,"1.211051737E12":116,"1.211057728E12":216,"1.211074592E12":305,"1.211058929E12":228,"1.211057353E12":210,"1.211053896E12":151,"1.211078854E12":317,"1.211128195E12":367,"1.211069467E12":293,"1.211096218E12":355,"1.211060264E12":251,"1.21104841E12":53,"1.211050439E12":94,"1.211096505E12":357,"1.211075488E12":309,"1.211040585E12":6,"1.211053822E12":149,"1.211055262E12":176,"1.211071792E12":299,"1.211053742E12":148,"1.2111282E12":368,"1.211056771E12":200,"1.21104854E12":59,"1.211057211E12":207,"1.211061201E12":258,"1.211087433E12":346,"1.211080767E12":325,"1.211050639E12":101,"1.21105051E12":96,"1.211052405E12":128,"1.211056127E12":185,"1.211059116E12":230,"1.211059303E12":234,"1.211058414E12":222,"1.211065976E12":283,"1.211058793E12":224,"1.211048574E12":60,"1.211048169E12":49,"1.211080318E12":324,"1.211061611E12":261,"1.211056304E12":187,"1.211018404E12":1,"1.21106601E12":284,"1.211053303E12":142,"1.21106391E12":271,"1.211064502E12":276,"1.211054124E12":153,"1.211059542E12":237,"1.211048522E12":58,"1.21104878E12":65,"1.211135066E12":375,"1.211058368E12":221,"1.211049293E12":72,"1.211047728E12":39,"1.211056626E12":197,"1.211086818E12":344,"1.211063809E12":270,"1.211046611E12":15,"1.211054652E12":164,"1.211054628E12":163,"1.211074411E12":304,"1.211056805E12":201,"1.211052145E12":121,"1.211133163E12":372,"1.21104662E12":16,"1.211054811E12":166,"1.211050547E12":98,"1.211044137E12":12,"1.211047341E12":30,"1.21104813E12":48,"1.211051518E12":113,"1.211053985E12":152,"1.211079252E12":320,"1.211053859E12":150,"1.211043417E12":10,"1.211057282E12":208,"1.21105634E12":189,"1.211086404E12":343,"1.211053265E12":139,"1.211055435E12":181,"1.211061682E12":264,"1.2110598E12":245,"1.211066252E12":285,"1.211049893E12":85,"1.211049098E12":69,"1.211065285E12":279,"1.211046625E12":17,"1.211052982E12":136,"1.211084461E12":339,"1.211080302E12":323,"1.211098424E12":360,"1.211049593E12":75,"1.211054602E12":162,"1.211050504E12":95,"1.211069427E12":292,"1.211047735E12":40,"1.211047909E12":46,"1.211064716E12":277,"1.211057897E12":218,"1.211053007E12":138,"1.211084288E12":338,"1.211081522E12":328,"1.211056939E12":203,"1.211093952E12":353,"1.211047797E12":44,"1.211076018E12":311,"1.211048872E12":66,"1.211080802E12":326,"1.211175478E12":384,"1.211072819E12":301,"1.211064472E12":275,"1.211063753E12":269,"1.211062982E12":268,"1.211053515E12":144,"1.211052717E12":133,"1.211051394E12":110,"1.211062332E12":265,"1.211049914E12":86,"1.211046808E12":23,"1.211067464E12":288,"1.211039959E12":4,"1.211059756E12":243,"1.211048476E12":55,"1.211040521E12":5,"1.211047467E12":34,"1.211086403E12":342,"1.211051316E12":109,"1.211050319E12":91,"1.211048172E12":50,"1.211046767E12":22,"1.21105766E12":214,"1.211047448E12":33,"1.211078892E12":318,"1.211096613E12":358,"1.211054939E12":171,"1.211178901E12":385,"1.211048453E12":54,"1.2110537E12":147,"1.211054853E12":167,"1.211051418E12":111,"1.211057458E12":211,"1.211054191E12":155,"1.211055465E12":182,"1.211052902E12":135,"1.21105438E12":158,"1.211050368E12":92,"1.211055202E12":173,"1.211042473E12":8,"1.211069399E12":291,"1.211046719E12":21,"1.211053268E12":140,"1.211081932E12":329,"1.211047771E12":42,"1.211081942E12":330,"1.21105335E12":143,"1.211056124E12":184,"1.211133539E12":373,"1.21105543E12":180,"1.211082573E12":332,"1.211064185E12":272,"1.211053004E12":137,"1.21105651E12":193,"1.211058813E12":226,"1.21115104E12":380,"1.211103844E12":362,"1.211050107E12":87,"1.21105713E12":205,"1.211054204E12":156,"1.211089278E12":350,"1.211050434E12":93,"1.211096116E12":354,"1.211060552E12":253,"1.211060376E12":252,"1.211056865E12":202,"1.211050648E12":103,"1.211056596E12":195,"1.211069533E12":294,"1.211056584E12":194,"1.211049017E12":67,"1.211051501E12":112,"1.211062969E12":267,"1.211054881E12":169,"1.211065505E12":280,"1.211037055E12":3,"1.211052187E12":123,"1.211260692E12":389,"1.211059994E12":248,"1.211074736E12":306,"1.21105459E12":161,"1.211066997E12":287,"1.211051591E12":115,"1.211247506E12":388,"1.211047649E12":38,"1.211060053E12":250,"1.211047334E12":27,"1.211070391E12":295,"1.211053557E12":145,"1.211076168E12":312,"1.211050567E12":99,"1.21104457E12":13,"1.211091303E12":352,"1.211083589E12":335,"1.211079975E12":322,"1.211059808E12":247,"1.211057845E12":217,"1.211049813E12":83,"1.211075125E12":308,"1.211071645E12":298,"1.211072761E12":300,"1.211064233E12":273,"1.211048361E12":51,"1.211056461E12":192,"1.211052812E12":134,"1.211050121E12":88,"1.211048508E12":56,"1.21108425E12":337,"1.211060018E12":249,"1.211050304E12":90,"1.211083607E12":336,"1.211058625E12":223,"1.211128223E12":369,"1.211052241E12":125,"1.211047281E12":26,"1.211056664E12":198,"1.211049655E12":77,"1.211050858E12":104,"1.211047782E12":43,"1.211073438E12":302,"1.21106674E12":286,"1.21104781E12":45,"1.211051842E12":118,"1.211054951E12":172,"1.211046966E12":25,"1.211056277E12":186,"1.211087488E12":347,"1.211057461E12":212,"1.211048579E12":61,"1.211056315E12":188,"1.211049711E12":78,"1.211059333E12":235,"1.211054895E12":170,"1.211097304E12":359,"1.211078906E12":319,"1.211057722E12":215,"1.211048511E12":57,"1.211059699E12":241,"1.211050965E12":106},"NUMBER_OF_PEOPLE":400,"minTimeSeen":1.211018404E12,