{"propagationData":{"1.211085496E12":34,"1.211069934E12":7,"1.211080906E12":31,"1.211136228E12":55,"1.211133499E12":54,"1.211073722E12":20,"1.211199821E12":66,"1.211081094E12":33,"1.21108643E12":37,"1.211205227E12":77,"1.211074273E12":24,"1.21113646E12":57,"1.211204898E12":72,"1.211199736E12":65,"1.211073241E12":17,"1.211145109E12":60,"1.211071765E12":15,"1.211074606E12":26,"1.211071373E12":13,"1.211088485E12":43,"1.21107273E12":16,"1.211088488E12":44,"1.211211607E12":81,"1.211200199E12":70,"1.211070048E12":8,"1.211136537E12":59,"1.211095036E12":47,"1.211069443E12":4,"1.211087632E12":38,"1.211070508E12":10,"1.21108796E12":40,"1.211127046E12":51,"1.211074652E12":27,"1.211088024E12":41,"1.211205152E12":76,"1.211198836E12":64,"1.211043008E12":3,"1.211073795E12":21,"1.211210297E12":78,"1.211199853E12":67,"1.21108781E12":39,"1.211018404E12":1,"1.211200152E12":69,"1.211211125E12":79,"1.211094978E12":46,"1.211146617E12":62,"1.21106955E12":5,"1.211074238E12":23,"1.211080835E12":30,"1.211147112E12":63,"1.211205097E12":75,"1.211071365E12":12,"1.211136411E12":56,"1.21108074E12":28,"1.21107062E12":11,"1.211074557E12":25,"1.211081085E12":32,"1.211080776E12":29,"1.211095126E12":50,"1.211133487E12":53,"1.21108594E12":36,"1.21108849E12":45,"1.211070297E12":9,"1.211073532E12":18,"1.211204938E12":74,"1.211069741E12":6,"1.211136465E12":58,"1.211204909E12":73,"1.211085507E12":35,"1.21113348E12":52,"1.21107422E12":22,"1.211071739E12":14,"1.211095061E12":48,"1.211211592E12":80,"1.211146506E12":61,"1.211073538E12":19,"1.211204528E12":71,"1.211095115E12":49,"1.211200118E12":68,"1.211088104E12":42,"1.211031575E12":2},"NUMBER_OF_PEOPLE":400,"minTimeSeen":1.211018404E12,"maxTimeSeen":1.211558405E12,"NEIGHBORHOOD_RADIUS":20.0,"ENCOUNTER_CHANCE":0.05,"priority":1.0,"duration":540001.0,"minutesDuration":9000.016666666666,"hoursDuration":150.00027777777777,"daysDuration":6.250011574074073}
