{"propagationData":{"1.211053081E12":295,"1.211028264E12":67,"1.211031185E12":106,"1.211019655E12":2,"1.211045591E12":255,"1.211040654E12":207,"1.211037736E12":167,"1.21106037E12":319,"1.211027748E12":64,"1.211034834E12":140,"1.211040146E12":198,"1.211029369E12":83,"1.211042466E12":225,"1.211040608E12":205,"1.211026647E12":47,"1.211047727E12":272,"1.211054465E12":302,"1.211030468E12":97,"1.211044729E12":248,"1.211026124E12":39,"1.211061901E12":326,"1.211042867E12":232,"1.211026393E12":41,"1.211063381E12":331,"1.211032182E12":113,"1.211027707E12":62,"1.211071813E12":358,"1.21104321E12":236,"1.211032744E12":124,"1.211039649E12":192,"1.211063035E12":330,"1.211053845E12":298,"1.211042442E12":224,"1.211040453E12":203,"1.211044002E12":241,"1.211063428E12":332,"1.211039903E12":194,"1.211031615E12":108,"1.211040686E12":209,"1.211051287E12":293,"1.211035802E12":146,"1.211039646E12":191,"1.211050549E12":287,"1.211061709E12":324,"1.211051085E12":291,"1.211019711E12":3,"1.211049972E12":283,"1.211047425E12":269,"1.211024461E12":28,"1.211026853E12":51,"1.211065753E12":341,"1.211046042E12":264,"1.211043071E12":234,"1.211025825E12":33,"1.21104732E12":267,"1.211060102E12":317,"1.211060537E12":321,"1.211036237E12":154,"1.211040854E12":214,"1.211070116E12":350,"1.211026854E12":52,"1.211034022E12":134,"1.211057278E12":314,"1.21104248E12":226,"1.211029739E12":84,"1.211100277E12":363,"1.211062652E12":328,"1.211030296E12":92,"1.211048523E12":275,"1.211045613E12":256,"1.211023855E12":13,"1.211031621E12":109,"1.211040019E12":197,"1.21104888E12":278,"1.211064334E12":337,"1.211047349E12":268,"1.211038943E12":190,"1.211028823E12":73,"1.211048552E12":276,"1.211029112E12":79,"1.211063898E12":335,"1.211050676E12":289,"1.211032224E12":116,"1.211063539E12":334,"1.211039871E12":193,"1.211064797E12":339,"1.21103621E12":153,"1.211027333E12":58,"1.211047437E12":270,"1.211043198E12":235,"1.211030744E12":102,"1.211031881E12":111,"1.211024115E12":19,"1.211038929E12":189,"1.211026483E12":45,"1.21104376E12":240,"1.211023567E12":7,"1.211040792E12":211,"1.211040164E12":199,"1.211045897E12":258,"1.211024069E12":18,"1.211060407E12":320,"1.211046033E12":262,"1.211030397E12":96,"1.211057288E12":315,"1.211070888E12":354,"1.211047699E12":271,"1.211045436E12":254,"1.211032694E12":123,"1.211069158E12":346,"1.211049736E12":281,"1.211032392E12":119,"1.211038356E12":180,"1.211028504E12":70,"1.211037151E12":158,"1.21103568E12":144,"1.211054502E12":303,"1.211034898E12":141,"1.211029862E12":85,"1.21104511E12":253,"1.211040575E12":204,"1.211029074E12":77,"1.211023414E12":5,"1.211063441E12":333,"1.211042017E12":217,"1.211030934E12":104,"1.211042679E12":229,"1.211024066E12":17,"1.211044849E12":251,"1.211061196E12":322,"1.211040816E12":212,"1.211026421E12":43,"1.211056423E12":312,"1.211028899E12":75,"1.21102845E12":69,"1.211036998E12":155,"1.211028577E12":72,"1.211047919E12":273,"1.211037981E12":172,"1.211071782E12":357,"1.211031943E12":112,"1.211025784E12":32,"1.211030003E12":87,"1.211053769E12":297,"1.211018404E12":1,"1.211026319E12":40,"1.211062661E12":329,"1.211027712E12":63,"1.211032465E12":122,"1.211027369E12":59,"1.211065825E12":342,"1.211050331E12":286,"1.211030373E12":95,"1.211044314E12":247,"1.211042663E12":228,"1.211029103E12":78,"1.211034485E12":138,"1.21104296E12":233,"1.211037864E12":170,"1.211024373E12":27,"1.211038448E12":182,"1.211060324E12":318,"1.211035881E12":149,"1.211098873E12":361,"1.2110468E12":265,"1.211037311E12":161,"1.21102686E12":55,"1.211050595E12":288,"1.211070802E12":353,"1.211032221E12":115,"1.211024198E12":24,"1.211038263E12":178,"1.211026856E12":54,"1.211032877E12":127,"1.211037417E12":163,"1.211033674E12":133,"1.211036189E12":152,"1.211038261E12":177,"1.211037326E12":162,"1.211040412E12":202,"1.211025846E12":35,"1.2110503E12":285,"1.211030665E12":101,"1.211042587E12":227,"1.211027232E12":57,"1.211038323E12":179,"1.211054253E12":300,"1.211031722E12":110,"1.211065344E12":340,"1.211033404E12":131,"1.21103581E12":147,"1.211044306E12":246,"1.211030214E12":90,"1.211071881E12":359,"1.211048928E12":279,"1.211042155E12":221,"1.211027809E12":65,"1.211042808E12":230,"1.211038517E12":185,"1.21103532E12":143,"1.211037191E12":159,"1.211038605E12":186,"1.211040269E12":201,"1.211026401E12":42,"1.21105633E12":310,"1.21102883E12":74,"1.211028411E12":68,"1.211030751E12":103,"1.211024255E12":26,"1.211030321E12":93,"1.211026438E12":44,"1.211024973E12":29,"1.211040669E12":208,"1.211033255E12":130,"1.211030624E12":98,"1.211042415E12":223,"1.211034208E12":137,"1.211034794E12":139,"1.211048825E12":277,"1.211027404E12":60,"1.211046032E12":261,"1.211044053E12":245,"1.211023786E12":11,"1.211071762E12":356,"1.211055459E12":307,"1.211026855E12":53,"1.211025402E12":31,"1.211025904E12":37,"1.211036175E12":150,"1.211069697E12":349,"1.211026836E12":49,"1.211044806E12":249,"1.211037126E12":156,"1.21105539E12":306,"1.211026799E12":48,"1.211032435E12":120,"1.211037614E12":164,"1.211054574E12":304,"1.211046801E12":266,"1.211034062E12":135,"1.211038512E12":184,"1.21110028E12":364,"1.211029163E12":80,"1.211043233E12":237,"1.211043321E12":239,"1.211025865E12":36,"1.211071596E12":355,"1.211037983E12":173,"1.211064182E12":336,"1.211040253E12":200,"1.211057473E12":316,"1.211042235E12":222,"1.211042149E12":220,"1.211040826E12":213,"1.211032448E12":121,"1.211051884E12":294,"1.211032961E12":128,"1.211035871E12":148,"1.211038153E12":175,"1.211053434E12":296,"1.211023892E12":14,"1.211069219E12":347,"1.21105109E12":292,"1.211030661E12":100,"1.211025829E12":34,"1.211038166E12":176,"1.211039993E12":195,"1.211024187E12":22,"1.211054114E12":299,"1.211045902E12":259,"1.211028185E12":66,"1.211032193E12":114,"1.211049775E12":282,"1.211027097E12":56,"1.21102417E12":21,"1.211064358E12":338,"1.211037695E12":166,"1.211049528E12":280,"1.211037941E12":171,"1.211023767E12":9,"1.21103844E12":181,"1.211042146E12":219,"1.211045923E12":260,"1.211031333E12":107,"1.211038023E12":174,"1.211030015E12":88,"1.211030221E12":91,"1.211029276E12":82,"1.211070133E12":351,"1.21104403E12":243,"1.211098678E12":360,"1.211056748E12":313,"1.211023489E12":6,"1.211026645E12":46,"1.211056375E12":311,"1.211037127E12":157,"1.211034072E12":136,"1.211020021E12":4,"1.211036185E12":151,"1.211044847E12":250,"1.21106223E12":327,"1.211032839E12":125,"1.211055913E12":308,"1.21103496E12":142,"1.21105105E12":290,"1.211028556E12":71,"1.211040766E12":210,"1.211023757E12":8,"1.211040012E12":196,"1.211023844E12":12,"1.211030642E12":99,"1.211061759E12":325,"1.211044047E12":244,"1.211042831E12":231,"1.211033154E12":129,"1.211045095E12":252,"1.211027446E12":61,"1.211041582E12":216,"1.211024211E12":25,"1.211056186E12":309,"1.211037831E12":168,"1.211099196E12":362,"1.211069092E12":345,"1.211025043E12":30,"1.211069481E12":348,"1.211054445E12":301,"1.211037295E12":160,"1.21105015E12":284,"1.21106125E12":323,"1.211023984E12":16,"1.211045622E12":257,"1.211042096E12":218,"1.211067576E12":344,"1.211024197E12":23,"1.211070743E12":352,"1.211054615E12":305,"1.211048369E12":274,"1.211040621E12":206,"1.21103576E12":145,"1.211067563E12":343,"1.211031156E12":105,"1.211033537E12":132,"1.211038879E12":188,"1.211038479E12":183,"1.211025909E12":38,"1.211029007E12":76,"1.211043273E12":238,"1.211030323E12":94,"1.211041539E12":215,"1.211044013E12":242,"1.211032314E12":117,"1.211038843E12":187,"1.211024129E12":20,"1.211029978E12":86,"1.211032325E12":118,"1.211030198E12":89,"1.211037656E12":165},"NUMBER_OF_PEOPLE":400,"minTimeSeen":1.211018404E12,"maxTimeSeen":1.211558405E12,"NEIGHBORHOOD_RADIUS":20.0,"ENCOUNTER_CHANCE":0.05,"priority":1.0,"duration":540001.0,"minutesDuration":9000.016666666666,"hoursDuration":150.00027777777777,"daysDuration":6.250011574074073}
