{"propagationData":{"1.211033718E12":112,"1.211057489E12":224,"1.211024081E12":55,"1.211020646E12":49,"1.211101434E12":246,"1.211039838E12":163,"1.21110181E12":249,"1.211044165E12":180,"1.211031922E12":93,"1.211025633E12":60,"1.21104094E12":172,"1.211232564E12":262,"1.211038374E12":154,"1.21103616E12":136,"1.211040187E12":165,"1.211036177E12":138,"1.211038808E12":157,"1.211018901E12":37,"1.211018939E12":39,"1.211019652E12":48,"1.211047687E12":198,"1.211026124E12":68,"1.21104027E12":167,"1.211101861E12":250,"1.211101458E12":247,"1.211048631E12":201,"1.211081934E12":240,"1.211018409E12":12,"1.211021909E12":52,"1.211018491E12":29,"1.211033168E12":108,"1.21103822E12":150,"1.211048779E12":204,"1.211032773E12":100,"1.211018423E12":18,"1.211230553E12":259,"1.211037796E12":144,"1.211033386E12":109,"1.211032374E12":97,"1.211040205E12":166,"1.211044983E12":185,"1.211067496E12":238,"1.211018433E12":20,"1.211029344E12":74,"1.211021898E12":50,"1.21103124E12":89,"1.211030231E12":76,"1.211046042E12":196,"1.211067412E12":235,"1.21101904E12":44,"1.211039015E12":158,"1.211033735E12":113,"1.211030243E12":77,"1.21108124E12":239,"1.211050072E12":209,"1.211048717E12":202,"1.211040446E12":170,"1.211211064E12":255,"1.211038002E12":145,"1.21101853E12":31,"1.211034515E12":120,"1.21104132E12":177,"1.211048116E12":200,"1.211057138E12":221,"1.211031589E12":91,"1.211038017E12":146,"1.211018488E12":28,"1.211034232E12":119,"1.211018955E12":41,"1.211050794E12":211,"1.211049969E12":208,"1.211038099E12":149,"1.211045215E12":188,"1.211025884E12":65,"1.211051493E12":217,"1.211051016E12":213,"1.211034155E12":118,"1.211018406E12":10,"1.211030465E12":82,"1.211033146E12":107,"1.211045204E12":187,"1.211026871E12":72,"1.211028988E12":73,"1.211049694E12":207,"1.211030397E12":79,"1.211018544E12":32,"1.211039033E12":160,"1.211036008E12":134,"1.211038244E12":151,"1.211018494E12":30,"1.211033016E12":105,"1.211030979E12":85,"1.211034547E12":121,"1.211019339E12":45,"1.211045492E12":192,"1.211025741E12":62,"1.211033143E12":106,"1.211039839E12":164,"1.211018438E12":23,"1.211025484E12":58,"1.21104401E12":179,"1.211034126E12":116,"1.21102588E12":64,"1.211057124E12":219,"1.211025424E12":57,"1.211018404E12":9,"1.211067419E12":236,"1.211050984E12":212,"1.211035965E12":132,"1.211025581E12":59,"1.211033006E12":104,"1.21109849E12":241,"1.21104466E12":181,"1.211101805E12":248,"1.211044914E12":184,"1.211030428E12":81,"1.21103026E12":78,"1.211048757E12":203,"1.211041243E12":175,"1.211018419E12":16,"1.211035069E12":126,"1.211040346E12":169,"1.211058011E12":227,"1.211047938E12":199,"1.211030895E12":84,"1.211033691E12":110,"1.211031025E12":87,"1.211067361E12":234,"1.211037124E12":141,"1.211032208E12":95,"1.211051024E12":214,"1.211036199E12":140,"1.211018411E12":15,"1.211032378E12":98,"1.211030408E12":80,"1.211229288E12":258,"1.211057971E12":225,"1.211031939E12":94,"1.211100418E12":244,"1.211023966E12":54,"1.211041109E12":173,"1.2110324E12":99,"1.211019382E12":47,"1.211034579E12":122,"1.211018455E12":26,"1.211018596E12":33,"1.211051084E12":216,"1.211037368E12":143,"1.211039025E12":159,"1.211067476E12":237,"1.211018938E12":38,"1.211062008E12":229,"1.211035588E12":130,"1.211100946E12":245,"1.211030846E12":83,"1.211031243E12":90,"1.211031116E12":88,"1.211018871E12":35,"1.211034774E12":123,"1.211035981E12":133,"1.211041288E12":176,"1.211040278E12":168,"1.211062025E12":230,"1.211032994E12":103,"1.211039813E12":162,"1.211100412E12":243,"1.211049108E12":205,"1.211026778E12":71,"1.211038068E12":148,"1.211032972E12":101,"1.211039715E12":161,"1.211031011E12":86,"1.211018943E12":40,"1.2110619E12":228,"1.211045916E12":195,"1.211045202E12":186,"1.211035553E12":129,"1.21101903E12":43,"1.211057041E12":218,"1.211038493E12":156,"1.211034058E12":115,"1.211049145E12":206,"1.211021905E12":51,"1.211037142E12":142,"1.211041885E12":178,"1.211032992E12":102,"1.211026538E12":70,"1.211038278E12":152,"1.21105747E12":222,"1.211019371E12":46,"1.211035046E12":124,"1.211045725E12":193,"1.21102488E12":56,"1.211018432E12":19,"1.211229192E12":256,"1.211018437E12":22,"1.211229223E12":257,"1.211106841E12":251,"1.211018966E12":42,"1.211038461E12":155,"1.211018448E12":25,"1.211064206E12":232,"1.211057978E12":226,"1.21103508E12":127,"1.21102576E12":63,"1.211045315E12":189,"1.211031635E12":92,"1.211064536E12":233,"1.211045332E12":190,"1.211025934E12":66,"1.211033692E12":111,"1.211035057E12":125,"1.211018485E12":27,"1.211036045E12":135,"1.211044889E12":183,"1.211099309E12":242,"1.211044841E12":182,"1.211036182E12":139,"1.211107591E12":252,"1.211034139E12":117,"1.211018443E12":24,"1.211036162E12":137,"1.21101842E12":17,"1.211050502E12":210,"1.211045727E12":194,"1.211026462E12":69,"1.2110257E12":61,"1.211038357E12":153,"1.211232182E12":261,"1.211035202E12":128,"1.211047616E12":197,"1.211035863E12":131,"1.211107611E12":253,"1.21101841E12":13,"1.211026048E12":67,"1.211062064E12":231,"1.211032244E12":96,"1.211045491E12":191,"1.211122441E12":254,"1.211040933E12":171,"1.21123141E12":260,"1.211038063E12":147,"1.211029808E12":75,"1.211041149E12":174,"1.211018407E12":11,"1.211018597E12":34,"1.211034013E12":114,"1.211018876E12":36,"1.211023654E12":53},"NUMBER_OF_PEOPLE":400,"minTimeSeen":1.211018404E12,"maxTimeSeen":1.211558405E12,"NEIGHBORHOOD_RADIUS":20.0,"ENCOUNTER_CHANCE":0.05,"priority":1.0,"duration":540001.0,"minutesDuration":9000.016666666666,"hoursDuration":150.00027777777777,"daysDuration":6.250011574074073}
