{"propagationData":{"1.211018536E12":20,"1.21104592E12":276,"1.211036228E12":178,"1.211036404E12":186,"1.211036401E12":185,"1.211018565E12":23,"1.211036603E12":187,"1.211018787E12":41,"1.211038235E12":219,"1.211045161E12":269,"1.21102129E12":54,"1.211033768E12":149,"1.211053893E12":310,"1.211018644E12":29,"1.211029369E12":93,"1.211023215E12":67,"1.211030632E12":114,"1.211134053E12":375,"1.211055683E12":315,"1.211018993E12":43,"1.211036662E12":189,"1.211046795E12":281,"1.211018507E12":13,"1.211070502E12":338,"1.211037001E12":198,"1.211031816E12":128,"1.211328568E12":384,"1.211037754E12":211,"1.21109324E12":364,"1.211037077E12":199,"1.21103506E12":162,"1.211082715E12":358,"1.211024296E12":71,"1.211023508E12":68,"1.211036262E12":179,"1.211038875E12":228,"1.211029445E12":94,"1.21104552E12":273,"1.211077855E12":347,"1.211077545E12":344,"1.211031075E12":122,"1.211035013E12":161,"1.21105384E12":309,"1.211037317E12":203,"1.211045649E12":274,"1.211035882E12":171,"1.211127858E12":372,"1.211018666E12":36,"1.211023146E12":66,"1.211036626E12":188,"1.211051941E12":302,"1.211035199E12":163,"1.211026106E12":81,"1.211082276E12":355,"1.211042063E12":248,"1.211030231E12":108,"1.211021765E12":57,"1.21107015E12":337,"1.211044153E12":261,"1.211059763E12":325,"1.211018412E12":4,"1.211035706E12":166,"1.21103711E12":200,"1.211044856E12":267,"1.21103802E12":218,"1.211056527E12":319,"1.211030385E12":110,"1.211029565E12":95,"1.211055711E12":316,"1.211079992E12":351,"1.211053539E12":308,"1.211040013E12":239,"1.211038494E12":224,"1.211036214E12":176,"1.211037751E12":210,"1.211025919E12":80,"1.211045387E12":271,"1.211036778E12":193,"1.211052807E12":304,"1.211045118E12":268,"1.211030212E12":106,"1.211082409E12":356,"1.211050676E12":297,"1.211042382E12":250,"1.211042409E12":251,"1.21101863E12":28,"1.211018515E12":16,"1.211036948E12":197,"1.211029622E12":96,"1.211018435E12":6,"1.211049697E12":290,"1.211038475E12":223,"1.211020411E12":48,"1.211142681E12":379,"1.211058339E12":323,"1.211061588E12":328,"1.211039378E12":232,"1.211018658E12":35,"1.211037332E12":204,"1.211018503E12":7,"1.211023664E12":70,"1.211033793E12":150,"1.211033449E12":145,"1.211037849E12":215,"1.211050007E12":292,"1.211024721E12":74,"1.211032098E12":133,"1.211031746E12":127,"1.211042463E12":253,"1.211026761E12":84,"1.211076528E12":341,"1.211041553E12":246,"1.211039932E12":238,"1.211030358E12":109,"1.21103567E12":164,"1.211024733E12":75,"1.211165074E12":380,"1.211049948E12":291,"1.211032297E12":135,"1.211030222E12":107,"1.211018509E12":14,"1.211033453E12":147,"1.211032308E12":136,"1.211045411E12":272,"1.211135211E12":376,"1.211035742E12":168,"1.211052881E12":305,"1.211039017E12":230,"1.211029738E12":99,"1.211034759E12":158,"1.211025209E12":76,"1.211038869E12":227,"1.211018651E12":33,"1.211033228E12":143,"1.211048169E12":283,"1.211030195E12":105,"1.211029728E12":98,"1.211053481E12":307,"1.211046716E12":278,"1.211040025E12":240,"1.211018404E12":1,"1.211062246E12":331,"1.211079982E12":350,"1.211064877E12":333,"1.211035733E12":167,"1.211037777E12":212,"1.21102649E12":82,"1.211085206E12":361,"1.211033798E12":151,"1.211077154E12":343,"1.211036298E12":180,"1.211044666E12":265,"1.211030407E12":112,"1.211020318E12":46,"1.211032564E12":139,"1.211038448E12":222,"1.211033266E12":144,"1.211020434E12":49,"1.211055782E12":317,"1.211048727E12":285,"1.211018657E12":34,"1.211123075E12":371,"1.211050129E12":293,"1.211039503E12":235,"1.211064993E12":334,"1.211033846E12":152,"1.21103207E12":132,"1.21108278E12":359,"1.211092949E12":363,"1.211037134E12":201,"1.211036378E12":184,"1.211037737E12":208,"1.211036186E12":175,"1.211050973E12":299,"1.2110186E12":27,"1.21104436E12":262,"1.211021874E12":60,"1.211031478E12":124,"1.211037733E12":207,"1.211055645E12":314,"1.211033605E12":148,"1.211036811E12":194,"1.211046721E12":279,"1.211029666E12":97,"1.211076465E12":340,"1.211018582E12":25,"1.211036215E12":177,"1.211018411E12":3,"1.211018506E12":12,"1.21114179E12":377,"1.211031726E12":126,"1.211018529E12":19,"1.211055839E12":318,"1.211079322E12":349,"1.211018511E12":15,"1.211021838E12":59,"1.211039402E12":233,"1.211022107E12":63,"1.211082002E12":354,"1.211078318E12":348,"1.211077724E12":345,"1.211038792E12":225,"1.211021921E12":61,"1.211030663E12":116,"1.211040138E12":241,"1.211051667E12":301,"1.211175478E12":382,"1.211038815E12":226,"1.211044445E12":263,"1.211093713E12":365,"1.211029254E12":89,"1.211025526E12":78,"1.211036103E12":174,"1.211025523E12":77,"1.211020407E12":47,"1.211031306E12":123,"1.211053962E12":311,"1.2110431E12":258,"1.211028017E12":86,"1.211036722E12":191,"1.211020205E12":44,"1.211045237E12":270,"1.211039279E12":231,"1.211043042E12":257,"1.211121498E12":370,"1.21152486E12":389,"1.21104945E12":289,"1.211080058E12":352,"1.211040301E12":242,"1.211081013E12":353,"1.211093873E12":366,"1.211041571E12":247,"1.211018765E12":38,"1.211035859E12":170,"1.211018561E12":22,"1.211049217E12":287,"1.21101852E12":18,"1.2110367E12":190,"1.211058427E12":324,"1.211042778E12":254,"1.21101865E12":31,"1.211036734E12":192,"1.21102068E12":51,"1.21103687E12":195,"1.211024654E12":72,"1.211030175E12":104,"1.211050636E12":296,"1.211391412E12":388,"1.211037838E12":214,"1.211032193E12":134,"1.21102907E12":87,"1.211056926E12":321,"1.211031611E12":125,"1.21106172E12":329,"1.211029807E12":100,"1.211051098E12":300,"1.211018782E12":40,"1.211049447E12":288,"1.211037229E12":202,"1.211029081E12":88,"1.211018432E12":5,"1.211037884E12":216,"1.211030015E12":102,"1.211036307E12":182,"1.21102108E12":53,"1.21103406E12":153,"1.211052758E12":303,"1.211046002E12":277,"1.211050193E12":294,"1.211133576E12":374,"1.21114253E12":378,"1.21102253E12":65,"1.211032654E12":141,"1.211060572E12":327,"1.211034912E12":159,"1.211030577E12":113,"1.211173129E12":381,"1.211025762E12":79,"1.211031865E12":129,"1.211036934E12":196,"1.211021695E12":56,"1.211061825E12":330,"1.211062375E12":332,"1.211030717E12":119,"1.211056924E12":320,"1.211054594E12":313,"1.211045657E12":275,"1.211038407E12":220,"1.211024697E12":73,"1.211178066E12":383,"1.211034734E12":157,"1.211020458E12":50,"1.21102073E12":52,"1.21102936E12":90,"1.211033207E12":142,"1.211034097E12":154,"1.211031942E12":130,"1.211032524E12":137,"1.211030389E12":111,"1.211030677E12":117,"1.211129971E12":373,"1.211038431E12":221,"1.211034259E12":156,"1.211100764E12":368,"1.211065115E12":335,"1.211050913E12":298,"1.211034212E12":155,"1.211018537E12":21,"1.211070972E12":339,"1.211021952E12":62,"1.211044833E12":266,"1.211044609E12":264,"1.211048361E12":284,"1.211018504E12":9,"1.211338597E12":385,"1.211054391E12":312,"1.211037744E12":209,"1.211026565E12":83,"1.211035009E12":160,"1.211040442E12":244,"1.211053437E12":306,"1.211039489E12":234,"1.211101525E12":369,"1.211029367E12":92,"1.211037732E12":206,"1.211030702E12":118,"1.211032641E12":140,"1.211048071E12":282,"1.211036374E12":183,"1.211035801E12":169,"1.211035905E12":172,"1.211042891E12":255,"1.211021794E12":58,"1.211085926E12":362,"1.211038936E12":229,"1.211018516E12":17,"1.211030737E12":120,"1.211339328E12":386,"1.211084896E12":360,"1.211042447E12":252,"1.211030635E12":115,"1.211099108E12":367,"1.211018673E12":37,"1.211018649E12":30,"1.211037811E12":213,"1.211032068E12":131,"1.211036102E12":173,"1.211040489E12":245,"1.211037728E12":205,"1.211048985E12":286,"1.211046773E12":280,"1.211032559E12":138,"1.211077835E12":346,"1.211042119E12":249,"1.211027755E12":85,"1.211339975E12":387,"1.211023595E12":69,"1.211077151E12":342,"1.211030141E12":103,"1.211022273E12":64,"1.211065836E12":336,"1.211043146E12":259,"1.211039589E12":236,"1.211018407E12":2,"1.211082525E12":357,"1.211057509E12":322,"1.21103793E12":217,"1.21102987E12":101,"1.211030797E12":121,"1.211021612E12":55,"1.211050286E12":295,"1.211018575E12":24,"1.211018777E12":39,"1.211020287E12":45,"1.211044089E12":260,"1.211060473E12":326,"1.211036301E12":181,"1.211035676E12":165,"1.211042999E12":256,"1.211040407E12":243,"1.211039636E12":237},"NUMBER_OF_PEOPLE":400,"minTimeSeen":1.211018404E12,"maxTimeSeen":1.211558405E12,"NEIGHBORHOOD_RADIUS":20.0,