{"propagationData":{"1.211033945E12":198,"1.211037494E12":241,"1.211042277E12":275,"1.21102881E12":128,"1.211048142E12":312,"1.21102751E12":112,"1.211030579E12":147,"1.211033502E12":187,"1.211061292E12":349,"1.211080434E12":370,"1.211037057E12":232,"1.211045591E12":294,"1.211035723E12":215,"1.211021115E12":37,"1.211033425E12":186,"1.211055319E12":330,"1.211030632E12":149,"1.211044129E12":288,"1.211037122E12":234,"1.211033815E12":195,"1.211044294E12":290,"1.211026475E12":100,"1.211048461E12":313,"1.211019067E12":10,"1.211049351E12":315,"1.211047642E12":308,"1.211041459E12":268,"1.211040514E12":260,"1.211036262E12":226,"1.211047975E12":310,"1.211025817E12":81,"1.211025805E12":80,"1.211046883E12":305,"1.211031859E12":168,"1.211020522E12":33,"1.211093677E12":375,"1.211042317E12":276,"1.21103997E12":254,"1.21103176E12":166,"1.211024006E12":72,"1.211029357E12":136,"1.211037682E12":243,"1.211020313E12":31,"1.211019058E12":5,"1.211032988E12":184,"1.21103002E12":142,"1.211045714E12":298,"1.211045419E12":293,"1.211039903E12":253,"1.211036207E12":224,"1.211044176E12":289,"1.211037119E12":233,"1.211023023E12":57,"1.211076046E12":363,"1.21107246E12":361,"1.211023481E12":66,"1.211260592E12":386,"1.211019053E12":3,"1.211020874E12":36,"1.21102917E12":134,"1.211342565E12":388,"1.211026655E12":106,"1.211031586E12":160,"1.211042152E12":272,"1.211060417E12":344,"1.211026788E12":109,"1.211049871E12":316,"1.211026053E12":85,"1.211072734E12":362,"1.211023128E12":59,"1.211023345E12":64,"1.211056973E12":336,"1.211035469E12":212,"1.211026199E12":91,"1.211036406E12":229,"1.211022415E12":53,"1.211122967E12":380,"1.211028761E12":125,"1.211045613E12":296,"1.211066253E12":352,"1.211088507E12":374,"1.211037437E12":239,"1.211032394E12":176,"1.211047531E12":307,"1.211124765E12":381,"1.211053482E12":327,"1.211044057E12":284,"1.211043269E12":283,"1.211023507E12":67,"1.211024004E12":71,"1.211047852E12":309,"1.2110703E12":360,"1.211057593E12":339,"1.211022262E12":52,"1.211021499E12":43,"1.211027709E12":116,"1.211032911E12":182,"1.211034042E12":200,"1.211030608E12":148,"1.211032194E12":174,"1.211040932E12":266,"1.211094943E12":376,"1.211040813E12":262,"1.211029778E12":141,"1.211022825E12":56,"1.211035793E12":216,"1.211028648E12":121,"1.211028766E12":127,"1.211339321E12":387,"1.211040927E12":265,"1.211020147E12":27,"1.211032741E12":179,"1.211040436E12":257,"1.211023251E12":61,"1.211020499E12":32,"1.211025463E12":77,"1.211026067E12":86,"1.211053654E12":328,"1.211036306E12":227,"1.21102613E12":88,"1.211038863E12":250,"1.211028839E12":130,"1.211069685E12":359,"1.211052552E12":323,"1.211044058E12":285,"1.211035516E12":213,"1.21102181E12":48,"1.211035872E12":218,"1.211028693E12":123,"1.211077101E12":365,"1.211048128E12":311,"1.211038714E12":248,"1.211036762E12":231,"1.211081391E12":371,"1.211035321E12":207,"1.211019504E12":25,"1.211027466E12":110,"1.211028072E12":119,"1.211077427E12":366,"1.211055209E12":329,"1.211032422E12":177,"1.211022418E12":54,"1.211034043E12":201,"1.211042079E12":271,"1.211031737E12":163,"1.211033506E12":188,"1.211040011E12":255,"1.211026451E12":99,"1.211032056E12":173,"1.21104083E12":263,"1.211035449E12":211,"1.21102113E12":38,"1.211021259E12":40,"1.211019215E12":15,"1.211098923E12":377,"1.21102596E12":82,"1.211028855E12":131,"1.211018404E12":1,"1.211056747E12":335,"1.211040483E12":258,"1.21102757E12":115,"1.211019458E12":21,"1.211028819E12":129,"1.211035829E12":217,"1.211020767E12":35,"1.21102649E12":102,"1.211028063E12":118,"1.211046819E12":304,"1.211152185E12":383,"1.211057469E12":338,"1.211051596E12":321,"1.211181328E12":384,"1.211057239E12":337,"1.211023319E12":63,"1.21103135E12":158,"1.211032468E12":178,"1.211019495E12":24,"1.211021647E12":45,"1.211028893E12":132,"1.211020065E12":26,"1.211067561E12":356,"1.211051083E12":319,"1.211036402E12":228,"1.211019061E12":7,"1.211033592E12":190,"1.211076049E12":364,"1.211029316E12":135,"1.21101948E12":23,"1.211035165E12":203,"1.211038575E12":246,"1.21103147E12":159,"1.211205033E12":385,"1.211055643E12":333,"1.211026535E12":103,"1.211030413E12":146,"1.211028664E12":122,"1.211042491E12":279,"1.21105186E12":322,"1.211031107E12":156,"1.211026327E12":93,"1.211044059E12":286,"1.211031753E12":165,"1.21101924E12":17,"1.211044561E12":291,"1.211036199E12":223,"1.211025334E12":76,"1.211046616E12":303,"1.211019059E12":6,"1.211035317E12":206,"1.211021197E12":39,"1.211028762E12":126,"1.211056667E12":334,"1.211026432E12":98,"1.211042064E12":270,"1.211055462E12":332,"1.211033759E12":194,"1.211040882E12":264,"1.21103564E12":214,"1.211019052E12":2,"1.211030022E12":143,"1.21103204E12":170,"1.211030663E12":151,"1.211033518E12":189,"1.211060597E12":347,"1.211026015E12":84,"1.211030393E12":145,"1.211058146E12":340,"1.211080429E12":369,"1.211043122E12":282,"1.211025526E12":78,"1.211029515E12":138,"1.211021685E12":46,"1.21102678E12":108,"1.211028713E12":124,"1.211037486E12":240,"1.211114479E12":378,"1.211039436E12":251,"1.211087469E12":373,"1.21102633E12":94,"1.211019466E12":22,"1.211026265E12":92,"1.211022456E12":55,"1.211025541E12":79,"1.211020563E12":34,"1.21103591E12":220,"1.211031639E12":161,"1.211026484E12":101,"1.211033843E12":197,"1.211045618E12":297,"1.211023429E12":65,"1.211127168E12":382,"1.211029756E12":140,"1.211059902E12":343,"1.211023945E12":70,"1.211038411E12":245,"1.211037186E12":236,"1.211035901E12":219,"1.211026391E12":96,"1.211021281E12":41,"1.2110311E12":155,"1.211079696E12":368,"1.211041609E12":269,"1.211023187E12":60,"1.211027545E12":114,"1.211041374E12":267,"1.21104661E12":302,"1.211079102E12":367,"1.211042654E12":281,"1.211042193E12":273,"1.211058207E12":341,"1.211025987E12":83,"1.211053434E12":325,"1.211026184E12":90,"1.211032018E12":169,"1.211019095E12":13,"1.211040493E12":259,"1.211036467E12":230,"1.211019376E12":20,"1.211029586E12":139,"1.211026559E12":104,"1.211067783E12":357,"1.211033663E12":192,"1.211044077E12":287,"1.211032901E12":181,"1.211023254E12":62,"1.211026426E12":97,"1.211037577E12":242,"1.21102637E12":95,"1.211040056E12":256,"1.211086868E12":372,"1.211051427E12":320,"1.21103082E12":153,"1.211035092E12":202,"1.211036173E12":222,"1.211031752E12":164,"1.211035392E12":209,"1.211027524E12":113,"1.211019066E12":9,"1.211030136E12":144,"1.211042559E12":280,"1.211039628E12":252,"1.211061284E12":348,"1.211020312E12":30,"1.211038394E12":244,"1.211046413E12":301,"1.211069515E12":358,"1.211118902E12":379,"1.211029412E12":137,"1.211065133E12":350,"1.211030633E12":150,"1.211037141E12":235,"1.211045881E12":299,"1.211053469E12":326,"1.211029019E12":133,"1.211032195E12":175,"1.211025109E12":75,"1.211035355E12":208,"1.211033611E12":191,"1.21103529E12":205,"1.211040681E12":261,"1.211042388E12":278,"1.21102184E12":49,"1.211021896E12":50,"1.211024412E12":73,"1.211021744E12":47,"1.211033965E12":199,"1.211038613E12":247,"1.211042362E12":277,"1.211066505E12":353,"1.21103115E12":157,"1.211037247E12":237,"1.211020247E12":28,"1.211050157E12":317,"1.211047523E12":306,"1.211065726E12":351,"1.211037253E12":238,"1.211021454E12":42,"1.211060558E12":346,"1.211060503E12":345,"1.211031812E12":167,"1.211019242E12":19,"1.211033825E12":196,"1.211026086E12":87,"1.211019083E12":12,"1.21103367E12":193,"1.211036227E12":225,"1.211023524E12":68,"1.211067184E12":355,"1.211058624E12":342,"1.211030702E12":152,"1.211021926E12":51,"1.211031641E12":162,"1.211019074E12":11,"1.211050897E12":318,"1.211046406E12":300,"1.211036149E12":221,"1.211024424E12":74,"1.211042246E12":274,"1.211053085E12":324,"1.21103278E12":180,"1.211023906E12":69,"1.211026769E12":107,"1.211027755E12":117,"1.211026179E12":89,"1.21103095E12":154,"1.211026623E12":105,"1.211032042E12":172,"1.211027483E12":111,"1.211044836E12":292,"1.211066687E12":354,"1.211021612E12":44,"1.211028139E12":120,"1.211019221E12":16,"1.211019112E12":14,"1.211055359E12":331,"1.211048517E12":314,"1.211038732E12":249,"1.211023039E12":58,"1.211032987E12":183,"1.211035172E12":204},"NUMBER_OF_PEOPLE":400,"minTimeSeen":1.211018404E12,"maxTimeSeen":1.211558405E12,"NEIGHBORHOOD_RADIUS":20.0,"ENCOUNTER_CHANCE":0.05,