{"propagationData":{"1.211036591E12":221,"1.211029052E12":92,"1.21103066E12":118,"1.211082554E12":359,"1.211018771E12":23,"1.211031981E12":144,"1.211078116E12":353,"1.211031202E12":128,"1.211064866E12":339,"1.211035678E12":201,"1.211051673E12":324,"1.211023171E12":65,"1.211018877E12":32,"1.211032466E12":158,"1.211083008E12":361,"1.211023514E12":67,"1.211018734E12":12,"1.211034531E12":177,"1.21102467E12":72,"1.211112815E12":374,"1.211029977E12":97,"1.211034491E12":175,"1.211093148E12":368,"1.211034834E12":183,"1.211036177E12":211,"1.211050586E12":316,"1.211039609E12":254,"1.211220559E12":384,"1.211031429E12":130,"1.21109324E12":369,"1.211036361E12":214,"1.211036115E12":209,"1.211030372E12":109,"1.211032029E12":147,"1.211050995E12":318,"1.211025023E12":77,"1.211081772E12":356,"1.211041689E12":271,"1.211037214E12":226,"1.211036992E12":225,"1.21106041E12":329,"1.211083708E12":363,"1.211021561E12":55,"1.211020584E12":47,"1.211022374E12":57,"1.211038896E12":246,"1.211030137E12":99,"1.211035342E12":192,"1.211075827E12":347,"1.211063314E12":333,"1.211049856E12":311,"1.211018834E12":30,"1.211018807E12":28,"1.21103625E12":212,"1.211044842E12":290,"1.211018669E12":7,"1.211040297E12":262,"1.211047425E12":299,"1.21104167E12":270,"1.211030248E12":104,"1.21102683E12":83,"1.211018567E12":6,"1.211031329E12":129,"1.211082731E12":360,"1.211021493E12":53,"1.211023014E12":62,"1.211032732E12":165,"1.211048052E12":305,"1.211024656E12":71,"1.21103177E12":133,"1.211037279E12":230,"1.211035421E12":194,"1.211064408E12":336,"1.211037269E12":229,"1.211043139E12":282,"1.211022337E12":56,"1.211031822E12":138,"1.21103463E12":181,"1.211030912E12":126,"1.211031767E12":132,"1.211018766E12":19,"1.211019428E12":36,"1.211019909E12":42,"1.211033171E12":170,"1.211036265E12":213,"1.211036172E12":210,"1.211032652E12":162,"1.211061228E12":332,"1.211047908E12":304,"1.211022719E12":59,"1.211036018E12":205,"1.211037319E12":233,"1.211035604E12":200,"1.211038635E12":244,"1.211038443E12":240,"1.21105128E12":320,"1.211034544E12":179,"1.211096015E12":372,"1.211042569E12":274,"1.211021435E12":52,"1.211030546E12":114,"1.211042747E12":279,"1.211075769E12":346,"1.211032023E12":146,"1.211047143E12":296,"1.21103219E12":151,"1.211028583E12":89,"1.211031834E12":139,"1.211032183E12":150,"1.211030639E12":117,"1.211040819E12":265,"1.211018762E12":18,"1.211037314E12":231,"1.211028651E12":90,"1.211032626E12":161,"1.211032657E12":163,"1.211023856E12":70,"1.211026871E12":84,"1.211051475E12":322,"1.211043857E12":283,"1.211047577E12":301,"1.21104064E12":264,"1.211048705E12":307,"1.211019439E12":38,"1.211035344E12":193,"1.211032212E12":153,"1.211085025E12":364,"1.211023623E12":69,"1.211047846E12":302,"1.211074318E12":344,"1.211037662E12":234,"1.211031979E12":143,"1.211036039E12":207,"1.211060351E12":328,"1.211030687E12":121,"1.211030416E12":110,"1.211018929E12":34,"1.211050052E12":312,"1.211018562E12":5,"1.211035265E12":188,"1.211032997E12":167,"1.211044019E12":285,"1.211039997E12":258,"1.211029906E12":96,"1.211066971E12":343,"1.211023086E12":63,"1.211039428E12":250,"1.211032096E12":149,"1.211025209E12":79,"1.211034521E12":176,"1.211031775E12":134,"1.211031943E12":142,"1.211031991E12":145,"1.211035514E12":197,"1.21103992E12":256,"1.211018768E12":21,"1.211018404E12":2,"1.211030299E12":105,"1.211031557E12":131,"1.211049812E12":310,"1.211030142E12":100,"1.21102064E12":48,"1.211035601E12":199,"1.211077725E12":351,"1.211050353E12":315,"1.211029342E12":94,"1.21101985E12":41,"1.211030428E12":112,"1.211032468E12":159,"1.211045826E12":291,"1.211026109E12":82,"1.21104657E12":294,"1.211051083E12":319,"1.211019374E12":35,"1.211066538E12":342,"1.211022772E12":60,"1.211018419E12":3,"1.211034999E12":187,"1.211038527E12":243,"1.211027916E12":87,"1.211060114E12":327,"1.211064348E12":335,"1.211018852E12":31,"1.211119124E12":376,"1.211061007E12":330,"1.211041598E12":269,"1.211018701E12":8,"1.21107779E12":352,"1.211035455E12":196,"1.211034836E12":184,"1.211030665E12":119,"1.211030245E12":103,"1.211042592E12":275,"1.211019661E12":39,"1.211030813E12":124,"1.211031776E12":135,"1.211051313E12":321,"1.21109352E12":370,"1.211039507E12":251,"1.211018805E12":26,"1.211083653E12":362,"1.211037265E12":228,"1.211032455E12":157,"1.211046037E12":292,"1.211040858E12":266,"1.211039971E12":257,"1.211046605E12":295,"1.21102508E12":78,"1.211037318E12":232,"1.211039028E12":247,"1.211117862E12":375,"1.211020745E12":51,"1.211065112E12":340,"1.211031853E12":140,"1.211020705E12":49,"1.211020189E12":46,"1.211035549E12":198,"1.211037668E12":236,"1.211018816E12":29,"1.21107675E12":349,"1.211041148E12":267,"1.211022945E12":61,"1.211039999E12":259,"1.211018806E12":27,"1.211044263E12":287,"1.211035957E12":203,"1.211033011E12":168,"1.211030427E12":111,"1.211036884E12":224,"1.211030335E12":107,"1.211023158E12":64,"1.211046513E12":293,"1.211032062E12":148,"1.211022583E12":58,"1.211082039E12":357,"1.211044393E12":288,"1.211024726E12":74,"1.211042727E12":278,"1.211019743E12":40,"1.211125082E12":378,"1.211042503E12":272,"1.211035973E12":204,"1.211026994E12":85,"1.211036876E12":223,"1.211030801E12":123,"1.2110353E12":189,"1.211036055E12":208,"1.211019431E12":37,"1.21103317E12":169,"1.211043872E12":284,"1.211165057E12":381,"1.211034475E12":174,"1.211023509E12":66,"1.211047408E12":298,"1.211034953E12":185,"1.211040243E12":261,"1.211028756E12":91,"1.211018557E12":4,"1.211032337E12":156,"1.211032313E12":154,"1.21103952E12":253,"1.21103268E12":164,"1.211081508E12":355,"1.211039515E12":252,"1.211035859E12":202,"1.211030197E12":101,"1.211027717E12":86,"1.211018772E12":24,"1.211038771E12":245,"1.211038493E12":242,"1.211032196E12":152,"1.211064441E12":337,"1.211024832E12":75,"1.211030436E12":113,"1.211040408E12":263,"1.211032961E12":166,"1.211019935E12":43,"1.211032547E12":160,"1.21103499E12":186,"1.211342558E12":388,"1.211049775E12":309,"1.211211386E12":383,"1.211029373E12":95,"1.211029305E12":93,"1.21101876E12":16,"1.211030343E12":108,"1.211034322E12":173,"1.211038181E12":239,"1.2110899E12":365,"1.211025517E12":80,"1.211035308E12":190,"1.21106008E12":326,"1.211030637E12":116,"1.211060066E12":325,"1.21102488E12":76,"1.21103645E12":217,"1.211039044E12":248,"1.211034826E12":182,"1.211037834E12":237,"1.211042519E12":273,"1.211025702E12":81,"1.211030772E12":122,"1.211034542E12":178,"1.211030238E12":102,"1.211018753E12":14,"1.211036533E12":220,"1.211042618E12":276,"1.211019956E12":44,"1.211049149E12":308,"1.211031794E12":136,"1.211039878E12":255,"1.211018736E12":13,"1.211065121E12":341,"1.211030314E12":106,"1.211042658E12":277,"1.211091755E12":367,"1.211018924E12":33,"1.211018767E12":20,"1.211162149E12":379,"1.211043126E12":281,"1.211035329E12":191,"1.21104418E12":286,"1.211030891E12":125,"1.211064243E12":334,"1.211038066E12":238,"1.211030678E12":120,"1.211050337E12":314,"1.211036465E12":218,"1.211246597E12":386,"1.211061215E12":331,"1.211310828E12":387,"1.2110747E12":345,"1.211048364E12":306,"1.211030058E12":98,"1.211037254E12":227,"1.211036493E12":219,"1.21101877E12":22,"1.211019978E12":45,"1.211050601E12":317,"1.211028351E12":88,"1.211030559E12":115,"1.211036616E12":222,"1.211047523E12":300,"1.211040185E12":260,"1.211036418E12":215,"1.211020731E12":50,"1.211050092E12":313,"1.211162304E12":380,"1.211091274E12":366,"1.211044795E12":289,"1.211036439E12":216,"1.211034576E12":180,"1.211021505E12":54,"1.211031144E12":127,"1.211082234E12":358,"1.211178438E12":382,"1.211018758E12":15,"1.211031867E12":141,"1.211035435E12":195,"1.211037667E12":235,"1.211039055E12":249,"1.21104787E12":303,"1.211047364E12":297,"1.211078453E12":354,"1.211093932E12":371,"1.211075841E12":348,"1.211042968E12":280,"1.211038491E12":241,"1.211242961E12":385,"1.211023533E12":68,"1.211064533E12":338,"1.211076765E12":350,"1.211034137E12":171,"1.211034316E12":172,"1.211119773E12":377,"1.211111919E12":373,"1.211041573E12":268,"1.211018761E12":17,"1.211032334E12":155,"1.211031819E12":137,"1.211051656E12":323},"NUMBER_OF_PEOPLE":400,"minTimeSeen":1.211018404E12,"maxTimeSeen":1.211558405E12,"NEIGHBORHOOD_RADIUS":20.0,