{"propagationData":{"1.211112473E12":318,"1.211080727E12":121,"1.211071612E12":51,"1.211076952E12":88,"1.211084837E12":154,"1.211088492E12":191,"1.2111332E12":348,"1.211094739E12":253,"1.211072027E12":56,"1.211083861E12":139,"1.211102354E12":300,"1.211097636E12":270,"1.211074083E12":65,"1.211080634E12":117,"1.211116909E12":327,"1.211100414E12":287,"1.211080662E12":118,"1.211105087E12":311,"1.211100816E12":289,"1.211094348E12":250,"1.211090443E12":211,"1.211075629E12":77,"1.211141075E12":355,"1.211084036E12":142,"1.211097879E12":272,"1.21109231E12":225,"1.211092294E12":224,"1.211103843E12":305,"1.211084395E12":150,"1.211090423E12":210,"1.211103533E12":303,"1.211089251E12":201,"1.211093647E12":242,"1.211080251E12":116,"1.211086622E12":169,"1.211076021E12":82,"1.211082551E12":134,"1.21108434E12":149,"1.211084666E12":152,"1.211074254E12":68,"1.211118842E12":329,"1.211104211E12":307,"1.211094022E12":246,"1.211092891E12":231,"1.211067221E12":18,"1.21107705E12":90,"1.211086752E12":171,"1.211104751E12":309,"1.211067986E12":25,"1.211098353E12":275,"1.211076297E12":86,"1.211073944E12":63,"1.211084998E12":156,"1.211111581E12":317,"1.211073769E12":60,"1.211100012E12":284,"1.211133802E12":349,"1.211096871E12":267,"1.211088624E12":192,"1.211067132E12":17,"1.21109884E12":278,"1.211035752E12":6,"1.211035956E12":8,"1.211088379E12":189,"1.21108427E12":146,"1.211113176E12":319,"1.211071856E12":54,"1.211127124E12":344,"1.211071239E12":44,"1.211079786E12":108,"1.21112462E12":338,"1.211088921E12":196,"1.211084691E12":153,"1.211093074E12":233,"1.211072259E12":58,"1.211084936E12":155,"1.211101568E12":295,"1.211075925E12":79,"1.211074086E12":66,"1.211075554E12":76,"1.2110827E12":136,"1.211093547E12":240,"1.211071768E12":52,"1.211020655E12":2,"1.211075084E12":74,"1.211092419E12":227,"1.211066573E12":16,"1.211084547E12":151,"1.21110093E12":291,"1.211071947E12":55,"1.21108002E12":112,"1.211097759E12":271,"1.211088828E12":195,"1.211079684E12":106,"1.211090608E12":214,"1.211081656E12":126,"1.211081668E12":127,"1.21114519E12":358,"1.211086437E12":168,"1.211089586E12":205,"1.211078248E12":99,"1.21109925E12":281,"1.211093397E12":236,"1.211074222E12":67,"1.211080676E12":119,"1.211082249E12":129,"1.211095E12":256,"1.211072235E12":57,"1.21111996E12":332,"1.211093524E12":239,"1.211104305E12":308,"1.211101944E12":296,"1.211035779E12":7,"1.211140971E12":353,"1.211096249E12":262,"1.211071552E12":49,"1.21107868E12":101,"1.211069143E12":33,"1.211091292E12":216,"1.211077104E12":91,"1.211105165E12":312,"1.211075931E12":80,"1.211082274E12":130,"1.211078046E12":95,"1.211079758E12":107,"1.211129657E12":346,"1.211091373E12":218,"1.211074895E12":73,"1.211086249E12":165,"1.21109934E12":282,"1.211070908E12":40,"1.211080065E12":114,"1.211066399E12":15,"1.211080732E12":122,"1.211084017E12":141,"1.211071603E12":50,"1.211115974E12":324,"1.211093452E12":238,"1.211077747E12":93,"1.211086945E12":174,"1.211085643E12":163,"1.211140484E12":351,"1.211089063E12":198,"1.211075991E12":81,"1.211087972E12":186,"1.211072802E12":59,"1.211094861E12":254,"1.211115756E12":322,"1.211082277E12":131,"1.21109173E12":219,"1.211069067E12":32,"1.211099226E12":280,"1.211085167E12":159,"1.211096103E12":261,"1.211093552E12":241,"1.211078228E12":98,"1.211079231E12":102,"1.211087674E12":181,"1.211018404E12":1,"1.21111686E12":326,"1.211087646E12":180,"1.211074453E12":70,"1.211083964E12":140,"1.211089468E12":204,"1.211092356E12":226,"1.211119083E12":330,"1.21102393E12":5,"1.21107613E12":85,"1.211095728E12":260,"1.211068526E12":29,"1.211092637E12":230,"1.211076049E12":84,"1.211073792E12":62,"1.211096803E12":266,"1.211088167E12":188,"1.211083576E12":138,"1.211089085E12":199,"1.21108015E12":115,"1.211093667E12":243,"1.211092572E12":229,"1.211078412E12":100,"1.21108783E12":183,"1.211140991E12":354,"1.211095034E12":257,"1.211114395E12":321,"1.211079976E12":111,"1.211045423E12":11,"1.211140737E12":352,"1.211100363E12":286,"1.211095691E12":259,"1.211085135E12":158,"1.211100963E12":292,"1.211105525E12":313,"1.211088656E12":193,"1.211146399E12":359,"1.211142041E12":356,"1.211078153E12":96,"1.211102892E12":301,"1.211095403E12":258,"1.21109291E12":232,"1.211127074E12":343,"1.211067471E12":22,"1.211088965E12":197,"1.211074408E12":69,"1.211103823E12":304,"1.21108252E12":133,"1.211120304E12":333,"1.211100812E12":288,"1.211094303E12":249,"1.211088124E12":187,"1.211086902E12":173,"1.21109019E12":209,"1.21109741E12":269,"1.211089433E12":203,"1.211075744E12":78,"1.211093856E12":245,"1.211085663E12":164,"1.211136416E12":350,"1.211047278E12":13,"1.211070314E12":36,"1.211067288E12":20,"1.211103418E12":302,"1.211107327E12":315,"1.211148209E12":361,"1.211067594E12":23,"1.211087043E12":176,"1.211081731E12":128,"1.211087728E12":182,"1.211104968E12":310,"1.211077973E12":94,"1.211094955E12":255,"1.211084331E12":147,"1.211043997E12":10,"1.211084171E12":145,"1.211101562E12":294,"1.211070798E12":38,"1.211079243E12":103,"1.211100838E12":290,"1.211071386E12":47,"1.211113536E12":320,"1.211093683E12":244,"1.211082682E12":135,"1.211098546E12":277,"1.211115936E12":323,"1.211074677E12":72,"1.211090485E12":212,"1.211089773E12":207,"1.211103933E12":306,"1.211046993E12":12,"1.211050404E12":14,"1.211098192E12":274,"1.211089322E12":202,"1.211070872E12":39,"1.211088681E12":194,"1.21107644E12":87,"1.211079859E12":110,"1.211087865E12":184,"1.211089222E12":200,"1.211070974E12":41,"1.211100229E12":285,"1.211120969E12":334,"1.211106713E12":314,"1.211125567E12":339,"1.211069667E12":34,"1.211068052E12":26,"1.211096665E12":264,"1.211071292E12":45,"1.211087224E12":178,"1.211081161E12":125,"1.211071345E12":46,"1.211080055E12":113,"1.211093443E12":237,"1.211085006E12":157,"1.211086729E12":170,"1.211179589E12":363,"1.211118648E12":328,"1.211091276E12":215,"1.211079466E12":104,"1.211078194E12":97,"1.21108523E12":162,"1.211074521E12":71,"1.211098171E12":273,"1.211035995E12":9,"1.211087108E12":177,"1.211067237E12":19,"1.211073777E12":61,"1.211116124E12":325,"1.211090521E12":213,"1.211087293E12":179,"1.211086252E12":166,"1.211084096E12":143,"1.211092034E12":222,"1.211079818E12":109,"1.211080878E12":123,"1.211110499E12":316,"1.211099985E12":283,"1.211094503E12":251,"1.211083212E12":137,"1.211127246E12":345,"1.211148123E12":360,"1.211084336E12":148,"1.211101513E12":293,"1.211068276E12":27,"1.211084105E12":144,"1.211068398E12":28,"1.211087893E12":185,"1.211023881E12":4,"1.211102274E12":298,"1.21108844E12":190,"1.211126384E12":340,"1.211074008E12":64,"1.211079502E12":105,"1.211098398E12":276,"1.211086861E12":172,"1.211093359E12":235,"1.211093311E12":234,"1.211145177E12":357,"1.211086987E12":175,"1.21107704E12":89,"1.211090143E12":208,"1.211096887E12":268,"1.21102236E12":3,"1.211124344E12":337,"1.211119224E12":331,"1.211089772E12":206,"1.211102291E12":299,"1.211075445E12":75,"1.211092509E12":228,"1.211086308E12":167,"1.211067438E12":21,"1.211092024E12":221,"1.211099146E12":279,"1.211096787E12":265,"1.211082357E12":132,"1.211148312E12":362,"1.211076043E12":83,"1.211071779E12":53,"1.211071064E12":42,"1.211077227E12":92,"1.211096391E12":263,"1.211129753E12":347,"1.211094698E12":252,"1.211070794E12":37,"1.211121167E12":335,"1.211092094E12":223,"1.211094088E12":247,"1.211094215E12":248,"1.211069753E12":35,"1.211081035E12":124,"1.211126386E12":341,"1.21112695E12":342,"1.211101962E12":297,"1.211071453E12":48,"1.211091842E12":220,"1.211122424E12":336,"1.21109135E12":217,"1.211080682E12":120,"1.211068806E12":31,"1.211071153E12":43,"1.211067598E12":24,"1.211085175E12":161},"NUMBER_OF_PEOPLE":400,"minTimeSeen":1.211018404E12,"maxTimeSeen":1.211558405E12,"NEIGHBORHOOD_RADIUS":20.0,"ENCOUNTER_CHANCE":0.05,"priority":1.0,"duration":540001.0,"minutesDuration":9000.016666666666,"hoursDuration":150.00027777777777,"daysDuration":6.250011574074073}
