{"propagationData":{"1.211133908E12":370,"1.211047102E12":131,"1.211053773E12":205,"1.21144115E12":388,"1.211022872E12":6,"1.211055449E12":215,"1.211056293E12":226,"1.211076324E12":324,"1.211044636E12":87,"1.211105044E12":362,"1.211058574E12":246,"1.211055662E12":217,"1.211044664E12":88,"1.211021098E12":4,"1.211040104E12":39,"1.211049746E12":171,"1.211054796E12":211,"1.211048782E12":157,"1.21107061E12":297,"1.211050189E12":176,"1.211037928E12":15,"1.211045933E12":120,"1.211054344E12":208,"1.211045392E12":101,"1.211060527E12":262,"1.211059263E12":252,"1.211056193E12":223,"1.211043871E12":74,"1.211044865E12":93,"1.211075394E12":315,"1.211018792E12":2,"1.211044967E12":95,"1.211047687E12":141,"1.211043981E12":78,"1.211049721E12":170,"1.211439295E12":387,"1.211045769E12":116,"1.211061144E12":268,"1.211057516E12":233,"1.211188968E12":381,"1.21104905E12":160,"1.21104791E12":147,"1.211156677E12":374,"1.21105756E12":235,"1.211043605E12":72,"1.211040522E12":44,"1.211051062E12":184,"1.211175479E12":380,"1.211066662E12":290,"1.211061415E12":271,"1.211059619E12":256,"1.211038344E12":19,"1.211057881E12":240,"1.211089059E12":354,"1.211060819E12":265,"1.211039618E12":35,"1.211066459E12":289,"1.211045665E12":111,"1.211051421E12":188,"1.21104756E12":138,"1.211074986E12":313,"1.211051431E12":189,"1.211045386E12":100,"1.211107793E12":365,"1.211058614E12":247,"1.211074955E12":311,"1.211040418E12":43,"1.211045783E12":117,"1.211038008E12":17,"1.21104688E12":126,"1.211234315E12":384,"1.211065224E12":285,"1.211059043E12":249,"1.211058416E12":245,"1.211042252E12":54,"1.211041382E12":47,"1.211075776E12":320,"1.211041577E12":48,"1.211076991E12":327,"1.211073731E12":309,"1.211060574E12":263,"1.211055632E12":216,"1.211043402E12":65,"1.211066196E12":287,"1.211048542E12":155,"1.211054635E12":209,"1.211051821E12":192,"1.21107616E12":323,"1.211063518E12":281,"1.211054816E12":212,"1.211047159E12":132,"1.21105955E12":255,"1.211062232E12":274,"1.211039593E12":34,"1.211047721E12":142,"1.211061684E12":273,"1.211043411E12":67,"1.211052448E12":198,"1.211052074E12":197,"1.211059924E12":259,"1.211070826E12":299,"1.211038538E12":22,"1.211085072E12":345,"1.211057622E12":237,"1.21104573E12":112,"1.211084484E12":342,"1.211060823E12":266,"1.211058676E12":248,"1.211046317E12":122,"1.211049428E12":166,"1.211161296E12":375,"1.211056084E12":221,"1.211044091E12":82,"1.211085613E12":347,"1.211084246E12":341,"1.211044395E12":85,"1.211042774E12":58,"1.211046982E12":128,"1.211045741E12":114,"1.211111732E12":366,"1.211059778E12":258,"1.211037565E12":8,"1.211045427E12":102,"1.21104314E12":62,"1.211048537E12":154,"1.211073283E12":307,"1.211047198E12":134,"1.211022681E12":5,"1.211071384E12":302,"1.211054779E12":210,"1.211083641E12":340,"1.211241433E12":385,"1.211072985E12":306,"1.211038569E12":24,"1.211048417E12":153,"1.211038714E12":27,"1.21104934E12":165,"1.211042254E12":55,"1.211049171E12":163,"1.211058086E12":243,"1.21105779E12":239,"1.2110482E12":151,"1.211050677E12":182,"1.211050383E12":177,"1.211056261E12":225,"1.211078049E12":329,"1.211128225E12":368,"1.211222386E12":383,"1.211055983E12":218,"1.211043046E12":60,"1.211102634E12":361,"1.21108679E12":350,"1.211040011E12":38,"1.21104534E12":99,"1.211049163E12":162,"1.211141925E12":372,"1.211040112E12":41,"1.211045823E12":118,"1.211045457E12":104,"1.211038548E12":23,"1.211018404E12":1,"1.21107552E12":317,"1.211051522E12":190,"1.211207747E12":382,"1.211037609E12":10,"1.211043355E12":64,"1.21103851E12":21,"1.2111067E12":363,"1.21104931E12":164,"1.211071751E12":303,"1.211071038E12":300,"1.211054888E12":214,"1.211082928E12":338,"1.211058368E12":244,"1.211040622E12":45,"1.211050524E12":179,"1.211039236E12":31,"1.211054879E12":213,"1.211059704E12":257,"1.211059536E12":254,"1.211043907E12":75,"1.211074627E12":310,"1.21105011E12":175,"1.211044775E12":91,"1.211042826E12":59,"1.211061171E12":269,"1.211092143E12":355,"1.21103936E12":32,"1.211086874E12":351,"1.21107915E12":332,"1.211051536E12":191,"1.211093379E12":356,"1.211057926E12":241,"1.21105605E12":220,"1.211044939E12":94,"1.211049837E12":172,"1.211064827E12":283,"1.211057585E12":236,"1.211124559E12":367,"1.211167568E12":377,"1.21105753E12":234,"1.211087983E12":353,"1.211042623E12":57,"1.211044025E12":80,"1.211106725E12":364,"1.211060124E12":260,"1.211062235E12":275,"1.211043511E12":71,"1.211041674E12":50,"1.211047887E12":146,"1.211050593E12":180,"1.211044003E12":79,"1.211046985E12":129,"1.211038336E12":18,"1.211063262E12":278,"1.211044683E12":89,"1.211068658E12":292,"1.211085039E12":344,"1.211039748E12":37,"1.211131737E12":369,"1.211080796E12":335,"1.211060322E12":261,"1.211081115E12":337,"1.211044117E12":83,"1.211041784E12":52,"1.21104164E12":49,"1.21104805E12":149,"1.211141847E12":371,"1.211076883E12":325,"1.211085104E12":346,"1.211038997E12":29,"1.211066426E12":288,"1.211086225E12":349,"1.211053613E12":203,"1.211039433E12":33,"1.211049914E12":174,"1.211076945E12":326,"1.211043495E12":70,"1.21104904E12":159,"1.211080964E12":336,"1.211045336E12":98,"1.211051193E12":186,"1.211037794E12":14,"1.211063352E12":280,"1.211037619E12":11,"1.211046968E12":127,"1.211078778E12":331,"1.211070486E12":296,"1.211062779E12":277,"1.211057679E12":238,"1.211045514E12":107,"1.211075657E12":319,"1.211045067E12":96,"1.211062536E12":276,"1.211047667E12":140,"1.211056608E12":229,"1.21104945E12":167,"1.211052624E12":199,"1.211152095E12":373,"1.211069737E12":293,"1.211045737E12":113,"1.211065906E12":286,"1.211039105E12":30,"1.211043306E12":63,"1.211053277E12":202,"1.211045604E12":110,"1.211075585E12":318,"1.211045926E12":119,"1.211038618E12":25,"1.211049021E12":158,"1.211095614E12":360,"1.211048632E12":156,"1.211051157E12":185,"1.211051272E12":187,"1.211076011E12":322,"1.211059225E12":251,"1.211063319E12":279,"1.211051907E12":193,"1.211079963E12":333,"1.211051946E12":195,"1.21109511E12":358,"1.211078268E12":330,"1.211047729E12":143,"1.211047567E12":139,"1.211047166E12":133,"1.211051959E12":196,"1.211168228E12":378,"1.211060739E12":264,"1.211043917E12":76,"1.211087221E12":352,"1.21107176E12":304,"1.211064943E12":284,"1.211044741E12":90,"1.211168298E12":379,"1.211041811E12":53,"1.21104624E12":121,"1.211048069E12":150,"1.211061264E12":270,"1.211037738E12":12,"1.211059405E12":253,"1.211037593E12":9,"1.211080638E12":334,"1.211061643E12":272,"1.211051916E12":194,"1.211047413E12":136,"1.211063679E12":282,"1.211050783E12":183,"1.211067785E12":291,"1.211050422E12":178,"1.211075779E12":321,"1.211070169E12":295,"1.211040139E12":42,"1.211045461E12":105,"1.211037746E12":13,"1.211046332E12":123,"1.21105693E12":231,"1.21105621E12":224,"1.211043611E12":73,"1.211044118E12":84,"1.211041675E12":51,"1.211054252E12":207,"1.211073668E12":308,"1.211044841E12":92,"1.211043971E12":77,"1.211056145E12":222,"1.211075228E12":314,"1.211060874E12":267,"1.211069959E12":294,"1.211094635E12":357,"1.211043412E12":68,"1.211043109E12":61,"1.211083524E12":339,"1.211045527E12":108,"1.211053194E12":201,"1.211071083E12":301,"1.211056875E12":230,"1.211075472E12":316,"1.211071987E12":305,"1.21103891E12":28,"1.211049084E12":161,"1.211077875E12":328,"1.211047858E12":145,"1.211037549E12":7,"1.211047997E12":148,"1.211045335E12":97,"1.211047765E12":144,"1.211260624E12":386,"1.211049838E12":173,"1.211074968E12":312,"1.211057983E12":242,"1.211045577E12":109,"1.211057254E12":232,"1.211085036E12":343,"1.211042441E12":56,"1.211037939E12":16,"1.211056602E12":228,"1.211043465E12":69,"1.211046448E12":124,"1.211045494E12":106,"1.211095455E12":359,"1.211043407E12":66,"1.211021052E12":3,"1.211053785E12":206,"1.211056424E12":227,"1.211047401E12":135,"1.211085895E12":348,"1.211055985E12":219,"1.211047505E12":137,"1.211070701E12":298,"1.211038638E12":26,"1.211053717E12":204,"1.211049618E12":168,"1.211165479E12":376,"1.211047088E12":130,"1.21104106E12":46,"1.211050598E12":181,"1.211052725E12":200,"1.211039705E12":36,"1.211048273E12":152,"1.211044567E12":86,"1.211044041E12":81,"1.211059201E12":250},"NUMBER_OF_PEOPLE":400,"minTimeSeen":1.211018404E12,"maxTimeSeen":1.211558405E12,