{"propagationData":{"1.211071499E12":304,"1.211052886E12":110,"1.211080082E12":325,"1.211094922E12":361,"1.211058147E12":200,"1.211051451E12":86,"1.211063412E12":259,"1.211083206E12":335,"1.211061723E12":238,"1.211056187E12":163,"1.211061697E12":237,"1.211063527E12":260,"1.211057285E12":191,"1.211047687E12":19,"1.211059396E12":215,"1.211062961E12":253,"1.211067487E12":285,"1.211047763E12":24,"1.211056786E12":180,"1.211102658E12":371,"1.211054283E12":134,"1.211050498E12":70,"1.211055315E12":152,"1.211064362E12":273,"1.211053454E12":121,"1.211049636E12":52,"1.211051243E12":85,"1.211254947E12":387,"1.211054001E12":130,"1.211053799E12":124,"1.21105485E12":146,"1.21105759E12":195,"1.211039088E12":7,"1.211047879E12":30,"1.211052266E12":102,"1.211089489E12":354,"1.211056267E12":166,"1.211085202E12":343,"1.211053299E12":118,"1.211086076E12":346,"1.211068695E12":289,"1.2110511E12":82,"1.211058945E12":208,"1.211062095E12":240,"1.211034742E12":3,"1.211048602E12":40,"1.211085714E12":345,"1.21109081E12":357,"1.211056922E12":182,"1.21106167E12":235,"1.211052915E12":111,"1.211047421E12":13,"1.21104837E12":34,"1.211069685E12":295,"1.211085087E12":341,"1.211084017E12":338,"1.211068945E12":291,"1.211053528E12":122,"1.211080272E12":327,"1.211065562E12":278,"1.211049719E12":56,"1.211051699E12":92,"1.211061628E12":233,"1.211060243E12":221,"1.211062822E12":249,"1.211063052E12":255,"1.211054859E12":147,"1.211018404E12":1,"1.211063742E12":264,"1.211047855E12":29,"1.211053154E12":114,"1.211047647E12":17,"1.211062898E12":250,"1.211054508E12":141,"1.211077941E12":319,"1.211077756E12":316,"1.21105319E12":115,"1.211050547E12":71,"1.211053014E12":112,"1.211048562E12":39,"1.211060865E12":226,"1.211048018E12":33,"1.211260711E12":389,"1.211098422E12":365,"1.211062594E12":248,"1.211057282E12":190,"1.21107114E12":301,"1.211056331E12":168,"1.211075041E12":312,"1.211064092E12":267,"1.211065344E12":277,"1.21104845E12":36,"1.211083076E12":332,"1.211064217E12":270,"1.211055529E12":155,"1.211047704E12":21,"1.211068699E12":290,"1.211069619E12":294,"1.211088738E12":352,"1.21105697E12":183,"1.211039982E12":8,"1.211089884E12":356,"1.211038812E12":6,"1.211056744E12":178,"1.211054342E12":136,"1.211059719E12":216,"1.211076659E12":313,"1.211057735E12":197,"1.211104679E12":372,"1.211047667E12":18,"1.211101095E12":368,"1.21105505E12":150,"1.211062242E12":244,"1.211053856E12":126,"1.211049186E12":46,"1.211048515E12":37,"1.211059139E12":212,"1.211067925E12":286,"1.211068463E12":288,"1.211051131E12":84,"1.211056775E12":179,"1.211049021E12":45,"1.211054355E12":137,"1.211052607E12":105,"1.211066035E12":279,"1.211123511E12":376,"1.211055007E12":149,"1.211053626E12":123,"1.211098158E12":364,"1.211063283E12":258,"1.211051098E12":81,"1.211064624E12":274,"1.211083341E12":336,"1.211049667E12":53,"1.211057137E12":186,"1.211047937E12":31,"1.211109462E12":374,"1.211136688E12":379,"1.211052713E12":106,"1.211071279E12":302,"1.211059326E12":214,"1.211050635E12":76,"1.211050953E12":78,"1.211158239E12":385,"1.211106147E12":373,"1.211050431E12":69,"1.211049683E12":54,"1.211091174E12":358,"1.211083993E12":337,"1.211056145E12":162,"1.211050097E12":63,"1.211058986E12":209,"1.211062964E12":254,"1.211054726E12":144,"1.211137474E12":380,"1.21105672E12":176,"1.21105488E12":148,"1.211052169E12":99,"1.21106099E12":228,"1.211069378E12":292,"1.211057951E12":199,"1.211048721E12":42,"1.21109869E12":367,"1.211057425E12":193,"1.211089213E12":353,"1.211116726E12":375,"1.211051921E12":95,"1.211071848E12":307,"1.211056322E12":167,"1.211049927E12":58,"1.211056345E12":170,"1.211056224E12":164,"1.21106321E12":256,"1.211055616E12":157,"1.211053295E12":117,"1.211049256E12":48,"1.21105385E12":125,"1.211052879E12":109,"1.2110706E12":298,"1.211051046E12":80,"1.211047717E12":22,"1.211049464E12":50,"1.211054828E12":145,"1.211084636E12":340,"1.211060919E12":227,"1.211076663E12":314,"1.2110664E12":282,"1.211050364E12":68,"1.211047701E12":20,"1.211052584E12":104,"1.211047507E12":15,"1.211056338E12":169,"1.21105911E12":211,"1.211124329E12":377,"1.211056233E12":165,"1.211054185E12":131,"1.211064142E12":268,"1.211062942E12":252,"1.211053902E12":127,"1.211061582E12":232,"1.211046979E12":12,"1.21104949E12":51,"1.211053999E12":129,"1.211141801E12":381,"1.211080307E12":328,"1.21105073E12":77,"1.211076847E12":315,"1.211062518E12":247,"1.211051102E12":83,"1.211054262E12":133,"1.211052445E12":103,"1.211054564E12":142,"1.211051486E12":89,"1.211057905E12":198,"1.211080801E12":330,"1.211062488E12":246,"1.211062915E12":251,"1.211061644E12":234,"1.211087357E12":349,"1.211061254E12":231,"1.211146058E12":384,"1.211057003E12":184,"1.211058481E12":202,"1.21106019E12":220,"1.211067962E12":287,"1.211055614E12":156,"1.211063722E12":263,"1.211037461E12":5,"1.211066202E12":281,"1.211055623E12":158,"1.211064277E12":272,"1.211072311E12":308,"1.211060099E12":219,"1.211056141E12":161,"1.211079905E12":323,"1.211058753E12":206,"1.21105674E12":177,"1.21104971E12":55,"1.211070025E12":297,"1.211048921E12":44,"1.211048537E12":38,"1.211051453E12":87,"1.211072701E12":309,"1.211049266E12":49,"1.21126049E12":388,"1.21105099E12":79,"1.211093931E12":360,"1.211063758E12":265,"1.211063551E12":261,"1.211080193E12":326,"1.211057211E12":189,"1.211087433E12":351,"1.211073634E12":311,"1.211080859E12":331,"1.211086759E12":348,"1.211051918E12":94,"1.211048386E12":35,"1.211084617E12":339,"1.21105448E12":140,"1.211085251E12":344,"1.211053453E12":120,"1.211058632E12":204,"1.211061106E12":229,"1.211083151E12":333,"1.211049823E12":57,"1.211057142E12":187,"1.211071764E12":306,"1.211052236E12":101,"1.211058715E12":205,"1.211086132E12":347,"1.211063615E12":262,"1.211077797E12":317,"1.211052184E12":100,"1.211060451E12":225,"1.21105431E12":135,"1.211052013E12":97,"1.211079966E12":324,"1.211062412E12":245,"1.211078378E12":322,"1.211070749E12":300,"1.211058993E12":210,"1.21105928E12":213,"1.211078377E12":321,"1.211093352E12":359,"1.211096793E12":362,"1.211052814E12":108,"1.211047812E12":26,"1.211056817E12":181,"1.211077914E12":318,"1.211062219E12":243,"1.211054411E12":139,"1.211101316E12":369,"1.211066178E12":280,"1.211098689E12":366,"1.211066759E12":284,"1.211128641E12":378,"1.211055152E12":151,"1.211047645E12":16,"1.211047945E12":32,"1.211050571E12":74,"1.211087379E12":350,"1.211058868E12":207,"1.211065047E12":275,"1.211047467E12":14,"1.211053141E12":113,"1.211052049E12":98,"1.211056071E12":160,"1.211051695E12":91,"1.211143959E12":383,"1.211055378E12":153,"1.211048712E12":41,"1.211066735E12":283,"1.21121671E12":386,"1.21103622E12":4,"1.211096823E12":363,"1.211064237E12":271,"1.21105669E12":175,"1.211056469E12":172,"1.211143207E12":382,"1.21105335E12":119,"1.211062135E12":241,"1.21105545E12":154,"1.211078345E12":320,"1.211060066E12":218,"1.211065251E12":276,"1.211051458E12":88,"1.211050107E12":64,"1.211064155E12":269,"1.211050626E12":75,"1.211071682E12":305,"1.211052787E12":107,"1.211053966E12":128,"1.211057453E12":194,"1.211089872E12":355,"1.211056649E12":174,"1.211050083E12":62,"1.211050255E12":67,"1.211063272E12":257,"1.211070662E12":299,"1.211061674E12":236,"1.211060275E12":222,"1.211051961E12":96,"1.211049241E12":47,"1.211029567E12":2,"1.211063776E12":266,"1.211046485E12":11,"1.211050076E12":61,"1.211058503E12":203,"1.211047768E12":25,"1.211061847E12":239,"1.2110713E12":303,"1.21104879E12":43,"1.211040207E12":9,"1.211057156E12":188,"1.211047731E12":23,"1.211062162E12":242,"1.211051491E12":90,"1.211069496E12":293,"1.211053247E12":116,"1.211057688E12":196,"1.211054721E12":143,"1.211061231E12":230,"1.211069818E12":296,"1.21107272E12":310,"1.211050169E12":65,"1.211049956E12":60,"1.211050186E12":66,"1.211080417E12":329,"1.21106042E12":223,"1.211058179E12":201,"1.211083196E12":334,"1.211050558E12":73,"1.211057305E12":192,"1.21106045E12":224,"1.211056538E12":173,"1.211050555E12":72,"1.211102421E12":370,"1.211051901E12":93,"1.211056371E12":171,"1.211049946E12":59,"1.211055893E12":159,"1.211057104E12":185,"1.211047819E12":27,"1.211085195E12":342,"1.211054213E12":132,"1.211047833E12":28,"1.211059747E12":217,