{"propagationData":{"1.21104591E12":273,"1.211022654E12":53,"1.211032142E12":125,"1.211082548E12":353,"1.211037494E12":191,"1.211095784E12":370,"1.211069642E12":345,"1.211030414E12":109,"1.211043312E12":249,"1.211090062E12":367,"1.211044616E12":260,"1.211019788E12":45,"1.211035734E12":168,"1.211018462E12":9,"1.211045498E12":269,"1.211042672E12":244,"1.211039683E12":214,"1.211033349E12":145,"1.211043475E12":250,"1.211026986E12":76,"1.211034203E12":152,"1.211018884E12":23,"1.21102054E12":48,"1.211031429E12":116,"1.211044158E12":258,"1.211051516E12":297,"1.211036361E12":177,"1.211035876E12":171,"1.211322308E12":388,"1.21105157E12":298,"1.211026485E12":74,"1.211035669E12":167,"1.211056898E12":319,"1.211018632E12":15,"1.211085644E12":362,"1.211034135E12":151,"1.21116233E12":383,"1.211018461E12":8,"1.211037483E12":190,"1.211044724E12":261,"1.211030409E12":108,"1.21103485E12":157,"1.211083976E12":356,"1.211044215E12":259,"1.211044128E12":257,"1.211030035E12":99,"1.211032614E12":138,"1.21103484E12":156,"1.211035802E12":170,"1.211034119E12":150,"1.211025003E12":60,"1.211054813E12":313,"1.211041936E12":235,"1.211032374E12":133,"1.211057297E12":320,"1.211029333E12":91,"1.211043928E12":253,"1.211023625E12":56,"1.211040007E12":220,"1.211031344E12":115,"1.21106315E12":334,"1.211039618E12":213,"1.211037137E12":186,"1.211059945E12":326,"1.211038142E12":201,"1.21106968E12":346,"1.21107987E12":348,"1.211023159E12":55,"1.211034077E12":149,"1.211079958E12":350,"1.211053471E12":304,"1.211029599E12":93,"1.211084072E12":357,"1.211019725E12":43,"1.211019638E12":42,"1.211045973E12":276,"1.21115685E12":381,"1.211047219E12":283,"1.211061147E12":332,"1.211047115E12":282,"1.211019615E12":41,"1.211051935E12":299,"1.211039831E12":216,"1.211021851E12":50,"1.211042407E12":240,"1.211043117E12":246,"1.21103236E12":131,"1.211083754E12":355,"1.211038635E12":205,"1.211036478E12":179,"1.211169978E12":384,"1.211019183E12":33,"1.211045695E12":271,"1.211027709E12":79,"1.211035663E12":166,"1.211037206E12":187,"1.211040932E12":227,"1.211030308E12":105,"1.211019159E12":32,"1.211019737E12":44,"1.211037544E12":193,"1.211018747E12":16,"1.211066105E12":342,"1.211110548E12":377,"1.211018574E12":14,"1.211089182E12":364,"1.211063795E12":338,"1.211051475E12":296,"1.211025202E12":63,"1.211036732E12":181,"1.21103957E12":212,"1.211047617E12":288,"1.211025463E12":65,"1.211047282E12":284,"1.211029085E12":87,"1.211060481E12":330,"1.21105646E12":318,"1.211044097E12":256,"1.211033263E12":144,"1.211038832E12":209,"1.211045912E12":274,"1.211043137E12":247,"1.211018809E12":18,"1.211030207E12":102,"1.211070554E12":347,"1.211028757E12":81,"1.211049255E12":291,"1.211040326E12":222,"1.211045093E12":265,"1.211018464E12":10,"1.211059892E12":324,"1.211038769E12":207,"1.211036954E12":183,"1.21104148E12":233,"1.211032141E12":124,"1.21104203E12":237,"1.211160461E12":382,"1.211029728E12":96,"1.211039438E12":210,"1.211082466E12":352,"1.211025634E12":67,"1.211018404E12":1,"1.211028886E12":83,"1.211093839E12":368,"1.211041852E12":234,"1.211037609E12":195,"1.211064292E12":340,"1.211028896E12":84,"1.211027831E12":80,"1.211018497E12":13,"1.211119855E12":378,"1.211038643E12":206,"1.211058553E12":322,"1.211054394E12":308,"1.211067719E12":343,"1.211042675E12":245,"1.211038101E12":199,"1.211026337E12":73,"1.211025731E12":69,"1.211054808E12":312,"1.211084536E12":358,"1.211042076E12":238,"1.211018967E12":27,"1.21103026E12":104,"1.211028958E12":86,"1.211046828E12":280,"1.211038084E12":198,"1.211042345E12":239,"1.211032176E12":126,"1.211032502E12":137,"1.211031714E12":119,"1.211045286E12":266,"1.211025011E12":61,"1.211019469E12":39,"1.211035146E12":162,"1.211036198E12":176,"1.211045971E12":275,"1.211038557E12":203,"1.211029281E12":89,"1.211037278E12":188,"1.211032847E12":143,"1.211039729E12":215,"1.211034055E12":148,"1.211064704E12":341,"1.211032664E12":140,"1.211057373E12":321,"1.211032482E12":136,"1.211084847E12":361,"1.211097182E12":371,"1.211061005E12":331,"1.211029789E12":97,"1.211019269E12":35,"1.211082623E12":354,"1.211036129E12":173,"1.21103039E12":106,"1.211035921E12":172,"1.211052373E12":301,"1.211101668E12":374,"1.211045632E12":270,"1.211030498E12":111,"1.211037383E12":189,"1.211021364E12":49,"1.211018411E12":3,"1.211063884E12":339,"1.211045481E12":268,"1.211032372E12":132,"1.211032378E12":134,"1.211038574E12":204,"1.211018408E12":2,"1.211054456E12":309,"1.211035163E12":163,"1.21102719E12":78,"1.21104038E12":223,"1.211026272E12":72,"1.211035549E12":165,"1.21102924E12":88,"1.211046096E12":278,"1.211041063E12":229,"1.211032016E12":123,"1.211050548E12":294,"1.211045708E12":272,"1.211018959E12":25,"1.211039999E12":219,"1.21105496E12":314,"1.211018997E12":29,"1.211068948E12":344,"1.21106014E12":328,"1.211039872E12":217,"1.211037605E12":194,"1.211030619E12":112,"1.211029858E12":98,"1.211032821E12":142,"1.211036633E12":180,"1.211242964E12":386,"1.211054219E12":307,"1.211060222E12":329,"1.21109394E12":369,"1.2110601E12":327,"1.21104258E12":243,"1.211063411E12":336,"1.211019045E12":31,"1.21101846E12":7,"1.211019431E12":37,"1.211038116E12":200,"1.211019189E12":34,"1.211031626E12":118,"1.211030223E12":103,"1.211026031E12":70,"1.211053903E12":305,"1.211028821E12":82,"1.211047398E12":285,"1.211035001E12":161,"1.211030197E12":101,"1.211047936E12":290,"1.21104485E12":263,"1.211041374E12":231,"1.211029314E12":90,"1.21102275E12":54,"1.211044761E12":262,"1.211039559E12":211,"1.211033358E12":147,"1.211055069E12":315,"1.211079897E12":349,"1.211124957E12":379,"1.211023892E12":58,"1.211036734E12":182,"1.211052607E12":302,"1.211030059E12":100,"1.211063322E12":335,"1.211036969E12":184,"1.211102169E12":376,"1.211043883E12":252,"1.211027097E12":77,"1.211050585E12":295,"1.211043159E12":248,"1.211019558E12":40,"1.211018813E12":19,"1.211084705E12":359,"1.211044068E12":255,"1.211031445E12":117,"1.211052652E12":303,"1.211045396E12":267,"1.211038826E12":208,"1.211018839E12":21,"1.211042009E12":236,"1.211018989E12":28,"1.211042448E12":242,"1.211050357E12":293,"1.211037936E12":197,"1.211054517E12":310,"1.21104624E12":279,"1.21103226E12":127,"1.211035528E12":164,"1.211018472E12":11,"1.21117548E12":385,"1.211084773E12":360,"1.211032383E12":135,"1.21108745E12":363,"1.211055725E12":316,"1.211100876E12":372,"1.211039878E12":218,"1.211022292E12":52,"1.211059002E12":323,"1.211040861E12":226,"1.211030642E12":113,"1.211101954E12":375,"1.211042427E12":241,"1.211054594E12":311,"1.21112879E12":380,"1.211038165E12":202,"1.211029685E12":94,"1.211030678E12":114,"1.211034971E12":158,"1.211051981E12":300,"1.211026893E12":75,"1.211029715E12":95,"1.21101942E12":36,"1.211063773E12":337,"1.211056186E12":317,"1.211025194E12":62,"1.211054215E12":306,"1.211041434E12":232,"1.211046046E12":277,"1.211044868E12":264,"1.211030441E12":110,"1.211089831E12":365,"1.211018413E12":4,"1.211034997E12":160,"1.211018751E12":17,"1.211020176E12":46,"1.211034992E12":159,"1.211040688E12":225,"1.211021967E12":51,"1.211031765E12":121,"1.211037501E12":192,"1.21103234E12":129,"1.21103619E12":175,"1.211026137E12":71,"1.211025469E12":66,"1.211036187E12":174,"1.211019441E12":38,"1.211050186E12":292,"1.211043578E12":251,"1.211032635E12":139,"1.211047611E12":287,"1.211030401E12":107,"1.211018892E12":24,"1.211031912E12":122,"1.211029341E12":92,"1.211037073E12":185,"1.211047898E12":289,"1.211018873E12":22,"1.211018825E12":20,"1.211035755E12":169,"1.211040466E12":224,"1.211260598E12":387,"1.211019029E12":30,"1.211031723E12":120,"1.211032309E12":128,"1.211036456E12":178,"1.211025366E12":64,"1.211089924E12":366,"1.211101367E12":373,"1.211047428E12":286,"1.211041127E12":230,"1.211020184E12":47,"1.211037667E12":196,"1.211028912E12":85,"1.211062388E12":333,"1.211047082E12":281,"1.211041026E12":228,"1.211018457E12":5,"1.211018478E12":12,"1.211034236E12":153,"1.211023748E12":57,"1.211032811E12":141,"1.211025644E12":68,"1.211034271E12":154,"1.211044041E12":254,"1.211034416E12":155,"1.211024951E12":59,"1.211082448E12":351},"NUMBER_OF_PEOPLE":400,"minTimeSeen":1.211018404E12,"maxTimeSeen":1.211558405E12,