{"propagationData":{"1.211310845E12":385,"1.211040529E12":139,"1.211057368E12":281,"1.211068115E12":321,"1.211040411E12":133,"1.21104243E12":159,"1.211036449E12":57,"1.211042145E12":152,"1.211033252E12":35,"1.211044069E12":171,"1.211066727E12":315,"1.211050046E12":232,"1.211050671E12":238,"1.211070705E12":327,"1.211039874E12":127,"1.211039449E12":120,"1.211037511E12":87,"1.211044439E12":179,"1.211053606E12":256,"1.211037001E12":76,"1.211036287E12":55,"1.211038525E12":103,"1.211018417E12":5,"1.211091455E12":357,"1.211047594E12":208,"1.211044729E12":182,"1.211033594E12":37,"1.2110307E12":21,"1.211055012E12":262,"1.211030277E12":16,"1.211039467E12":121,"1.211045143E12":184,"1.211037883E12":92,"1.211042295E12":156,"1.211066057E12":313,"1.211060844E12":300,"1.211061096E12":302,"1.211060805E12":298,"1.211037845E12":91,"1.211056837E12":276,"1.211048512E12":219,"1.211058419E12":285,"1.211044209E12":175,"1.211043374E12":168,"1.211049211E12":223,"1.211021935E12":10,"1.211059051E12":292,"1.211039793E12":126,"1.211095896E12":361,"1.211085188E12":350,"1.211051548E12":244,"1.211036251E12":52,"1.21103903E12":112,"1.211066956E12":317,"1.211042183E12":153,"1.211029389E12":14,"1.211037303E12":81,"1.211032188E12":27,"1.211049367E12":225,"1.211055789E12":274,"1.211041704E12":148,"1.211071898E12":328,"1.21103185E12":23,"1.211033795E12":39,"1.21105198E12":248,"1.211043293E12":167,"1.211075706E12":341,"1.211039611E12":123,"1.211018412E12":4,"1.211028236E12":12,"1.211036209E12":51,"1.211050327E12":235,"1.211038675E12":107,"1.211040863E12":144,"1.211045871E12":193,"1.21105927E12":293,"1.211036543E12":63,"1.211056982E12":277,"1.211049827E12":229,"1.21103626E12":54,"1.211036538E12":61,"1.211036782E12":69,"1.211042377E12":157,"1.211056155E12":275,"1.211035788E12":47,"1.211062232E12":308,"1.211055773E12":272,"1.211094913E12":360,"1.211106727E12":368,"1.211031978E12":26,"1.211042571E12":162,"1.211062079E12":306,"1.211115454E12":370,"1.211080986E12":344,"1.211051956E12":247,"1.211035754E12":44,"1.211038587E12":106,"1.211125857E12":374,"1.211083492E12":348,"1.211058812E12":288,"1.211037308E12":82,"1.211054557E12":261,"1.211037081E12":78,"1.211046174E12":196,"1.211037243E12":80,"1.211044669E12":181,"1.211033118E12":34,"1.211040399E12":132,"1.211085258E12":351,"1.211039608E12":122,"1.211036919E12":71,"1.211049795E12":228,"1.211062278E12":309,"1.211055197E12":266,"1.211032914E12":32,"1.211053789E12":257,"1.211086259E12":352,"1.211055357E12":269,"1.211074505E12":338,"1.211036541E12":62,"1.211070323E12":323,"1.211129707E12":378,"1.211040122E12":129,"1.211040526E12":138,"1.21107449E12":337,"1.211030687E12":20,"1.211175481E12":381,"1.21103703E12":77,"1.211046343E12":199,"1.211043573E12":169,"1.21104841E12":218,"1.211081548E12":345,"1.211179195E12":382,"1.211052859E12":252,"1.2111279E12":376,"1.211055775E12":273,"1.21103678E12":68,"1.211042849E12":163,"1.211072664E12":331,"1.211047539E12":206,"1.211031946E12":24,"1.211042555E12":161,"1.211096175E12":362,"1.211032892E12":31,"1.211043288E12":166,"1.211082952E12":346,"1.211018404E12":3,"1.211037459E12":85,"1.211105193E12":367,"1.211066257E12":314,"1.211036559E12":64,"1.211061199E12":304,"1.211037957E12":95,"1.211040508E12":136,"1.21103232E12":28,"1.211055243E12":267,"1.211047728E12":210,"1.211039035E12":113,"1.21128569E12":384,"1.211037892E12":93,"1.211045418E12":187,"1.211046881E12":201,"1.211039398E12":118,"1.21107411E12":335,"1.211035787E12":46,"1.211321529E12":387,"1.211030107E12":15,"1.211040695E12":141,"1.211038016E12":96,"1.211070643E12":326,"1.21105507E12":263,"1.211038261E12":99,"1.211038707E12":108,"1.211098363E12":364,"1.211047767E12":212,"1.211040443E12":135,"1.211044949E12":183,"1.211045405E12":186,"1.211053281E12":255,"1.211051536E12":243,"1.211047328E12":202,"1.211163466E12":380,"1.211020491E12":7,"1.211057152E12":279,"1.21104244E12":160,"1.211045423E12":188,"1.211555795E12":389,"1.211091272E12":356,"1.211036129E12":50,"1.211077054E12":342,"1.211044114E12":172,"1.211047865E12":213,"1.21103977E12":125,"1.211040694E12":140,"1.211030408E12":17,"1.211040753E12":142,"1.211040865E12":145,"1.211041326E12":147,"1.211042247E12":154,"1.2110324E12":29,"1.211318106E12":386,"1.21105119E12":240,"1.21103656E12":65,"1.211049884E12":230,"1.211088304E12":353,"1.211057295E12":280,"1.211038289E12":100,"1.21103896E12":110,"1.211055668E12":271,"1.211054518E12":259,"1.211049308E12":224,"1.211038518E12":102,"1.211070602E12":325,"1.211052789E12":251,"1.211033731E12":38,"1.211322846E12":388,"1.211046212E12":197,"1.211036774E12":67,"1.211039374E12":117,"1.211058523E12":287,"1.211115753E12":371,"1.211049915E12":231,"1.211036981E12":74,"1.211103041E12":365,"1.211038718E12":109,"1.211073326E12":333,"1.211067212E12":319,"1.211067068E12":318,"1.211046267E12":198,"1.211042256E12":155,"1.211129263E12":377,"1.211050208E12":234,"1.211060841E12":299,"1.211036534E12":60,"1.211036259E12":53,"1.211057485E12":282,"1.211039046E12":114,"1.211070338E12":324,"1.211041804E12":149,"1.211029323E12":13,"1.211036127E12":49,"1.21104187E12":150,"1.211058072E12":284,"1.211037359E12":83,"1.211044159E12":174,"1.211039715E12":124,"1.211054553E12":260,"1.211049519E12":227,"1.211093453E12":358,"1.211058919E12":290,"1.211036451E12":58,"1.211035184E12":42,"1.211041189E12":146,"1.211044136E12":173,"1.211060927E12":301,"1.21103925E12":116,"1.211098189E12":363,"1.211045523E12":189,"1.21121042E12":383,"1.211051503E12":241,"1.211035288E12":43,"1.211047757E12":211,"1.211030705E12":22,"1.21104315E12":164,"1.211061191E12":303,"1.21104188E12":151,"1.211038345E12":101,"1.211036969E12":73,"1.211037434E12":84,"1.211061444E12":305,"1.211049503E12":226,"1.211030566E12":19,"1.211039442E12":119,"1.211048754E12":222,"1.211036363E12":56,"1.211066806E12":316,"1.211051832E12":246,"1.211031972E12":25,"1.21107332E12":332,"1.211047435E12":205,"1.211055353E12":268,"1.211062147E12":307,"1.21105059E12":237,"1.211021677E12":9,"1.211083328E12":347,"1.211050998E12":239,"1.211043265E12":165,"1.211058849E12":289,"1.211069326E12":322,"1.211047895E12":214,"1.211019345E12":6,"1.211035949E12":48,"1.211030429E12":18,"1.211028221E12":11,"1.211045368E12":185,"1.211054507E12":258,"1.211062756E12":310,"1.211037575E12":88,"1.211021547E12":8,"1.211047384E12":203,"1.211045615E12":191,"1.211036934E12":72,"1.211050141E12":233,"1.211040295E12":131,"1.21106034E12":295,"1.211048282E12":215,"1.211042426E12":158,"1.211037496E12":86,"1.211033028E12":33,"1.211035769E12":45,"1.211160475E12":379,"1.211090241E12":355,"1.211037679E12":89,"1.211048678E12":221,"1.211033444E12":36,"1.211052534E12":250,"1.211045979E12":194,"1.211058926E12":291,"1.211116024E12":372,"1.211037831E12":90,"1.211060323E12":294,"1.211090051E12":354,"1.211074037E12":334,"1.211071913E12":329,"1.211038131E12":97,"1.211065847E12":312,"1.211038546E12":104,"1.2110456E12":190,"1.211038577E12":105,"1.211048338E12":216,"1.211050502E12":236,"1.211044248E12":176,"1.211060651E12":297,"1.211040509E12":137,"1.211037194E12":79,"1.211113307E12":369,"1.211055174E12":265,"1.211048553E12":220,"1.211040837E12":143,"1.211040422E12":134,"1.21105312E12":253,"1.211047616E12":209,"1.2110401E12":128,"1.211067814E12":320,"1.211058445E12":286,"1.211103841E12":366,"1.211074147E12":336,"1.211048376E12":217,"1.211036724E12":66,"1.211074633E12":339,"1.211124201E12":373,"1.211055088E12":264,"1.21105796E12":283,"1.211053244E12":254,"1.211036456E12":59,"1.21103278E12":30,"1.211046084E12":195,"1.21105155E12":245,"1.211034465E12":40,"1.211035048E12":41,"1.211038169E12":98,"1.211127304E12":375,"1.211083913E12":349,"1.211052521E12":249,"1.211078017E12":343,"1.211094501E12":359,"1.211047401E12":204,"1.211036865E12":70,"1.211047568E12":207,"1.211065182E12":311,"1.211051526E12":242,"1.21103793E12":94,"1.211056989E12":278,"1.211071999E12":330,"1.211074796E12":340,"1.211060584E12":296,"1.211055368E12":270,"1.211039207E12":115,"1.211046633E12":200,"1.211044647E12":180,"1.211045816E12":192,"1.211040247E12":130,"1.211044044E12":170,"1.211044332E12":177},"NUMBER_OF_PEOPLE":400,"minTimeSeen":1.211018404E12,