{"propagationData":{"1.211076055E12":346,"1.211030349E12":50,"1.211040697E12":189,"1.211030193E12":45,"1.211418765E12":376,"1.211032829E12":83,"1.21103693E12":149,"1.211089906E12":353,"1.211060701E12":298,"1.211045915E12":229,"1.211058203E12":285,"1.211099239E12":357,"1.211055722E12":278,"1.211042326E12":207,"1.211030848E12":57,"1.211098845E12":356,"1.211046673E12":236,"1.211030224E12":46,"1.211041394E12":196,"1.211053459E12":273,"1.211068839E12":323,"1.211025866E12":5,"1.211137822E12":373,"1.211048681E12":254,"1.211048726E12":256,"1.211031591E12":59,"1.211037208E12":152,"1.211032957E12":85,"1.211036945E12":150,"1.211034157E12":110,"1.211105617E12":364,"1.211073813E12":340,"1.21103817E12":162,"1.21104905E12":260,"1.211032988E12":87,"1.211025471E12":4,"1.211034411E12":115,"1.211030075E12":43,"1.211077334E12":348,"1.21108964E12":351,"1.21103068E12":51,"1.211032055E12":65,"1.21103074E12":56,"1.211048611E12":252,"1.211045625E12":228,"1.211033077E12":89,"1.211032981E12":86,"1.211027156E12":15,"1.211038581E12":170,"1.211044102E12":217,"1.211067477E12":319,"1.211043909E12":214,"1.211060938E12":300,"1.211039618E12":183,"1.211058924E12":288,"1.211050538E12":266,"1.211039596E12":181,"1.211136271E12":371,"1.211060102E12":292,"1.2110421E12":205,"1.211034417E12":116,"1.211038683E12":171,"1.2110362E12":141,"1.211043859E12":213,"1.211029643E12":39,"1.211050591E12":268,"1.211035569E12":129,"1.211028994E12":33,"1.211018931E12":2,"1.21106035E12":297,"1.211060296E12":296,"1.211056684E12":279,"1.21141709E12":375,"1.211035576E12":130,"1.211032394E12":70,"1.211035488E12":128,"1.211077588E12":349,"1.211069834E12":328,"1.211032003E12":62,"1.211062689E12":304,"1.211073642E12":339,"1.21104419E12":219,"1.211038943E12":175,"1.211063406E12":309,"1.211038882E12":174,"1.211046148E12":232,"1.211058129E12":283,"1.21103493E12":120,"1.21103737E12":155,"1.211038403E12":167,"1.211066022E12":314,"1.21105798E12":282,"1.211053347E12":270,"1.211029277E12":35,"1.211032558E12":72,"1.211030941E12":58,"1.211038538E12":169,"1.211033177E12":94,"1.211027812E12":20,"1.21106083E12":299,"1.211055336E12":277,"1.211033742E12":106,"1.211130786E12":370,"1.211077617E12":350,"1.211033146E12":93,"1.211033844E12":109,"1.211035005E12":123,"1.211069976E12":329,"1.211025432E12":3,"1.211039206E12":178,"1.211042774E12":211,"1.211028699E12":28,"1.211032741E12":77,"1.211034838E12":119,"1.211039608E12":182,"1.211036083E12":137,"1.211033499E12":100,"1.211029368E12":37,"1.211033779E12":107,"1.211034235E12":112,"1.211074404E12":341,"1.211060164E12":295,"1.211045194E12":222,"1.21103318E12":96,"1.211031746E12":60,"1.211074937E12":343,"1.211035711E12":132,"1.2110387E12":172,"1.211046294E12":233,"1.211041695E12":199,"1.211029682E12":40,"1.211045918E12":230,"1.211029433E12":38,"1.211030738E12":55,"1.211041952E12":204,"1.21102664E12":9,"1.211063376E12":308,"1.211026915E12":12,"1.211030125E12":44,"1.211034477E12":117,"1.211064466E12":313,"1.211040816E12":194,"1.211075845E12":345,"1.211033302E12":98,"1.211103413E12":361,"1.211049143E12":261,"1.211030317E12":48,"1.211045411E12":224,"1.21113777E12":372,"1.211055135E12":276,"1.211018404E12":1,"1.211067333E12":318,"1.211036201E12":142,"1.211028066E12":25,"1.211060141E12":294,"1.211028819E12":30,"1.211035425E12":127,"1.211053392E12":271,"1.211056716E12":280,"1.211033739E12":105,"1.211059684E12":290,"1.211047155E12":240,"1.211033714E12":104,"1.21104878E12":257,"1.211069546E12":326,"1.211040622E12":186,"1.211062963E12":306,"1.211130729E12":369,"1.211069586E12":327,"1.211042826E12":212,"1.211050547E12":267,"1.211071921E12":334,"1.211038983E12":176,"1.211038527E12":168,"1.211039038E12":177,"1.211032317E12":68,"1.211128466E12":365,"1.211037326E12":154,"1.21104804E12":248,"1.211036396E12":143,"1.211047548E12":242,"1.211089849E12":352,"1.211073609E12":338,"1.2110503E12":264,"1.211041253E12":195,"1.211032262E12":67,"1.211027475E12":18,"1.211041717E12":200,"1.211041425E12":197,"1.211031756E12":61,"1.211045017E12":220,"1.211036407E12":144,"1.211073509E12":337,"1.211053419E12":272,"1.2110332E12":97,"1.211028963E12":32,"1.211037161E12":151,"1.211035133E12":125,"1.211030721E12":54,"1.211040694E12":188,"1.211046616E12":235,"1.211034998E12":122,"1.211042114E12":206,"1.211027245E12":16,"1.211034192E12":111,"1.211032736E12":74,"1.211063245E12":307,"1.211046973E12":238,"1.211026704E12":11,"1.211035399E12":126,"1.211035603E12":131,"1.211042394E12":209,"1.211042371E12":208,"1.211035729E12":133,"1.211049147E12":262,"1.211058146E12":284,"1.211054586E12":275,"1.211050675E12":269,"1.21103589E12":136,"1.211039374E12":179,"1.21102823E12":26,"1.211028854E12":31,"1.211062818E12":305,"1.211060963E12":301,"1.211033389E12":99,"1.21104547E12":226,"1.211037596E12":157,"1.211045463E12":225,"1.211036698E12":146,"1.211032004E12":63,"1.211034269E12":113,"1.211075035E12":344,"1.211034943E12":121,"1.211105489E12":363,"1.211101714E12":358,"1.211066402E12":315,"1.211061042E12":302,"1.211041945E12":203,"1.211037622E12":158,"1.211037589E12":156,"1.21104075E12":192,"1.211032028E12":64,"1.211036873E12":147,"1.211039897E12":184,"1.211032423E12":71,"1.211036197E12":140,"1.211050333E12":265,"1.211044133E12":218,"1.211028773E12":29,"1.211047685E12":245,"1.211033567E12":103,"1.211048724E12":255,"1.211027046E12":13,"1.211035859E12":135,"1.211029314E12":36,"1.211045939E12":231,"1.211045604E12":227,"1.211069319E12":324,"1.211036178E12":139,"1.211076402E12":347,"1.211046962E12":237,"1.211049046E12":259,"1.21103878E12":173,"1.211070054E12":330,"1.211128489E12":366,"1.211038345E12":163,"1.211038166E12":161,"1.211033119E12":92,"1.21103281E12":82,"1.211039562E12":180,"1.211028378E12":27,"1.211029799E12":42,"1.211032763E12":80,"1.211027097E12":14,"1.211102963E12":360,"1.211032739E12":76,"1.211040682E12":187,"1.211047688E12":246,"1.211061157E12":303,"1.211029768E12":41,"1.211040747E12":191,"1.211101809E12":359,"1.211069331E12":325,"1.211048366E12":249,"1.211027999E12":23,"1.211067838E12":322,"1.211041833E12":202,"1.211032075E12":66,"1.211049008E12":258,"1.211060112E12":293,"1.21105825E12":287,"1.211030261E12":47,"1.21108996E12":354,"1.211047503E12":241,"1.21102629E12":6,"1.211045176E12":221,"1.211026584E12":8,"1.21108997E12":355,"1.211405199E12":374,"1.211064329E12":312,"1.211057559E12":281,"1.211034816E12":118,"1.211033512E12":101,"1.211037664E12":159,"1.211067054E12":317,"1.211026349E12":7,"1.21107197E12":335,"1.211033565E12":102,"1.211032757E12":79,"1.211038112E12":160,"1.211046335E12":234,"1.211035815E12":134,"1.211034286E12":114,"1.211128692E12":367,"1.211059667E12":289,"1.211040775E12":193,"1.211048659E12":253,"1.21104757E12":243,"1.211030714E12":53,"1.211033782E12":108,"1.211035017E12":124,"1.211036167E12":138,"1.211063936E12":310,"1.211032809E12":81,"1.211071645E12":332,"1.211027994E12":22,"1.211036891E12":148,"1.211063992E12":311,"1.211038357E12":164,"1.211032751E12":78,"1.211048548E12":251,"1.211027932E12":21,"1.211038402E12":165,"1.211054145E12":274,"1.211029205E12":34,"1.211105361E12":362,"1.211047611E12":244,"1.21105824E12":286,"1.211026673E12":10,"1.211042403E12":210,"1.211030336E12":49,"1.211129464E12":368,"1.211045375E12":223,"1.211041789E12":201,"1.21103721E12":153,"1.211040271E12":185,"1.211067482E12":320,"1.211032993E12":88,"1.211060038E12":291,"1.211032934E12":84,"1.211047892E12":247,"1.211040701E12":190,"1.211036555E12":145,"1.211047148E12":239,"1.21102738E12":17,"1.211033093E12":90,"1.211048538E12":250,"1.211032385E12":69,"1.211049279E12":263,"1.211067497E12":321,"1.211028003E12":24,"1.211073284E12":336,"1.211066577E12":316,"1.21107166E12":333,"1.211071205E12":331,"1.211074588E12":342,"1.211044041E12":216,"1.211027715E12":19},"NUMBER_OF_PEOPLE":400,"minTimeSeen":1.211018404E12,"maxTimeSeen":1.211558405E12,"NEIGHBORHOOD_RADIUS":20.0,"ENCOUNTER_CHANCE":0.05,"priority":1.0,"duration":540001.0,"minutesDuration":9000.016666666666,"hoursDuration":150.00027777777777,"daysDuration":6.250011574074073}
