{"propagationData":{"1.211040697E12":274,"1.211027401E12":135,"1.211031087E12":172,"1.211018496E12":22,"1.211019768E12":36,"1.21103481E12":221,"1.211035678E12":224,"1.211028881E12":144,"1.211039107E12":259,"1.211056021E12":329,"1.211036401E12":234,"1.211025326E12":115,"1.211045855E12":289,"1.211039419E12":263,"1.211055727E12":328,"1.211030493E12":160,"1.211024862E12":105,"1.211038374E12":252,"1.211099557E12":374,"1.211034491E12":216,"1.211093154E12":367,"1.21105035E12":316,"1.211035873E12":227,"1.211033157E12":201,"1.211038508E12":254,"1.211029507E12":149,"1.211024343E12":99,"1.211037122E12":241,"1.211024998E12":108,"1.211022677E12":73,"1.211031816E12":178,"1.211074328E12":358,"1.21103895E12":257,"1.211022098E12":60,"1.211065715E12":348,"1.211033721E12":207,"1.211032593E12":191,"1.211041658E12":278,"1.211022642E12":70,"1.211030372E12":158,"1.211048173E12":307,"1.211032625E12":192,"1.211020522E12":39,"1.211031052E12":170,"1.211100629E12":376,"1.211056184E12":331,"1.211086828E12":361,"1.21103824E12":251,"1.211018409E12":11,"1.211026883E12":133,"1.211036986E12":240,"1.211028607E12":137,"1.211021722E12":54,"1.211030824E12":166,"1.211036972E12":239,"1.21103861E12":256,"1.211036454E12":235,"1.211018423E12":17,"1.211201098E12":383,"1.21105985E12":334,"1.21102344E12":81,"1.211024825E12":102,"1.211043928E12":284,"1.211138417E12":379,"1.21108697E12":362,"1.211045882E12":290,"1.211040576E12":273,"1.211026106E12":119,"1.211026545E12":126,"1.211046379E12":292,"1.211034246E12":212,"1.211050318E12":315,"1.211025332E12":116,"1.211024653E12":100,"1.211018412E12":12,"1.21102137E12":48,"1.211031117E12":173,"1.211036457E12":236,"1.211034509E12":217,"1.211036358E12":232,"1.211045333E12":286,"1.211048566E12":308,"1.211040524E12":272,"1.211020547E12":40,"1.211025119E12":110,"1.21106226E12":339,"1.211026118E12":120,"1.211026808E12":131,"1.211032046E12":182,"1.211050609E12":319,"1.211031844E12":181,"1.211219562E12":386,"1.211031754E12":177,"1.211018955E12":29,"1.211021664E12":52,"1.211024246E12":97,"1.21106048E12":338,"1.211023437E12":80,"1.211018505E12":24,"1.211022355E12":65,"1.21103569E12":225,"1.211032403E12":187,"1.211060433E12":337,"1.211039373E12":261,"1.211037216E12":242,"1.211065033E12":345,"1.211023688E12":90,"1.211018414E12":15,"1.211020803E12":44,"1.211043798E12":282,"1.211037893E12":249,"1.211018428E12":18,"1.211032626E12":193,"1.211034742E12":219,"1.211050287E12":314,"1.211047305E12":301,"1.211094659E12":372,"1.211025042E12":109,"1.211018503E12":23,"1.211021266E12":46,"1.211028654E12":138,"1.211021273E12":47,"1.211018707E12":25,"1.211019121E12":30,"1.211028839E12":143,"1.211234757E12":387,"1.211092517E12":366,"1.211037632E12":246,"1.211034169E12":209,"1.211020787E12":43,"1.211049266E12":312,"1.211044084E12":285,"1.211030119E12":154,"1.211050439E12":317,"1.211023682E12":89,"1.211023424E12":79,"1.211032997E12":197,"1.211022616E12":67,"1.211031066E12":171,"1.21103579E12":226,"1.211019514E12":33,"1.21103442E12":214,"1.211033338E12":202,"1.211060171E12":336,"1.211031841E12":180,"1.211046404E12":293,"1.211025209E12":112,"1.211020664E12":42,"1.211093864E12":369,"1.21104133E12":277,"1.211019492E12":32,"1.211021514E12":50,"1.211028808E12":140,"1.211023486E12":85,"1.211021236E12":45,"1.21105345E12":326,"1.21103963E12":266,"1.211018404E12":6,"1.211133646E12":377,"1.211030112E12":152,"1.211046456E12":294,"1.211022395E12":66,"1.211025253E12":114,"1.211030472E12":159,"1.211037379E12":243,"1.211033139E12":200,"1.211059776E12":333,"1.211034563E12":218,"1.211056158E12":330,"1.211032453E12":189,"1.211203111E12":384,"1.211022624E12":68,"1.211023446E12":82,"1.211047754E12":304,"1.21109039E12":363,"1.211038609E12":255,"1.211024325E12":98,"1.211039579E12":264,"1.211018429E12":19,"1.211028941E12":146,"1.211034764E12":220,"1.211023651E12":88,"1.21104767E12":303,"1.2110222E12":61,"1.211021468E12":49,"1.211047631E12":302,"1.21102625E12":121,"1.211039116E12":260,"1.211032116E12":183,"1.211036198E12":230,"1.211025237E12":113,"1.211026402E12":125,"1.211026869E12":132,"1.211019451E12":31,"1.211074351E12":359,"1.211022214E12":62,"1.211032355E12":184,"1.21102485E12":104,"1.211022968E12":75,"1.211023449E12":84,"1.21103379E12":208,"1.211030569E12":161,"1.211046365E12":291,"1.211022986E12":76,"1.211026787E12":130,"1.211034396E12":213,"1.211215396E12":385,"1.211023702E12":91,"1.211020282E12":37,"1.211036199E12":231,"1.211023758E12":95,"1.211030115E12":153,"1.211052203E12":322,"1.211032378E12":186,"1.211052333E12":323,"1.211032585E12":190,"1.211064716E12":342,"1.211032629E12":194,"1.211021838E12":55,"1.211092122E12":365,"1.211040281E12":269,"1.211030843E12":167,"1.21103896E12":258,"1.211033082E12":199,"1.211032375E12":185,"1.211030751E12":165,"1.211028813E12":141,"1.211175478E12":382,"1.211024846E12":103,"1.211045842E12":288,"1.211026633E12":127,"1.211064787E12":343,"1.211038404E12":253,"1.211025204E12":111,"1.211026376E12":124,"1.211033001E12":198,"1.211021938E12":57,"1.211034425E12":215,"1.211030624E12":163,"1.211035582E12":222,"1.211046513E12":295,"1.21107409E12":357,"1.211060103E12":335,"1.211019605E12":34,"1.211033389E12":204,"1.211037596E12":244,"1.211093692E12":368,"1.211047194E12":297,"1.211023417E12":77,"1.211031585E12":174,"1.21102065E12":41,"1.211093926E12":370,"1.211053458E12":327,"1.211039418E12":262,"1.211047218E12":298,"1.211030139E12":155,"1.211021713E12":53,"1.211028919E12":145,"1.211100387E12":375,"1.211025943E12":118,"1.211019735E12":35,"1.211030959E12":169,"1.211134268E12":378,"1.21101848E12":20,"1.211026314E12":123,"1.211056874E12":332,"1.211031646E12":175,"1.211032982E12":196,"1.211141815E12":380,"1.211026748E12":129,"1.211030661E12":164,"1.211024654E12":101,"1.211018735E12":26,"1.211040225E12":267,"1.211064964E12":344,"1.211072334E12":354,"1.211071805E12":352,"1.211022727E12":74,"1.21104908E12":310,"1.211041166E12":275,"1.211022673E12":71,"1.21103183E12":179,"1.211047295E12":300,"1.211053365E12":325,"1.21105056E12":318,"1.211028835E12":142,"1.211023727E12":93,"1.211024976E12":107,"1.211037884E12":248,"1.211065288E12":347,"1.21104124E12":276,"1.211026313E12":122,"1.211030111E12":151,"1.211034206E12":210,"1.21102873E12":139,"1.211023418E12":78,"1.211047853E12":306,"1.211023799E12":96,"1.211024864E12":106,"1.211022626E12":69,"1.211041962E12":281,"1.21102593E12":117,"1.211036474E12":237,"1.211073291E12":355,"1.211018736E12":27,"1.211037621E12":245,"1.211068692E12":349,"1.211064168E12":340,"1.211021968E12":58,"1.211022215E12":63,"1.211040227E12":268,"1.2110364E12":233,"1.211021619E12":51,"1.211073782E12":356,"1.211023745E12":94,"1.211029493E12":148,"1.211048668E12":309,"1.211021977E12":59,"1.21102034E12":38,"1.211046573E12":296,"1.211035621E12":223,"1.211029451E12":147,"1.211036143E12":229,"1.211071882E12":353,"1.211021841E12":56,"1.21117341E12":381,"1.211070563E12":351,"1.211091861E12":364,"1.211018413E12":14,"1.211018422E12":16,"1.211033598E12":205,"1.211041666E12":279,"1.21103764E12":247,"1.211074852E12":360,"1.211039621E12":265,"1.21103367E12":206,"1.211096757E12":373,"1.211018495E12":21,"1.21103088E12":168,"1.211023707E12":92,"1.211284611E12":389,"1.211030082E12":150,"1.211041694E12":280,"1.211038225E12":250,"1.211040308E12":271,"1.211034242E12":211,"1.211018738E12":28,"1.211043811E12":283,"1.211065114E12":346,"1.211030297E12":156,"1.211047773E12":305,"1.211031723E12":176,"1.211040299E12":270,"1.211260601E12":388,"1.211053295E12":324,"1.211050673E12":320,"1.211027755E12":136,"1.211035875E12":228,"1.211049121E12":311,"1.211036888E12":238,"1.211023595E12":86,"1.211094352E12":371,"1.211045352E12":287,"1.211026648E12":128,"1.211018407E12":8,"1.21102232E12":64,"1.211049327E12":313,"1.211030575E12":162,"1.21106458E12":341,"1.211032446E12":188,"1.211047221E12":299,"1.211030367E12":157,"1.21103267E12":195,"1.211070093E12":350,"1.211027391E12":134},"NUMBER_OF_PEOPLE":400,"minTimeSeen":1.211018404E12,"maxTimeSeen":1.211558405E12,"NEIGHBORHOOD_RADIUS":20.0,"ENCOUNTER_CHANCE":0.05,"priority":1.0,"duration":540001.0,"minutesDuration":9000.016666666666,