{"propagationData":{"1.211035505E12":200,"1.211053039E12":312,"1.211049057E12":293,"1.211021013E12":29,"1.211032106E12":146,"1.211018565E12":4,"1.21103019E12":99,"1.211093435E12":367,"1.211043868E12":268,"1.211049254E12":294,"1.211033721E12":178,"1.211030916E12":119,"1.211048726E12":291,"1.21106327E12":334,"1.211024876E12":56,"1.211031761E12":136,"1.211036963E12":205,"1.211040335E12":240,"1.211047495E12":288,"1.211090553E12":362,"1.211064135E12":338,"1.211018586E12":10,"1.211031779E12":137,"1.211030697E12":112,"1.211030638E12":106,"1.211025961E12":62,"1.211026144E12":66,"1.211033548E12":175,"1.211032942E12":164,"1.211032374E12":155,"1.211018615E12":14,"1.211147568E12":382,"1.211051082E12":302,"1.21104422E12":271,"1.211047182E12":285,"1.211021922E12":43,"1.211060102E12":329,"1.211066383E12":344,"1.211026034E12":64,"1.211034942E12":189,"1.211033738E12":179,"1.211030518E12":103,"1.211096399E12":369,"1.211035384E12":196,"1.211054437E12":322,"1.211032889E12":162,"1.211021707E12":37,"1.211028074E12":80,"1.211057079E12":327,"1.211032628E12":159,"1.211052792E12":310,"1.211081176E12":352,"1.211018611E12":13,"1.211044144E12":270,"1.211028996E12":92,"1.211018574E12":7,"1.211032339E12":153,"1.211031597E12":132,"1.211035807E12":202,"1.211018571E12":6,"1.211054977E12":323,"1.211092047E12":365,"1.211032392E12":156,"1.211035261E12":193,"1.211042984E12":259,"1.211039266E12":227,"1.211034923E12":188,"1.211056033E12":325,"1.211040325E12":239,"1.211031403E12":124,"1.211031991E12":143,"1.211036991E12":206,"1.211026751E12":72,"1.211018404E12":1,"1.211030889E12":116,"1.21104975E12":298,"1.211051962E12":305,"1.211046641E12":283,"1.211032787E12":160,"1.21101862E12":15,"1.211042844E12":258,"1.211033378E12":172,"1.211032221E12":148,"1.211260595E12":387,"1.211037326E12":207,"1.211270543E12":388,"1.211033396E12":174,"1.211025442E12":61,"1.211098943E12":374,"1.211038036E12":218,"1.211038227E12":220,"1.211018652E12":18,"1.211039351E12":228,"1.211035133E12":192,"1.211027469E12":74,"1.211045441E12":275,"1.211031726E12":134,"1.211053084E12":313,"1.211037882E12":215,"1.211062078E12":331,"1.211021002E12":27,"1.211027616E12":76,"1.211018596E12":11,"1.211037909E12":216,"1.211031849E12":139,"1.211020982E12":25,"1.211026644E12":70,"1.211027773E12":78,"1.211032245E12":150,"1.211033385E12":173,"1.211025115E12":58,"1.211021239E12":36,"1.211043778E12":265,"1.211040578E12":242,"1.211045444E12":276,"1.211039708E12":232,"1.211038284E12":222,"1.211034492E12":183,"1.211034372E12":182,"1.21103317E12":169,"1.211031626E12":133,"1.211025145E12":59,"1.211047398E12":287,"1.211035452E12":197,"1.211045916E12":278,"1.211021224E12":35,"1.211018888E12":20,"1.211037606E12":211,"1.211234032E12":386,"1.21103052E12":104,"1.211035919E12":204,"1.21104315E12":264,"1.211047614E12":289,"1.211038051E12":219,"1.211044584E12":273,"1.211034978E12":191,"1.211031558E12":128,"1.211028378E12":83,"1.211032152E12":147,"1.211032906E12":163,"1.211083692E12":358,"1.211030758E12":113,"1.211096629E12":370,"1.211024892E12":57,"1.211039521E12":231,"1.211063362E12":337,"1.211042059E12":252,"1.211040419E12":241,"1.211022394E12":46,"1.211028325E12":82,"1.211035538E12":201,"1.211030034E12":95,"1.211021095E12":32,"1.211047817E12":290,"1.211042148E12":253,"1.211032365E12":154,"1.211029446E12":94,"1.21106236E12":332,"1.211031E12":121,"1.211049377E12":296,"1.211021831E12":40,"1.211024218E12":53,"1.21109684E12":372,"1.211024181E12":52,"1.21104457E12":272,"1.211021186E12":33,"1.211074808E12":349,"1.211033833E12":180,"1.211030058E12":97,"1.21108112E12":351,"1.211023569E12":51,"1.21103828E12":221,"1.211041694E12":248,"1.211072941E12":345,"1.211032097E12":145,"1.21108323E12":357,"1.211032231E12":149,"1.211030645E12":108,"1.211145996E12":380,"1.211034715E12":187,"1.211027902E12":79,"1.211029099E12":93,"1.211093801E12":368,"1.211049324E12":295,"1.211018575E12":8,"1.211028523E12":85,"1.211039085E12":226,"1.211030506E12":102,"1.21103198E12":142,"1.21103092E12":120,"1.211032983E12":165,"1.211028462E12":84,"1.21102881E12":87,"1.211033278E12":170,"1.211038025E12":217,"1.211039909E12":236,"1.211043815E12":267,"1.211032058E12":144,"1.211082125E12":354,"1.211032257E12":151,"1.211035481E12":198,"1.211027479E12":75,"1.211039759E12":233,"1.211028817E12":89,"1.211041751E12":250,"1.211034977E12":190,"1.211053459E12":318,"1.211033836E12":181,"1.211022544E12":48,"1.211066303E12":343,"1.211018607E12":12,"1.211034649E12":185,"1.211030523E12":105,"1.211021075E12":31,"1.211063347E12":336,"1.211021824E12":39,"1.211053389E12":315,"1.211046081E12":279,"1.211055451E12":324,"1.21104143E12":246,"1.211059712E12":328,"1.21103179E12":138,"1.211039023E12":225,"1.211119865E12":377,"1.211051317E12":304,"1.211032844E12":161,"1.211019223E12":23,"1.211035915E12":203,"1.211037487E12":210,"1.211064343E12":339,"1.211021016E12":30,"1.211030685E12":111,"1.211026118E12":65,"1.211047379E12":286,"1.211045871E12":277,"1.211044587E12":274,"1.211040013E12":237,"1.211047013E12":284,"1.211033585E12":176,"1.211021981E12":44,"1.211037344E12":208,"1.21114439E12":379,"1.211037765E12":214,"1.21105358E12":319,"1.211072948E12":346,"1.211021877E12":41,"1.211038294E12":223,"1.211030783E12":114,"1.211083803E12":359,"1.211098156E12":373,"1.211028814E12":88,"1.21102223E12":45,"1.211081574E12":353,"1.211035339E12":194,"1.211031581E12":130,"1.211164206E12":384,"1.211030051E12":96,"1.211021005E12":28,"1.211043096E12":262,"1.211033039E12":168,"1.211031971E12":141,"1.211032271E12":152,"1.211028846E12":91,"1.211026715E12":71,"1.211026446E12":68,"1.211031946E12":140,"1.211082453E12":355,"1.211051058E12":301,"1.211030304E12":100,"1.211037345E12":209,"1.211031557E12":127,"1.211040904E12":245,"1.21102649E12":69,"1.211030676E12":110,"1.211021217E12":34,"1.211025406E12":60,"1.211021715E12":38,"1.211091781E12":364,"1.211038609E12":224,"1.211034711E12":186,"1.21102189E12":42,"1.211050993E12":299,"1.21104378E12":266,"1.211054397E12":321,"1.211064718E12":342,"1.211020521E12":24,"1.211052205E12":307,"1.211090798E12":363,"1.211042782E12":257,"1.211035359E12":195,"1.211149785E12":383,"1.211031753E12":135,"1.211041901E12":251,"1.211101915E12":375,"1.211018678E12":19,"1.211039432E12":229,"1.211043107E12":263,"1.21104066E12":244,"1.211033589E12":177,"1.211027159E12":73,"1.211063329E12":335,"1.211037665E12":213,"1.211018566E12":5,"1.211062437E12":333,"1.211022581E12":49,"1.211018576E12":9,"1.211073016E12":347,"1.21104299E12":260,"1.21103133E12":123,"1.211041549E12":247,"1.21103979E12":234,"1.211040626E12":243,"1.211053458E12":317,"1.211031572E12":129,"1.211051034E12":300,"1.211053443E12":316,"1.211039801E12":235,"1.211034647E12":184,"1.211033296E12":171,"1.211023506E12":50,"1.211028531E12":86,"1.211092432E12":366,"1.211028838E12":90,"1.211096798E12":371,"1.211146995E12":381,"1.211056965E12":326,"1.211046214E12":280,"1.211030646E12":109,"1.211049469E12":297,"1.211073143E12":348,"1.211046445E12":282,"1.211031487E12":125,"1.211042405E12":254,"1.211031502E12":126,"1.211019051E12":22,"1.21104023E12":238,"1.21108257E12":356,"1.211053319E12":314,"1.21104251E12":256,"1.211039483E12":230,"1.211020984E12":26,"1.211052944E12":311,"1.211080629E12":350,"1.211024666E12":55,"1.211042482E12":255,"1.211052324E12":308,"1.211033002E12":166,"1.21122558E12":385,"1.211031593E12":131,"1.211054323E12":320,"1.211018563E12":3,"1.211085677E12":360,"1.211030897E12":118,"1.211052704E12":309,"1.211090487E12":361,"1.211018637E12":16,"1.21103089E12":117,"1.211041718E12":249,"1.211032566E12":157,"1.211032621E12":158,"1.211064548E12":340,"1.211043088E12":261,"1.211030089E12":98,"1.211028244E12":81,"1.211046221E12":281,"1.21103764E12":212,"1.211052094E12":306,"1.211043906E12":269,"1.211026004E12":63,"1.211051302E12":303,"1.211048954E12":292,"1.211030307E12":101,"1.211031283E12":122,"1.21106039E12":330,"1.211018649E12":17,"1.211026378E12":67,"1.211024537E12":54,"1.211030884E12":115,"1.211119006E12":376,"1.211033005E12":167,"1.211018407E12":2,"1.211022488E12":47,"1.2110355E12":199,"1.211142694E12":378,"1.211018936E12":21,"1.211027715E12":77},