{"propagationData":{"1.211040529E12":202,"1.21102563E12":57,"1.21103586E12":158,"1.21104629E12":247,"1.211032719E12":124,"1.211049945E12":269,"1.211018709E12":30,"1.211054776E12":291,"1.211027411E12":65,"1.211018734E12":32,"1.211030848E12":99,"1.211057664E12":298,"1.211030505E12":91,"1.211045797E12":246,"1.211042088E12":211,"1.211042292E12":214,"1.211037273E12":170,"1.211048648E12":256,"1.211044255E12":227,"1.211043262E12":223,"1.211030768E12":94,"1.211035551E12":153,"1.211079166E12":324,"1.211044039E12":224,"1.211039248E12":193,"1.211031846E12":107,"1.21103201E12":109,"1.211022903E12":46,"1.211064442E12":309,"1.211033968E12":139,"1.211042401E12":216,"1.211018482E12":25,"1.211058966E12":306,"1.211029357E12":71,"1.211029843E12":76,"1.211018409E12":14,"1.211048661E12":258,"1.211073793E12":310,"1.211029649E12":74,"1.211019073E12":37,"1.211018737E12":33,"1.211032768E12":127,"1.211028812E12":66,"1.211018423E12":18,"1.211048826E12":259,"1.211049798E12":265,"1.211073876E12":311,"1.211045771E12":245,"1.211044873E12":231,"1.211035613E12":154,"1.211020883E12":42,"1.211032643E12":122,"1.211042607E12":220,"1.211029203E12":69,"1.211018699E12":29,"1.211051298E12":280,"1.21104145E12":208,"1.21107736E12":321,"1.211057371E12":296,"1.211032391E12":119,"1.211087836E12":327,"1.211025229E12":56,"1.211026082E12":61,"1.211029739E12":75,"1.211051017E12":277,"1.211032139E12":113,"1.211032185E12":114,"1.21103408E12":142,"1.211058888E12":305,"1.211050609E12":274,"1.211033753E12":134,"1.211056675E12":292,"1.211076343E12":319,"1.211024565E12":52,"1.211022312E12":44,"1.2110308E12":96,"1.211057794E12":300,"1.211034067E12":141,"1.211051623E12":281,"1.21104995E12":270,"1.211035953E12":160,"1.21107586E12":317,"1.211048348E12":254,"1.211032398E12":120,"1.211059977E12":308,"1.211024888E12":54,"1.211044042E12":225,"1.211018406E12":7,"1.211058795E12":303,"1.211088072E12":328,"1.211030849E12":100,"1.211058855E12":304,"1.211041398E12":206,"1.211045266E12":241,"1.211045152E12":236,"1.211045139E12":235,"1.211032302E12":116,"1.211031588E12":104,"1.211033918E12":138,"1.211077339E12":320,"1.211032064E12":111,"1.211049911E12":267,"1.211074904E12":315,"1.211036762E12":168,"1.211088471E12":330,"1.211048197E12":251,"1.211025917E12":60,"1.211047854E12":249,"1.211045201E12":238,"1.211037932E12":177,"1.211039907E12":201,"1.211050624E12":276,"1.211025098E12":55,"1.211028981E12":68,"1.211025759E12":58,"1.211042693E12":222,"1.211032868E12":130,"1.211039779E12":198,"1.211049703E12":263,"1.21103562E12":155,"1.21103037E12":88,"1.211045131E12":234,"1.211051853E12":282,"1.211018404E12":5,"1.211036739E12":167,"1.21103799E12":181,"1.211039863E12":200,"1.211047941E12":250,"1.211037777E12":174,"1.211032354E12":118,"1.211030178E12":82,"1.211038152E12":184,"1.211033599E12":133,"1.211038101E12":183,"1.211057619E12":297,"1.211018967E12":35,"1.211032101E12":112,"1.211074198E12":312,"1.211042516E12":219,"1.211023651E12":47,"1.211018531E12":26,"1.211044957E12":232,"1.211039711E12":195,"1.211054474E12":287,"1.211035988E12":161,"1.211036189E12":164,"1.211038261E12":189,"1.211049106E12":261,"1.211059755E12":307,"1.211035923E12":159,"1.211038168E12":186,"1.211075894E12":318,"1.21103379E12":136,"1.211018548E12":28,"1.211024655E12":53,"1.211075835E12":316,"1.211045311E12":242,"1.211033997E12":140,"1.211023843E12":48,"1.211045005E12":233,"1.211030513E12":92,"1.211037974E12":180,"1.211087834E12":326,"1.211054602E12":290,"1.211030067E12":78,"1.211020718E12":38,"1.211018408E12":13,"1.211074202E12":313,"1.211058786E12":302,"1.21103973E12":196,"1.211032027E12":110,"1.211030454E12":90,"1.211030843E12":98,"1.211054431E12":286,"1.211031747E12":106,"1.211038583E12":190,"1.211045724E12":244,"1.211045252E12":240,"1.211053797E12":285,"1.211088209E12":329,"1.21103273E12":125,"1.211041236E12":203,"1.211031951E12":108,"1.211039763E12":197,"1.211030776E12":95,"1.211041343E12":204,"1.211045187E12":237,"1.211048275E12":253,"1.211035845E12":157,"1.211033905E12":137,"1.211035074E12":152,"1.211037421E12":171,"1.211020742E12":40,"1.211037268E12":169,"1.211031585E12":103,"1.211019014E12":36,"1.211039279E12":194,"1.211049929E12":268,"1.211034082E12":143,"1.211079084E12":322,"1.211033153E12":132,"1.211030315E12":87,"1.211024105E12":51,"1.211049752E12":264,"1.211023945E12":50,"1.211074307E12":314,"1.211018543E12":27,"1.211036144E12":163,"1.21104421E12":226,"1.211034185E12":144,"1.211087009E12":325,"1.211045202E12":239,"1.211039231E12":192,"1.211050599E12":273,"1.211018469E12":24,"1.211034437E12":147,"1.211022744E12":45,"1.211088511E12":331,"1.211049622E12":262,"1.211032813E12":129,"1.211032961E12":131,"1.211057682E12":299,"1.211031385E12":101,"1.21104984E12":266,"1.211025841E12":59,"1.211030175E12":80,"1.211047771E12":248,"1.211042454E12":218,"1.211042308E12":215,"1.211034885E12":148,"1.211032739E12":126,"1.211030823E12":97,"1.211037695E12":172,"1.211018415E12":16,"1.211032769E12":128,"1.211044869E12":230,"1.21102896E12":67,"1.211032322E12":117,"1.211018432E12":20,"1.211048254E12":252,"1.211018437E12":21,"1.211050335E12":272,"1.211033754E12":135,"1.211056748E12":293,"1.211031553E12":102,"1.211032624E12":121,"1.211038072E12":182,"1.211037953E12":178,"1.211018448E12":23,"1.211036276E12":165,"1.211057363E12":295,"1.211050611E12":275,"1.211034935E12":149,"1.211026276E12":63,"1.211030306E12":85,"1.21104211E12":212,"1.211032644E12":123,"1.211088535E12":332,"1.21105129E12":279,"1.21103797E12":179,"1.211038213E12":188,"1.211030069E12":79,"1.211030031E12":77,"1.211020721E12":39,"1.21102936E12":72,"1.211034976E12":151,"1.211048659E12":257,"1.211018711E12":31,"1.2110448E12":228,"1.211034363E12":146,"1.211037917E12":176,"1.211036005E12":162,"1.211052063E12":284,"1.211041567E12":210,"1.211035766E12":156,"1.211044809E12":229,"1.211032201E12":115,"1.211030388E12":89,"1.211029511E12":73,"1.211026086E12":62,"1.211034938E12":150,"1.211045518E12":243,"1.211020774E12":41,"1.211041427E12":207,"1.211029216E12":70,"1.21104863E12":255,"1.211030307E12":86,"1.211041455E12":209,"1.211031745E12":105,"1.211052058E12":283,"1.2110545E12":288,"1.211030568E12":93,"1.21104907E12":260,"1.21101841E12":15,"1.211054597E12":289,"1.211038162E12":185,"1.211037718E12":173,"1.21103821E12":187,"1.211037874E12":175,"1.211027236E12":64,"1.21103897E12":191,"1.211051046E12":278,"1.211023896E12":49,"1.211079157E12":323,"1.211050317E12":271,"1.211042656E12":221,"1.211030188E12":83,"1.21105805E12":301,"1.211034316E12":145,"1.21104241E12":217,"1.211039823E12":199,"1.211030203E12":84,"1.211021998E12":43,"1.211041375E12":205,"1.211056776E12":294,"1.211042275E12":213,"1.211036622E12":166},"NUMBER_OF_PEOPLE":400,"minTimeSeen":1.211018404E12,"maxTimeSeen":1.211558405E12,"NEIGHBORHOOD_RADIUS":20.0,"ENCOUNTER_CHANCE":0.05,"priority":1.0,"duration":540001.0,"minutesDuration":9000.016666666666,"hoursDuration":150.00027777777777,"daysDuration":6.250011574074073}
