{"propagationData":{"1.21105559E12":327,"1.211040745E12":241,"1.211037347E12":207,"1.21102742E12":74,"1.211043066E12":263,"1.211033481E12":172,"1.21103019E12":114,"1.211027411E12":73,"1.211036875E12":202,"1.21104817E12":310,"1.211070841E12":360,"1.211039449E12":231,"1.211026638E12":57,"1.211024074E12":38,"1.211043475E12":270,"1.211027175E12":65,"1.211033295E12":166,"1.211033072E12":163,"1.211060374E12":339,"1.211027182E12":67,"1.211022223E12":12,"1.211124301E12":377,"1.211040751E12":242,"1.211026074E12":53,"1.211035876E12":195,"1.211038956E12":225,"1.211055523E12":326,"1.21103595E12":196,"1.211045876E12":296,"1.211022182E12":9,"1.21103824E12":217,"1.211043851E12":277,"1.211031928E12":143,"1.211052925E12":319,"1.211031938E12":144,"1.211032879E12":158,"1.211089183E12":370,"1.21103049E12":122,"1.211033576E12":174,"1.211024193E12":39,"1.211024228E12":41,"1.211029429E12":108,"1.211030638E12":127,"1.2110433E12":267,"1.211019499E12":4,"1.211035613E12":191,"1.21103292E12":160,"1.211062049E12":347,"1.211053193E12":322,"1.211060203E12":338,"1.211045665E12":295,"1.211033601E12":175,"1.211024068E12":37,"1.211042313E12":253,"1.211036369E12":199,"1.211038406E12":220,"1.211038211E12":216,"1.211059816E12":331,"1.211024427E12":43,"1.211060187E12":337,"1.211065213E12":353,"1.211040706E12":240,"1.211101727E12":373,"1.211044587E12":286,"1.211027108E12":62,"1.211023054E12":26,"1.211120056E12":376,"1.21104749E12":308,"1.21104011E12":236,"1.211035749E12":192,"1.211028021E12":89,"1.211031004E12":132,"1.211033369E12":168,"1.211071253E12":363,"1.211023199E12":29,"1.211053113E12":321,"1.211071136E12":362,"1.211046101E12":299,"1.211041052E12":244,"1.211053258E12":323,"1.211038993E12":227,"1.211127516E12":381,"1.211051678E12":316,"1.211037024E12":204,"1.211044081E12":280,"1.211059977E12":333,"1.211049226E12":312,"1.211027496E12":80,"1.211024048E12":36,"1.211023932E12":35,"1.211028362E12":97,"1.211024686E12":46,"1.211044549E12":284,"1.211023083E12":27,"1.211024426E12":42,"1.211028208E12":92,"1.211042127E12":252,"1.211037962E12":211,"1.211084464E12":368,"1.211062529E12":348,"1.21102495E12":47,"1.211044796E12":290,"1.211034101E12":180,"1.211061152E12":342,"1.211054348E12":324,"1.211031701E12":137,"1.211033712E12":177,"1.211067038E12":357,"1.211033161E12":165,"1.211023539E12":32,"1.211026761E12":59,"1.211022294E12":15,"1.211035529E12":187,"1.211033381E12":169,"1.211038885E12":223,"1.211028498E12":99,"1.211035872E12":194,"1.211043401E12":268,"1.211101323E12":372,"1.21103911E12":228,"1.211037914E12":208,"1.211022336E12":17,"1.211031783E12":140,"1.211043621E12":273,"1.211030222E12":115,"1.211039139E12":229,"1.211034205E12":182,"1.211034049E12":179,"1.211039679E12":232,"1.211052582E12":318,"1.211022385E12":19,"1.21106651E12":356,"1.211022277E12":14,"1.211033347E12":167,"1.211025031E12":48,"1.211071275E12":364,"1.211030145E12":112,"1.211029738E12":109,"1.211028402E12":98,"1.211043104E12":264,"1.211030322E12":117,"1.211031775E12":139,"1.211028196E12":91,"1.211084039E12":367,"1.211066251E12":355,"1.211023694E12":33,"1.211028246E12":94,"1.211032237E12":149,"1.211104758E12":374,"1.211018404E12":1,"1.211034191E12":181,"1.211335324E12":388,"1.211038048E12":213,"1.211025849E12":52,"1.211066055E12":354,"1.21102822E12":93,"1.21126066E12":386,"1.211032468E12":156,"1.211033573E12":173,"1.211070839E12":359,"1.211042844E12":260,"1.211037231E12":206,"1.211028721E12":100,"1.211022206E12":11,"1.211089304E12":371,"1.211047524E12":309,"1.211035858E12":193,"1.211042789E12":257,"1.21102716E12":64,"1.21102799E12":88,"1.211045191E12":293,"1.211027177E12":66,"1.211030826E12":130,"1.211040684E12":239,"1.211038906E12":224,"1.21104244E12":254,"1.211061748E12":346,"1.211060106E12":334,"1.211042491E12":255,"1.211022803E12":23,"1.211019278E12":3,"1.211027424E12":75,"1.211031915E12":142,"1.21104926E12":313,"1.211042538E12":256,"1.211030519E12":123,"1.211031005E12":133,"1.211032857E12":157,"1.211043165E12":265,"1.211046362E12":302,"1.211046037E12":298,"1.211027294E12":71,"1.211022384E12":18,"1.21103233E12":153,"1.211040817E12":243,"1.211041416E12":247,"1.211032108E12":148,"1.211027554E12":83,"1.211036893E12":203,"1.211026861E12":60,"1.211030318E12":116,"1.211032958E12":161,"1.211028954E12":106,"1.211032919E12":159,"1.211022193E12":10,"1.211039691E12":233,"1.211032016E12":147,"1.211033076E12":164,"1.211031969E12":145,"1.2110283E12":96,"1.211030393E12":120,"1.21106085E12":341,"1.211041975E12":251,"1.211028191E12":90,"1.211032254E12":151,"1.211039814E12":234,"1.21106011E12":335,"1.211032245E12":150,"1.211225216E12":385,"1.211035582E12":190,"1.211038033E12":212,"1.211060175E12":336,"1.211022733E12":21,"1.211027906E12":87,"1.211045379E12":294,"1.21103443E12":183,"1.211053019E12":320,"1.211033419E12":171,"1.21104509E12":292,"1.211027514E12":81,"1.211056309E12":328,"1.211035535E12":188,"1.211020229E12":5,"1.211045067E12":291,"1.21103679E12":201,"1.211041139E12":246,"1.211033394E12":170,"1.21102312E12":28,"1.211024626E12":45,"1.21104286E12":261,"1.211030073E12":111,"1.211044469E12":283,"1.211027828E12":86,"1.211030601E12":124,"1.211025127E12":50,"1.21106121E12":344,"1.211037031E12":205,"1.211035568E12":189,"1.211047053E12":306,"1.211033716E12":178,"1.211026163E12":55,"1.211018915E12":2,"1.21102351E12":31,"1.211044761E12":289,"1.211022298E12":16,"1.211085203E12":369,"1.211061735E12":345,"1.211027516E12":82,"1.21104464E12":288,"1.211044269E12":282,"1.211032402E12":155,"1.211046504E12":303,"1.211046138E12":300,"1.211038141E12":214,"1.211034856E12":185,"1.211043555E12":272,"1.211030395E12":121,"1.211056549E12":329,"1.211074864E12":365,"1.211038435E12":221,"1.211031558E12":136,"1.211045997E12":297,"1.211043814E12":276,"1.211028984E12":107,"1.211027265E12":69,"1.211029821E12":110,"1.211027121E12":63,"1.21111348E12":375,"1.211076074E12":366,"1.211042817E12":258,"1.211028767E12":102,"1.211044596E12":287,"1.211032307E12":152,"1.2110242E12":40,"1.211062974E12":350,"1.211044579E12":285,"1.21102727E12":70,"1.211062965E12":349,"1.211043982E12":279,"1.211030327E12":118,"1.211027657E12":84,"1.211022176E12":8,"1.211041134E12":245,"1.211027386E12":72,"1.211059915E12":332,"1.21102767E12":85,"1.211023226E12":30,"1.211060547E12":340,"1.21103837E12":219,"1.211028832E12":105,"1.211037936E12":210,"1.211057099E12":330,"1.211048215E12":311,"1.211028822E12":104,"1.21103618E12":197,"1.211036474E12":200,"1.21105108E12":315,"1.211046506E12":304,"1.211070923E12":361,"1.211049917E12":314,"1.211124411E12":378,"1.211030185E12":113,"1.211022762E12":22,"1.211167551E12":382,"1.211026355E12":56,"1.211024546E12":44,"1.211030633E12":125,"1.211042819E12":259,"1.211027446E12":76,"1.211025247E12":51,"1.211043183E12":266,"1.211040475E12":237,"1.211043647E12":274,"1.211022629E12":20,"1.211044222E12":281,"1.211063029E12":351,"1.211021015E12":6,"1.211030389E12":119,"1.211126183E12":379,"1.211063243E12":352,"1.211023881E12":34,"1.211041664E12":249,"1.211028816E12":103,"1.211038444E12":222,"1.211025043E12":49,"1.211041874E12":250,"1.211038364E12":218,"1.211042865E12":262,"1.211033042E12":162,"1.21102136E12":7,"1.21104346E12":269,"1.211026651E12":58,"1.211043779E12":275,"1.211027465E12":77,"1.211034842E12":184,"1.211027261E12":68,"1.211067087E12":358,"1.211061158E12":343,"1.211034883E12":186,"1.21103922E12":230,"1.211026931E12":61,"1.211040634E12":238,"1.211027495E12":79,"1.211328555E12":387,"1.211031134E12":135,"1.211031883E12":141,"1.211022243E12":13,"1.211030767E12":129,"1.211222799E12":384,"1.211022848E12":24,"1.21112729E12":380,"1.21104633E12":301,"1.21102876E12":101,"1.211031723E12":138,"1.211036366E12":198,"1.211213056E12":383,"1.211030664E12":128,"1.21104387E12":278,"1.211033689E12":176,"1.211047142E12":307,"1.21103821E12":215,"1.211055382E12":325,"1.211032385E12":154,"1.21104353E12":271,"1.211052388E12":317,"1.211031047E12":134,"1.211030864E12":131,"1.211032E12":146,"1.211039834E12":235,"1.211047042E12":305,"1.211338832E12":389,"1.211041601E12":248,"1.211023036E12":25},"NUMBER_OF_PEOPLE":400,"minTimeSeen":1.211018404E12,"maxTimeSeen":1.211558405E12,