{"propagationData":{"1.211078187E12":357,"1.21102985E12":86,"1.211035891E12":197,"1.211055366E12":326,"1.211033252E12":153,"1.211260673E12":388,"1.211029742E12":84,"1.211026273E12":45,"1.211032693E12":138,"1.211024184E12":30,"1.211034223E12":167,"1.211027411E12":51,"1.211030255E12":103,"1.211024862E12":34,"1.211025729E12":41,"1.211030615E12":108,"1.211035277E12":187,"1.211068644E12":349,"1.211066943E12":341,"1.21104135E12":261,"1.211035969E12":201,"1.211034105E12":164,"1.211029309E12":68,"1.211035935E12":198,"1.211067882E12":347,"1.211041238E12":260,"1.211033464E12":156,"1.211046676E12":290,"1.211100163E12":371,"1.211037007E12":221,"1.211030863E12":113,"1.211030104E12":92,"1.21103895E12":241,"1.211036361E12":211,"1.211033721E12":158,"1.211104412E12":375,"1.211040968E12":254,"1.211040598E12":250,"1.211029667E12":81,"1.211034008E12":161,"1.211046568E12":288,"1.211029439E12":76,"1.211036147E12":204,"1.211031052E12":121,"1.211029445E12":77,"1.211031049E12":119,"1.211034093E12":163,"1.21103485E12":177,"1.211035465E12":189,"1.211030137E12":95,"1.211023201E12":17,"1.211030396E12":104,"1.211035941E12":199,"1.211042368E12":266,"1.211024859E12":33,"1.211029684E12":82,"1.211145218E12":381,"1.211054236E12":323,"1.211032945E12":145,"1.211038485E12":235,"1.211036442E12":212,"1.211035076E12":183,"1.211044544E12":280,"1.211035956E12":200,"1.211026058E12":44,"1.211081671E12":362,"1.21114332E12":379,"1.211053262E12":319,"1.211046035E12":282,"1.211029386E12":75,"1.211145636E12":382,"1.21103543E12":188,"1.211057873E12":328,"1.211034984E12":180,"1.211034268E12":169,"1.211038008E12":230,"1.211034695E12":172,"1.21103189E12":129,"1.211035469E12":191,"1.211049169E12":301,"1.211181274E12":386,"1.211071366E12":354,"1.211030995E12":117,"1.211029726E12":83,"1.211053052E12":317,"1.211036265E12":207,"1.211046392E12":284,"1.211042557E12":270,"1.211034128E12":165,"1.211035805E12":194,"1.211030072E12":91,"1.211053847E12":322,"1.211041152E12":259,"1.211037583E12":227,"1.211030965E12":116,"1.211036325E12":209,"1.211143703E12":380,"1.211048766E12":299,"1.21103737E12":225,"1.211023072E12":16,"1.211041108E12":258,"1.211034314E12":170,"1.211036996E12":219,"1.21135205E12":389,"1.211103295E12":373,"1.211036485E12":213,"1.211029354E12":70,"1.211032954E12":146,"1.211061396E12":331,"1.211101968E12":372,"1.211036349E12":210,"1.211020915E12":5,"1.211022698E12":12,"1.211141786E12":378,"1.211029385E12":74,"1.211036295E12":208,"1.211041017E12":255,"1.211093325E12":369,"1.211037332E12":223,"1.211085028E12":366,"1.211028376E12":58,"1.211024069E12":23,"1.211030724E12":111,"1.211040406E12":248,"1.211032425E12":137,"1.211028365E12":57,"1.211035183E12":185,"1.211070888E12":352,"1.21102636E12":46,"1.211039064E12":242,"1.211046502E12":287,"1.211050553E12":312,"1.211035862E12":195,"1.211028498E12":61,"1.211024219E12":31,"1.21103847E12":234,"1.21103491E12":179,"1.211033328E12":154,"1.211042987E12":272,"1.211028388E12":59,"1.211083473E12":363,"1.211041042E12":257,"1.211067123E12":343,"1.211061998E12":334,"1.21104364E12":275,"1.211031001E12":118,"1.211050559E12":313,"1.211032997E12":149,"1.211034205E12":166,"1.211022616E12":7,"1.211036036E12":202,"1.211023206E12":18,"1.211031971E12":131,"1.211042328E12":264,"1.211094878E12":370,"1.211065095E12":339,"1.211030068E12":90,"1.211019149E12":3,"1.211042406E12":268,"1.211031946E12":130,"1.211061963E12":333,"1.21103885E12":238,"1.211038029E12":231,"1.21103963E12":243,"1.211018404E12":1,"1.211030112E12":94,"1.211032743E12":141,"1.211027712E12":53,"1.211024071E12":24,"1.211114871E12":377,"1.21104846E12":298,"1.211033139E12":152,"1.211033906E12":160,"1.211036179E12":205,"1.21102405E12":22,"1.211043226E12":274,"1.21103805E12":232,"1.211057619E12":327,"1.211022795E12":14,"1.211031863E12":126,"1.211047802E12":294,"1.21103309E12":150,"1.211049976E12":307,"1.211035064E12":182,"1.211050547E12":311,"1.211046426E12":286,"1.211028495E12":60,"1.2110671E12":342,"1.211070643E12":350,"1.211036909E12":218,"1.211032118E12":133,"1.211040412E12":249,"1.211058361E12":330,"1.211027015E12":49,"1.211029359E12":71,"1.211022625E12":9,"1.211027475E12":52,"1.211037348E12":224,"1.211042592E12":271,"1.211038687E12":237,"1.211030569E12":106,"1.211028664E12":62,"1.21103674E12":215,"1.2110304E12":105,"1.211033098E12":151,"1.211042538E12":269,"1.211084859E12":364,"1.211044351E12":279,"1.211046395E12":285,"1.211020282E12":4,"1.211032966E12":147,"1.211043661E12":276,"1.211029514E12":79,"1.211022863E12":15,"1.211031858E12":125,"1.211038877E12":240,"1.211039634E12":244,"1.211041416E12":262,"1.211032727E12":139,"1.21104917E12":302,"1.211035211E12":186,"1.211079919E12":358,"1.211044087E12":277,"1.211036489E12":214,"1.211053208E12":318,"1.211105337E12":376,"1.211037915E12":228,"1.21109202E12":368,"1.211025035E12":37,"1.21102924E12":67,"1.211035865E12":196,"1.211030022E12":87,"1.211042371E12":267,"1.211032011E12":132,"1.211026771E12":48,"1.211030885E12":114,"1.211028191E12":55,"1.211062008E12":335,"1.211036877E12":216,"1.211036884E12":217,"1.211049288E12":303,"1.211030152E12":98,"1.211050853E12":314,"1.211028864E12":65,"1.211158325E12":384,"1.211147317E12":383,"1.211029533E12":80,"1.211213204E12":387,"1.211032994E12":148,"1.211071208E12":353,"1.211030138E12":96,"1.211030594E12":107,"1.211024153E12":29,"1.211031428E12":123,"1.211030155E12":99,"1.211037918E12":229,"1.211019079E12":2,"1.211022614E12":6,"1.211030146E12":97,"1.211049024E12":300,"1.211033722E12":159,"1.2110715E12":356,"1.211035503E12":192,"1.211030795E12":112,"1.211070692E12":351,"1.21104224E12":263,"1.211023468E12":21,"1.211039953E12":246,"1.21103425E12":168,"1.211050452E12":310,"1.211045258E12":281,"1.211046674E12":289,"1.211062985E12":337,"1.21102803E12":54,"1.211047606E12":291,"1.211034732E12":175,"1.21104312E12":273,"1.211022659E12":11,"1.211024079E12":25,"1.211032219E12":134,"1.211023267E12":19,"1.211034996E12":181,"1.211031487E12":124,"1.211049882E12":306,"1.211026054E12":43,"1.211034714E12":174,"1.211025192E12":38,"1.211032347E12":135,"1.211061592E12":332,"1.211030221E12":101,"1.211031381E12":122,"1.211035519E12":193,"1.211047643E12":292,"1.211054958E12":325,"1.211025948E12":42,"1.211030111E12":93,"1.21102947E12":78,"1.211028832E12":63,"1.211034708E12":173,"1.211029317E12":69,"1.21103618E12":206,"1.211029828E12":85,"1.211053529E12":320,"1.211037439E12":226,"1.211064883E12":338,"1.211065124E12":340,"1.211031879E12":128,"1.211049538E12":305,"1.211024084E12":26,"1.211038668E12":236,"1.211025028E12":36,"1.211038868E12":239,"1.211037272E12":222,"1.211038165E12":233,"1.21117549E12":385,"1.211071495E12":355,"1.211080766E12":360,"1.211058012E12":329,"1.211036045E12":203,"1.211029384E12":73,"1.211068457E12":348,"1.211030714E12":110,"1.211032893E12":144,"1.21104414E12":278,"1.211051096E12":315,"1.211054627E12":324,"1.211030235E12":102,"1.211032742E12":140,"1.2110241E12":28,"1.211030156E12":100,"1.211032771E12":142,"1.211103347E12":374,"1.211028244E12":56,"1.211039707E12":245,"1.211062605E12":336,"1.211080216E12":359,"1.211030037E12":88,"1.211034016E12":162,"1.211067269E12":344,"1.211052938E12":316,"1.211049397E12":304,"1.211050186E12":309,"1.211034854E12":178,"1.211025287E12":39,"1.211040628E12":252,"1.211040616E12":251,"1.211029236E12":66,"1.211030935E12":115,"1.211030671E12":109,"1.21106735E12":345,"1.211053832E12":321,"1.21104067E12":253,"1.211091849E12":367,"1.21103516E12":184,"1.2110227E12":13,"1.211031867E12":127,"1.211067418E12":346,"1.21103004E12":89,"1.211047861E12":295,"1.211048302E12":297,"1.21103285E12":143,"1.211036997E12":220,"1.211048083E12":296,"1.211041026E12":256,"1.211032385E12":136,"1.211023441E12":20,"1.211025314E12":40,"1.211042334E12":265,"1.211028845E12":64,"1.211047748E12":293,"1.211033477E12":157,"1.21102492E12":35,"1.21104639E12":283,"1.211026445E12":47,"1.211022644E12":10,"1.211034808E12":176,"1.211081635E12":361,"1.211024273E12":32,"1.211027406E12":50,"1.211040305E12":247,"1.211084988E12":365},"NUMBER_OF_PEOPLE":400,"minTimeSeen":1.211018404E12,"maxTimeSeen":1.211558405E12,"NEIGHBORHOOD_RADIUS":20.0,