{"propagationData":{"1.211087672E12":134,"1.211058647E12":46,"1.211088268E12":140,"1.211062378E12":70,"1.211051841E12":25,"1.211246057E12":215,"1.21108375E12":128,"1.21111008E12":165,"1.211064991E12":77,"1.211083102E12":126,"1.211103346E12":159,"1.211116564E12":174,"1.211060986E12":61,"1.211069315E12":91,"1.211124478E12":179,"1.211061901E12":69,"1.211065914E12":85,"1.211136294E12":193,"1.21106994E12":96,"1.211063233E12":72,"1.211057579E12":38,"1.211089082E12":144,"1.211088206E12":137,"1.211049552E12":14,"1.211238416E12":206,"1.21106738E12":86,"1.211241788E12":211,"1.211115402E12":171,"1.211106412E12":161,"1.211071667E12":102,"1.21113298E12":188,"1.211053222E12":26,"1.211132878E12":186,"1.21104777E12":3,"1.211240131E12":209,"1.211136053E12":191,"1.211058941E12":50,"1.211246165E12":217,"1.211123999E12":178,"1.211050386E12":21,"1.211091016E12":148,"1.211057507E12":36,"1.211057771E12":41,"1.211138502E12":199,"1.211069939E12":95,"1.211049633E12":16,"1.211146455E12":205,"1.211065233E12":80,"1.211049595E12":15,"1.211057801E12":44,"1.211069259E12":90,"1.211087871E12":136,"1.211087866E12":135,"1.211070767E12":99,"1.211057401E12":33,"1.211103258E12":157,"1.211048602E12":10,"1.211057486E12":35,"1.211142228E12":204,"1.211069914E12":94,"1.211082173E12":122,"1.211057525E12":37,"1.211071679E12":104,"1.211048639E12":11,"1.21106821E12":87,"1.211048145E12":7,"1.211138515E12":200,"1.211083738E12":127,"1.211245973E12":213,"1.211089239E12":145,"1.211057341E12":31,"1.211093319E12":151,"1.211057356E12":32,"1.211057783E12":42,"1.211132927E12":187,"1.211064958E12":75,"1.211240118E12":208,"1.21105779E12":43,"1.211065852E12":84,"1.211063294E12":73,"1.211132699E12":183,"1.211070756E12":98,"1.211081027E12":117,"1.211047811E12":4,"1.211057708E12":40,"1.211058541E12":45,"1.21111184E12":169,"1.211088534E12":143,"1.211132989E12":189,"1.211065132E12":79,"1.211081056E12":118,"1.211123719E12":177,"1.211059582E12":55,"1.211053494E12":28,"1.211095118E12":152,"1.211136433E12":194,"1.211058766E12":48,"1.211018404E12":1,"1.211071688E12":105,"1.211058663E12":47,"1.211059381E12":52,"1.21106536E12":82,"1.211060896E12":59,"1.211089304E12":147,"1.21113625E12":192,"1.211088264E12":139,"1.211087418E12":133,"1.211246066E12":216,"1.211110184E12":167,"1.211109903E12":162,"1.211061891E12":68,"1.211073165E12":108,"1.211103306E12":158,"1.211063659E12":74,"1.211138486E12":198,"1.211070647E12":97,"1.211053573E12":29,"1.211086077E12":130,"1.211069645E12":93,"1.211088263E12":138,"1.211047851E12":6,"1.211071673E12":103,"1.211080627E12":116,"1.211081072E12":120,"1.211060759E12":58,"1.211081067E12":119,"1.211082169E12":121,"1.211059506E12":54,"1.211057478E12":34,"1.211061686E12":64,"1.211071642E12":101,"1.211047829E12":5,"1.211059583E12":56,"1.211123718E12":176,"1.211057308E12":30,"1.211115013E12":170,"1.211050511E12":22,"1.211070782E12":100,"1.211088508E12":141,"1.211068368E12":88,"1.211246952E12":218,"1.211082225E12":123,"1.211059478E12":53,"1.211074495E12":115,"1.211050277E12":19,"1.211099221E12":155,"1.211065008E12":78,"1.211074164E12":114,"1.21113267E12":182,"1.211089301E12":146,"1.211099506E12":156,"1.211065409E12":83,"1.211132791E12":184,"1.21111611E12":173,"1.211240029E12":207,"1.211073141E12":107,"1.211061869E12":66,"1.211099054E12":154,"1.211110037E12":164,"1.211241721E12":210,"1.211061685E12":63,"1.211093294E12":149,"1.211072984E12":106,"1.211086375E12":131,"1.211051755E12":24,"1.21106496E12":76,"1.211048591E12":8,"1.211132824E12":185,"1.211137155E12":195,"1.21124223E12":212,"1.211049917E12":17,"1.211074134E12":112,"1.211138563E12":201,"1.211069027E12":89,"1.211060925E12":60,"1.211065352E12":81,"1.211058787E12":49,"1.211116105E12":172,"1.211063222E12":71,"1.211073229E12":110,"1.211246041E12":214,"1.211110183E12":166,"1.211048598E12":9,"1.211048889E12":13,"1.211053395E12":27,"1.211073275E12":111,"1.211104196E12":160,"1.211085715E12":129,"1.211095744E12":153,"1.211093313E12":150,"1.211061663E12":62,"1.211111806E12":168,"1.211109921E12":163,"1.21112988E12":180,"1.211057694E12":39,"1.21106075E12":57,"1.211131037E12":181,"1.211142212E12":203,"1.211073196E12":109,"1.211246992E12":219,"1.211047723E12":2,"1.211136025E12":190,"1.211137206E12":196,"1.211137391E12":197,"1.211082228E12":124,"1.211138628E12":202,"1.211061699E12":65,"1.211050379E12":20,"1.211050561E12":23,"1.211088523E12":142,"1.211059188E12":51,"1.211082268E12":125,"1.211074135E12":113,"1.211048884E12":12,"1.211087358E12":132,"1.211116572E12":175,"1.211061874E12":67},"NUMBER_OF_PEOPLE":400,"minTimeSeen":1.211018404E12,"maxTimeSeen":1.211558405E12,"NEIGHBORHOOD_RADIUS":20.0,"ENCOUNTER_CHANCE":0.05,"priority":1.0,"duration":540001.0,"minutesDuration":9000.016666666666,"hoursDuration":150.00027777777777,"daysDuration":6.250011574074073}
