{"propagationData":{"1.211071327E12":301,"1.211056987E12":241,"1.211040975E12":47,"1.211068029E12":297,"1.211054869E12":221,"1.211063493E12":280,"1.211054751E12":218,"1.211087514E12":342,"1.211050587E12":179,"1.21105495E12":223,"1.211043415E12":85,"1.211049821E12":171,"1.211061096E12":270,"1.211044574E12":103,"1.211050451E12":177,"1.211055281E12":230,"1.211089767E12":345,"1.211078678E12":324,"1.211048439E12":161,"1.211064001E12":282,"1.211044955E12":110,"1.211039998E12":36,"1.211075579E12":311,"1.211260592E12":386,"1.211085932E12":341,"1.211059777E12":258,"1.21107911E12":326,"1.211041024E12":48,"1.211052319E12":191,"1.2110415E12":53,"1.211054892E12":222,"1.211056527E12":239,"1.211122671E12":372,"1.211060128E12":261,"1.211043591E12":89,"1.211179387E12":379,"1.211065795E12":288,"1.211069137E12":299,"1.211067117E12":290,"1.211042396E12":70,"1.211046157E12":127,"1.211040941E12":44,"1.211043636E12":90,"1.211052346E12":192,"1.211058387E12":250,"1.211077751E12":322,"1.211085575E12":339,"1.211051796E12":187,"1.211093633E12":353,"1.211055045E12":226,"1.211057855E12":247,"1.21114178E12":378,"1.211043535E12":88,"1.211092352E12":350,"1.211050439E12":176,"1.211045381E12":114,"1.211032014E12":10,"1.211043322E12":81,"1.211047826E12":159,"1.211042224E12":67,"1.211049772E12":169,"1.211059279E12":255,"1.211039808E12":32,"1.211042978E12":78,"1.211018404E12":1,"1.211094295E12":356,"1.21104735E12":150,"1.211043267E12":80,"1.211078019E12":323,"1.211051962E12":190,"1.211065629E12":287,"1.2110428E12":76,"1.211134753E12":375,"1.211059346E12":256,"1.211072199E12":305,"1.211044211E12":97,"1.211041834E12":59,"1.211075461E12":309,"1.211040807E12":42,"1.211039899E12":35,"1.21107004E12":300,"1.211062002E12":274,"1.211037974E12":25,"1.211077195E12":320,"1.21105351E12":206,"1.211046424E12":135,"1.211057605E12":244,"1.211052937E12":196,"1.211049737E12":168,"1.211040803E12":41,"1.211051667E12":184,"1.211045255E12":111,"1.21121459E12":384,"1.211046513E12":139,"1.211040965E12":46,"1.211047392E12":152,"1.211057467E12":243,"1.211093247E12":352,"1.211045562E12":119,"1.211041792E12":57,"1.2110455E12":117,"1.211063745E12":281,"1.211047398E12":153,"1.211280147E12":388,"1.211093983E12":355,"1.21110296E12":365,"1.211058204E12":248,"1.21110439E12":367,"1.211037495E12":24,"1.211043836E12":92,"1.211060416E12":263,"1.21110462E12":368,"1.211044257E12":98,"1.211096208E12":362,"1.211047587E12":156,"1.211062377E12":277,"1.211093766E12":354,"1.211042787E12":74,"1.211030779E12":9,"1.211047369E12":151,"1.211116906E12":370,"1.211045542E12":118,"1.211046156E12":126,"1.211044024E12":94,"1.211038322E12":26,"1.211055241E12":229,"1.211060541E12":265,"1.211055649E12":236,"1.211085593E12":340,"1.211048503E12":162,"1.21107478E12":307,"1.211050301E12":175,"1.211041465E12":51,"1.211093004E12":351,"1.211075951E12":313,"1.211045284E12":112,"1.211047414E12":154,"1.211046861E12":143,"1.211042188E12":66,"1.211092339E12":349,"1.211041818E12":58,"1.21104562E12":120,"1.211037086E12":23,"1.211058722E12":252,"1.211064582E12":284,"1.211059958E12":260,"1.211136378E12":377,"1.211076405E12":315,"1.211049861E12":172,"1.21104742E12":155,"1.211054402E12":215,"1.211042033E12":63,"1.211041866E12":61,"1.211044677E12":104,"1.211062959E12":279,"1.21105072E12":180,"1.211038965E12":29,"1.211043359E12":82,"1.211044764E12":107,"1.211060355E12":262,"1.211055616E12":235,"1.211094692E12":359,"1.211053295E12":202,"1.211055011E12":224,"1.211042119E12":65,"1.21105385E12":211,"1.211036888E12":22,"1.211040117E12":37,"1.211055122E12":227,"1.211065368E12":286,"1.21103989E12":34,"1.211082458E12":332,"1.211044413E12":101,"1.211054838E12":220,"1.211042837E12":77,"1.211034626E12":14,"1.211042239E12":68,"1.211076763E12":319,"1.211044357E12":99,"1.211071804E12":304,"1.211040742E12":39,"1.211055038E12":225,"1.211103812E12":366,"1.211054465E12":217,"1.211049351E12":166,"1.21103383E12":12,"1.211041835E12":60,"1.211054363E12":214,"1.211095429E12":361,"1.211041708E12":56,"1.211071449E12":302,"1.211079318E12":327,"1.211049791E12":170,"1.21104348E12":86,"1.211043834E12":91,"1.211047772E12":158,"1.211074754E12":306,"1.211083782E12":334,"1.211052986E12":197,"1.211051904E12":189,"1.211040757E12":40,"1.211338833E12":389,"1.211060417E12":264,"1.211046379E12":132,"1.211053289E12":201,"1.211100908E12":363,"1.211050489E12":178,"1.211085131E12":336,"1.21105692E12":240,"1.211041087E12":49,"1.211054462E12":216,"1.211053442E12":205,"1.211047247E12":149,"1.21113415E12":373,"1.211076449E12":316,"1.211049312E12":165,"1.211066832E12":289,"1.211077728E12":321,"1.211045806E12":122,"1.211053028E12":198,"1.21106084E12":267,"1.211048375E12":160,"1.211043955E12":93,"1.211055373E12":232,"1.211253079E12":385,"1.211053385E12":203,"1.21104647E12":138,"1.211046391E12":133,"1.211085028E12":335,"1.211080093E12":328,"1.211044566E12":102,"1.211076643E12":317,"1.211071476E12":303,"1.211027453E12":4,"1.211080371E12":329,"1.211059004E12":253,"1.211067657E12":295,"1.211059693E12":257,"1.211054764E12":219,"1.211046775E12":142,"1.211058262E12":249,"1.211054226E12":212,"1.21106729E12":292,"1.211081632E12":331,"1.211044713E12":106,"1.211045411E12":115,"1.211058626E12":251,"1.211051669E12":185,"1.211082686E12":333,"1.211092049E12":348,"1.211019317E12":2,"1.211051058E12":183,"1.211038677E12":27,"1.211059919E12":259,"1.211045894E12":124,"1.211039264E12":30,"1.21104209E12":64,"1.211057646E12":245,"1.211212398E12":382,"1.211025406E12":3,"1.211039568E12":31,"1.211055387E12":233,"1.211046965E12":144,"1.211052804E12":195,"1.211110646E12":369,"1.211044951E12":109,"1.211045952E12":125,"1.211085294E12":337,"1.211088338E12":343,"1.211062337E12":276,"1.211042487E12":72,"1.211036186E12":17,"1.211080894E12":330,"1.211053264E12":200,"1.211054251E12":213,"1.211060964E12":268,"1.211075835E12":312,"1.211052373E12":193,"1.211076009E12":314,"1.211057707E12":246,"1.211094507E12":358,"1.211053712E12":210,"1.211272872E12":387,"1.211040657E12":38,"1.211062613E12":278,"1.211047158E12":145,"1.21103623E12":18,"1.211068831E12":298,"1.211061533E12":271,"1.211036122E12":16,"1.211055443E12":234,"1.211043107E12":79,"1.21104665E12":140,"1.211046377E12":131,"1.211183949E12":381,"1.211048536E12":164,"1.211047732E12":157,"1.21106159E12":272,"1.211027464E12":5,"1.211047213E12":148,"1.211049596E12":167,"1.211053561E12":207,"1.211040947E12":45,"1.211038733E12":28,"1.211045818E12":123,"1.211043495E12":87,"1.211135251E12":376,"1.211045326E12":113,"1.211053652E12":209,"1.211039813E12":33,"1.21104196E12":62,"1.211035914E12":15,"1.211094968E12":360,"1.2111342E12":374,"1.211076702E12":318,"1.211050849E12":182,"1.211034475E12":13,"1.211094499E12":357,"1.211044198E12":96,"1.211036539E12":21,"1.211045456E12":116,"1.211047181E12":146,"1.211041496E12":52,"1.211060801E12":266,"1.2110289E12":7,"1.211046445E12":137,"1.211046725E12":141,"1.211044689E12":105,"1.211032631E12":11,"1.211051751E12":186,"1.211041122E12":50,"1.211041629E12":54,"1.21109095E12":346,"1.211055203E12":228,"1.2110464E12":134,"1.211214277E12":383,"1.211055351E12":231,"1.211088404E12":344,"1.211078716E12":325,"1.211044948E12":108,"1.211053594E12":208,"1.211050076E12":173,"1.211062029E12":275,"1.211053249E12":199,"1.2110749E12":308,"1.211061847E12":273,"1.211064418E12":283,"1.211045766E12":121,"1.211036465E12":20,"1.211043372E12":83,"1.211027481E12":6,"1.211044404E12":100,"1.211053395E12":204,"1.211036344E12":19,"1.21104414E12":95,"1.211041664E12":55,"1.211067149E12":291,"1.211183322E12":380,"1.21109178E12":347,"1.211050763E12":181,"1.211050164E12":174,"1.211046173E12":128,"1.211065028E12":285,"1.211042462E12":71,"1.211043385E12":84,"1.21106756E12":294,"1.211028972E12":8,"1.211055672E12":237,"1.211042796E12":75,"1.211046211E12":129,"1.211042246E12":69,"1.211085485E12":338,"1.211121486E12":371,"1.211052638E12":194,"1.211042731E12":73,"1.211057317E12":242,"1.211046273E12":130,"1.211067308E12":293,"1.211055701E12":238,"1.211051825E12":188,"1.211102334E12":364,"1.211040812E12":43,"1.211067754E12":296,"1.211061021E12":269,"1.211048511E12":163,"1.211059135E12":254,"1.211047207E12":147,