{"propagationData":{"1.211042208E12":220,"1.211040697E12":205,"1.211033326E12":107,"1.211036068E12":143,"1.211074479E12":354,"1.211029164E12":46,"1.21109217E12":368,"1.211041182E12":210,"1.211037063E12":161,"1.211050532E12":281,"1.211042326E12":223,"1.21104135E12":213,"1.211026413E12":25,"1.211048543E12":263,"1.211071936E12":350,"1.211046676E12":253,"1.211048648E12":267,"1.211076835E12":356,"1.211055346E12":301,"1.211032871E12":98,"1.211035551E12":138,"1.211038573E12":186,"1.211037299E12":168,"1.211051114E12":286,"1.211038295E12":180,"1.211033539E12":112,"1.211031591E12":69,"1.211041843E12":216,"1.21106113E12":326,"1.211030264E12":59,"1.211058966E12":311,"1.211090768E12":366,"1.211042442E12":227,"1.211031315E12":63,"1.211034961E12":126,"1.211074754E12":355,"1.211036454E12":150,"1.211050549E12":283,"1.211037192E12":165,"1.211031521E12":67,"1.211026271E12":22,"1.21104213E12":218,"1.211050099E12":277,"1.2110321E12":81,"1.211043959E12":232,"1.211027318E12":32,"1.211038335E12":182,"1.211031755E12":71,"1.211183455E12":385,"1.211045404E12":239,"1.211042458E12":228,"1.211032391E12":89,"1.211041129E12":209,"1.211038598E12":187,"1.211054078E12":293,"1.211039352E12":194,"1.211026199E12":16,"1.211037978E12":177,"1.211064917E12":340,"1.21120517E12":386,"1.211032329E12":86,"1.211059124E12":312,"1.211031256E12":62,"1.211026159E12":14,"1.211026597E12":28,"1.211033171E12":104,"1.211036608E12":153,"1.211040768E12":207,"1.211032094E12":80,"1.211037833E12":173,"1.211021352E12":5,"1.211032015E12":76,"1.211030186E12":55,"1.21111614E12":374,"1.211045548E12":241,"1.211125884E12":376,"1.211089378E12":362,"1.211028338E12":41,"1.211027376E12":33,"1.211383051E12":388,"1.211049546E12":272,"1.211027463E12":35,"1.211031515E12":66,"1.211036653E12":155,"1.211032954E12":99,"1.211041413E12":214,"1.211038238E12":179,"1.211049641E12":273,"1.211045594E12":242,"1.211034527E12":121,"1.211027812E12":37,"1.211045676E12":245,"1.211042157E12":219,"1.211055186E12":300,"1.211033146E12":102,"1.211042474E12":229,"1.21104469E12":237,"1.211057279E12":307,"1.211077039E12":357,"1.211049E12":269,"1.211177309E12":384,"1.211090111E12":363,"1.21103957E12":197,"1.211032061E12":79,"1.211048636E12":266,"1.211038333E12":181,"1.211052216E12":288,"1.211029365E12":47,"1.211033603E12":114,"1.211033325E12":106,"1.211066331E12":342,"1.211090594E12":365,"1.211025873E12":10,"1.211048575E12":265,"1.211038356E12":183,"1.211041184E12":211,"1.2110387E12":188,"1.211021419E12":6,"1.211093605E12":370,"1.211175481E12":383,"1.211061561E12":327,"1.211087507E12":360,"1.211040037E12":200,"1.211039396E12":195,"1.211074064E12":353,"1.211045764E12":246,"1.211044827E12":238,"1.211032632E12":94,"1.211037775E12":172,"1.211039139E12":193,"1.211087924E12":361,"1.21103664E12":154,"1.211021819E12":8,"1.211045411E12":240,"1.211020889E12":4,"1.211035828E12":140,"1.21105051E12":280,"1.211030057E12":51,"1.211037435E12":170,"1.211049286E12":271,"1.211062376E12":330,"1.211044048E12":233,"1.211216383E12":387,"1.211035507E12":136,"1.211053123E12":290,"1.211051469E12":287,"1.211046419E12":252,"1.211038989E12":190,"1.211018404E12":1,"1.211026427E12":26,"1.211038365E12":184,"1.211036767E12":158,"1.211137908E12":378,"1.211026616E12":29,"1.211028724E12":44,"1.211058268E12":309,"1.211056206E12":305,"1.211030178E12":54,"1.211047624E12":260,"1.21103232E12":85,"1.211068035E12":347,"1.211055842E12":304,"1.211054573E12":296,"1.211033534E12":111,"1.211066748E12":344,"1.211061013E12":325,"1.211031792E12":72,"1.211062472E12":332,"1.211042425E12":226,"1.211032221E12":83,"1.211036226E12":145,"1.21113625E12":377,"1.211045637E12":243,"1.211049888E12":275,"1.21102621E12":19,"1.211026204E12":17,"1.211036507E12":151,"1.211141774E12":379,"1.211059996E12":318,"1.211033578E12":113,"1.21102746E12":34,"1.211053199E12":291,"1.211037326E12":169,"1.211049747E12":274,"1.211026145E12":12,"1.211031915E12":74,"1.211034608E12":124,"1.211029837E12":50,"1.211047461E12":259,"1.211032798E12":97,"1.211048654E12":268,"1.211046395E12":251,"1.211062755E12":334,"1.211026205E12":18,"1.211026146E12":13,"1.21103909E12":191,"1.211045768E12":247,"1.211019453E12":2,"1.211037161E12":163,"1.211080224E12":359,"1.211029479E12":48,"1.211033382E12":109,"1.211038742E12":189,"1.211034998E12":127,"1.211048291E12":261,"1.211032727E12":95,"1.211050545E12":282,"1.211032736E12":96,"1.211032965E12":100,"1.211071864E12":349,"1.211026591E12":27,"1.21103362E12":115,"1.211037179E12":164,"1.211037853E12":174,"1.211066828E12":345,"1.211071849E12":348,"1.211046377E12":250,"1.21104852E12":262,"1.211040772E12":208,"1.211033147E12":103,"1.211057092E12":306,"1.211020814E12":3,"1.211059923E12":317,"1.211027464E12":36,"1.21106011E12":320,"1.211042273E12":222,"1.211038565E12":185,"1.211042261E12":221,"1.211033728E12":117,"1.211036259E12":147,"1.211045828E12":248,"1.211036218E12":144,"1.211029824E12":49,"1.211032994E12":101,"1.211047352E12":258,"1.21104075E12":206,"1.211034555E12":122,"1.211063612E12":338,"1.21104674E12":254,"1.211037003E12":160,"1.21105505E12":299,"1.211032612E12":92,"1.211035542E12":137,"1.211054946E12":297,"1.211150911E12":382,"1.211044469E12":235,"1.21104565E12":244,"1.21111372E12":373,"1.211062268E12":329,"1.211035901E12":142,"1.211038027E12":178,"1.211039126E12":192,"1.211059134E12":313,"1.211059571E12":315,"1.211035859E12":141,"1.211050305E12":279,"1.211090469E12":364,"1.211032196E12":82,"1.211063101E12":336,"1.211062415E12":331,"1.211060387E12":321,"1.211054361E12":295,"1.2110323E12":84,"1.211032018E12":77,"1.211026748E12":31,"1.211031546E12":68,"1.211026382E12":24,"1.211035798E12":139,"1.211037557E12":171,"1.211028378E12":42,"1.211039603E12":198,"1.211055518E12":302,"1.211031697E12":70,"1.211049114E12":270,"1.211052238E12":289,"1.211146636E12":381,"1.211073333E12":351,"1.211036949E12":159,"1.211101816E12":371,"1.211107233E12":372,"1.211051075E12":285,"1.211032352E12":87,"1.211041347E12":212,"1.211028183E12":40,"1.211034478E12":120,"1.211031862E12":73,"1.211031224E12":61,"1.211026191E12":15,"1.211045937E12":249,"1.211030247E12":58,"1.211035092E12":128,"1.211042367E12":225,"1.211035392E12":133,"1.211047348E12":257,"1.211049921E12":276,"1.211031404E12":64,"1.211034912E12":125,"1.211036755E12":157,"1.211033265E12":105,"1.211033512E12":110,"1.211055004E12":298,"1.211040321E12":203,"1.211021692E12":7,"1.211043898E12":230,"1.211040128E12":201,"1.211030244E12":56,"1.21103372E12":116,"1.211023544E12":9,"1.211053331E12":292,"1.211058489E12":310,"1.211036508E12":152,"1.211030707E12":60,"1.211026335E12":23,"1.211061731E12":328,"1.211036426E12":149,"1.211031942E12":75,"1.211036687E12":156,"1.211050113E12":278,"1.211032476E12":91,"1.211035461E12":134,"1.211034594E12":123,"1.211047333E12":256,"1.211066186E12":341,"1.211040277E12":202,"1.211125181E12":375,"1.211037254E12":167,"1.21103635E12":148,"1.21102627E12":21,"1.211028179E12":39,"1.211037247E12":166,"1.21104405E12":234,"1.211031435E12":65,"1.211032615E12":93,"1.211037865E12":175,"1.211025892E12":11,"1.211091313E12":367,"1.211063192E12":337,"1.211035154E12":130,"1.211048548E12":264,"1.211026258E12":20,"1.211063844E12":339,"1.211026642E12":30,"1.211035202E12":132,"1.21106075E12":324,"1.211033787E12":118,"1.21104182E12":215,"1.211059906E12":316,"1.211055666E12":303,"1.211044612E12":236,"1.211030164E12":53,"1.2110926E12":369,"1.211042364E12":224,"1.21104001E12":199,"1.21105413E12":294,"1.211033368E12":108,"1.211062966E12":335,"1.211059376E12":314,"1.211041934E12":217,"1.211037145E12":162,"1.211142275E12":380,"1.211035098E12":129,"1.211039548E12":196,"1.211027922E12":38,"1.211032416E12":90,"1.211062586E12":333,"1.211060515E12":323,"1.211032022E12":78,"1.211074032E12":352,"1.211030149E12":52,"1.211028809E12":45,"1.211057461E12":308,"1.211068014E12":346,"1.211077188E12":358,"1.211043929E12":231,"1.21103547E12":135,"1.211046753E12":255,"1.211037975E12":176,"1.21106639E12":343,"1.211050978E12":284,"1.211034219E12":119,"1.211035172E12":131},"NUMBER_OF_PEOPLE":400,"minTimeSeen":1.211018404E12,"maxTimeSeen":1.211558405E12,"NEIGHBORHOOD_RADIUS":20.0,