{"propagationData":{"1.211074437E12":241,"1.211085309E12":310,"1.211063038E12":155,"1.211055219E12":56,"1.211059302E12":102,"1.211075388E12":249,"1.211052739E12":23,"1.21106246E12":150,"1.21105929E12":101,"1.211167725E12":380,"1.211022288E12":2,"1.21108901E12":322,"1.211062742E12":153,"1.211126112E12":360,"1.211065784E12":188,"1.211074703E12":246,"1.211046676E12":5,"1.211053886E12":38,"1.211053003E12":27,"1.211065583E12":184,"1.211068177E12":202,"1.211063564E12":161,"1.211057531E12":79,"1.211054016E12":41,"1.211059979E12":115,"1.211080845E12":279,"1.211054194E12":44,"1.211077301E12":259,"1.211260592E12":386,"1.211058754E12":92,"1.211056202E12":66,"1.21108124E12":283,"1.211066125E12":191,"1.211057524E12":75,"1.211055074E12":54,"1.211053898E12":40,"1.21108499E12":306,"1.211081213E12":282,"1.211057073E12":73,"1.211055819E12":62,"1.211058524E12":91,"1.211056323E12":67,"1.211064759E12":175,"1.211070971E12":217,"1.211087425E12":316,"1.211060305E12":122,"1.21107299E12":237,"1.211052284E12":17,"1.211053807E12":35,"1.211076631E12":253,"1.211097699E12":341,"1.211085211E12":309,"1.21108871E12":320,"1.211087089E12":313,"1.211057525E12":76,"1.211044412E12":3,"1.211056843E12":70,"1.211057581E12":80,"1.21108297E12":295,"1.21106024E12":121,"1.211099327E12":346,"1.211069385E12":211,"1.211073445E12":239,"1.211065107E12":179,"1.211058809E12":93,"1.211127584E12":362,"1.211069371E12":210,"1.211053794E12":34,"1.211069202E12":208,"1.211104324E12":350,"1.211069467E12":213,"1.211142663E12":371,"1.211066087E12":189,"1.211071226E12":220,"1.211052806E12":24,"1.21105169E12":13,"1.211073029E12":238,"1.211071355E12":221,"1.211080656E12":276,"1.211067937E12":201,"1.211050639E12":7,"1.211052405E12":19,"1.211065266E12":181,"1.211079988E12":273,"1.211092986E12":333,"1.211018404E12":1,"1.211080678E12":277,"1.211063742E12":163,"1.211083838E12":300,"1.211063316E12":156,"1.211051425E12":11,"1.211082746E12":292,"1.211069944E12":214,"1.211094465E12":337,"1.211055169E12":55,"1.211089448E12":324,"1.211061239E12":140,"1.211059999E12":116,"1.211072713E12":235,"1.211141774E12":370,"1.21108121E12":281,"1.211050846E12":9,"1.211051569E12":12,"1.2111242E12":359,"1.211067015E12":194,"1.211058486E12":89,"1.211080539E12":274,"1.211088611E12":319,"1.211061858E12":146,"1.21105753E12":78,"1.211060449E12":126,"1.211054469E12":48,"1.211072853E12":236,"1.211098827E12":343,"1.21108718E12":314,"1.211052942E12":26,"1.211058167E12":85,"1.21108521E12":308,"1.211092119E12":331,"1.21106014E12":119,"1.211054342E12":46,"1.211052329E12":18,"1.211084782E12":304,"1.211065517E12":182,"1.211055953E12":64,"1.211051692E12":14,"1.211069166E12":205,"1.211164056E12":378,"1.211053887E12":39,"1.211070102E12":215,"1.211055764E12":61,"1.211093872E12":334,"1.211092443E12":332,"1.211059286E12":100,"1.211063688E12":162,"1.211071911E12":229,"1.21107948E12":268,"1.211056833E12":69,"1.211091405E12":328,"1.211154425E12":374,"1.211059948E12":114,"1.21108989E12":326,"1.211060467E12":128,"1.211071474E12":223,"1.211058849E12":94,"1.211116995E12":355,"1.211061685E12":143,"1.211056151E12":65,"1.211061238E12":139,"1.211058996E12":96,"1.21107478E12":247,"1.211066118E12":190,"1.211060925E12":136,"1.211051818E12":15,"1.211077609E12":261,"1.211084785E12":305,"1.211056924E12":72,"1.211058256E12":86,"1.211079679E12":271,"1.211081283E12":284,"1.211071191E12":218,"1.211058315E12":88,"1.211062351E12":148,"1.211084749E12":303,"1.211059321E12":103,"1.211161278E12":376,"1.21109556E12":339,"1.211065006E12":177,"1.211156394E12":375,"1.211071848E12":228,"1.211062971E12":154,"1.211061465E12":141,"1.211055441E12":57,"1.211077847E12":264,"1.211075636E12":250,"1.211132391E12":365,"1.211060092E12":118,"1.211118955E12":357,"1.211054048E12":43,"1.211082711E12":291,"1.211074693E12":245,"1.211055011E12":53,"1.211076907E12":256,"1.211055551E12":60,"1.211054933E12":52,"1.211083255E12":296,"1.211054783E12":51,"1.211169661E12":381,"1.211048559E12":6,"1.2110894E12":323,"1.211067049E12":195,"1.211079676E12":270,"1.211136817E12":367,"1.211053828E12":36,"1.211054626E12":50,"1.211152425E12":373,"1.211055928E12":63,"1.211094427E12":336,"1.211052656E12":22,"1.211053536E12":32,"1.211140956E12":369,"1.21106426E12":169,"1.211060822E12":132,"1.211081893E12":287,"1.21107777E12":263,"1.21106058E12":130,"1.211086622E12":311,"1.211069359E12":209,"1.211105859E12":351,"1.211106437E12":353,"1.211083522E12":298,"1.211075103E12":248,"1.211059936E12":112,"1.211060988E12":137,"1.21108282E12":293,"1.211119793E12":358,"1.21107672E12":254,"1.211065706E12":186,"1.211063388E12":158,"1.211060321E12":123,"1.211057692E12":81,"1.211071677E12":226,"1.211087542E12":317,"1.21105314E12":29,"1.211060365E12":125,"1.211053442E12":31,"1.21106035E12":124,"1.21107989E12":272,"1.211074594E12":244,"1.211083348E12":297,"1.211091545E12":330,"1.211050729E12":8,"1.211072082E12":231,"1.211058855E12":95,"1.211127775E12":363,"1.211053624E12":33,"1.21106195E12":147,"1.211059466E12":105,"1.211060859E12":133,"1.211079292E12":266,"1.211067717E12":198,"1.211117885E12":356,"1.21105781E12":82,"1.211059885E12":111,"1.211087013E12":312,"1.211065067E12":178,"1.21108957E12":325,"1.211060917E12":135,"1.211060613E12":131,"1.211077263E12":258,"1.211095642E12":340,"1.211063896E12":164,"1.211091527E12":329,"1.211059943E12":113,"1.211106104E12":352,"1.211063404E12":159,"1.211082679E12":290,"1.211066764E12":192,"1.211069164E12":204,"1.211081453E12":285,"1.211074246E12":240,"1.211167423E12":379,"1.211081104E12":280,"1.211067743E12":199,"1.211077707E12":262,"1.211082453E12":289,"1.21105909E12":98,"1.211054295E12":45,"1.211058E12":84,"1.211077115E12":257,"1.211095347E12":338,"1.211059429E12":104,"1.211070852E12":216,"1.211072435E12":234,"1.211064631E12":174,"1.211065534E12":183,"1.211081692E12":286,"1.211064272E12":170,"1.211055534E12":59,"1.2110686E12":203,"1.211099241E12":345,"1.211147422E12":372,"1.211071223E12":219,"1.211063382E12":157,"1.211061059E12":138,"1.211055448E12":58,"1.211054027E12":42,"1.211071458E12":222,"1.211069182E12":206,"1.211059784E12":108,"1.211102236E12":348,"1.21107167E12":225,"1.211253009E12":385,"1.211065671E12":185,"1.211062516E12":151,"1.211101946E12":347,"1.211175515E12":382,"1.211065127E12":180,"1.211078122E12":265,"1.211113332E12":354,"1.211059867E12":109,"1.211076106E12":251,"1.211052851E12":25,"1.211080796E12":278,"1.21107675E12":255,"1.211079517E12":269,"1.211060464E12":127,"1.211064798E12":176,"1.211084327E12":302,"1.211064391E12":172,"1.211058523E12":90,"1.211082863E12":294,"1.211087297E12":315,"1.211061645E12":142,"1.211056324E12":68,"1.21106688E12":193,"1.211064143E12":167,"1.211085051E12":307,"1.211060523E12":129,"1.211079399E12":267,"1.211064527E12":173,"1.211054523E12":49,"1.211053056E12":28,"1.211071846E12":227,"1.21107734E12":260,"1.211061698E12":144,"1.211140361E12":368,"1.211051158E12":10,"1.211054447E12":47,"1.211067863E12":200,"1.211090515E12":327,"1.211099007E12":344,"1.211129991E12":364,"1.211061796E12":145,"1.211044442E12":4,"1.211053413E12":30,"1.211179589E12":383,"1.211063415E12":160,"1.211071648E12":224,"1.211080629E12":275,"1.211069422E12":212,"1.211083668E12":299,"1.211053885E12":37,"1.21137543E12":387,"1.211071955E12":230,"1.211069194E12":207,"1.21108407E12":301,"1.211064243E12":168,"1.211234305E12":384,"1.211067554E12":196,"1.21108204E12":288,"1.211059761E12":107,"1.211074471E12":242,"1.211062629E12":152,"1.211059493E12":106,"1.211098386E12":342,"1.211135262E12":366,"1.211060196E12":120,"1.211161957E12":377,"1.211057527E12":77,"1.21106575E12":187,"1.211094074E12":335,"1.211057907E12":83,"1.211076264E12":252,"1.21105188E12":16,"1.211088727E12":321,"1.211064128E12":166,"1.211060075E12":117,"1.211058295E12":87,"1.211067563E12":197,"1.211126137E12":361,"1.211072357E12":233,"1.211059035E12":97,"1.211052454E12":20,"1.211064125E12":165,"1.211052521E12":21,"1.211074477E12":243,"1.211062388E12":149,"1.211103117E12":349,"1.211059266E12":99,"1.211064295E12":171,"1.211056853E12":71,"1.211088056E12":318,"1.211060871E12":134,"1.211072193E12":232},"NUMBER_OF_PEOPLE":400,