{"propagationData":{"1.211054187E12":176,"1.211050813E12":132,"1.211050501E12":126,"1.211066168E12":280,"1.211053039E12":163,"1.211088664E12":344,"1.211049057E12":100,"1.211050367E12":123,"1.211054605E12":183,"1.211072645E12":304,"1.211050671E12":131,"1.211368005E12":387,"1.211050491E12":125,"1.211047374E12":57,"1.211055683E12":201,"1.211049446E12":105,"1.211045538E12":43,"1.211069612E12":299,"1.211041191E12":8,"1.21105534E12":194,"1.211075455E12":310,"1.211047265E12":56,"1.211057584E12":225,"1.211047897E12":76,"1.211054455E12":182,"1.211165076E12":380,"1.211066293E12":281,"1.211149238E12":378,"1.211042472E12":12,"1.211052943E12":160,"1.211058512E12":230,"1.211054236E12":177,"1.211085932E12":338,"1.211216602E12":383,"1.21104797E12":78,"1.211057096E12":219,"1.211048755E12":98,"1.211139437E12":374,"1.211056623E12":208,"1.211124283E12":369,"1.211051079E12":138,"1.211051318E12":141,"1.21104465E12":35,"1.211080464E12":325,"1.211041764E12":9,"1.211064824E12":277,"1.211048377E12":87,"1.211075813E12":312,"1.211080195E12":323,"1.211064729E12":276,"1.211081025E12":327,"1.211048396E12":88,"1.211048165E12":83,"1.211055304E12":193,"1.211044031E12":28,"1.211098418E12":358,"1.211045885E12":47,"1.211062391E12":256,"1.211048322E12":85,"1.211051796E12":147,"1.21104779E12":70,"1.211063379E12":267,"1.211037216E12":4,"1.211054866E12":185,"1.21108473E12":334,"1.211130999E12":371,"1.211049854E12":113,"1.211045603E12":45,"1.211052975E12":162,"1.211089744E12":346,"1.211047424E12":61,"1.211057288E12":222,"1.211076345E12":314,"1.211085847E12":337,"1.211043274E12":16,"1.211063342E12":265,"1.21104837E12":86,"1.211055688E12":202,"1.211055398E12":195,"1.211080415E12":324,"1.211053562E12":171,"1.211053627E12":172,"1.21105563E12":198,"1.21105571E12":203,"1.211059965E12":235,"1.211018404E12":1,"1.211035583E12":2,"1.211131156E12":372,"1.211053541E12":170,"1.211066748E12":285,"1.211088643E12":343,"1.211061171E12":241,"1.211141774E12":375,"1.211051498E12":146,"1.211067429E12":293,"1.211100797E12":362,"1.211050535E12":127,"1.211047766E12":69,"1.21106435E12":273,"1.211049274E12":104,"1.211066379E12":282,"1.211052897E12":159,"1.211062372E12":255,"1.211047735E12":66,"1.211048424E12":89,"1.211099067E12":360,"1.211052789E12":158,"1.211062248E12":252,"1.211063695E12":270,"1.211076883E12":316,"1.211061595E12":245,"1.211045385E12":41,"1.211079241E12":320,"1.211067434E12":294,"1.211053486E12":169,"1.211044859E12":36,"1.211067034E12":288,"1.211043664E12":22,"1.211104304E12":366,"1.211083022E12":331,"1.211050029E12":116,"1.211056191E12":206,"1.211075914E12":313,"1.211047398E12":59,"1.211077908E12":317,"1.211099459E12":361,"1.211063632E12":268,"1.211047386E12":58,"1.211040875E12":7,"1.211062415E12":257,"1.211044269E12":31,"1.211053635E12":173,"1.211051884E12":149,"1.211071105E12":303,"1.211045289E12":40,"1.211042131E12":10,"1.211057686E12":227,"1.211066035E12":278,"1.211066688E12":284,"1.211053381E12":166,"1.211051832E12":148,"1.211051101E12":139,"1.211058813E12":232,"1.211055536E12":197,"1.21107664E12":315,"1.211078401E12":318,"1.211044021E12":27,"1.211082708E12":330,"1.211068732E12":296,"1.21106236E12":254,"1.211043641E12":21,"1.211055411E12":196,"1.211048443E12":90,"1.211067376E12":290,"1.211051482E12":145,"1.211101744E12":364,"1.211043758E12":24,"1.211045414E12":42,"1.211051066E12":137,"1.211075074E12":309,"1.211046307E12":51,"1.211058168E12":228,"1.211050574E12":129,"1.21108112E12":328,"1.211048721E12":96,"1.211069945E12":300,"1.21104742E12":60,"1.211048644E12":93,"1.211092952E12":352,"1.211048045E12":80,"1.211050948E12":134,"1.21104327E12":15,"1.211073015E12":305,"1.21108891E12":345,"1.211051065E12":136,"1.211055666E12":199,"1.211066086E12":279,"1.211097883E12":356,"1.211054951E12":187,"1.211047901E12":77,"1.211079826E12":322,"1.211053445E12":168,"1.21105659E12":207,"1.21105067E12":130,"1.211047456E12":62,"1.211088428E12":341,"1.211042968E12":14,"1.211047748E12":67,"1.211046818E12":54,"1.211056752E12":213,"1.211057061E12":218,"1.211048723E12":97,"1.211134439E12":373,"1.211074364E12":307,"1.21104221E12":11,"1.211056659E12":210,"1.211062201E12":251,"1.211044537E12":32,"1.211053172E12":164,"1.211050355E12":122,"1.211061261E12":243,"1.21109344E12":353,"1.211092934E12":351,"1.211084518E12":333,"1.211061168E12":240,"1.211049051E12":99,"1.211043562E12":19,"1.211047793E12":71,"1.211045143E12":39,"1.211046048E12":49,"1.211080853E12":326,"1.211050142E12":119,"1.211069541E12":298,"1.211091531E12":348,"1.211049685E12":111,"1.211068712E12":295,"1.211061006E12":239,"1.211048653E12":94,"1.211260611E12":385,"1.211058696E12":231,"1.211064575E12":275,"1.211057297E12":223,"1.211055676E12":200,"1.211043497E12":18,"1.211098241E12":357,"1.211070848E12":302,"1.211046035E12":48,"1.211055003E12":189,"1.211046438E12":52,"1.211057038E12":217,"1.211054756E12":184,"1.211053442E12":167,"1.211062652E12":262,"1.211066894E12":286,"1.211044587E12":34,"1.21105927E12":233,"1.211124558E12":370,"1.211052232E12":153,"1.211052325E12":154,"1.211051057E12":135,"1.211368739E12":388,"1.211062637E12":261,"1.211049804E12":112,"1.211047843E12":73,"1.211054943E12":186,"1.211050539E12":128,"1.211210018E12":381,"1.211045594E12":44,"1.211090431E12":347,"1.211055153E12":191,"1.211243126E12":384,"1.211053974E12":175,"1.211062304E12":253,"1.211047719E12":65,"1.211051982E12":150,"1.211051348E12":142,"1.21106718E12":289,"1.211079182E12":319,"1.21104851E12":92,"1.211067413E12":292,"1.211048092E12":81,"1.211084858E12":335,"1.211048509E12":91,"1.211060169E12":238,"1.211091938E12":349,"1.211050817E12":133,"1.211054957E12":188,"1.211036715E12":3,"1.21106694E12":287,"1.211097376E12":355,"1.211044932E12":37,"1.211047533E12":63,"1.211062455E12":258,"1.211061631E12":247,"1.211043839E12":25,"1.211059582E12":234,"1.211051109E12":140,"1.211047751E12":68,"1.21107552E12":311,"1.211050177E12":120,"1.211085273E12":336,"1.211046145E12":50,"1.211054248E12":179,"1.211099051E12":359,"1.21104425E12":29,"1.211042598E12":13,"1.211058213E12":229,"1.211153709E12":379,"1.211079651E12":321,"1.211051404E12":144,"1.211102687E12":365,"1.21106387E12":272,"1.211049684E12":110,"1.211067407E12":291,"1.211060104E12":237,"1.211263825E12":386,"1.211063008E12":264,"1.211054253E12":180,"1.211050094E12":118,"1.211049651E12":109,"1.211084368E12":332,"1.211056715E12":212,"1.211055149E12":190,"1.211057281E12":221,"1.21105031E12":121,"1.211086695E12":339,"1.211049123E12":101,"1.211063706E12":271,"1.211057338E12":224,"1.211049596E12":108,"1.211051394E12":143,"1.211047849E12":74,"1.211050421E12":124,"1.211068785E12":297,"1.21109273E12":350,"1.211040828E12":6,"1.21104345E12":17,"1.211047194E12":55,"1.211063665E12":269,"1.211057631E12":226,"1.211073356E12":306,"1.211062056E12":250,"1.211055256E12":192,"1.211049554E12":107,"1.211101166E12":363,"1.211049209E12":102,"1.211048097E12":82,"1.211047685E12":64,"1.211062628E12":260,"1.211054318E12":181,"1.211056631E12":209,"1.2111444E12":377,"1.211048043E12":79,"1.211053945E12":174,"1.211045122E12":38,"1.211053288E12":165,"1.211043666E12":23,"1.211037309E12":5,"1.211142705E12":376,"1.211052061E12":152,"1.21105718E12":220,"1.211047856E12":75,"1.211070349E12":301,"1.211049994E12":114,"1.211056865E12":214,"1.211052756E12":157,"1.2110467E12":53,"1.211087086E12":340,"1.211213604E12":382,"1.211057012E12":216,"1.211061706E12":248,"1.211061315E12":244,"1.211056927E12":215,"1.211050076E12":117,"1.211063345E12":266,"1.211048719E12":95,"1.211061736E12":249,"1.21110701E12":367,"1.211055895E12":204,"1.211043971E12":26,"1.211056714E12":211,"1.211061172E12":242,"1.211110233E12":368,"1.211049272E12":103,"1.21106668E12":283,"1.211052374E12":155,"1.211049495E12":106,"1.211044265E12":30,"1.211045667E12":46,"1.211050005E12":115,"1.211062976E12":263,"1.211064386E12":274,"1.211062589E12":259,"1.211052952E12":161,"1.211044541E12":33,"1.211051993E12":151,"1.211082442E12":329,"1.21109672E12":354,"1.211056183E12":205,"1.211074749E12":308,"1.211088607E12":342,"1.211054239E12":178,"1.211052666E12":156,"1.21106162E12":246,"1.211059978E12":236,"1.211048287E12":84,