{"propagationData":{"1.211089101E12":241,"1.211079788E12":108,"1.211102795E12":303,"1.211080094E12":126,"1.21107995E12":119,"1.21109083E12":252,"1.211251496E12":383,"1.211099356E12":289,"1.211100741E12":291,"1.211080598E12":137,"1.211080573E12":136,"1.211079779E12":107,"1.21107925E12":100,"1.211085091E12":201,"1.21109885E12":287,"1.211084405E12":191,"1.211103119E12":305,"1.211080149E12":130,"1.211127289E12":339,"1.211105821E12":308,"1.211147986E12":365,"1.21106472E12":6,"1.211087854E12":228,"1.211101082E12":294,"1.21108372E12":185,"1.211085906E12":210,"1.211091559E12":258,"1.211081299E12":151,"1.211139691E12":354,"1.211084654E12":194,"1.211081979E12":161,"1.21107987E12":113,"1.211075709E12":55,"1.211072069E12":29,"1.211150363E12":366,"1.211087984E12":229,"1.211133706E12":350,"1.211254971E12":384,"1.211084219E12":189,"1.211075776E12":58,"1.211080901E12":141,"1.211105895E12":310,"1.211075746E12":56,"1.211083173E12":173,"1.211078324E12":86,"1.211103084E12":304,"1.211119317E12":325,"1.211120303E12":328,"1.211101645E12":300,"1.211086265E12":214,"1.211041116E12":4,"1.211071331E12":21,"1.211077124E12":75,"1.211120134E12":327,"1.211129949E12":346,"1.211084464E12":193,"1.211073942E12":42,"1.211079861E12":112,"1.211078918E12":96,"1.211088684E12":237,"1.21132633E12":388,"1.211085126E12":202,"1.211105855E12":309,"1.211092342E12":262,"1.211082667E12":169,"1.21107997E12":120,"1.211082456E12":165,"1.211018994E12":2,"1.211074706E12":50,"1.211081002E12":146,"1.211069988E12":17,"1.211080732E12":140,"1.211082693E12":170,"1.21107718E12":78,"1.211078677E12":94,"1.21109494E12":276,"1.211079901E12":116,"1.211080415E12":135,"1.211075771E12":57,"1.211118103E12":323,"1.211018404E12":1,"1.211071362E12":23,"1.211083176E12":174,"1.211072394E12":31,"1.211086376E12":215,"1.211067292E12":11,"1.21107798E12":83,"1.211102358E12":302,"1.211078547E12":91,"1.211075876E12":62,"1.211259802E12":385,"1.211083823E12":187,"1.21110234E12":301,"1.211141774E12":357,"1.211101527E12":299,"1.211109579E12":318,"1.211075595E12":54,"1.211092949E12":266,"1.211090676E12":251,"1.211122672E12":332,"1.2110889E12":240,"1.211083198E12":176,"1.211084424E12":192,"1.211082623E12":167,"1.211082386E12":163,"1.211083556E12":183,"1.211074126E12":44,"1.211140373E12":355,"1.211093364E12":270,"1.211097329E12":283,"1.211080128E12":128,"1.211073349E12":38,"1.21121143E12":381,"1.211093299E12":269,"1.211065061E12":7,"1.211080978E12":144,"1.211085039E12":200,"1.211071673E12":26,"1.211068085E12":13,"1.211085844E12":208,"1.21108669E12":219,"1.211076172E12":65,"1.211086612E12":218,"1.21108519E12":203,"1.21108378E12":186,"1.211076598E12":69,"1.211203759E12":379,"1.211090289E12":248,"1.211088647E12":235,"1.21108682E12":221,"1.211117668E12":322,"1.211069697E12":15,"1.211096912E12":282,"1.211133567E12":349,"1.211070777E12":18,"1.211039866E12":3,"1.211097644E12":285,"1.211075927E12":63,"1.211079804E12":111,"1.211092427E12":263,"1.211094908E12":275,"1.211137926E12":353,"1.211224755E12":382,"1.211078684E12":95,"1.211077529E12":80,"1.211081182E12":148,"1.211083639E12":184,"1.211107272E12":315,"1.211083328E12":178,"1.211111979E12":319,"1.211088805E12":238,"1.211071235E12":20,"1.211124071E12":333,"1.211119897E12":326,"1.211096406E12":281,"1.211080355E12":133,"1.211084946E12":199,"1.21110124E12":296,"1.211092942E12":265,"1.21108262E12":166,"1.211081666E12":156,"1.211260613E12":387,"1.211073245E12":36,"1.211083464E12":182,"1.211081489E12":153,"1.211125607E12":337,"1.211073352E12":39,"1.211078575E12":92,"1.211083455E12":181,"1.211080349E12":132,"1.211078492E12":90,"1.211124315E12":334,"1.211082659E12":168,"1.211160029E12":373,"1.211083279E12":177,"1.211083409E12":179,"1.211156426E12":370,"1.211106427E12":312,"1.211078115E12":85,"1.211091484E12":257,"1.211073514E12":40,"1.211129804E12":345,"1.211073314E12":37,"1.21115759E12":372,"1.211146639E12":363,"1.211079724E12":105,"1.211079903E12":117,"1.211077151E12":77,"1.211087488E12":225,"1.211069861E12":16,"1.211095594E12":279,"1.211077107E12":74,"1.2110894E12":243,"1.211096092E12":280,"1.211084897E12":195,"1.211136427E12":351,"1.21109183E12":261,"1.211156749E12":371,"1.211085278E12":205,"1.211072365E12":30,"1.211085872E12":209,"1.211068347E12":14,"1.211097486E12":284,"1.211081837E12":160,"1.21108027E12":131,"1.211084013E12":188,"1.211074606E12":48,"1.211125532E12":336,"1.211142677E12":358,"1.211076953E12":73,"1.211075783E12":59,"1.211074613E12":49,"1.211079666E12":104,"1.211091607E12":259,"1.21112669E12":338,"1.211079067E12":98,"1.211079987E12":122,"1.211080406E12":134,"1.211167797E12":374,"1.211088173E12":231,"1.211076046E12":64,"1.211079944E12":118,"1.211088837E12":239,"1.211080131E12":129,"1.211078485E12":89,"1.211067224E12":10,"1.21107481E12":51,"1.211120849E12":329,"1.211092841E12":264,"1.211081255E12":150,"1.211075824E12":60,"1.211108963E12":316,"1.211081E12":145,"1.2110798E12":109,"1.211106334E12":311,"1.211084923E12":197,"1.211175482E12":376,"1.21109041E12":250,"1.211086466E12":216,"1.211082138E12":162,"1.211129415E12":344,"1.211071878E12":28,"1.211118976E12":324,"1.211128516E12":342,"1.211178661E12":378,"1.211133495E12":348,"1.211109375E12":317,"1.2110853E12":206,"1.21110141E12":298,"1.211071847E12":27,"1.211075831E12":61,"1.211121371E12":331,"1.211074292E12":45,"1.211088143E12":230,"1.211090893E12":253,"1.211081458E12":152,"1.211124746E12":335,"1.211120863E12":330,"1.21106627E12":8,"1.211081795E12":159,"1.211103552E12":306,"1.211074302E12":46,"1.211064154E12":5,"1.211105206E12":307,"1.211076473E12":68,"1.211088329E12":234,"1.211087581E12":226,"1.211086177E12":213,"1.211079874E12":114,"1.211080073E12":125,"1.211083171E12":172,"1.211092972E12":267,"1.21108727E12":223,"1.211090185E12":247,"1.211099343E12":288,"1.211095229E12":277,"1.211086555E12":217,"1.211082388E12":164,"1.211106754E12":313,"1.211156301E12":369,"1.211087732E12":227,"1.211143241E12":360,"1.211080625E12":138,"1.211066329E12":9,"1.211107163E12":314,"1.211080939E12":143,"1.211073909E12":41,"1.211091453E12":256,"1.211081184E12":149,"1.211081101E12":147,"1.211090363E12":249,"1.21120425E12":380,"1.211071668E12":25,"1.211147406E12":364,"1.211075106E12":52,"1.211078085E12":84,"1.211094357E12":271,"1.211076665E12":70,"1.211085435E12":207,"1.211094631E12":274,"1.211079449E12":102,"1.211097806E12":286,"1.211172149E12":375,"1.211067766E12":12,"1.211100745E12":292,"1.211077594E12":81,"1.21107137E12":24,"1.211089723E12":245,"1.211101248E12":297,"1.211101228E12":295,"1.211074084E12":43,"1.211133196E12":347,"1.211072986E12":34,"1.211079019E12":97,"1.211074422E12":47,"1.211089502E12":244,"1.211071347E12":22,"1.21108092E12":142,"1.211081593E12":155,"1.211091099E12":254,"1.211083179E12":175,"1.211076448E12":67,"1.21111602E12":320,"1.211072804E12":33,"1.211079884E12":115,"1.211073011E12":35,"1.211084914E12":196,"1.211081785E12":158,"1.211094442E12":272,"1.211142844E12":359,"1.211087079E12":222,"1.211260161E12":386,"1.211141614E12":356,"1.211145297E12":362,"1.211079739E12":106,"1.211116787E12":321,"1.211095452E12":278,"1.211079981E12":121,"1.211077939E12":82,"1.211128934E12":343,"1.211078645E12":93,"1.211089819E12":246,"1.211152598E12":368,"1.21107618E12":66,"1.21108011E12":127,"1.211151351E12":367,"1.211086698E12":220,"1.211088316E12":232,"1.21107919E12":99,"1.211079358E12":101,"1.211087484E12":224,"1.211094546E12":273,"1.211078397E12":88,"1.211085192E12":204,"1.211076762E12":71,"1.21109165E12":260,"1.211093188E12":268,"1.211088322E12":233,"1.211127464E12":340,"1.211086075E12":212,"1.211080043E12":124,"1.211077129E12":76,"1.211081568E12":154,"1.211071078E12":19,"1.211080005E12":123,"1.211088673E12":236,"1.211078344E12":87,"1.211175878E12":377,"1.211081674E12":157,"1.211077464E12":79,"1.211085991E12":211,"1.211083105E12":171,"1.211089111E12":242,"1.21107965E12":103,"1.21113655E12":352,"1.211084259E12":190,"1.211083443E12":180,"1.211079801E12":110,"1.211076833E12":72,"1.21114389E12":361,"1.211100925E12":293,"1.211080655E12":139,"1.211075509E12":53,"1.211127628E12":341,"1.211099471E12":290,"1.211091192E12":255},"NUMBER_OF_PEOPLE":400,