{"propagationData":{"1.21104237E12":69,"1.211036617E12":22,"1.211035672E12":17,"1.21106265E12":247,"1.211044182E12":89,"1.211055015E12":196,"1.211056317E12":204,"1.211043066E12":78,"1.211046113E12":115,"1.211084629E12":317,"1.211074352E12":296,"1.211051775E12":168,"1.21103804E12":29,"1.211053736E12":184,"1.21104045E12":51,"1.211051047E12":162,"1.211040187E12":49,"1.211067897E12":276,"1.211085232E12":323,"1.211050986E12":161,"1.21103614E12":20,"1.211034977E12":11,"1.211060971E12":228,"1.211038477E12":32,"1.211057285E12":213,"1.211043585E12":82,"1.211047873E12":133,"1.211084834E12":319,"1.211061276E12":233,"1.211046355E12":118,"1.211050451E12":156,"1.211038614E12":36,"1.211021928E12":2,"1.21104733E12":124,"1.211084601E12":315,"1.211044925E12":98,"1.211047651E12":129,"1.2110519E12":171,"1.211069024E12":279,"1.21105324E12":181,"1.211042883E12":77,"1.211048244E12":136,"1.211040267E12":50,"1.211039616E12":44,"1.211050702E12":160,"1.21106187E12":237,"1.211075193E12":299,"1.211035445E12":14,"1.211084786E12":318,"1.211066725E12":269,"1.21104218E12":68,"1.211046438E12":120,"1.211045292E12":102,"1.211047603E12":128,"1.211056258E12":203,"1.211039658E12":47,"1.211045439E12":107,"1.21107318E12":287,"1.211037552E12":27,"1.211034636E12":6,"1.211063456E12":254,"1.211043139E12":80,"1.211067605E12":270,"1.211062473E12":244,"1.211082601E12":308,"1.211082094E12":304,"1.211035576E12":16,"1.211049357E12":148,"1.21105409E12":187,"1.211063885E12":259,"1.211209741E12":331,"1.211062458E12":243,"1.211083789E12":310,"1.211058372E12":217,"1.211039029E12":39,"1.211046668E12":123,"1.211054816E12":192,"1.211043173E12":81,"1.211082138E12":305,"1.211038099E12":30,"1.211051057E12":163,"1.21104476E12":96,"1.211047702E12":130,"1.211049113E12":146,"1.211045832E12":112,"1.211038538E12":35,"1.21105487E12":194,"1.211037385E12":25,"1.211055902E12":201,"1.211045318E12":103,"1.211042404E12":70,"1.211051185E12":167,"1.211073312E12":288,"1.211061868E12":236,"1.2110511E12":166,"1.211084898E12":321,"1.21105058E12":157,"1.211051779E12":169,"1.211056709E12":205,"1.211047891E12":134,"1.21105879E12":219,"1.211041389E12":60,"1.211041763E12":64,"1.211038418E12":31,"1.21105679E12":206,"1.211067666E12":272,"1.211062602E12":246,"1.211041814E12":66,"1.211048705E12":142,"1.211060985E12":229,"1.21106821E12":277,"1.211083727E12":309,"1.211060695E12":226,"1.211044348E12":90,"1.211046136E12":117,"1.211035539E12":15,"1.211052543E12":176,"1.211045785E12":109,"1.211041047E12":57,"1.211044745E12":95,"1.211044356E12":91,"1.211045201E12":100,"1.211063857E12":257,"1.211034759E12":8,"1.211046404E12":119,"1.211067724E12":273,"1.211018404E12":1,"1.21103963E12":46,"1.211057237E12":212,"1.211042525E12":73,"1.211066257E12":267,"1.211085246E12":324,"1.211060012E12":223,"1.211040131E12":48,"1.211048596E12":139,"1.211053392E12":183,"1.211060948E12":227,"1.211051086E12":164,"1.211054335E12":189,"1.211050256E12":150,"1.211064232E12":260,"1.211063546E12":255,"1.211042752E12":74,"1.211052054E12":175,"1.211050149E12":149,"1.211063244E12":252,"1.211046641E12":122,"1.211043597E12":83,"1.211062036E12":239,"1.211048672E12":140,"1.211084258E12":312,"1.211074218E12":294,"1.211057424E12":214,"1.211055308E12":198,"1.211043774E12":86,"1.211064348E12":261,"1.211036189E12":21,"1.211044951E12":99,"1.211075695E12":300,"1.211076329E12":303,"1.211069454E12":282,"1.211056827E12":209,"1.211068714E12":278,"1.211062337E12":240,"1.211061004E12":230,"1.211209484E12":327,"1.211065996E12":266,"1.211063866E12":258,"1.211209596E12":329,"1.211066466E12":268,"1.211061855E12":235,"1.211034288E12":4,"1.211052973E12":178,"1.211209622E12":330,"1.211054326E12":188,"1.211054807E12":191,"1.211054423E12":190,"1.211035003E12":12,"1.211038517E12":34,"1.211046127E12":116,"1.211084581E12":314,"1.211051912E12":172,"1.211065628E12":263,"1.211065708E12":264,"1.211073036E12":285,"1.211061093E12":231,"1.21107629E12":302,"1.211067872E12":275,"1.211063329E12":253,"1.211058977E12":220,"1.211052877E12":177,"1.211084927E12":322,"1.211062675E12":248,"1.211048405E12":137,"1.211050675E12":159,"1.211053149E12":180,"1.211074046E12":293,"1.211062397E12":241,"1.211060623E12":225,"1.211043829E12":87,"1.211050421E12":155,"1.211034907E12":10,"1.211083833E12":311,"1.211050328E12":152,"1.211058705E12":218,"1.211034127E12":3,"1.211084856E12":320,"1.211045432E12":106,"1.211062943E12":249,"1.2110601E12":224,"1.211042762E12":75,"1.211039013E12":38,"1.211055256E12":197,"1.21104876E12":143,"1.211042424E12":71,"1.211040871E12":55,"1.211034782E12":9,"1.211073399E12":289,"1.211045428E12":105,"1.211067624E12":271,"1.211041422E12":61,"1.211055807E12":200,"1.211037942E12":28,"1.211038493E12":33,"1.211045271E12":101,"1.211065814E12":265,"1.211073951E12":291,"1.211045835E12":113,"1.211056792E12":207,"1.211048845E12":144,"1.21105758E12":216,"1.211041885E12":67,"1.211069219E12":281,"1.211037103E12":23,"1.211044584E12":94,"1.211045902E12":114,"1.211041388E12":59,"1.211037505E12":26,"1.211054831E12":193,"1.211057532E12":215,"1.211035937E12":18,"1.211047747E12":132,"1.211047587E12":127,"1.211054021E12":186,"1.211073154E12":286,"1.211042433E12":72,"1.211048103E12":135,"1.211040699E12":53,"1.21107482E12":297,"1.211063812E12":256,"1.211073996E12":292,"1.211051966E12":174,"1.211062968E12":251,"1.211061116E12":232,"1.211054942E12":195,"1.21104287E12":76,"1.211059467E12":221,"1.211041644E12":62,"1.211037127E12":24,"1.211050402E12":154,"1.211034578E12":5,"1.211062403E12":242,"1.211053771E12":185,"1.211035405E12":13,"1.211045794E12":111,"1.211075089E12":298,"1.211044401E12":92,"1.211056831E12":210,"1.21106967E12":283,"1.211064352E12":262,"1.211039509E12":43,"1.211062944E12":250,"1.21106E12":222,"1.211082555E12":307,"1.211039232E12":42,"1.211075708E12":301,"1.211069085E12":280,"1.211047438E12":126,"1.211041289E12":58,"1.211051945E12":173,"1.211085392E12":325,"1.211057156E12":211,"1.211051096E12":165,"1.21108428E12":313,"1.211061887E12":238,"1.211046451E12":121,"1.211085715E12":326,"1.211051834E12":170,"1.211050397E12":153,"1.211041762E12":63,"1.211045426E12":104,"1.211043088E12":79,"1.211067813E12":274,"1.211053055E12":179,"1.211056819E12":208,"1.211045787E12":110,"1.211040457E12":52,"1.211074255E12":295,"1.21106254E12":245,"1.211048684E12":141,"1.21104772E12":131,"1.211053378E12":182,"1.211044795E12":97,"1.211044098E12":88,"1.211055624E12":199,"1.21120958E12":328,"1.211061514E12":234,"1.211043598E12":84,"1.211040785E12":54,"1.211048406E12":138,"1.211048985E12":145,"1.211041786E12":65,"1.211082534E12":306,"1.211073936E12":290,"1.211034653E12":7,"1.211039152E12":41,"1.211044459E12":93,"1.21105067E12":158,"1.211047361E12":125,"1.211056173E12":202,"1.211084627E12":316,"1.211040905E12":56,"1.21104922E12":147,"1.211071478E12":284,"1.211038729E12":37,"1.211039122E12":40,"1.211043678E12":85,"1.211035992E12":19,"1.211045729E12":108},"NUMBER_OF_PEOPLE":400,"minTimeSeen":1.211018404E12,"maxTimeSeen":1.211558405E12,"NEIGHBORHOOD_RADIUS":20.0,"ENCOUNTER_CHANCE":0.05,"priority":1.0,"duration":540001.0,"minutesDuration":9000.016666666666,"hoursDuration":150.00027777777777,"daysDuration":6.250011574074073}
