{"propagationData":{"1.211040697E12":27,"1.211042974E12":56,"1.21105449E12":204,"1.211084473E12":350,"1.211046417E12":96,"1.211041914E12":45,"1.211046201E12":90,"1.211031046E12":11,"1.211056733E12":235,"1.211040152E12":21,"1.211055319E12":215,"1.211056721E12":234,"1.21106561E12":294,"1.211047783E12":118,"1.211030916E12":9,"1.211103956E12":375,"1.21106148E12":266,"1.21104027E12":22,"1.211062961E12":278,"1.211047433E12":110,"1.211056184E12":229,"1.21109799E12":368,"1.211048661E12":127,"1.211066539E12":298,"1.211048835E12":131,"1.211055092E12":213,"1.211049631E12":146,"1.211048902E12":135,"1.211049094E12":139,"1.211087996E12":357,"1.211375426E12":388,"1.211055981E12":226,"1.211053449E12":191,"1.211098194E12":369,"1.211054691E12":208,"1.211056326E12":231,"1.21105544E12":217,"1.211046972E12":102,"1.21106259E12":274,"1.211068702E12":308,"1.211089314E12":360,"1.211049641E12":147,"1.211046848E12":100,"1.211046005E12":87,"1.211044091E12":66,"1.211042118E12":46,"1.211072612E12":327,"1.211047615E12":113,"1.211048636E12":125,"1.211076672E12":333,"1.211060985E12":264,"1.211072376E12":323,"1.211064274E12":288,"1.211125827E12":380,"1.21110267E12":374,"1.211302793E12":387,"1.211053548E12":193,"1.211043137E12":57,"1.211101323E12":371,"1.211050677E12":162,"1.211027781E12":4,"1.211044676E12":72,"1.211050251E12":160,"1.211050185E12":156,"1.211047499E12":111,"1.211057503E12":241,"1.21106367E12":281,"1.211068756E12":309,"1.211064176E12":285,"1.211066978E12":302,"1.211063778E12":284,"1.21104704E12":103,"1.211066164E12":296,"1.211018404E12":1,"1.211055438E12":216,"1.21108535E12":354,"1.21104871E12":128,"1.211118142E12":376,"1.21110215E12":372,"1.211092479E12":364,"1.211056076E12":227,"1.211071526E12":320,"1.211040749E12":32,"1.211054474E12":203,"1.21104866E12":126,"1.211044623E12":71,"1.211053114E12":184,"1.211058062E12":246,"1.211047574E12":112,"1.211040806E12":35,"1.211064422E12":290,"1.211092267E12":363,"1.211055634E12":220,"1.211060319E12":259,"1.211049602E12":145,"1.211163013E12":381,"1.211071594E12":321,"1.211091398E12":361,"1.211019611E12":3,"1.211042541E12":55,"1.211030365E12":7,"1.211053947E12":198,"1.211053894E12":197,"1.211050116E12":155,"1.211073098E12":328,"1.211060195E12":258,"1.211044012E12":63,"1.2110601E12":257,"1.211053545E12":192,"1.211061675E12":267,"1.21105887E12":250,"1.211066965E12":301,"1.211054574E12":207,"1.211060378E12":261,"1.211066775E12":300,"1.211030217E12":6,"1.211060603E12":263,"1.211049186E12":142,"1.211064182E12":287,"1.211118593E12":377,"1.211048857E12":132,"1.211049574E12":144,"1.211068758E12":310,"1.211054694E12":209,"1.211055934E12":225,"1.211047383E12":109,"1.211044584E12":70,"1.211065575E12":293,"1.211071424E12":319,"1.211045261E12":80,"1.211037695E12":19,"1.211054546E12":206,"1.211047889E12":120,"1.211048742E12":129,"1.211053017E12":181,"1.211047877E12":119,"1.21104072E12":29,"1.211063144E12":280,"1.211074545E12":332,"1.211060541E12":262,"1.211047671E12":114,"1.211056151E12":228,"1.211060998E12":265,"1.211047132E12":104,"1.211062456E12":270,"1.211053139E12":186,"1.211049713E12":150,"1.211081993E12":344,"1.211034183E12":17,"1.211124208E12":379,"1.211053422E12":190,"1.211047172E12":107,"1.211059782E12":256,"1.211056521E12":232,"1.211179218E12":382,"1.211087695E12":356,"1.211054215E12":201,"1.211059088E12":252,"1.211082256E12":346,"1.211052147E12":173,"1.211043951E12":62,"1.211049181E12":141,"1.211055879E12":224,"1.211048898E12":134,"1.211070414E12":314,"1.211062575E12":273,"1.211042403E12":52,"1.211045713E12":83,"1.211049649E12":148,"1.21106843E12":307,"1.211040519E12":24,"1.211073541E12":331,"1.211042447E12":54,"1.211067946E12":305,"1.211050623E12":161,"1.21104118E12":38,"1.211068321E12":306,"1.211042208E12":47,"1.211042335E12":49,"1.211041182E12":39,"1.211033502E12":14,"1.211047701E12":117,"1.211076977E12":335,"1.211070841E12":315,"1.211049146E12":140,"1.211053618E12":194,"1.211049468E12":143,"1.21104518E12":78,"1.211081846E12":343,"1.211049768E12":151,"1.211073226E12":329,"1.211051232E12":168,"1.211018884E12":2,"1.211044577E12":69,"1.211052783E12":177,"1.211057352E12":240,"1.21105763E12":244,"1.211054267E12":202,"1.211055096E12":214,"1.211046402E12":95,"1.211056573E12":233,"1.211069541E12":312,"1.211384683E12":389,"1.211082639E12":347,"1.21105384E12":196,"1.211085328E12":353,"1.211048047E12":121,"1.211052963E12":179,"1.211080381E12":342,"1.211072361E12":322,"1.211040651E12":26,"1.211058118E12":247,"1.211047162E12":106,"1.211097789E12":367,"1.21104893E12":136,"1.211062528E12":272,"1.211051091E12":167,"1.211043797E12":59,"1.211045771E12":84,"1.211041342E12":41,"1.211078036E12":339,"1.211080153E12":341,"1.211044453E12":67,"1.211054698E12":210,"1.21106753E12":303,"1.211225691E12":386,"1.211050967E12":165,"1.211073536E12":330,"1.211052161E12":174,"1.211044082E12":65,"1.211046345E12":93,"1.211031145E12":12,"1.211053125E12":185,"1.211047379E12":108,"1.211030685E12":8,"1.211055633E12":219,"1.211040771E12":33,"1.211047159E12":105,"1.211044749E12":75,"1.211062637E12":275,"1.211063734E12":283,"1.211052143E12":172,"1.211055623E12":218,"1.211071008E12":316,"1.211209727E12":384,"1.211049091E12":138,"1.211055738E12":223,"1.211046391E12":94,"1.211040855E12":37,"1.211041448E12":44,"1.211058027E12":245,"1.21107036E12":313,"1.211072534E12":326,"1.211044055E12":64,"1.211213917E12":385,"1.211058974E12":251,"1.211048509E12":122,"1.211053633E12":195,"1.211057043E12":238,"1.211052543E12":176,"1.211046871E12":101,"1.211047684E12":115,"1.211066734E12":299,"1.211077138E12":337,"1.211095365E12":366,"1.211077087E12":336,"1.211067805E12":304,"1.211078031E12":338,"1.21107241E12":324,"1.211048897E12":133,"1.211045434E12":82,"1.211059157E12":253,"1.211050228E12":158,"1.211046704E12":98,"1.211061762E12":268,"1.211043945E12":61,"1.211064915E12":291,"1.2110587E12":249,"1.211044942E12":77,"1.211046781E12":99,"1.211066257E12":297,"1.211063693E12":282,"1.211056932E12":237,"1.211048528E12":123,"1.211052064E12":171,"1.211050954E12":164,"1.21104081E12":36,"1.211076921E12":334,"1.21104621E12":91,"1.211049844E12":152,"1.21104244E12":53,"1.211050069E12":153,"1.211048616E12":124,"1.211057286E12":239,"1.211062777E12":276,"1.211040341E12":23,"1.211060364E12":260,"1.211052261E12":175,"1.211057545E12":243,"1.211030924E12":10,"1.211072411E12":325,"1.211049699E12":149,"1.211062785E12":277,"1.211084288E12":349,"1.211089127E12":359,"1.211049064E12":137,"1.211040623E12":25,"1.211065117E12":292,"1.211044709E12":74,"1.211057508E12":242,"1.211042371E12":51,"1.211045252E12":79,"1.211046291E12":92,"1.211051471E12":169,"1.211069469E12":311,"1.211040722E12":30,"1.211045833E12":86,"1.211054045E12":199,"1.211088927E12":358,"1.211092045E12":362,"1.211179317E12":383,"1.211083096E12":348,"1.211100641E12":370,"1.211062991E12":279,"1.211053261E12":188,"1.211053177E12":187,"1.211071037E12":317,"1.211054831E12":212,"1.211044559E12":68,"1.211053106E12":183,"1.211033075E12":13,"1.211033849E12":15,"1.211044689E12":73,"1.211046137E12":88,"1.211042357E12":50,"1.211086248E12":355,"1.211066144E12":295,"1.211054517E12":205,"1.211045784E12":85,"1.211047694E12":116,"1.21105105E12":166,"1.211050229E12":159,"1.211079857E12":340,"1.21108531E12":352,"1.211050113E12":154,"1.211027833E12":5,"1.211040723E12":31,"1.211064178E12":286,"1.211046451E12":97,"1.2110507E12":163,"1.211044868E12":76,"1.211054181E12":200,"1.211056754E12":236,"1.211059179E12":254,"1.211071083E12":318,"1.211039276E12":20,"1.211052976E12":180,"1.211051969E12":170,"1.211093029E12":365,"1.211048795E12":130,"1.211043155E12":58,"1.211050186E12":157,"1.211041405E12":43,"1.211053378E12":189,"1.2110454E12":81,"1.211120608E12":378,"1.211056209E12":230,"1.211046168E12":89,"1.211037634E12":18,"1.211053068E12":182,"1.211055657E12":222,"1.211058369E12":248,"1.211082136E12":345,"1.211102243E12":373,"1.211062449E12":269,"1.211040801E12":34,"1.211052904E12":178,"1.211042334E12":48,"1.211043929E12":60,"1.211085029E12":351,"1.211054724E12":211,"1.211064295E12":289,"1.211055636E12":221,"1.211062469E12":271,"1.211034106E12":16,"1.211041365E12":42,