{"propagationData":{"1.21117192E12":7,"1.211188706E12":11,"1.211176879E12":9,"1.21117226E12":8,"1.211018554E12":4,"1.211018464E12":2,"1.211171836E12":6,"1.211018553E12":3,"1.211180194E12":10,"1.211167585E12":5,"1.211018404E12":1},"NUMBER_OF_PEOPLE":400,"minTimeSeen":1.211018404E12,"maxTimeSeen":1.211558405E12,"NEIGHBORHOOD_RADIUS":20.0,"ENCOUNTER_CHANCE":0.05,"priority":1.0,"duration":540001.0,"minutesDuration":9000.016666666666,"hoursDuration":150.00027777777777,"daysDuration":6.250011574074073}
