{"propagationData":{"1.211089118E12":319,"1.211083154E12":282,"1.211082691E12":276,"1.211081816E12":265,"1.211072164E12":176,"1.211101773E12":337,"1.211092324E12":327,"1.211068795E12":141,"1.211076142E12":211,"1.211075755E12":207,"1.21108163E12":263,"1.211064991E12":113,"1.211077236E12":217,"1.21106154E12":75,"1.211057866E12":48,"1.211071245E12":161,"1.211054247E12":16,"1.211067125E12":130,"1.211276198E12":362,"1.211064984E12":112,"1.211063533E12":96,"1.211192187E12":351,"1.211055611E12":29,"1.211074448E12":196,"1.211082566E12":274,"1.211071813E12":170,"1.211087585E12":308,"1.211058307E12":49,"1.211074278E12":193,"1.211082156E12":268,"1.211061139E12":69,"1.211086321E12":302,"1.211079913E12":244,"1.211077344E12":220,"1.21106185E12":84,"1.211068552E12":140,"1.211071835E12":172,"1.211068298E12":139,"1.211079481E12":240,"1.211083667E12":285,"1.211082598E12":275,"1.211076477E12":213,"1.211085866E12":299,"1.211074376E12":194,"1.211103121E12":338,"1.211087685E12":310,"1.211055537E12":28,"1.211065712E12":123,"1.211074629E12":197,"1.211092158E12":325,"1.211063436E12":95,"1.211063754E12":100,"1.211194299E12":354,"1.21106968E12":148,"1.211054739E12":19,"1.211081565E12":262,"1.211078715E12":234,"1.21108307E12":281,"1.211082439E12":270,"1.211076052E12":210,"1.211070879E12":157,"1.211080003E12":245,"1.211054679E12":18,"1.211055188E12":25,"1.211075626E12":204,"1.211078075E12":229,"1.211070365E12":150,"1.211060825E12":64,"1.21107032E12":149,"1.211089829E12":321,"1.211062411E12":86,"1.211078063E12":228,"1.211065523E12":121,"1.211061304E12":72,"1.211061228E12":71,"1.211069538E12":145,"1.211084945E12":293,"1.211081881E12":266,"1.211063689E12":97,"1.21105337E12":14,"1.211057091E12":44,"1.211069116E12":143,"1.21112687E12":347,"1.211083936E12":287,"1.211086824E12":306,"1.211055853E12":31,"1.21108072E12":251,"1.21105926E12":53,"1.21105668E12":39,"1.211065361E12":117,"1.211059848E12":56,"1.211065033E12":114,"1.211072756E12":180,"1.211073671E12":187,"1.211071331E12":164,"1.211087574E12":307,"1.211098103E12":336,"1.211067372E12":133,"1.211061082E12":68,"1.211064706E12":108,"1.211063783E12":101,"1.211059332E12":54,"1.211061186E12":70,"1.211089801E12":320,"1.211067314E12":132,"1.211067386E12":134,"1.211081187E12":259,"1.21108143E12":261,"1.211062163E12":85,"1.211067528E12":136,"1.211084686E12":292,"1.211061523E12":74,"1.211061635E12":77,"1.211222324E12":359,"1.211079159E12":237,"1.211081089E12":258,"1.211065234E12":115,"1.211091915E12":323,"1.211060351E12":59,"1.211066399E12":127,"1.211083481E12":283,"1.21106586E12":124,"1.211088518E12":317,"1.211082487E12":271,"1.211081294E12":260,"1.211070517E12":153,"1.211080984E12":255,"1.211086646E12":304,"1.211071591E12":167,"1.21106164E12":78,"1.211088821E12":318,"1.211047854E12":6,"1.211069102E12":142,"1.211078325E12":233,"1.211080272E12":248,"1.211079081E12":236,"1.211063749E12":98,"1.211072664E12":178,"1.211221252E12":357,"1.211064859E12":109,"1.21104828E12":9,"1.211148742E12":349,"1.211096209E12":333,"1.211061631E12":76,"1.211061386E12":73,"1.211071968E12":175,"1.211063301E12":94,"1.211018404E12":1,"1.21106595E12":125,"1.211080998E12":257,"1.211060141E12":58,"1.211064959E12":111,"1.211059698E12":55,"1.211075291E12":200,"1.211088234E12":315,"1.211082787E12":278,"1.211067469E12":135,"1.211054879E12":23,"1.211055098E12":24,"1.211080006E12":246,"1.211072766E12":181,"1.211193819E12":352,"1.211077307E12":218,"1.21106252E12":89,"1.211060521E12":60,"1.211062676E12":91,"1.211056353E12":37,"1.211067118E12":129,"1.211061848E12":83,"1.211071316E12":163,"1.2110809E12":253,"1.211084552E12":291,"1.211077346E12":221,"1.211055936E12":35,"1.211079752E12":241,"1.211083511E12":284,"1.211020269E12":3,"1.211085496E12":298,"1.211065589E12":122,"1.211285403E12":364,"1.2110775E12":223,"1.211067825E12":137,"1.211076465E12":212,"1.211071333E12":165,"1.211091927E12":324,"1.211078206E12":232,"1.211047762E12":5,"1.211084079E12":289,"1.2110829E12":280,"1.211078124E12":230,"1.211055529E12":26,"1.211276235E12":363,"1.211071404E12":166,"1.211056809E12":41,"1.211075203E12":198,"1.211053029E12":11,"1.211055904E12":33,"1.211065333E12":116,"1.211085039E12":296,"1.211059024E12":52,"1.211055668E12":30,"1.211064208E12":104,"1.211079415E12":239,"1.21108497E12":295,"1.211060807E12":63,"1.21106181E12":82,"1.211064503E12":107,"1.211086211E12":301,"1.21107983E12":243,"1.211076883E12":215,"1.211103231E12":340,"1.211065504E12":120,"1.211073877E12":190,"1.211076659E12":214,"1.21107538E12":201,"1.211062495E12":88,"1.211058887E12":50,"1.21106079E12":62,"1.211048158E12":8,"1.211062802E12":92,"1.211070367E12":151,"1.211048004E12":7,"1.211054795E12":21,"1.21107418E12":192,"1.211087743E12":311,"1.21107388E12":191,"1.211070623E12":154,"1.211070452E12":152,"1.21108595E12":300,"1.211064911E12":110,"1.211121863E12":345,"1.211079792E12":242,"1.211061757E12":81,"1.211067297E12":131,"1.211073399E12":183,"1.21110351E12":341,"1.2110923E12":326,"1.211287174E12":365,"1.211061747E12":80,"1.211062442E12":87,"1.211077335E12":219,"1.211060563E12":61,"1.211055869E12":32,"1.211080279E12":249,"1.211070952E12":158,"1.21107571E12":205,"1.211078827E12":235,"1.21107735E12":222,"1.21108782E12":312,"1.211082508E12":273,"1.211071678E12":169,"1.211071839E12":173,"1.211080997E12":256,"1.211086775E12":305,"1.211065386E12":118,"1.211084955E12":294,"1.211083848E12":286,"1.211075233E12":199,"1.211070822E12":156,"1.211054856E12":22,"1.211056085E12":36,"1.211066793E12":128,"1.211103141E12":339,"1.211082505E12":272,"1.21107786E12":226,"1.211050065E12":10,"1.211060838E12":65,"1.211026054E12":4,"1.211144261E12":348,"1.211084276E12":290,"1.211070686E12":155,"1.211059874E12":57,"1.211095193E12":332,"1.211089895E12":322,"1.211080789E12":252,"1.211073686E12":188,"1.211080948E12":254,"1.211125826E12":346,"1.211077828E12":225,"1.21105724E12":45,"1.211221827E12":358,"1.211068157E12":138,"1.211080079E12":247,"1.211094506E12":331,"1.211053369E12":13,"1.211072643E12":177,"1.211276196E12":361,"1.21107575E12":206,"1.211053133E12":12,"1.211055926E12":34,"1.211085162E12":297,"1.211058923E12":51,"1.211073698E12":189,"1.211094497E12":329,"1.211077711E12":224,"1.211094503E12":330,"1.211287753E12":366,"1.21105422E12":15,"1.211069676E12":147,"1.211080488E12":250,"1.21105553E12":27,"1.211083993E12":288,"1.211096451E12":335,"1.211071825E12":171,"1.211194061E12":353,"1.211077098E12":216,"1.211071294E12":162,"1.211071913E12":174,"1.211087666E12":309,"1.211079295E12":238,"1.21106548E12":119,"1.211075571E12":203,"1.211054748E12":20,"1.211082759E12":277,"1.211019859E12":2,"1.211056918E12":43,"1.211056627E12":38,"1.211064153E12":103,"1.211069598E12":146,"1.211063751E12":99,"1.211069221E12":144,"1.211061061E12":67,"1.211062614E12":90,"1.211071007E12":159,"1.211108018E12":342,"1.211073187E12":182,"1.211274149E12":360,"1.211076E12":208,"1.211082251E12":269,"1.211057562E12":47,"1.211088066E12":314,"1.211078165E12":231,"1.211086616E12":303,"1.211054597E12":17,"1.211071592E12":168,"1.211072665E12":179,"1.211082151E12":267,"1.21106308E12":93,"1.211111709E12":344,"1.211056915E12":42,"1.211056723E12":40,"1.211094136E12":328,"1.211073432E12":185,"1.211076007E12":209,"1.21105741E12":46,"1.211066151E12":126,"1.211078058E12":227,"1.211096243E12":334,"1.21111095E12":343,"1.211219283E12":355,"1.211087853E12":313,"1.211074424E12":195,"1.211088487E12":316,"1.211221236E12":356,"1.211081811E12":264,"1.211061739E12":79,"1.211071205E12":160,"1.211064215E12":105,"1.211073594E12":186,"1.211082856E12":279,"1.211075558E12":202,"1.211060871E12":66,"1.211073407E12":184,"1.211063818E12":102,"1.211178698E12":350,"1.211064317E12":106},"NUMBER_OF_PEOPLE":400,"minTimeSeen":1.211018404E12,"maxTimeSeen":1.211558405E12,"NEIGHBORHOOD_RADIUS":20.0,"ENCOUNTER_CHANCE":0.05,"priority":1.0,"duration":540001.0,"minutesDuration":9000.016666666666,"hoursDuration":150.00027777777777,"daysDuration":6.250011574074073}
