{"propagationData":{"1.211042208E12":88,"1.211078309E12":343,"1.211045223E12":117,"1.211050424E12":191,"1.211041611E12":75,"1.211062426E12":294,"1.211040848E12":68,"1.211037627E12":34,"1.211094016E12":363,"1.211070957E12":325,"1.211062352E12":293,"1.21103905E12":49,"1.21103722E12":32,"1.21105322E12":229,"1.211051978E12":215,"1.211137059E12":374,"1.21103713E12":27,"1.211073468E12":333,"1.211066436E12":314,"1.211042221E12":89,"1.211077735E12":342,"1.211051032E12":201,"1.211041339E12":72,"1.211047814E12":153,"1.211042864E12":99,"1.211056369E12":260,"1.211042452E12":93,"1.211052993E12":227,"1.211053033E12":228,"1.211040751E12":67,"1.211044093E12":110,"1.211047778E12":151,"1.211045198E12":116,"1.211050108E12":181,"1.211042242E12":90,"1.211066094E12":313,"1.211154486E12":380,"1.211051304E12":208,"1.211047411E12":145,"1.211048653E12":165,"1.211046703E12":134,"1.211073174E12":329,"1.211047122E12":139,"1.211141772E12":378,"1.211037192E12":31,"1.211044938E12":115,"1.211042814E12":98,"1.211040297E12":58,"1.211054728E12":242,"1.211038242E12":43,"1.211041342E12":73,"1.211069622E12":321,"1.2110626E12":296,"1.211081671E12":355,"1.211181978E12":386,"1.211042591E12":95,"1.211095253E12":364,"1.21104649E12":132,"1.211057524E12":265,"1.211054649E12":240,"1.211038164E12":41,"1.211040397E12":60,"1.21103711E12":25,"1.211018412E12":3,"1.211038406E12":46,"1.211061644E12":290,"1.211079793E12":348,"1.211049168E12":174,"1.211047323E12":144,"1.211091837E12":361,"1.211046121E12":126,"1.211050139E12":182,"1.211060128E12":281,"1.21103913E12":50,"1.211032394E12":17,"1.211020056E12":6,"1.211133614E12":371,"1.211052397E12":219,"1.21102992E12":14,"1.211064073E12":302,"1.211047734E12":150,"1.211048542E12":162,"1.211077473E12":341,"1.211030131E12":15,"1.211059255E12":274,"1.211056267E12":258,"1.211026758E12":11,"1.211038403E12":45,"1.211073392E12":332,"1.211054943E12":244,"1.211053754E12":235,"1.211046689E12":133,"1.211040376E12":59,"1.211084494E12":357,"1.211081639E12":354,"1.211079613E12":346,"1.211072453E12":328,"1.2110557E12":252,"1.211042879E12":100,"1.211042127E12":86,"1.211070383E12":322,"1.211050942E12":199,"1.211079682E12":347,"1.211045294E12":118,"1.21113265E12":370,"1.211049199E12":175,"1.211042263E12":92,"1.211027472E12":12,"1.211045903E12":125,"1.211065382E12":310,"1.211047273E12":142,"1.211053849E12":236,"1.211047972E12":156,"1.211066575E12":315,"1.211059378E12":276,"1.211079852E12":349,"1.211045436E12":121,"1.211056316E12":259,"1.211061015E12":287,"1.211052712E12":221,"1.211048852E12":168,"1.211053548E12":233,"1.211051148E12":206,"1.211037537E12":33,"1.211042254E12":91,"1.211085012E12":358,"1.211051283E12":207,"1.211045381E12":120,"1.211053461E12":232,"1.211060274E12":282,"1.211046252E12":129,"1.211038146E12":40,"1.21105456E12":238,"1.211076087E12":339,"1.211048612E12":163,"1.211050185E12":184,"1.211044194E12":111,"1.211048497E12":160,"1.21104906E12":171,"1.211057887E12":267,"1.211046484E12":131,"1.211043686E12":106,"1.211060342E12":283,"1.211042005E12":83,"1.211048169E12":159,"1.211059573E12":277,"1.211051422E12":210,"1.211018404E12":2,"1.211050468E12":192,"1.211059267E12":275,"1.211040483E12":61,"1.211070852E12":323,"1.211043762E12":107,"1.211133782E12":372,"1.211041995E12":82,"1.21107992E12":350,"1.211052119E12":216,"1.211171778E12":383,"1.211065259E12":309,"1.211048936E12":169,"1.211075715E12":338,"1.211040208E12":56,"1.211047802E12":152,"1.211037892E12":35,"1.211078844E12":344,"1.211053398E12":231,"1.211062472E12":295,"1.211065955E12":311,"1.211060345E12":284,"1.211039969E12":55,"1.211076096E12":340,"1.211059621E12":278,"1.211140372E12":376,"1.211260607E12":388,"1.211051498E12":212,"1.211046139E12":127,"1.211029741E12":13,"1.211095317E12":365,"1.211068812E12":320,"1.211040532E12":63,"1.211037134E12":29,"1.211052922E12":225,"1.211079976E12":351,"1.211061103E12":289,"1.211037148E12":30,"1.211047958E12":155,"1.211071095E12":326,"1.21106435E12":305,"1.21103811E12":38,"1.211065158E12":308,"1.211078994E12":345,"1.211067102E12":317,"1.211055052E12":245,"1.211050862E12":198,"1.211058041E12":269,"1.211054583E12":239,"1.211051497E12":211,"1.211060446E12":285,"1.21104488E12":114,"1.211054877E12":243,"1.211043035E12":103,"1.211062063E12":291,"1.211058683E12":270,"1.211032838E12":18,"1.211062669E12":297,"1.211045503E12":123,"1.211066974E12":316,"1.21104852E12":161,"1.211049123E12":173,"1.211050675E12":194,"1.21107244E12":327,"1.211046212E12":128,"1.211047256E12":141,"1.211051394E12":209,"1.2110592E12":273,"1.211040947E12":70,"1.211267946E12":389,"1.211019611E12":5,"1.211061049E12":288,"1.211067302E12":318,"1.211055631E12":249,"1.211047139E12":140,"1.211032004E12":16,"1.21104703E12":137,"1.211037E12":19,"1.211049734E12":179,"1.211059093E12":272,"1.2110601E12":280,"1.211051061E12":204,"1.211039533E12":51,"1.211074716E12":336,"1.211047726E12":149,"1.211051051E12":203,"1.21105331E12":230,"1.211055997E12":256,"1.211052288E12":218,"1.211038411E12":47,"1.21106384E12":301,"1.2110554E12":247,"1.21101894E12":4,"1.211042028E12":84,"1.21104088E12":69,"1.2110471E12":138,"1.211136308E12":373,"1.211042066E12":85,"1.211081017E12":353,"1.211087628E12":359,"1.211167593E12":382,"1.211037103E12":24,"1.211043645E12":104,"1.211038166E12":42,"1.21108784E12":360,"1.211048718E12":167,"1.211055931E12":255,"1.211043771E12":108,"1.211037091E12":23,"1.211047597E12":146,"1.211045893E12":124,"1.211049114E12":172,"1.211049026E12":170,"1.211050407E12":189,"1.211042889E12":101,"1.211042787E12":97,"1.211037903E12":36,"1.211084492E12":356,"1.211097672E12":366,"1.211062974E12":298,"1.21105567E12":251,"1.211062251E12":292,"1.211051966E12":214,"1.211047679E12":147,"1.211039575E12":52,"1.211074449E12":335,"1.211052768E12":222,"1.21104865E12":164,"1.211073278E12":331,"1.211055873E12":254,"1.211037015E12":20,"1.21102599E12":8,"1.211049454E12":177,"1.211073224E12":330,"1.211050685E12":195,"1.211057662E12":266,"1.211052802E12":223,"1.211040534E12":65,"1.211092689E12":362,"1.211130134E12":369,"1.211041811E12":77,"1.21103971E12":54,"1.211048104E12":158,"1.211041941E12":80,"1.211138152E12":375,"1.211070882E12":324,"1.211050737E12":196,"1.21105284E12":224,"1.211055719E12":253,"1.211042132E12":87,"1.211041201E12":71,"1.211049377E12":176,"1.2110502E12":186,"1.211050422E12":190,"1.211050508E12":193,"1.211043652E12":105,"1.211041911E12":79,"1.211042993E12":102,"1.211052211E12":217,"1.21105293E12":226,"1.211040683E12":66,"1.211053557E12":234,"1.21104964E12":178,"1.211044588E12":112,"1.211064369E12":306,"1.211050289E12":188,"1.211052676E12":220,"1.211080511E12":352,"1.211026536E12":10,"1.211038049E12":37,"1.211048678E12":166,"1.211173665E12":384,"1.211037086E12":22,"1.211048002E12":157,"1.211055607E12":248,"1.211054366E12":237,"1.211044838E12":113,"1.211100062E12":368,"1.211177493E12":385,"1.211042716E12":96,"1.21104769E12":148,"1.211141612E12":377,"1.211065956E12":312,"1.211231877E12":387,"1.211051836E12":213,"1.21106051E12":286,"1.211020719E12":7,"1.21105015E12":183,"1.211037064E12":21,"1.211047858E12":154,"1.21114662E12":379,"1.2110643E12":304,"1.211026202E12":9,"1.211037117E12":26,"1.211055647E12":250,"1.211038144E12":39,"1.211037133E12":28,"1.211051043E12":202,"1.21105075E12":197,"1.211041494E12":74,"1.211042465E12":94,"1.211040244E12":57,"1.211049807E12":180,"1.211039651E12":53,"1.211045322E12":119,"1.211046873E12":135,"1.211073529E12":334,"1.211056572E12":262,"1.211068696E12":319,"1.211056083E12":257,"1.211056538E12":261,"1.211063275E12":300,"1.211051099E12":205,"1.211075661E12":337,"1.211098912E12":367,"1.211043858E12":109,"1.211161539E12":381,"1.211056723E12":263,"1.211041836E12":78,"1.211050187E12":185,"1.211059091E12":271,"1.211047274E12":143,"1.211064975E12":307,"1.211063018E12":299,"1.211038491E12":48,"1.211058031E12":268,"1.211041805E12":76,"1.211038243E12":44,"1.211046983E12":136,"1.211064295E12":303,"1.21104639E12":130,"1.211050275E12":187,"1.211057446E12":264,"1.211054659E12":241,"1.211050978E12":200,"1.211059699E12":279,"1.211055143E12":246,"1.211041957E12":81},"NUMBER_OF_PEOPLE":400,"minTimeSeen":1.211018404E12,