{"propagationData":{"1.211038167E12":159,"1.211047515E12":237,"1.211047536E12":238,"1.211042145E12":195,"1.211043123E12":206,"1.211033481E12":105,"1.211043019E12":204,"1.21108449E12":322,"1.21108643E12":325,"1.211049583E12":251,"1.211034491E12":118,"1.211043492E12":210,"1.211037585E12":151,"1.211034522E12":119,"1.211044255E12":219,"1.211052245E12":271,"1.211018884E12":41,"1.211064433E12":299,"1.211054058E12":277,"1.211040821E12":180,"1.211018775E12":39,"1.211036262E12":136,"1.211018621E12":36,"1.211039664E12":170,"1.211036795E12":143,"1.211051182E12":265,"1.211042199E12":198,"1.211023891E12":62,"1.211024006E12":63,"1.211036012E12":133,"1.211018409E12":18,"1.211047543E12":239,"1.211034054E12":110,"1.211050736E12":263,"1.211083911E12":319,"1.211088173E12":329,"1.211025493E12":72,"1.211050025E12":253,"1.211034253E12":115,"1.211026144E12":78,"1.211034349E12":116,"1.211035527E12":126,"1.211042159E12":196,"1.211051906E12":270,"1.211018433E12":24,"1.2110248E12":66,"1.211049662E12":252,"1.211039618E12":167,"1.211088296E12":330,"1.211060203E12":289,"1.211071674E12":314,"1.211033388E12":104,"1.211035867E12":131,"1.211040199E12":173,"1.21106525E12":304,"1.211033854E12":109,"1.211035469E12":125,"1.211141328E12":338,"1.211051861E12":269,"1.21101853E12":28,"1.21104116E12":187,"1.211045422E12":223,"1.211042047E12":191,"1.211036751E12":141,"1.211040115E12":172,"1.211068815E12":311,"1.211050214E12":257,"1.211033753E12":106,"1.211021467E12":56,"1.211018955E12":46,"1.2110306E12":82,"1.211045664E12":227,"1.211024492E12":64,"1.211083868E12":318,"1.211045446E12":225,"1.211071638E12":313,"1.211050062E12":255,"1.211045551E12":226,"1.211048165E12":244,"1.211064516E12":301,"1.211044031E12":214,"1.211051623E12":267,"1.21104693E12":235,"1.211025022E12":68,"1.211086224E12":323,"1.211036718E12":140,"1.21106206E12":293,"1.211018406E12":13,"1.211038294E12":160,"1.211018428E12":23,"1.211101269E12":337,"1.211043158E12":208,"1.211026871E12":80,"1.211034595E12":120,"1.211032808E12":97,"1.211086985E12":327,"1.211039637E12":169,"1.211024659E12":65,"1.211042375E12":200,"1.211048682E12":248,"1.211048145E12":243,"1.211068996E12":312,"1.211025666E12":75,"1.211018571E12":31,"1.21103318E12":102,"1.211025642E12":74,"1.211050618E12":261,"1.211068788E12":310,"1.211064526E12":302,"1.211032778E12":94,"1.211018494E12":25,"1.211043152E12":207,"1.211059957E12":285,"1.211044132E12":218,"1.211035153E12":123,"1.211037724E12":152,"1.211035035E12":122,"1.211042581E12":202,"1.211033155E12":101,"1.211036959E12":144,"1.211040878E12":182,"1.211037394E12":150,"1.211038869E12":166,"1.211046196E12":233,"1.211071782E12":316,"1.211020661E12":49,"1.211048679E12":247,"1.211054982E12":279,"1.211018404E12":9,"1.211055417E12":281,"1.211035583E12":128,"1.211037171E12":147,"1.211051242E12":266,"1.211036559E12":138,"1.211065514E12":306,"1.211066535E12":307,"1.211038152E12":157,"1.211047953E12":241,"1.211037759E12":154,"1.2110255E12":73,"1.211040232E12":174,"1.211071868E12":317,"1.211021743E12":57,"1.211054046E12":276,"1.211071708E12":315,"1.211018426E12":21,"1.211043822E12":213,"1.211040346E12":176,"1.211036198E12":135,"1.211035586E12":129,"1.211038159E12":158,"1.211020713E12":50,"1.211333771E12":341,"1.211031924E12":90,"1.211041716E12":190,"1.211043184E12":209,"1.211088732E12":333,"1.211050069E12":256,"1.211022975E12":59,"1.211038148E12":156,"1.211026526E12":79,"1.211052261E12":272,"1.21102277E12":58,"1.211032798E12":95,"1.21103811E12":155,"1.211043764E12":212,"1.211018587E12":33,"1.211019429E12":47,"1.211018675E12":38,"1.211037161E12":146,"1.211018592E12":34,"1.211020718E12":51,"1.211050576E12":260,"1.211084479E12":321,"1.211018408E12":17,"1.21104085E12":181,"1.211388679E12":342,"1.21103337E12":103,"1.211032629E12":92,"1.211032919E12":98,"1.211064115E12":298,"1.211018596E12":35,"1.2110209E12":52,"1.211044032E12":215,"1.211025204E12":69,"1.21106014E12":287,"1.211052957E12":274,"1.211067332E12":309,"1.211030846E12":85,"1.21103883E12":165,"1.211052892E12":273,"1.211045819E12":229,"1.211051078E12":264,"1.211018525E12":27,"1.211023522E12":61,"1.211040722E12":179,"1.211040278E12":175,"1.211088687E12":332,"1.211032994E12":99,"1.211031572E12":88,"1.211038713E12":164,"1.211031577E12":89,"1.211048319E12":245,"1.211061675E12":291,"1.211048544E12":246,"1.211018943E12":44,"1.211018945E12":45,"1.211042173E12":197,"1.211044346E12":221,"1.21104434E12":220,"1.211030649E12":83,"1.211032776E12":93,"1.211036577E12":139,"1.211063473E12":295,"1.211035553E12":127,"1.211083947E12":320,"1.211044387E12":222,"1.211048687E12":249,"1.211034437E12":117,"1.211035671E12":130,"1.211147384E12":339,"1.211018888E12":42,"1.211042597E12":203,"1.211036153E12":134,"1.211087312E12":328,"1.211086544E12":326,"1.21104367E12":211,"1.211018564E12":30,"1.21104413E12":217,"1.211041487E12":189,"1.211101111E12":334,"1.211033144E12":100,"1.211025458E12":71,"1.211047561E12":240,"1.211064479E12":300,"1.21101867E12":37,"1.211020923E12":53,"1.211040374E12":177,"1.211042144E12":193,"1.21104605E12":232,"1.211055022E12":280,"1.211050051E12":254,"1.211025668E12":76,"1.211037207E12":149,"1.21104146E12":188,"1.211034136E12":113,"1.211018941E12":43,"1.211046002E12":230,"1.211062058E12":292,"1.211037755E12":153,"1.211041143E12":186,"1.211034145E12":114,"1.211045784E12":228,"1.211038532E12":162,"1.211023464E12":60,"1.211059891E12":283,"1.211063435E12":294,"1.211101246E12":336,"1.211044047E12":216,"1.211031992E12":91,"1.21103478E12":121,"1.211036769E12":142,"1.211037141E12":145,"1.211050219E12":258,"1.21104232E12":199,"1.211034097E12":112,"1.211030811E12":84,"1.211019435E12":48,"1.211046025E12":231,"1.211332871E12":340,"1.21106548E12":305,"1.211018786E12":40,"1.211047304E12":236,"1.2110507E12":262,"1.211045426E12":224,"1.211033813E12":108,"1.211018532E12":29,"1.211038464E12":161,"1.211026078E12":77,"1.211021066E12":54,"1.211021114E12":55,"1.211036471E12":137,"1.211037194E12":148,"1.211052961E12":275,"1.211048721E12":250,"1.211067172E12":308,"1.211061301E12":290,"1.211030376E12":81,"1.211032802E12":96,"1.211018495E12":26,"1.211065093E12":303,"1.211054347E12":278,"1.211040634E12":178,"1.211088298E12":331,"1.211042403E12":201,"1.211038534E12":163,"1.211031454E12":87,"1.21101841E12":20,"1.21104112E12":185,"1.211101203E12":335,"1.211043076E12":205,"1.211051626E12":268,"1.211034065E12":111,"1.21103094E12":86,"1.211039681E12":171,"1.211018407E12":14,"1.211040914E12":183,"1.211059909E12":284,"1.211055848E12":282,"1.211050516E12":259,"1.211024824E12":67,"1.211018575E12":32,"1.211046887E12":234,"1.211086389E12":324,"1.211040971E12":184,"1.211063967E12":296,"1.211064076E12":297,"1.211025275E12":70,"1.21106018E12":288,"1.21104798E12":242,"1.211035172E12":124},"NUMBER_OF_PEOPLE":400,"minTimeSeen":1.211018404E12,"maxTimeSeen":1.211558405E12,"NEIGHBORHOOD_RADIUS":20.0,"ENCOUNTER_CHANCE":0.05,"priority":1.0,"duration":540001.0,"minutesDuration":9000.016666666666,"hoursDuration":150.00027777777777,"daysDuration":6.250011574074073}
