{"propagationData":{"1.211387536E12":16,"1.211089092E12":12,"1.211245948E12":14,"1.211020438E12":4,"1.211021184E12":6,"1.21124541E12":13,"1.211434052E12":17,"1.211018483E12":2,"1.211064711E12":9,"1.211386955E12":15,"1.211018404E12":1,"1.211434089E12":18,"1.211021086E12":5,"1.211064835E12":11,"1.211023803E12":8,"1.211018908E12":3,"1.21102215E12":7,"1.211064806E12":10},"NUMBER_OF_PEOPLE":400,"minTimeSeen":1.211018404E12,"maxTimeSeen":1.211558405E12,"NEIGHBORHOOD_RADIUS":20.0,"ENCOUNTER_CHANCE":0.05,"priority":1.0,"duration":540001.0,"minutesDuration":9000.016666666666,"hoursDuration":150.00027777777777,"daysDuration":6.250011574074073}
