{"propagationData":{"1.211054187E12":143,"1.211075489E12":306,"1.2110716E12":284,"1.211071168E12":282,"1.21104812E12":57,"1.211078197E12":319,"1.211080727E12":327,"1.211090782E12":355,"1.211073843E12":295,"1.211054773E12":158,"1.21105663E12":186,"1.211074497E12":298,"1.211054626E12":151,"1.21107902E12":320,"1.211065789E12":271,"1.211061E12":230,"1.21107336E12":294,"1.211054751E12":156,"1.211286213E12":388,"1.211076194E12":310,"1.211260764E12":387,"1.211053759E12":139,"1.211050491E12":87,"1.211151358E12":381,"1.211062E12":239,"1.211086676E12":349,"1.211078028E12":317,"1.211051412E12":100,"1.211055745E12":178,"1.211129822E12":377,"1.211058437E12":206,"1.211050043E12":80,"1.211060986E12":229,"1.211050952E12":93,"1.211063821E12":257,"1.211093948E12":363,"1.211053902E12":140,"1.211055012E12":163,"1.211150867E12":380,"1.211064578E12":264,"1.211048692E12":61,"1.211045587E12":11,"1.211053361E12":130,"1.211048059E12":54,"1.211098188E12":367,"1.211047052E12":45,"1.211048512E12":60,"1.211086537E12":348,"1.211046532E12":33,"1.211079636E12":322,"1.211056798E12":193,"1.211082159E12":336,"1.211060946E12":228,"1.211045889E12":21,"1.211045626E12":15,"1.211089034E12":354,"1.211051913E12":109,"1.211053252E12":129,"1.211080307E12":326,"1.211063787E12":256,"1.211044925E12":9,"1.211096945E12":366,"1.211055442E12":171,"1.211067077E12":276,"1.211053641E12":138,"1.211049089E12":67,"1.211051481E12":101,"1.211055487E12":173,"1.21104885E12":63,"1.211053454E12":133,"1.211080947E12":330,"1.211071231E12":283,"1.211060669E12":222,"1.211018433E12":3,"1.211052355E12":117,"1.211071761E12":287,"1.211061496E12":234,"1.211072019E12":289,"1.21108819E12":351,"1.211069184E12":279,"1.21107532E12":304,"1.211052482E12":119,"1.211079654E12":323,"1.211060102E12":216,"1.211054835E12":161,"1.211071692E12":285,"1.211056647E12":187,"1.21108902E12":353,"1.211056014E12":183,"1.211061827E12":237,"1.211046121E12":24,"1.211046526E12":32,"1.211055188E12":166,"1.211075925E12":308,"1.211045613E12":13,"1.211053093E12":125,"1.211048761E12":62,"1.211046932E12":41,"1.211051509E12":102,"1.211093821E12":362,"1.211060108E12":217,"1.211059173E12":211,"1.21105353E12":134,"1.211046754E12":36,"1.211053375E12":131,"1.211252531E12":385,"1.211059869E12":215,"1.211052155E12":114,"1.21108359E12":340,"1.211062611E12":244,"1.211060914E12":226,"1.211018406E12":2,"1.211055336E12":168,"1.211139384E12":379,"1.211057857E12":202,"1.211075265E12":303,"1.211046479E12":30,"1.21104645E12":28,"1.211051905E12":108,"1.211045087E12":10,"1.21105682E12":194,"1.211048956E12":65,"1.211076662E12":311,"1.211054774E12":159,"1.211103704E12":372,"1.21106302E12":247,"1.211056316E12":184,"1.211061015E12":231,"1.211052106E12":113,"1.21106092E12":227,"1.211047208E12":47,"1.21105562E12":175,"1.21106627E12":273,"1.21106304E12":248,"1.211045623E12":14,"1.211058401E12":205,"1.211050677E12":90,"1.211054917E12":162,"1.211061693E12":236,"1.211080942E12":329,"1.211076837E12":313,"1.211050306E12":83,"1.211055553E12":174,"1.21107619E12":309,"1.211046289E12":25,"1.211054785E12":160,"1.211046766E12":38,"1.211070855E12":281,"1.211083142E12":338,"1.211046908E12":39,"1.211054548E12":150,"1.21105359E12":135,"1.211078024E12":316,"1.211049792E12":76,"1.211018404E12":1,"1.211055438E12":170,"1.211056651E12":188,"1.211049248E12":71,"1.211082049E12":333,"1.211076825E12":312,"1.211054137E12":142,"1.211048085E12":56,"1.211063714E12":254,"1.211050331E12":84,"1.211092946E12":359,"1.21106165E12":235,"1.211047832E12":52,"1.211054508E12":149,"1.211058368E12":204,"1.211049293E12":72,"1.211049125E12":68,"1.211053042E12":123,"1.211064921E12":269,"1.211075064E12":302,"1.211048065E12":55,"1.211071742E12":286,"1.211062963E12":245,"1.211062373E12":241,"1.211050882E12":92,"1.211074005E12":297,"1.211051518E12":103,"1.211079562E12":321,"1.211058997E12":209,"1.211054474E12":148,"1.21107982E12":325,"1.211051404E12":99,"1.211059219E12":212,"1.211051917E12":110,"1.211057589E12":199,"1.211046989E12":43,"1.211088703E12":352,"1.211018605E12":4,"1.211049183E12":69,"1.211084847E12":346,"1.211062542E12":242,"1.211098627E12":368,"1.21106471E12":266,"1.211067085E12":277,"1.211062996E12":246,"1.211244235E12":384,"1.211055052E12":165,"1.21109656E12":365,"1.211233938E12":383,"1.211053087E12":124,"1.211084442E12":342,"1.211063346E12":250,"1.211077158E12":314,"1.211056727E12":190,"1.211046956E12":42,"1.211059065E12":210,"1.211063329E12":249,"1.21106085E12":224,"1.211047271E12":49,"1.211069206E12":280,"1.211058956E12":208,"1.211052329E12":116,"1.211052444E12":118,"1.211056744E12":191,"1.211063878E12":258,"1.211049914E12":79,"1.211124191E12":375,"1.211055817E12":179,"1.211057608E12":200,"1.211047522E12":51,"1.211084782E12":345,"1.211046464E12":29,"1.211075809E12":307,"1.211055459E12":172,"1.211064805E12":268,"1.211045828E12":19,"1.21104651E12":31,"1.211050966E12":94,"1.211046926E12":40,"1.211074722E12":300,"1.211053443E12":132,"1.211064143E12":261,"1.211057284E12":197,"1.211081034E12":331,"1.211063906E12":259,"1.211057326E12":198,"1.21105185E12":106,"1.21105675E12":192,"1.211049554E12":75,"1.211045655E12":17,"1.211072594E12":292,"1.211049209E12":70,"1.211064355E12":262,"1.211047494E12":50,"1.211122284E12":374,"1.211082088E12":334,"1.211053097E12":126,"1.211060387E12":219,"1.211051157E12":97,"1.211049864E12":78,"1.21105109E12":95,"1.211055639E12":176,"1.211053177E12":128,"1.21104981E12":77,"1.211061064E12":233,"1.211051119E12":96,"1.211074864E12":301,"1.211055931E12":182,"1.211060372E12":218,"1.211254255E12":386,"1.211050585E12":89,"1.211066361E12":274,"1.211052819E12":120,"1.211060548E12":221,"1.211055236E12":167,"1.211103501E12":370,"1.211047889E12":53,"1.211066256E12":272,"1.211084489E12":343,"1.211065761E12":270,"1.21105567E12":177,"1.21106104E12":232,"1.211058453E12":207,"1.211052929E12":121,"1.211054268E12":145,"1.21105954E12":213,"1.211103534E12":371,"1.211056694E12":189,"1.211047264E12":48,"1.211059558E12":214,"1.211053966E12":141,"1.211062592E12":243,"1.211019177E12":7,"1.21106448E12":263,"1.211100733E12":369,"1.211046765E12":37,"1.211047012E12":44,"1.211048927E12":64,"1.211091673E12":357,"1.211077872E12":315,"1.211080806E12":328,"1.211055349E12":169,"1.211050422E12":86,"1.211082092E12":335,"1.211045957E12":22,"1.211050505E12":88,"1.211049332E12":74,"1.211063435E12":252,"1.211048242E12":58,"1.211053108E12":127,"1.211086856E12":350,"1.211074586E12":299,"1.211131015E12":378,"1.211079818E12":324,"1.211068816E12":278,"1.211045657E12":18,"1.211072396E12":291,"1.211046679E12":35,"1.211051893E12":107,"1.211054733E12":155,"1.211062353E12":240,"1.211091303E12":356,"1.211081489E12":332,"1.211073972E12":296,"1.211045843E12":20,"1.211060854E12":225,"1.211064707E12":265,"1.211049011E12":66,"1.21108459E12":344,"1.211071913E12":288,"1.211045602E12":12,"1.211049315E12":73,"1.211054445E12":147,"1.211060802E12":223,"1.211046307E12":26,"1.21104716E12":46,"1.211092144E12":358,"1.211055035E12":164,"1.211018751E12":6,"1.211075472E12":305,"1.211073217E12":293,"1.21104659E12":34,"1.211055879E12":181,"1.211057275E12":196,"1.211051776E12":105,"1.211093619E12":361,"1.21106396E12":260,"1.211063751E12":255,"1.211050186E12":82,"1.211052326E12":115,"1.211050345E12":85,"1.211056955E12":195,"1.211019783E12":8,"1.211066782E12":275,"1.211046031E12":23,"1.211083633E12":341,"1.211051183E12":98,"1.211054646E12":154,"1.211078115E12":318,"1.211050053E12":81,"1.211105071E12":373,"1.211053601E12":136,"1.211061867E12":238,"1.211018649E12":5,"1.211046437E12":27,"1.211063372E12":251,"1.211174819E12":382,"1.211095605E12":364,"1.211063439E12":253,"1.211050679E12":91,"1.211052005E12":111,"1.211060445E12":220,"1.211054412E12":146,"1.211054641E12":153,"1.211057685E12":201,"1.21105476E12":157,"1.211082534E12":337,"1.211083344E12":339,"1.211054239E12":144,"1.21112569E12":376,"1.211053E12":122,"1.211053637E12":137,"1.211052097E12":112,"1.211051702E12":104,"1.211086297E12":347,"1.211064726E12":267,"1.211048511E12":59,"1.211057957E12":203,"1.21105587E12":180,"1.211093153E12":360,"1.211072097E12":290},"NUMBER_OF_PEOPLE":400,"minTimeSeen":1.211018404E12,