{"propagationData":{"1.21106985E12":49,"1.211077013E12":161,"1.21107082E12":60,"1.211081395E12":216,"1.211072587E12":90,"1.211072458E12":86,"1.21107459E12":119,"1.211129419E12":354,"1.211089206E12":280,"1.211076077E12":144,"1.211101949E12":329,"1.211077878E12":175,"1.211086318E12":267,"1.211071631E12":71,"1.211125665E12":352,"1.211078048E12":179,"1.211075755E12":134,"1.211077981E12":177,"1.211077957E12":176,"1.211079811E12":198,"1.211092702E12":295,"1.211083245E12":237,"1.211067309E12":29,"1.211082051E12":222,"1.211073274E12":97,"1.211087434E12":271,"1.211079229E12":191,"1.211086637E12":269,"1.211079548E12":194,"1.211073198E12":96,"1.211083352E12":240,"1.21107816E12":180,"1.211068703E12":41,"1.21110321E12":333,"1.211027113E12":10,"1.211082639E12":232,"1.211143477E12":363,"1.211090553E12":292,"1.211071485E12":68,"1.211083522E12":241,"1.211079277E12":192,"1.211093298E12":299,"1.211076583E12":153,"1.211167195E12":371,"1.211112422E12":341,"1.211082512E12":229,"1.211068473E12":37,"1.211064674E12":15,"1.211071744E12":74,"1.21108023E12":204,"1.211090199E12":289,"1.211098947E12":321,"1.211071898E12":77,"1.211156653E12":368,"1.211066757E12":25,"1.211090367E12":290,"1.211071942E12":79,"1.211077487E12":168,"1.211083213E12":236,"1.211072573E12":88,"1.211084651E12":255,"1.211095009E12":306,"1.211078022E12":178,"1.211067847E12":35,"1.211082601E12":230,"1.211077122E12":163,"1.21108013E12":202,"1.211074183E12":106,"1.211181434E12":375,"1.211072689E12":91,"1.21114139E12":361,"1.211076534E12":152,"1.211067275E12":28,"1.211084583E12":254,"1.211089938E12":286,"1.211069964E12":51,"1.211075084E12":125,"1.211064732E12":16,"1.21108488E12":256,"1.211175482E12":374,"1.211082813E12":233,"1.211074924E12":123,"1.211074428E12":115,"1.211021981E12":3,"1.211072293E12":84,"1.21110485E12":337,"1.211090585E12":293,"1.211083745E12":245,"1.211022163E12":4,"1.211068503E12":38,"1.211071833E12":76,"1.211077375E12":166,"1.211078438E12":183,"1.211106851E12":338,"1.211103609E12":334,"1.211086968E12":270,"1.211078842E12":187,"1.211071907E12":78,"1.211072108E12":83,"1.211204818E12":378,"1.211102321E12":332,"1.211074045E12":102,"1.211098781E12":319,"1.211074222E12":107,"1.211069488E12":43,"1.211093248E12":298,"1.211098367E12":318,"1.211074997E12":124,"1.211136585E12":357,"1.211118154E12":347,"1.211093157E12":297,"1.211071473E12":67,"1.211075697E12":133,"1.211242804E12":384,"1.211072388E12":85,"1.211074251E12":109,"1.211121306E12":351,"1.211185827E12":376,"1.21109515E12":307,"1.211068446E12":36,"1.211025754E12":7,"1.211075766E12":135,"1.211074051E12":103,"1.211074491E12":116,"1.211140456E12":359,"1.211095643E12":311,"1.211135247E12":356,"1.211120925E12":350,"1.211089277E12":282,"1.211150921E12":367,"1.211089484E12":284,"1.21107118E12":63,"1.211074567E12":118,"1.211074839E12":122,"1.211080289E12":207,"1.211095167E12":308,"1.211071554E12":69,"1.211108289E12":340,"1.211085214E12":259,"1.211075505E12":127,"1.211076087E12":145,"1.211080272E12":206,"1.211107221E12":339,"1.211073723E12":99,"1.211086316E12":266,"1.211073292E12":98,"1.211018404E12":1,"1.21107413E12":105,"1.211084556E12":253,"1.211082221E12":225,"1.211074042E12":101,"1.211141113E12":360,"1.21108356E12":243,"1.211072039E12":81,"1.211104701E12":336,"1.211093444E12":301,"1.211069833E12":48,"1.211089165E12":278,"1.211083009E12":235,"1.211096635E12":313,"1.211077725E12":172,"1.211112729E12":342,"1.211074237E12":108,"1.211071103E12":62,"1.211066751E12":24,"1.211080084E12":201,"1.211146208E12":366,"1.211083659E12":244,"1.211069195E12":42,"1.211080269E12":205,"1.211077611E12":171,"1.211076096E12":146,"1.211076483E12":151,"1.211218616E12":381,"1.211076329E12":149,"1.211168528E12":372,"1.211079687E12":195,"1.21107685E12":157,"1.2110756E12":131,"1.211077333E12":165,"1.211078576E12":185,"1.21107689E12":158,"1.211075894E12":138,"1.211207816E12":379,"1.211078238E12":182,"1.211174529E12":373,"1.211082623E12":231,"1.211067715E12":34,"1.211076597E12":154,"1.211138847E12":358,"1.211090126E12":288,"1.211132331E12":355,"1.211076051E12":143,"1.211104175E12":335,"1.211072859E12":92,"1.211102051E12":330,"1.211066907E12":26,"1.21108779E12":272,"1.211085927E12":265,"1.211079054E12":188,"1.211070669E12":57,"1.21110062E12":328,"1.211079303E12":193,"1.211067459E12":31,"1.211076018E12":142,"1.211090512E12":291,"1.211071796E12":75,"1.211076936E12":159,"1.211085224E12":260,"1.211077727E12":173,"1.211097023E12":314,"1.211074764E12":121,"1.211219383E12":382,"1.211066639E12":23,"1.211076695E12":156,"1.21102569E12":6,"1.211075511E12":128,"1.211087818E12":273,"1.211406081E12":388,"1.211083999E12":248,"1.211075974E12":140,"1.211070955E12":61,"1.211069582E12":45,"1.211076959E12":160,"1.211097295E12":315,"1.211291667E12":386,"1.211080545E12":210,"1.211144747E12":365,"1.211084139E12":249,"1.211070742E12":59,"1.211064753E12":17,"1.211084974E12":257,"1.211071953E12":80,"1.211075849E12":137,"1.211074722E12":120,"1.211080291E12":208,"1.211088995E12":276,"1.21107978E12":197,"1.21106481E12":19,"1.211074518E12":117,"1.211075967E12":139,"1.211117584E12":343,"1.21108139E12":215,"1.211092739E12":296,"1.211071395E12":65,"1.211085397E12":261,"1.21121634E12":380,"1.211078193E12":181,"1.21109474E12":305,"1.211081755E12":219,"1.211071562E12":70,"1.211073024E12":93,"1.211076448E12":150,"1.211079183E12":189,"1.211074377E12":114,"1.211082336E12":227,"1.211081929E12":220,"1.211097628E12":316,"1.211089184E12":279,"1.211142668E12":362,"1.2111444E12":364,"1.211085901E12":264,"1.211069741E12":47,"1.211074291E12":112,"1.211096447E12":312,"1.21108332E12":239,"1.211158934E12":369,"1.211120873E12":349,"1.211100424E12":325,"1.211066301E12":21,"1.211074327E12":113,"1.211067337E12":30,"1.211023767E12":5,"1.211077313E12":164,"1.211068609E12":40,"1.211064394E12":11,"1.211085015E12":258,"1.211071682E12":73,"1.211079936E12":200,"1.211072484E12":87,"1.211067681E12":32,"1.211075618E12":132,"1.211076103E12":147,"1.21107665E12":155,"1.211082065E12":224,"1.211072582E12":89,"1.211069542E12":44,"1.211064545E12":13,"1.211079895E12":199,"1.211085833E12":263,"1.211077064E12":162,"1.21107919E12":190,"1.211082024E12":221,"1.211083538E12":242,"1.21101849E12":2,"1.211075587E12":130,"1.211297926E12":387,"1.211080355E12":209,"1.211080135E12":203,"1.211077872E12":174,"1.211072105E12":82,"1.211086405E12":268,"1.211081699E12":218,"1.21106987E12":50,"1.211071657E12":72,"1.211073846E12":100,"1.211089642E12":285,"1.211073122E12":95,"1.211260603E12":385,"1.211098174E12":317,"1.211070429E12":55,"1.211080626E12":213,"1.211074272E12":111,"1.211067226E12":27,"1.211160084E12":370,"1.211098795E12":320,"1.211075551E12":129,"1.211079709E12":196,"1.211099005E12":322,"1.21111897E12":348,"1.21108428E12":251,"1.211091348E12":294,"1.211082393E12":228,"1.211077396E12":167,"1.211082257E12":226,"1.211083829E12":247,"1.211093467E12":302,"1.211064786E12":18,"1.211239167E12":383,"1.211084463E12":252,"1.211070712E12":58,"1.211066328E12":22,"1.21109966E12":324,"1.21108425E12":250,"1.211082055E12":223,"1.211076307E12":148,"1.211071259E12":64,"1.211100496E12":327,"1.211074255E12":110,"1.211082976E12":234,"1.211077495E12":169,"1.211070414E12":54,"1.211076013E12":141,"1.211089006E12":277,"1.211126428E12":353,"1.211090057E12":287,"1.211089375E12":283,"1.211081589E12":217,"1.211093303E12":300,"1.211068581E12":39,"1.211192857E12":377,"1.211071406E12":66,"1.211070329E12":53,"1.211095239E12":309,"1.211088873E12":275,"1.211064669E12":14,"1.211094266E12":304,"1.211066298E12":20,"1.211075117E12":126,"1.211080566E12":211,"1.21107849E12":184,"1.211078599E12":186,"1.211095605E12":310,"1.211100431E12":326,"1.211083282E12":238,"1.211102195E12":331,"1.211070311E12":52,"1.211093724E12":303,"1.211085476E12":262,"1.211067706E12":33,"1.211117712E12":344,"1.211073102E12":94,"1.211077601E12":170,"1.211083787E12":246,"1.211026902E12":9,"1.211064453E12":12,"1.211026397E12":8,"1.211088165E12":274,"1.21107055E12":56,"1.211080585E12":212,"1.211075828E12":136,"1.211117999E12":345,"1.211074052E12":104,"1.211118098E12":346,"1.211099228E12":323,"1.21108924E12":281,"1.211069681E12":46},