{"propagationData":{"1.211099106E12":354,"1.211019226E12":41,"1.211031506E12":85,"1.21102563E12":67,"1.211056774E12":297,"1.211056795E12":298,"1.211032636E12":110,"1.211045413E12":251,"1.211042239E12":222,"1.211032688E12":111,"1.211098681E12":351,"1.211032058E12":92,"1.211019182E12":39,"1.211038374E12":182,"1.211038888E12":191,"1.211056338E12":295,"1.211107338E12":359,"1.211061723E12":307,"1.211060645E12":301,"1.211043571E12":241,"1.211043077E12":235,"1.211019185E12":40,"1.211034203E12":137,"1.211078786E12":345,"1.211018417E12":22,"1.211044294E12":246,"1.211018416E12":20,"1.211064164E12":311,"1.211032089E12":93,"1.211052992E12":283,"1.211054084E12":287,"1.211076639E12":343,"1.211027606E12":76,"1.211049721E12":270,"1.211020691E12":52,"1.211036133E12":146,"1.211036803E12":156,"1.211048583E12":265,"1.211038251E12":180,"1.211031015E12":80,"1.211032341E12":100,"1.211043614E12":242,"1.211025941E12":71,"1.211041831E12":218,"1.211018423E12":23,"1.211037756E12":170,"1.211032951E12":120,"1.211037406E12":165,"1.21103269E12":112,"1.211099065E12":353,"1.211060849E12":302,"1.211018704E12":27,"1.211039803E12":197,"1.211032162E12":94,"1.211070035E12":327,"1.211024656E12":57,"1.211038506E12":186,"1.21102584E12":69,"1.211027559E12":75,"1.211032391E12":101,"1.211041826E12":217,"1.211018412E12":19,"1.211056474E12":296,"1.211051318E12":279,"1.211043249E12":240,"1.211033724E12":126,"1.211040266E12":203,"1.211025119E12":61,"1.211040866E12":209,"1.211040476E12":207,"1.21103762E12":168,"1.211038494E12":184,"1.21107346E12":334,"1.211061113E12":304,"1.211071202E12":332,"1.211018474E12":24,"1.211020386E12":48,"1.211038882E12":189,"1.211107371E12":360,"1.211054804E12":290,"1.211053162E12":284,"1.211081668E12":348,"1.211031852E12":89,"1.2110256E12":66,"1.211019555E12":44,"1.21104225E12":224,"1.211042919E12":233,"1.211019E12":36,"1.21105487E12":291,"1.211042859E12":232,"1.211035771E12":143,"1.211036567E12":154,"1.211050066E12":272,"1.211053685E12":286,"1.211018406E12":15,"1.211033146E12":124,"1.211037243E12":163,"1.2110374E12":164,"1.211032051E12":91,"1.211038551E12":188,"1.211065756E12":317,"1.211032741E12":116,"1.211042263E12":225,"1.211034988E12":140,"1.211039637E12":196,"1.211034101E12":131,"1.211035011E12":141,"1.211037849E12":173,"1.21103247E12":106,"1.21103983E12":198,"1.21117168E12":362,"1.211043237E12":239,"1.211040122E12":202,"1.211064421E12":314,"1.211018763E12":29,"1.211023479E12":54,"1.211039221E12":194,"1.21104965E12":269,"1.211037592E12":167,"1.211096894E12":350,"1.211032401E12":102,"1.211024875E12":60,"1.211065775E12":318,"1.211092452E12":349,"1.211046797E12":262,"1.211033109E12":121,"1.211038501E12":185,"1.211042446E12":229,"1.211032265E12":97,"1.211034193E12":135,"1.21105197E12":280,"1.211036174E12":149,"1.21104428E12":245,"1.211036161E12":148,"1.211069972E12":326,"1.21102736E12":74,"1.211032456E12":104,"1.21101901E12":37,"1.211042243E12":223,"1.211034126E12":132,"1.211038203E12":177,"1.211051208E12":278,"1.211102194E12":355,"1.211018917E12":34,"1.211018768E12":32,"1.211034441E12":138,"1.211039061E12":192,"1.211044942E12":250,"1.211018404E12":10,"1.211024795E12":59,"1.211037005E12":158,"1.211044326E12":247,"1.211034059E12":129,"1.211042025E12":220,"1.211050084E12":273,"1.211172025E12":363,"1.21107444E12":336,"1.211056206E12":294,"1.211042322E12":227,"1.211038232E12":179,"1.211041344E12":212,"1.211030839E12":78,"1.211018754E12":28,"1.211077082E12":344,"1.211031727E12":88,"1.211018481E12":26,"1.211039879E12":200,"1.211041903E12":219,"1.211036189E12":151,"1.211045891E12":257,"1.211044586E12":248,"1.211176246E12":366,"1.211030419E12":77,"1.21103217E12":95,"1.211050194E12":275,"1.21104244E12":228,"1.21106289E12":309,"1.211031601E12":86,"1.211045423E12":253,"1.211032421E12":103,"1.211032724E12":115,"1.211033704E12":125,"1.211054253E12":288,"1.211020433E12":49,"1.211026868E12":72,"1.211024743E12":58,"1.211060449E12":300,"1.211018411E12":18,"1.211040439E12":206,"1.211045447E12":255,"1.211044246E12":244,"1.211031726E12":87,"1.211036594E12":155,"1.211025915E12":70,"1.211034192E12":134,"1.211079408E12":346,"1.211069578E12":325,"1.211045416E12":252,"1.211042846E12":231,"1.211050106E12":274,"1.211025186E12":64,"1.211018476E12":25,"1.211037815E12":172,"1.211061216E12":306,"1.2110431E12":236,"1.21107024E12":329,"1.211054393E12":289,"1.211027032E12":73,"1.211049828E12":271,"1.211033866E12":128,"1.211039934E12":201,"1.211045438E12":254,"1.211020563E12":51,"1.211075809E12":340,"1.211033775E12":127,"1.211067704E12":321,"1.211038193E12":176,"1.211040741E12":208,"1.21103221E12":96,"1.211020439E12":50,"1.211070315E12":330,"1.211044161E12":243,"1.211046784E12":261,"1.211049621E12":268,"1.21107343E12":333,"1.211035031E12":142,"1.211032714E12":113,"1.211034871E12":139,"1.211025148E12":63,"1.211055481E12":292,"1.211041422E12":214,"1.211043212E12":238,"1.21104302E12":234,"1.211019243E12":42,"1.211074804E12":337,"1.211065801E12":320,"1.211053325E12":285,"1.211023471E12":53,"1.211037628E12":169,"1.211103197E12":357,"1.211049271E12":266,"1.211031336E12":83,"1.211074347E12":335,"1.211037136E12":160,"1.211062985E12":310,"1.211032828E12":119,"1.211102234E12":356,"1.211031927E12":90,"1.211038222E12":178,"1.211036503E12":153,"1.211065295E12":315,"1.211035798E12":144,"1.211064358E12":313,"1.2110475E12":264,"1.211070074E12":328,"1.211032464E12":105,"1.211031487E12":84,"1.2110198E12":46,"1.211037229E12":162,"1.211044857E12":249,"1.211052515E12":282,"1.211172086E12":364,"1.211037015E12":159,"1.211075618E12":338,"1.211056838E12":299,"1.211067765E12":322,"1.2110612E12":305,"1.211018904E12":33,"1.211036185E12":150,"1.211046765E12":260,"1.211038886E12":190,"1.211075853E12":341,"1.211050209E12":276,"1.211037783E12":171,"1.211062017E12":308,"1.211041552E12":215,"1.211173822E12":365,"1.211065616E12":316,"1.211055811E12":293,"1.21103984E12":199,"1.211040964E12":210,"1.211018924E12":35,"1.211040988E12":211,"1.211019026E12":38,"1.211024357E12":55,"1.211038521E12":187,"1.211045917E12":258,"1.211032723E12":114,"1.211042214E12":221,"1.211032517E12":107,"1.21103103E12":81,"1.211025485E12":65,"1.211041753E12":216,"1.211036202E12":152,"1.211034097E12":130,"1.211038178E12":175,"1.21104041E12":205,"1.211045866E12":256,"1.2110414E12":213,"1.211051192E12":277,"1.21110395E12":358,"1.211052063E12":281,"1.211099005E12":352,"1.211046827E12":263,"1.211032621E12":109,"1.211019978E12":47,"1.211032311E12":99,"1.211039073E12":193,"1.211039245E12":195,"1.211032615E12":108,"1.211071035E12":331,"1.21101945E12":43,"1.211025141E12":62,"1.211037871E12":174,"1.211037227E12":161,"1.211036149E12":147,"1.211036843E12":157,"1.211069576E12":324,"1.211019582E12":45,"1.211034174E12":133,"1.21104284E12":230,"1.211032309E12":98,"1.21101841E12":16,"1.211033129E12":122,"1.211032825E12":118,"1.211117573E12":361,"1.211075698E12":339,"1.211031072E12":82,"1.211034197E12":136,"1.211035827E12":145,"1.211037587E12":166,"1.211049324E12":267,"1.211040398E12":204,"1.211068321E12":323,"1.211038425E12":183,"1.211045928E12":259,"1.211042297E12":226,"1.211033138E12":123,"1.211060941E12":303,"1.211032811E12":117,"1.211080081E12":347,"1.211076629E12":342,"1.211018764E12":30,"1.211038252E12":181,"1.211024593E12":56,"1.211030909E12":79,"1.211064317E12":312},"NUMBER_OF_PEOPLE":400,"minTimeSeen":1.211018404E12,"maxTimeSeen":1.211558405E12,"NEIGHBORHOOD_RADIUS":20.0,"ENCOUNTER_CHANCE":0.05,"priority":1.0,"duration":540001.0,"minutesDuration":9000.016666666666,"hoursDuration":150.00027777777777,"daysDuration":6.250011574074073}
