{"propagationData":{"1.211085681E12":363,"1.211037712E12":187,"1.211063356E12":315,"1.21104591E12":263,"1.211053773E12":300,"1.211031974E12":88,"1.211076937E12":348,"1.211037636E12":185,"1.211032137E12":96,"1.211093945E12":369,"1.211035891E12":156,"1.211038245E12":191,"1.21103905E12":203,"1.211023685E12":18,"1.211030573E12":69,"1.211028872E12":57,"1.211032017E12":92,"1.211069522E12":337,"1.211043571E12":240,"1.211033113E12":112,"1.211033295E12":116,"1.211045366E12":257,"1.21104521E12":255,"1.211038823E12":197,"1.211063613E12":319,"1.211031429E12":80,"1.211069486E12":336,"1.211053377E12":296,"1.211074613E12":343,"1.211041835E12":224,"1.211034822E12":142,"1.211051953E12":293,"1.211036945E12":171,"1.211023E12":8,"1.211034868E12":143,"1.21104249E12":230,"1.211027473E12":43,"1.211159395E12":385,"1.211073863E12":342,"1.211035524E12":145,"1.211141753E12":384,"1.211028513E12":51,"1.211047309E12":274,"1.211035802E12":152,"1.211027695E12":45,"1.211079076E12":351,"1.211064267E12":323,"1.211039179E12":204,"1.211031504E12":82,"1.21102268E12":5,"1.211026802E12":37,"1.211040716E12":214,"1.211040576E12":211,"1.211033992E12":132,"1.211044539E12":248,"1.211030097E12":61,"1.211121762E12":379,"1.211030421E12":67,"1.211094725E12":371,"1.211038142E12":189,"1.211028807E12":54,"1.211036065E12":159,"1.211116677E12":378,"1.211073194E12":341,"1.21104756E12":275,"1.211032391E12":99,"1.211094013E12":370,"1.211033688E12":128,"1.211024191E12":24,"1.211033115E12":113,"1.211033738E12":130,"1.211061815E12":312,"1.211023475E12":16,"1.211041526E12":222,"1.211044746E12":250,"1.211024735E12":28,"1.211053045E12":294,"1.211042835E12":232,"1.211031323E12":77,"1.211038494E12":194,"1.211044329E12":245,"1.211023369E12":11,"1.211042344E12":229,"1.211032003E12":89,"1.211033417E12":121,"1.211085925E12":364,"1.211051224E12":292,"1.211042811E12":231,"1.21105955E12":306,"1.211032015E12":91,"1.211038882E12":199,"1.211037344E12":183,"1.21108238E12":359,"1.211025391E12":32,"1.211078294E12":350,"1.211066482E12":332,"1.211037456E12":184,"1.211034089E12":135,"1.211032024E12":93,"1.211032403E12":100,"1.211037206E12":178,"1.211084397E12":362,"1.211071706E12":340,"1.211031911E12":86,"1.211077595E12":349,"1.211030289E12":64,"1.211023421E12":12,"1.211028597E12":53,"1.211040867E12":216,"1.211059189E12":305,"1.211031804E12":85,"1.211024901E12":30,"1.211032626E12":102,"1.211038209E12":190,"1.211023519E12":17,"1.211033465E12":124,"1.211027921E12":47,"1.211053421E12":297,"1.211046033E12":265,"1.211030397E12":65,"1.211046574E12":268,"1.211036434E12":163,"1.211024919E12":31,"1.211020447E12":4,"1.211058095E12":301,"1.211165103E12":386,"1.211091945E12":367,"1.211079805E12":354,"1.211024145E12":22,"1.211038736E12":196,"1.211036224E12":162,"1.211023141E12":9,"1.211034898E12":144,"1.211066657E12":334,"1.211048451E12":280,"1.211027973E12":48,"1.211082793E12":360,"1.211033446E12":123,"1.211036161E12":161,"1.211036906E12":170,"1.211031031E12":73,"1.211042243E12":227,"1.211038486E12":193,"1.211040112E12":206,"1.211051208E12":291,"1.211039026E12":201,"1.211058793E12":304,"1.211048271E12":278,"1.211045525E12":260,"1.211030003E12":60,"1.211018404E12":1,"1.211033081E12":111,"1.211053639E12":298,"1.211038996E12":200,"1.211037283E12":181,"1.211096014E12":375,"1.211027369E12":41,"1.211058474E12":302,"1.211035829E12":154,"1.211044757E12":252,"1.211032912E12":107,"1.211064336E12":324,"1.211035601E12":147,"1.211027252E12":40,"1.211036968E12":173,"1.211040538E12":209,"1.21104836E12":279,"1.211084231E12":361,"1.21104533E12":256,"1.211063587E12":318,"1.211042847E12":234,"1.211022688E12":6,"1.211035705E12":151,"1.211043396E12":236,"1.211040289E12":207,"1.211061059E12":311,"1.211023438E12":13,"1.211045383E12":259,"1.211043618E12":241,"1.211031423E12":78,"1.211032116E12":95,"1.211037261E12":179,"1.211064416E12":325,"1.211024183E12":23,"1.211074963E12":344,"1.211037278E12":180,"1.211044451E12":247,"1.21102926E12":59,"1.211080658E12":356,"1.211045103E12":254,"1.211042073E12":225,"1.21103013E12":62,"1.211037125E12":176,"1.211042928E12":235,"1.2110304E12":66,"1.211028568E12":52,"1.211040637E12":213,"1.211031434E12":81,"1.211046882E12":270,"1.211028073E12":49,"1.211058618E12":303,"1.211049781E12":286,"1.211033687E12":127,"1.211046037E12":266,"1.211033382E12":118,"1.211060827E12":307,"1.211063567E12":317,"1.211032767E12":104,"1.211039028E12":202,"1.211033238E12":114,"1.211044977E12":253,"1.211048624E12":281,"1.211035549E12":146,"1.211023873E12":20,"1.211036155E12":160,"1.211033076E12":110,"1.211095555E12":372,"1.211087879E12":365,"1.211030751E12":72,"1.21102883E12":56,"1.211075851E12":347,"1.211051063E12":289,"1.211032405E12":101,"1.211036867E12":168,"1.211027694E12":44,"1.211041236E12":220,"1.211064798E12":326,"1.21102569E12":33,"1.211066594E12":333,"1.211047213E12":271,"1.211053353E12":295,"1.211035931E12":158,"1.211140901E12":383,"1.211028425E12":50,"1.211045547E12":261,"1.211033385E12":119,"1.211042836E12":233,"1.21102043E12":3,"1.211036534E12":166,"1.21107913E12":352,"1.211032004E12":90,"1.211048141E12":277,"1.211033442E12":122,"1.211037126E12":177,"1.211036873E12":169,"1.211027023E12":39,"1.211063683E12":320,"1.211042265E12":228,"1.211048647E12":282,"1.211043722E12":243,"1.21103302E12":108,"1.211033243E12":115,"1.211095603E12":373,"1.211066735E12":335,"1.211088075E12":366,"1.211026122E12":35,"1.211075832E12":346,"1.211036731E12":167,"1.211023721E12":19,"1.211040897E12":217,"1.211040729E12":215,"1.211030279E12":63,"1.211023364E12":10,"1.211075129E12":345,"1.211049151E12":285,"1.211038845E12":198,"1.211065366E12":327,"1.21103853E12":195,"1.211031061E12":76,"1.211036532E12":165,"1.211040631E12":212,"1.211129888E12":381,"1.211041004E12":218,"1.211045997E12":264,"1.211095795E12":374,"1.211044127E12":244,"1.21103712E12":175,"1.211043504E12":238,"1.211046839E12":269,"1.21104356E12":239,"1.211037695E12":186,"1.211079435E12":353,"1.211040566E12":210,"1.211045367E12":258,"1.211063958E12":322,"1.211033571E12":125,"1.211032783E12":105,"1.211071586E12":339,"1.211050998E12":288,"1.21109293E12":368,"1.211032316E12":97,"1.211051092E12":290,"1.211018904E12":2,"1.211027372E12":42,"1.211032383E12":98,"1.211081264E12":358,"1.211024137E12":21,"1.211225659E12":387,"1.211031551E12":84,"1.211107059E12":376,"1.211024734E12":27,"1.211042214E12":226,"1.211033052E12":109,"1.211065644E12":328,"1.211047585E12":276,"1.211033692E12":129,"1.211036999E12":174,"1.211062126E12":314,"1.211035681E12":150,"1.211031544E12":83,"1.211035815E12":153,"1.211066263E12":331,"1.211036465E12":164,"1.21112452E12":380,"1.211049803E12":287,"1.211031426E12":79,"1.211030707E12":70,"1.211035896E12":157,"1.211041016E12":219,"1.211080401E12":355,"1.211060874E12":308,"1.211046573E12":267,"1.211049011E12":283,"1.211260654E12":388,"1.211031054E12":75,"1.211033415E12":120,"1.211033974E12":131,"1.211040105E12":205,"1.211044423E12":246,"1.211116257E12":377,"1.21106099E12":309,"1.211032874E12":106,"1.211034802E12":141,"1.211034727E12":140,"1.211024894E12":29,"1.211037339E12":182,"1.21105367E12":299,"1.211047244E12":272,"1.211034016E12":133,"1.211069598E12":338,"1.211024614E12":26,"1.211034681E12":138,"1.211061846E12":313,"1.211044674E12":249,"1.211041823E12":223,"1.211031912E12":87,"1.211080716E12":357,"1.211032097E12":94,"1.211030432E12":68,"1.211033368E12":117,"1.211040466E12":208,"1.211034171E12":137,"1.211030736E12":71,"1.211035628E12":148,"1.211045736E12":262,"1.211034705E12":139,"1.211065843E12":329,"1.211025968E12":34,"1.211043654E12":242,"1.21102278E12":7,"1.211026609E12":36,"1.211139834E12":382,"1.211043407E12":237,"1.211035837E12":155,"1.211032735E12":103,"1.21102889E12":58,"1.211024477E12":25,"1.211027708E12":46,"1.211065921E12":330,"1.211044751E12":251,"1.21103696E12":172,"1.21106101E12":310,"1.211028815E12":55,"1.211038097E12":188,"1.211034047E12":134,"1.211047274E12":273,"1.211023441E12":14,"1.211031047E12":74,"1.211033618E12":126,"1.211026822E12":38,"1.211035658E12":149,"1.211034132E12":136,"1.211038399E12":192,"1.211063358E12":316,"1.211063724E12":321},"NUMBER_OF_PEOPLE":400,