{"propagationData":{"1.211062565E12":268,"1.211086858E12":353,"1.211060082E12":246,"1.211503154E12":389,"1.211055449E12":207,"1.21104629E12":85,"1.211048962E12":119,"1.211047696E12":108,"1.211071521E12":313,"1.211047312E12":98,"1.211057303E12":226,"1.211085967E12":351,"1.21106255E12":267,"1.211049295E12":123,"1.211135508E12":378,"1.211063915E12":277,"1.211049895E12":136,"1.211041838E12":13,"1.211087075E12":354,"1.2110645E12":280,"1.211044011E12":39,"1.21105004E12":137,"1.211077363E12":330,"1.211059541E12":240,"1.211052951E12":183,"1.211075214E12":326,"1.211048546E12":116,"1.211051389E12":160,"1.211047893E12":111,"1.211047563E12":102,"1.211045859E12":75,"1.211074995E12":324,"1.211042517E12":23,"1.211062967E12":271,"1.211047478E12":99,"1.211058425E12":235,"1.211178254E12":384,"1.211041708E12":12,"1.211065118E12":283,"1.2110528E12":180,"1.211047656E12":106,"1.211059842E12":243,"1.211084496E12":350,"1.211046355E12":86,"1.211080687E12":341,"1.211060268E12":248,"1.211042029E12":15,"1.211062165E12":263,"1.211054906E12":202,"1.211090358E12":357,"1.211045649E12":68,"1.211062921E12":270,"1.211066267E12":286,"1.211051144E12":158,"1.211061133E12":256,"1.211049085E12":120,"1.211067345E12":295,"1.211044394E12":46,"1.211048831E12":117,"1.21105328E12":187,"1.211059787E12":242,"1.211050311E12":141,"1.211053604E12":191,"1.211216785E12":386,"1.211176319E12":383,"1.211070171E12":305,"1.211047212E12":93,"1.211046213E12":83,"1.211081155E12":343,"1.211046035E12":80,"1.211093632E12":361,"1.211056963E12":223,"1.211036237E12":8,"1.211046438E12":89,"1.21105298E12":184,"1.211047219E12":95,"1.211046405E12":88,"1.211051696E12":167,"1.211050315E12":142,"1.21104749E12":100,"1.211099325E12":367,"1.211066616E12":288,"1.211044599E12":50,"1.211054966E12":204,"1.211047272E12":96,"1.211254935E12":387,"1.211049633E12":131,"1.211047721E12":109,"1.211068724E12":300,"1.211049515E12":127,"1.211070425E12":307,"1.211063305E12":274,"1.211074067E12":320,"1.211086166E12":352,"1.211077206E12":329,"1.211056163E12":215,"1.211101512E12":368,"1.211060823E12":253,"1.211043787E12":37,"1.211052112E12":172,"1.211066925E12":292,"1.211042118E12":16,"1.211045711E12":70,"1.211054717E12":198,"1.211094385E12":362,"1.211050734E12":151,"1.211055921E12":214,"1.211050947E12":154,"1.211050074E12":139,"1.211082521E12":348,"1.211045087E12":59,"1.211060686E12":252,"1.211045974E12":78,"1.21106969E12":304,"1.211049629E12":130,"1.211049795E12":133,"1.211051484E12":162,"1.211045139E12":61,"1.211061649E12":261,"1.211081543E12":345,"1.211048509E12":115,"1.211045436E12":65,"1.211067144E12":293,"1.211077697E12":332,"1.21106235E12":265,"1.211060553E12":250,"1.211098191E12":366,"1.211046179E12":82,"1.211072606E12":316,"1.211061755E12":262,"1.211093319E12":360,"1.21107116E12":309,"1.21105068E12":148,"1.211043254E12":31,"1.211121265E12":377,"1.211070341E12":306,"1.211045785E12":72,"1.211137041E12":380,"1.211050686E12":149,"1.211063309E12":275,"1.211075018E12":325,"1.211065166E12":284,"1.211053358E12":188,"1.211047854E12":110,"1.211079085E12":334,"1.211055345E12":206,"1.211090307E12":356,"1.211069677E12":303,"1.211062194E12":264,"1.211050566E12":147,"1.211082495E12":347,"1.211056583E12":217,"1.211054772E12":200,"1.211046531E12":91,"1.211088456E12":355,"1.211079231E12":336,"1.211044969E12":57,"1.2110679E12":297,"1.211018404E12":1,"1.21105042E12":144,"1.211044657E12":51,"1.211048864E12":118,"1.211045987E12":79,"1.211072837E12":318,"1.211067886E12":296,"1.21104551E12":67,"1.211041995E12":14,"1.211053169E12":186,"1.21104567E12":69,"1.21104942E12":126,"1.211082368E12":346,"1.2110428E12":26,"1.211050822E12":152,"1.211044391E12":45,"1.211053014E12":185,"1.211077808E12":333,"1.211058349E12":232,"1.211066507E12":287,"1.211052171E12":173,"1.211045383E12":64,"1.211064658E12":281,"1.211052103E12":171,"1.211097661E12":365,"1.211074884E12":323,"1.211036235E12":7,"1.211066855E12":291,"1.2111161E12":374,"1.211057286E12":225,"1.211037124E12":10,"1.211047216E12":94,"1.211080985E12":342,"1.211102734E12":371,"1.211048455E12":113,"1.211050898E12":153,"1.211053419E12":189,"1.21105894E12":237,"1.211067947E12":298,"1.211043511E12":35,"1.211077121E12":328,"1.211044987E12":58,"1.211047682E12":107,"1.211139388E12":381,"1.211067263E12":294,"1.21105472E12":199,"1.21104439E12":44,"1.211060381E12":249,"1.21105996E12":245,"1.211042964E12":27,"1.211050709E12":150,"1.211044378E12":42,"1.211063132E12":273,"1.211043169E12":30,"1.211050398E12":143,"1.211051607E12":164,"1.211053797E12":193,"1.211049308E12":124,"1.211053752E12":192,"1.211018499E12":2,"1.211054651E12":195,"1.211056907E12":222,"1.211072603E12":315,"1.211043298E12":32,"1.21104652E12":90,"1.211045914E12":77,"1.21108046E12":340,"1.211079133E12":335,"1.211045459E12":66,"1.211074233E12":321,"1.211057939E12":230,"1.21104345E12":34,"1.211052231E12":174,"1.211044859E12":55,"1.211046105E12":81,"1.211045828E12":74,"1.211043131E12":28,"1.211091167E12":358,"1.211044591E12":49,"1.211044402E12":47,"1.21104935E12":125,"1.211042347E12":21,"1.211079413E12":337,"1.21103976E12":11,"1.211066728E12":289,"1.211053457E12":190,"1.211063744E12":276,"1.211055557E12":210,"1.211137022E12":379,"1.211059097E12":239,"1.211034156E12":4,"1.211048453E12":112,"1.211047494E12":101,"1.21105271E12":178,"1.211054685E12":196,"1.211068475E12":299,"1.211061423E12":259,"1.21104368E12":36,"1.211052731E12":179,"1.211071233E12":311,"1.211058412E12":234,"1.211071193E12":310,"1.211069513E12":302,"1.211043975E12":38,"1.211058539E12":236,"1.211051452E12":161,"1.211056628E12":218,"1.211046244E12":84,"1.211071652E12":314,"1.211060647E12":251,"1.211077675E12":331,"1.211044226E12":41,"1.211054716E12":197,"1.211119828E12":376,"1.21105747E12":227,"1.21126064E12":388,"1.211049814E12":134,"1.21104954E12":129,"1.211066806E12":290,"1.211102301E12":370,"1.21106924E12":301,"1.211044667E12":52,"1.211061167E12":257,"1.211050065E12":138,"1.211042146E12":17,"1.21104333E12":33,"1.211080351E12":339,"1.211044881E12":56,"1.211037096E12":9,"1.21104251E12":22,"1.211115326E12":373,"1.211042519E12":24,"1.211054958E12":203,"1.211050434E12":145,"1.211059915E12":244,"1.211081369E12":344,"1.211051628E12":165,"1.211055542E12":209,"1.211050552E12":146,"1.211050083E12":140,"1.211055783E12":213,"1.211073238E12":319,"1.211186058E12":385,"1.21109667E12":364,"1.211168285E12":382,"1.21106236E12":266,"1.211054778E12":201,"1.211049713E12":132,"1.211061246E12":258,"1.211055592E12":211,"1.211042259E12":20,"1.211065714E12":285,"1.211045102E12":60,"1.211051859E12":168,"1.211056711E12":219,"1.211063003E12":272,"1.211042214E12":19,"1.211044821E12":53,"1.211052007E12":170,"1.211056525E12":216,"1.211117129E12":375,"1.21105129E12":159,"1.211102294E12":369,"1.211057106E12":224,"1.211076429E12":327,"1.211074808E12":322,"1.211058973E12":238,"1.21104985E12":135,"1.211058338E12":231,"1.211079544E12":338,"1.211061531E12":260,"1.211045146E12":62,"1.211054263E12":194,"1.211059767E12":241,"1.211047576E12":103,"1.211057666E12":228,"1.211055486E12":208,"1.211060083E12":247,"1.211044414E12":48,"1.211042621E12":25,"1.211056739E12":220,"1.21104659E12":92,"1.211043164E12":29,"1.211052374E12":175,"1.211021089E12":3,"1.211051488E12":163,"1.211052938E12":182,"1.211047611E12":105,"1.211051043E12":155,"1.211051968E12":169,"1.211049197E12":121,"1.211057756E12":229,"1.211062589E12":269,"1.211048481E12":114,"1.211051068E12":157,"1.211051668E12":166,"1.211064471E12":279,"1.211045736E12":71,"1.211051056E12":156,"1.21106504E12":282,"1.211071332E12":312,"1.21106411E12":278,"1.211045803E12":73,"1.211055616E12":212,"1.211052521E12":177,"1.211083958E12":349,"1.211056746E12":221,"1.211055193E12":205,"1.211035614E12":6,"1.211034557E12":5,"1.21107277E12":317,"1.211047274E12":97,"1.211093239E12":359,"1.211070494E12":308,"1.211044853E12":54,"1.211044013E12":40,"1.211052904E12":181,"1.211052497E12":176,"1.211103102E12":372,"1.211095819E12":363,"1.21104639E12":87,"1.211060913E12":255,"1.21104929E12":122,"1.211045911E12":76},"NUMBER_OF_PEOPLE":400,"minTimeSeen":1.211018404E12,"maxTimeSeen":1.211558405E12,"NEIGHBORHOOD_RADIUS":20.0,