{"propagationData":{"1.2110633E12":190,"1.211084337E12":319,"1.211055222E12":74,"1.211056774E12":110,"1.211084115E12":315,"1.211062807E12":187,"1.211055813E12":85,"1.211054796E12":71,"1.211056551E12":100,"1.21105924E12":150,"1.211055652E12":82,"1.21109167E12":338,"1.211052157E12":48,"1.211087195E12":329,"1.211059396E12":152,"1.211086525E12":327,"1.211062361E12":183,"1.211056943E12":114,"1.211054654E12":68,"1.211074254E12":276,"1.211060847E12":164,"1.211067951E12":235,"1.211057306E12":120,"1.211176462E12":379,"1.211071893E12":262,"1.211075728E12":284,"1.211060707E12":161,"1.211058784E12":141,"1.211050498E12":28,"1.211052943E12":54,"1.211051756E12":47,"1.211055487E12":79,"1.211059739E12":155,"1.211197514E12":381,"1.211058159E12":135,"1.211047746E12":6,"1.2110626E12":185,"1.211056712E12":106,"1.211083417E12":311,"1.21104882E12":13,"1.211066521E12":222,"1.211053423E12":60,"1.21105094E12":35,"1.211061767E12":177,"1.211057073E12":117,"1.211068666E12":239,"1.21106725E12":228,"1.211221866E12":385,"1.211084251E12":317,"1.211055916E12":88,"1.211079932E12":303,"1.211061341E12":172,"1.211167586E12":377,"1.211077085E12":290,"1.211084002E12":314,"1.21104988E12":20,"1.211068596E12":236,"1.211059473E12":153,"1.211060914E12":165,"1.211094344E12":343,"1.211079861E12":301,"1.211052965E12":55,"1.211058169E12":136,"1.211057288E12":119,"1.211051484E12":46,"1.211063788E12":195,"1.211088197E12":333,"1.211064183E12":203,"1.211069148E12":240,"1.211077799E12":291,"1.211021025E12":2,"1.211071226E12":256,"1.211075353E12":280,"1.211060763E12":163,"1.211074107E12":273,"1.2110526E12":50,"1.211053981E12":65,"1.211053468E12":61,"1.211061022E12":167,"1.211058039E12":133,"1.211070534E12":250,"1.211061434E12":173,"1.211063807E12":196,"1.211060361E12":157,"1.211018404E12":1,"1.211055438E12":77,"1.21107028E12":245,"1.211057313E12":121,"1.211085341E12":324,"1.211052682E12":51,"1.211061888E12":179,"1.211061707E12":175,"1.211051083E12":40,"1.211073043E12":270,"1.211086737E12":328,"1.211061239E12":171,"1.211053079E12":56,"1.211121383E12":366,"1.211061004E12":166,"1.211056254E12":95,"1.211059284E12":151,"1.211086331E12":326,"1.21110253E12":354,"1.211070847E12":252,"1.211076645E12":288,"1.211080539E12":306,"1.211069449E12":241,"1.211079686E12":299,"1.211074126E12":274,"1.211092142E12":340,"1.211064169E12":202,"1.211055452E12":78,"1.211080273E12":305,"1.211102703E12":355,"1.21106344E12":193,"1.211122516E12":367,"1.211058808E12":143,"1.211053965E12":63,"1.211057673E12":126,"1.211054697E12":69,"1.211050085E12":25,"1.211070458E12":248,"1.211057984E12":131,"1.211083476E12":312,"1.211072256E12":265,"1.21106274E12":186,"1.211094788E12":344,"1.211063337E12":191,"1.211066402E12":221,"1.211075507E12":282,"1.211048894E12":15,"1.211050981E12":37,"1.211072028E12":263,"1.211070496E12":249,"1.211056942E12":113,"1.21105586E12":87,"1.211064948E12":210,"1.211056735E12":109,"1.211078713E12":296,"1.211051225E12":44,"1.211135442E12":373,"1.211075909E12":285,"1.211072371E12":268,"1.211118373E12":364,"1.211067721E12":233,"1.211071839E12":260,"1.211048545E12":9,"1.211070898E12":253,"1.211104328E12":357,"1.211061701E12":174,"1.211079161E12":297,"1.211058885E12":144,"1.211057645E12":124,"1.211047791E12":7,"1.211066733E12":223,"1.211061859E12":178,"1.21105006E12":24,"1.211072436E12":269,"1.2110621E12":180,"1.211061719E12":176,"1.211141775E12":375,"1.211057936E12":127,"1.211064264E12":204,"1.211056562E12":102,"1.21116614E12":376,"1.211048987E12":16,"1.211075377E12":281,"1.211051142E12":43,"1.211102452E12":353,"1.211406316E12":388,"1.211054791E12":70,"1.211079922E12":302,"1.211051137E12":42,"1.21105672E12":108,"1.211074184E12":275,"1.211171213E12":378,"1.211055374E12":75,"1.211058794E12":142,"1.211078301E12":294,"1.211057975E12":130,"1.211051111E12":41,"1.211116865E12":362,"1.211062351E12":182,"1.211053415E12":59,"1.211050744E12":31,"1.211083409E12":310,"1.211060366E12":158,"1.211055624E12":81,"1.211051231E12":45,"1.211068605E12":237,"1.211090848E12":336,"1.211056224E12":94,"1.21131633E12":386,"1.211065675E12":215,"1.211052799E12":52,"1.211052286E12":49,"1.211103072E12":356,"1.211076214E12":286,"1.211100107E12":352,"1.211065621E12":214,"1.211087491E12":331,"1.211060287E12":156,"1.211055964E12":89,"1.211049126E12":17,"1.211076986E12":289,"1.21105285E12":53,"1.211050424E12":27,"1.211067458E12":231,"1.211092882E12":342,"1.211063956E12":198,"1.211094907E12":345,"1.211058963E12":146,"1.211050259E12":26,"1.211066817E12":224,"1.211060604E12":160,"1.211055833E12":86,"1.211049456E12":18,"1.211049898E12":21,"1.211087408E12":330,"1.211338834E12":387,"1.211091105E12":337,"1.211073319E12":271,"1.211130353E12":372,"1.211089758E12":335,"1.211059099E12":148,"1.211128983E12":371,"1.211058008E12":132,"1.211050843E12":33,"1.211136149E12":374,"1.211058118E12":134,"1.2110534E12":58,"1.211054813E12":72,"1.211050503E12":29,"1.211064869E12":209,"1.211057949E12":128,"1.21106439E12":205,"1.211050878E12":34,"1.211055676E12":83,"1.211069613E12":242,"1.211048704E12":12,"1.211049947E12":23,"1.211080029E12":304,"1.211085488E12":325,"1.211049793E12":19,"1.211071755E12":259,"1.21108054E12":307,"1.211070681E12":251,"1.211056824E12":112,"1.211055393E12":76,"1.211176558E12":380,"1.211070388E12":246,"1.211050958E12":36,"1.211089156E12":334,"1.211205343E12":382,"1.211051057E12":38,"1.211127185E12":370,"1.211062534E12":184,"1.211213888E12":384,"1.211060444E12":159,"1.21108517E12":323,"1.211056709E12":105,"1.211057047E12":116,"1.211056703E12":104,"1.211111691E12":361,"1.211058753E12":140,"1.211075346E12":279,"1.211071476E12":258,"1.211067756E12":234,"1.211078062E12":293,"1.211107762E12":359,"1.211058327E12":137,"1.211071157E12":255,"1.211058688E12":139,"1.211055556E12":80,"1.211079781E12":300,"1.211065792E12":219,"1.21106729E12":229,"1.21109264E12":341,"1.211057211E12":118,"1.211068654E12":238,"1.211063675E12":194,"1.211092049E12":339,"1.211082495E12":309,"1.211070419E12":247,"1.211051058E12":39,"1.211064167E12":201,"1.211098648E12":350,"1.211080998E12":308,"1.211057646E12":125,"1.211077989E12":292,"1.211057952E12":129,"1.211067106E12":226,"1.211047554E12":5,"1.211084258E12":318,"1.211118877E12":365,"1.211097525E12":349,"1.211074455E12":277,"1.211057589E12":123,"1.211056285E12":96,"1.211056553E12":101,"1.211054837E12":73,"1.211056194E12":93,"1.211056513E12":98,"1.211065052E12":211,"1.211047422E12":4,"1.211065127E12":212,"1.211056715E12":107,"1.211056165E12":91,"1.211064074E12":199,"1.211096893E12":347,"1.211072318E12":266,"1.211088088E12":332,"1.211075523E12":283,"1.211063878E12":197,"1.211064621E12":207,"1.211049915E12":22,"1.211063005E12":189,"1.21106975E12":243,"1.21106103E12":169,"1.211048879E12":14,"1.211079355E12":298,"1.211050672E12":30,"1.211095026E12":346,"1.211058961E12":145,"1.211071395E12":257,"1.211106193E12":358,"1.211064816E12":208,"1.21107235E12":267,"1.211050749E12":32,"1.211055728E12":84,"1.211126134E12":369,"1.211060752E12":162,"1.211048632E12":10,"1.211056549E12":99,"1.211063369E12":192,"1.211062226E12":181,"1.211056563E12":103,"1.211074835E12":278,"1.211076411E12":287,"1.21105318E12":57,"1.211061025E12":168,"1.211048665E12":11,"1.211067397E12":230,"1.21105954E12":154,"1.211064155E12":200,"1.211067131E12":227,"1.211024126E12":3,"1.21107001E12":244,"1.211057018E12":115,"1.211073845E12":272,"1.211099244E12":351,"1.211083746E12":313,"1.211065714E12":217,"1.211072047E12":264,"1.211071885E12":261,"1.211057533E12":122,"1.21105386E12":62,"1.211059011E12":147,"1.211067512E12":232,"1.211110021E12":360,"1.211123836E12":368,"1.211056075E12":90,"1.211059122E12":149,"1.211061172E12":170,"1.211058355E12":138,"1.211054467E12":67,"1.211065418E12":213,"1.21106576E12":218,"1.211078344E12":295,"1.211084463E12":321,"1.211062977E12":188,"1.211210438E12":383,"1.211065704E12":216,"1.211084344E12":320,"1.211066941E12":225,"1.211118117E12":363,"1.211071143E12":254,"1.211056183E12":92,"1.211056788E12":111,"1.211084926E12":322,"1.211097274E12":348,"1.211054239E12":66,"1.211064491E12":206,"1.211053975E12":64,"1.211066395E12":220,"1.211048517E12":8,"1.211056489E12":97,