{"propagationData":{"1.211058514E12":219,"1.211074321E12":284,"1.211059737E12":228,"1.211044297E12":118,"1.211085079E12":327,"1.21106454E12":254,"1.211056168E12":203,"1.211122319E12":362,"1.2110978E12":355,"1.211024978E12":4,"1.211025326E12":8,"1.211040999E12":100,"1.211057667E12":211,"1.21104638E12":145,"1.211087246E12":337,"1.211045053E12":128,"1.211037966E12":79,"1.21105218E12":170,"1.211074747E12":288,"1.211072057E12":279,"1.211094974E12":352,"1.211045684E12":133,"1.2110946E12":351,"1.211046305E12":143,"1.211062967E12":244,"1.211044687E12":125,"1.211045138E12":129,"1.211046883E12":152,"1.211053397E12":176,"1.211047433E12":155,"1.211061192E12":234,"1.211097157E12":354,"1.211025567E12":11,"1.211029364E12":30,"1.211035465E12":54,"1.211037146E12":70,"1.211082613E12":318,"1.211064229E12":249,"1.211032366E12":44,"1.211083345E12":321,"1.211056382E12":205,"1.211070814E12":274,"1.211066653E12":259,"1.211038177E12":82,"1.211094542E12":350,"1.211025184E12":6,"1.211045723E12":135,"1.211039945E12":90,"1.211029708E12":34,"1.211030116E12":37,"1.211099468E12":356,"1.211087158E12":336,"1.211082607E12":317,"1.21108086E12":309,"1.21104044E12":93,"1.211035421E12":53,"1.211046268E12":141,"1.211036358E12":63,"1.211080033E12":303,"1.211076061E12":293,"1.211046854E12":151,"1.211053502E12":178,"1.211102265E12":360,"1.211044292E12":117,"1.21107032E12":271,"1.21104366E12":115,"1.211085063E12":326,"1.211063016E12":246,"1.211047925E12":158,"1.211064306E12":251,"1.211051437E12":160,"1.211051688E12":164,"1.211064723E12":255,"1.211069793E12":269,"1.211087638E12":339,"1.211082409E12":314,"1.211025884E12":16,"1.211087787E12":340,"1.211026056E12":19,"1.21103566E12":55,"1.211041949E12":107,"1.211073439E12":283,"1.211056508E12":207,"1.211056409E12":206,"1.211130383E12":366,"1.211035771E12":56,"1.211061724E12":240,"1.211074987E12":289,"1.211039642E12":86,"1.211072407E12":281,"1.211057857E12":213,"1.211061478E12":237,"1.211202494E12":384,"1.211037962E12":78,"1.211040004E12":91,"1.211089182E12":342,"1.211132969E12":367,"1.211062993E12":245,"1.211135225E12":368,"1.211040946E12":99,"1.211060398E12":229,"1.211053421E12":177,"1.2110853E12":329,"1.211039608E12":85,"1.211037562E12":75,"1.21102579E12":14,"1.211026789E12":24,"1.211046824E12":150,"1.211026677E12":21,"1.211047612E12":157,"1.211081187E12":311,"1.211032537E12":48,"1.211025746E12":12,"1.211058245E12":215,"1.211053633E12":181,"1.211077991E12":299,"1.21106899E12":266,"1.211030187E12":38,"1.211059296E12":223,"1.211053546E12":179,"1.211030687E12":41,"1.211199297E12":383,"1.21107847E12":300,"1.211061561E12":238,"1.211029481E12":33,"1.211036762E12":65,"1.211062137E12":241,"1.211032632E12":49,"1.211029831E12":35,"1.21104163E12":106,"1.21104458E12":121,"1.211052126E12":168,"1.211054743E12":191,"1.211026912E12":25,"1.211053556E12":180,"1.211043008E12":112,"1.21108486E12":325,"1.211025815E12":15,"1.211045838E12":137,"1.211054913E12":194,"1.211143669E12":377,"1.211085683E12":330,"1.211044407E12":120,"1.211044942E12":126,"1.211018404E12":1,"1.211082707E12":319,"1.211059334E12":224,"1.211032743E12":51,"1.211087035E12":335,"1.211083074E12":320,"1.211076675E12":297,"1.211037945E12":77,"1.211087269E12":338,"1.211058474E12":218,"1.211027861E12":28,"1.211030828E12":42,"1.211073421E12":282,"1.211039568E12":83,"1.211041144E12":103,"1.211041545E12":105,"1.211053988E12":183,"1.211080436E12":306,"1.211037218E12":73,"1.211053872E12":182,"1.211052625E12":174,"1.211093222E12":349,"1.21105723E12":209,"1.211064289E12":250,"1.211037231E12":74,"1.211054811E12":193,"1.211055837E12":200,"1.211076065E12":294,"1.21106934E12":268,"1.211045286E12":132,"1.211059471E12":226,"1.211086414E12":333,"1.211064411E12":252,"1.211038016E12":81,"1.211045032E12":127,"1.211032512E12":46,"1.211046139E12":138,"1.21105612E12":201,"1.211051634E12":163,"1.211086844E12":334,"1.211046193E12":139,"1.211046375E12":144,"1.211076056E12":292,"1.211040452E12":95,"1.211037867E12":76,"1.211123302E12":363,"1.211069176E12":267,"1.211030245E12":39,"1.211070946E12":275,"1.211065052E12":258,"1.211056513E12":208,"1.211042102E12":108,"1.21112643E12":364,"1.211026787E12":23,"1.211091427E12":346,"1.211055501E12":197,"1.211039828E12":88,"1.211026683E12":22,"1.211100495E12":359,"1.211044351E12":119,"1.211061472E12":236,"1.21105826E12":216,"1.211045175E12":130,"1.211046424E12":146,"1.21103611E12":60,"1.211060471E12":231,"1.211036458E12":64,"1.211029408E12":31,"1.211045694E12":134,"1.211047584E12":156,"1.211042755E12":111,"1.21107187E12":277,"1.21107972E12":302,"1.211061234E12":235,"1.211027711E12":26,"1.211137069E12":369,"1.211059065E12":220,"1.211054788E12":192,"1.211051709E12":165,"1.211036273E12":62,"1.211042278E12":110,"1.211068941E12":265,"1.21105458E12":185,"1.211064515E12":253,"1.211037068E12":67,"1.211188179E12":381,"1.211085298E12":328,"1.211039872E12":89,"1.211071923E12":278,"1.211064781E12":256,"1.211086225E12":332,"1.211067941E12":262,"1.211051468E12":161,"1.21103536E12":52,"1.211083512E12":322,"1.211045731E12":136,"1.211067896E12":261,"1.211046712E12":149,"1.2110779E12":298,"1.211024939E12":3,"1.211029873E12":36,"1.211046926E12":153,"1.211072366E12":280,"1.211075995E12":291,"1.211080413E12":305,"1.211185819E12":380,"1.211082523E12":316,"1.21105539E12":196,"1.211074475E12":286,"1.21108007E12":304,"1.211035951E12":58,"1.211025198E12":7,"1.211039715E12":87,"1.211052278E12":171,"1.211028821E12":29,"1.211059348E12":225,"1.211063091E12":247,"1.211054685E12":190,"1.21103245E12":45,"1.211070359E12":273,"1.211080686E12":308,"1.211025566E12":10,"1.211043344E12":113,"1.211024914E12":2,"1.211075372E12":290,"1.211040118E12":92,"1.211085753E12":331,"1.211030683E12":40,"1.211068099E12":263,"1.211089739E12":343,"1.211082324E12":313,"1.211047086E12":154,"1.211142953E12":376,"1.211063336E12":248,"1.211060752E12":232,"1.211074425E12":285,"1.2110371E12":68,"1.211037121E12":69,"1.211046592E12":147,"1.211204182E12":385,"1.211128093E12":365,"1.211054676E12":188,"1.211137408E12":373,"1.211137347E12":372,"1.211046705E12":148,"1.211087862E12":341,"1.211058353E12":217,"1.211040698E12":96,"1.211051579E12":162,"1.211099582E12":357,"1.211041056E12":101,"1.211054639E12":187,"1.211051238E12":159,"1.211037973E12":80,"1.211044655E12":122,"1.211082296E12":312,"1.211056375E12":204,"1.211041143E12":102,"1.211080982E12":310,"1.211054918E12":195,"1.211070331E12":272,"1.211071032E12":276,"1.211057931E12":214,"1.211055734E12":199,"1.211052492E12":172,"1.211025999E12":17,"1.211057342E12":210,"1.211037195E12":72,"1.21118951E12":382,"1.211068117E12":264,"1.211055704E12":198,"1.2110843E12":324,"1.211056142E12":202,"1.211040444E12":94,"1.211067728E12":260,"1.211041414E12":104,"1.211060404E12":230,"1.211070216E12":270,"1.211057672E12":212,"1.211035924E12":57,"1.211040723E12":98,"1.211096862E12":353,"1.211036042E12":59,"1.211040717E12":97,"1.211084232E12":323,"1.211046276E12":142,"1.211090013E12":344,"1.211059129E12":221,"1.211027764E12":27,"1.211044661E12":123,"1.211080474E12":307,"1.211045225E12":131,"1.211026078E12":20,"1.211025078E12":5,"1.211090253E12":345,"1.211076425E12":296,"1.211076302E12":295,"1.211099994E12":358,"1.211043623E12":114,"1.211054503E12":184,"1.211137629E12":374,"1.211062888E12":243,"1.211032527E12":47,"1.211146603E12":378,"1.211061146E12":233,"1.211025349E12":9,"1.211030858E12":43,"1.211137113E12":370,"1.211061572E12":239,"1.211052144E12":169,"1.211044085E12":116,"1.21112178E12":361,"1.211029434E12":32,"1.211146939E12":379,"1.211079298E12":301,"1.211082442E12":315,"1.21106282E12":242,"1.211054597E12":186,"1.211059261E12":222,"1.211026043E12":18,"1.211051733E12":166,"1.211052601E12":173,"1.211137303E12":371,"1.211036238E12":61,"1.211074728E12":287,"1.211046202E12":140,"1.211052707E12":175,"1.211037173E12":71,"1.21103695E12":66,"1.211092892E12":348,"1.211051773E12":167,"1.211140378E12":375,"1.211091593E12":347,"1.211059687E12":227,"1.211032638E12":50,"1.211025771E12":13,"1.211054682E12":189,"1.211042275E12":109},"NUMBER_OF_PEOPLE":400,"minTimeSeen":1.211018404E12,"maxTimeSeen":1.211558405E12,