{"propagationData":{"1.211067338E12":303,"1.211038838E12":47,"1.211046594E12":154,"1.211051577E12":205,"1.211043066E12":108,"1.211084837E12":348,"1.211044636E12":131,"1.211059494E12":267,"1.211044888E12":134,"1.211084801E12":347,"1.211063321E12":289,"1.211061679E12":280,"1.211050253E12":192,"1.211067111E12":302,"1.211045078E12":135,"1.211050259E12":193,"1.211079971E12":335,"1.211038808E12":44,"1.211042301E12":95,"1.211055319E12":249,"1.211040781E12":71,"1.211038661E12":42,"1.211088976E12":354,"1.211040955E12":72,"1.211048648E12":176,"1.21104521E12":136,"1.211049177E12":185,"1.211044033E12":121,"1.211053364E12":229,"1.211053311E12":228,"1.211052157E12":212,"1.211044039E12":122,"1.211057891E12":261,"1.211129482E12":367,"1.2111288E12":366,"1.211053986E12":241,"1.211050526E12":198,"1.211054229E12":242,"1.211047368E12":165,"1.211041877E12":85,"1.211041729E12":83,"1.211046954E12":161,"1.211039616E12":56,"1.211045817E12":145,"1.211049067E12":181,"1.211070873E12":311,"1.211052986E12":220,"1.211039386E12":51,"1.211048735E12":179,"1.211098166E12":356,"1.211059777E12":269,"1.211041064E12":75,"1.211034299E12":15,"1.211101031E12":358,"1.211039596E12":55,"1.211038626E12":40,"1.211042858E12":102,"1.211036501E12":24,"1.211070944E12":313,"1.211053984E12":240,"1.211039968E12":60,"1.211041521E12":80,"1.211177138E12":379,"1.211038008E12":34,"1.211038817E12":46,"1.211048563E12":175,"1.211104544E12":359,"1.211042986E12":106,"1.211049169E12":184,"1.211045422E12":139,"1.211081998E12":340,"1.211064315E12":293,"1.211066397E12":296,"1.211035576E12":19,"1.211084798E12":346,"1.211050105E12":191,"1.211070321E12":310,"1.211051499E12":203,"1.211033369E12":8,"1.211033057E12":6,"1.21114917E12":373,"1.211046534E12":153,"1.211053482E12":234,"1.211046623E12":155,"1.211053113E12":224,"1.211043734E12":117,"1.211060291E12":271,"1.211059269E12":263,"1.211045268E12":137,"1.211042799E12":101,"1.21107971E12":334,"1.211046639E12":156,"1.211048348E12":172,"1.211051956E12":210,"1.211063247E12":288,"1.211062803E12":284,"1.211059977E12":270,"1.211063548E12":291,"1.211037172E12":25,"1.211083657E12":341,"1.211042443E12":96,"1.211043798E12":118,"1.211033226E12":7,"1.211053506E12":235,"1.211053444E12":231,"1.211085431E12":352,"1.211051766E12":206,"1.211040004E12":61,"1.21122902E12":383,"1.211045508E12":141,"1.211038192E12":38,"1.211058006E12":262,"1.211067893E12":306,"1.211162555E12":375,"1.211044268E12":127,"1.211375382E12":387,"1.211073752E12":322,"1.211049196E12":186,"1.211035722E12":21,"1.21104913E12":183,"1.211038885E12":48,"1.211055269E12":248,"1.211044005E12":119,"1.211084351E12":344,"1.211044132E12":125,"1.21104539E12":138,"1.211081927E12":338,"1.211047377E12":166,"1.211084208E12":343,"1.211076923E12":331,"1.211059418E12":266,"1.211041047E12":74,"1.211044438E12":128,"1.211043172E12":111,"1.211046289E12":151,"1.211085193E12":350,"1.211060979E12":275,"1.211033705E12":9,"1.211206843E12":381,"1.211053586E12":236,"1.211037789E12":32,"1.211051009E12":201,"1.211042652E12":100,"1.21104401E12":120,"1.211042147E12":92,"1.211044638E12":132,"1.211146795E12":372,"1.211085311E12":351,"1.211053772E12":237,"1.211042972E12":105,"1.211018404E12":2,"1.211039863E12":59,"1.211053255E12":226,"1.211038065E12":35,"1.211077018E12":332,"1.211047922E12":171,"1.211086439E12":353,"1.211054346E12":243,"1.211052659E12":214,"1.211043393E12":112,"1.211066829E12":301,"1.211047564E12":170,"1.211071188E12":316,"1.211035273E12":16,"1.211055534E12":251,"1.21105066E12":199,"1.211041781E12":84,"1.211067835E12":305,"1.21137383E12":386,"1.211134157E12":370,"1.211034188E12":13,"1.211039667E12":58,"1.211044685E12":133,"1.211044079E12":124,"1.211040749E12":70,"1.21103719E12":26,"1.211070976E12":314,"1.211018907E12":5,"1.211056887E12":255,"1.21105665E12":254,"1.211054474E12":244,"1.211084471E12":345,"1.211044441E12":129,"1.211048454E12":173,"1.211160349E12":374,"1.211053463E12":232,"1.211061007E12":276,"1.211074759E12":326,"1.211047548E12":169,"1.211040412E12":65,"1.211128231E12":365,"1.211046027E12":147,"1.211064371E12":294,"1.2110503E12":195,"1.211084054E12":342,"1.211042928E12":104,"1.211045516E12":142,"1.211135205E12":371,"1.21113124E12":369,"1.211039595E12":54,"1.211046473E12":152,"1.211018805E12":3,"1.211075298E12":327,"1.211174491E12":377,"1.211060601E12":274,"1.211047461E12":168,"1.211051892E12":208,"1.211042556E12":99,"1.211038514E12":39,"1.211049761E12":188,"1.211037436E12":28,"1.211049781E12":189,"1.211118093E12":361,"1.211043505E12":113,"1.211039634E12":57,"1.211036479E12":23,"1.211040403E12":64,"1.21107386E12":324,"1.211046038E12":148,"1.211063387E12":290,"1.211037579E12":31,"1.211052858E12":218,"1.211066567E12":298,"1.211063132E12":287,"1.211035603E12":20,"1.211041975E12":86,"1.211035283E12":17,"1.211018806E12":4,"1.211037232E12":27,"1.211034187E12":12,"1.211057338E12":257,"1.211069161E12":307,"1.211044145E12":126,"1.211045488E12":140,"1.21105695E12":256,"1.211072646E12":319,"1.21105958E12":268,"1.211060371E12":273,"1.211057349E12":258,"1.211038183E12":36,"1.211042124E12":88,"1.211034076E12":11,"1.211052752E12":217,"1.211053059E12":223,"1.211045793E12":144,"1.211041333E12":78,"1.211042532E12":98,"1.211046652E12":157,"1.211073515E12":321,"1.21105185E12":207,"1.211070278E12":309,"1.211071571E12":318,"1.211055979E12":253,"1.211038657E12":41,"1.211059306E12":264,"1.21105783E12":260,"1.211045916E12":146,"1.211053477E12":233,"1.211044575E12":130,"1.211080338E12":337,"1.211052994E12":221,"1.211041518E12":79,"1.211039559E12":53,"1.211039423E12":52,"1.211265023E12":384,"1.211051954E12":209,"1.211047445E12":167,"1.2110416E12":81,"1.211070992E12":315,"1.211066626E12":300,"1.211049692E12":187,"1.211053261E12":227,"1.21105148E12":202,"1.211080296E12":336,"1.211066083E12":295,"1.211050339E12":197,"1.211085154E12":349,"1.211045703E12":143,"1.211049114E12":182,"1.211050718E12":200,"1.211062601E12":282,"1.211035458E12":18,"1.211118517E12":362,"1.211037546E12":29,"1.211073914E12":325,"1.211047295E12":164,"1.211042146E12":91,"1.211092508E12":355,"1.211042172E12":93,"1.21104865E12":177,"1.211053966E12":239,"1.211076518E12":330,"1.211061193E12":278,"1.211046772E12":160,"1.21117548E12":378,"1.211054507E12":245,"1.211046765E12":159,"1.21111749E12":360,"1.211036437E12":22,"1.211302801E12":385,"1.211052741E12":216,"1.211037575E12":30,"1.211042244E12":94,"1.211042132E12":90,"1.21107088E12":312,"1.211073777E12":323,"1.21106279E12":283,"1.211055598E12":252,"1.211038187E12":37,"1.211046691E12":158,"1.211050307E12":196,"1.211063986E12":292,"1.211055411E12":250,"1.211042038E12":87,"1.211073479E12":320,"1.211066478E12":297,"1.211049035E12":180,"1.211053422E12":230,"1.211041686E12":82,"1.211050289E12":194,"1.211038809E12":45,"1.211041016E12":73,"1.211040646E12":69,"1.211167606E12":376,"1.211043037E12":107,"1.211057379E12":259,"1.211100673E12":357,"1.211120543E12":363,"1.211120815E12":364,"1.21107151E12":317,"1.211061045E12":277,"1.211041097E12":77,"1.211075703E12":328,"1.211047244E12":162,"1.211053865E12":238,"1.211040395E12":62,"1.211048707E12":178,"1.211050054E12":190,"1.211039212E12":49,"1.211043623E12":115,"1.211067409E12":304,"1.211040639E12":68,"1.211053034E12":222,"1.211076013E12":329,"1.211041069E12":76,"1.211052958E12":219,"1.211034233E12":14,"1.21106995E12":308,"1.211062959E12":286,"1.211052638E12":213,"1.211053145E12":225,"1.211046084E12":149,"1.211061699E12":281,"1.211052108E12":211,"1.211042447E12":97,"1.211039347E12":50,"1.211038797E12":43,"1.211081928E12":339,"1.211078599E12":333,"1.211059309E12":265,"1.211042868E12":103,"1.211046273E12":150,"1.211206086E12":380,"1.211051506E12":204,"1.211033845E12":10,"1.211047274E12":163,"1.211052666E12":215,"1.211060318E12":272,"1.211040587E12":66,"1.21106162E12":279,"1.211037944E12":33,"1.211043594E12":114,"1.211054621E12":246,"1.211043699E12":116,"1.211062859E12":285,"1.21105478E12":247,"1.21106662E12":299,"1.211209835E12":382,"1.211043141E12":110,"1.211048471E12":174,"1.211130847E12":368,"1.21104309E12":109},"NUMBER_OF_PEOPLE":400,"minTimeSeen":1.211018404E12,"maxTimeSeen":1.211558405E12,