{"propagationData":{"1.211103556E12":31,"1.211102633E12":20,"1.211369609E12":386,"1.211118003E12":123,"1.211102818E12":24,"1.211150874E12":310,"1.211125464E12":174,"1.211142453E12":282,"1.211128039E12":198,"1.211102605E12":18,"1.211125718E12":177,"1.211120121E12":138,"1.211139425E12":264,"1.211118037E12":124,"1.21116223E12":329,"1.211140362E12":271,"1.211125779E12":178,"1.211133394E12":234,"1.211320857E12":383,"1.211103956E12":36,"1.211129266E12":208,"1.21114997E12":307,"1.211113727E12":100,"1.211207234E12":363,"1.21110225E12":13,"1.211202193E12":360,"1.211183279E12":356,"1.211253029E12":377,"1.211157736E12":324,"1.211143824E12":287,"1.211129745E12":211,"1.211170537E12":345,"1.211107309E12":67,"1.211102086E12":6,"1.211341174E12":385,"1.211102076E12":5,"1.211116305E12":114,"1.211153777E12":317,"1.211102546E12":16,"1.211142459E12":283,"1.211153272E12":315,"1.211152347E12":313,"1.211124729E12":167,"1.211106106E12":59,"1.211127886E12":196,"1.211133679E12":236,"1.21113268E12":229,"1.211112018E12":89,"1.211114876E12":105,"1.2111052E12":53,"1.211110265E12":82,"1.211102108E12":11,"1.211171309E12":347,"1.211147745E12":299,"1.211124593E12":166,"1.211171786E12":348,"1.21111986E12":135,"1.211104946E12":48,"1.211114613E12":103,"1.211128204E12":200,"1.211111167E12":86,"1.211145442E12":291,"1.211146607E12":293,"1.211114903E12":106,"1.211118544E12":131,"1.211185911E12":357,"1.211103214E12":26,"1.211139849E12":268,"1.211141492E12":277,"1.211118266E12":127,"1.211103443E12":29,"1.211110165E12":81,"1.211503165E12":387,"1.21111992E12":136,"1.211126869E12":186,"1.211120069E12":137,"1.211104279E12":41,"1.21112214E12":154,"1.211139495E12":265,"1.211120148E12":139,"1.211126627E12":181,"1.211124484E12":164,"1.211179626E12":351,"1.211131447E12":224,"1.211018404E12":1,"1.211158813E12":326,"1.211106468E12":62,"1.21113359E12":235,"1.211156897E12":322,"1.211120196E12":140,"1.211109892E12":78,"1.211153273E12":316,"1.211126806E12":185,"1.211105533E12":56,"1.211152583E12":314,"1.211127826E12":194,"1.211121823E12":150,"1.211102097E12":8,"1.211126689E12":182,"1.211103073E12":25,"1.211106518E12":63,"1.211114545E12":102,"1.211165745E12":334,"1.211053982E12":4,"1.211159376E12":327,"1.211104006E12":38,"1.21113101E12":221,"1.211162977E12":330,"1.211128483E12":202,"1.211157773E12":325,"1.211134967E12":244,"1.211125614E12":176,"1.211138309E12":258,"1.211168106E12":338,"1.211121276E12":147,"1.211149594E12":304,"1.211106592E12":64,"1.211134927E12":243,"1.211141912E12":278,"1.211104334E12":42,"1.211138353E12":259,"1.211161189E12":328,"1.211218685E12":371,"1.211130727E12":216,"1.211102636E12":22,"1.211131327E12":223,"1.211260637E12":379,"1.21112072E12":144,"1.21111918E12":133,"1.211116147E12":113,"1.211102096E12":7,"1.21113454E12":239,"1.211180632E12":353,"1.211104938E12":47,"1.211166952E12":336,"1.21114108E12":275,"1.211214049E12":368,"1.21130108E12":382,"1.211121687E12":149,"1.211142394E12":281,"1.211182046E12":355,"1.211129115E12":205,"1.21110808E12":71,"1.211164139E12":331,"1.211146731E12":294,"1.211136277E12":251,"1.211108087E12":72,"1.211124046E12":161,"1.211139186E12":263,"1.21113639E12":252,"1.211211278E12":366,"1.211118562E12":132,"1.211139712E12":267,"1.211123422E12":159,"1.211124509E12":165,"1.211116005E12":112,"1.211170598E12":346,"1.211156839E12":321,"1.21118017E12":352,"1.211205837E12":362,"1.211140275E12":270,"1.21112678E12":184,"1.211102468E12":15,"1.211120197E12":141,"1.211210147E12":364,"1.211130942E12":219,"1.211103988E12":37,"1.211109792E12":77,"1.211135037E12":245,"1.211117872E12":121,"1.211103548E12":30,"1.211130304E12":213,"1.211266072E12":380,"1.21113073E12":217,"1.211148572E12":302,"1.211169864E12":343,"1.211125274E12":172,"1.21111781E12":120,"1.211115832E12":110,"1.211129047E12":204,"1.211143008E12":284,"1.211137712E12":256,"1.211102619E12":19,"1.211135315E12":247,"1.211127614E12":192,"1.211248833E12":376,"1.211124173E12":162,"1.21111481E12":104,"1.211126044E12":179,"1.21112515E12":171,"1.211150006E12":308,"1.211117977E12":122,"1.211136553E12":253,"1.211135534E12":249,"1.211151596E12":311,"1.21121991E12":372,"1.211105325E12":54,"1.211113655E12":99,"1.21110365E12":33,"1.211118098E12":126,"1.211107435E12":68,"1.211137263E12":254,"1.211104178E12":39,"1.211140445E12":272,"1.211116927E12":118,"1.21110639E12":60,"1.211112407E12":93,"1.211122142E12":155,"1.211104804E12":46,"1.211188938E12":358,"1.211116887E12":117,"1.211170383E12":344,"1.211122526E12":156,"1.211125109E12":169,"1.211143243E12":286,"1.211145356E12":290,"1.211110013E12":79,"1.211115968E12":111,"1.211122089E12":153,"1.211106458E12":61,"1.211132999E12":231,"1.211132287E12":228,"1.211102098E12":9,"1.211102584E12":17,"1.211125523E12":175,"1.211130793E12":218,"1.21114753E12":295,"1.211110916E12":83,"1.211051144E12":3,"1.21113097E12":220,"1.211118347E12":130,"1.211147863E12":300,"1.211169062E12":342,"1.211144334E12":288,"1.21113188E12":225,"1.21111009E12":80,"1.211109138E12":73,"1.211180726E12":354,"1.211213469E12":367,"1.211141937E12":279,"1.211125121E12":170,"1.211129264E12":207,"1.211106715E12":65,"1.211149893E12":306,"1.211132967E12":230,"1.211128295E12":201,"1.211115588E12":109,"1.211145509E12":292,"1.211133341E12":233,"1.211124774E12":168,"1.21110577E12":58,"1.211132229E12":227,"1.211123456E12":160,"1.211121857E12":151,"1.211116848E12":116,"1.211105013E12":49,"1.211175491E12":349,"1.211112376E12":92,"1.211137478E12":255,"1.211216702E12":369,"1.211147736E12":298,"1.21110566E12":57,"1.21122902E12":374,"1.211129178E12":206,"1.211154154E12":318,"1.211123389E12":158,"1.211137897E12":257,"1.211115017E12":108,"1.211143203E12":285,"1.211156919E12":323,"1.211138503E12":260,"1.211168171E12":339,"1.211168565E12":341,"1.211126899E12":187,"1.211156044E12":319,"1.211104356E12":43,"1.211118333E12":129,"1.211130506E12":214,"1.211120507E12":143,"1.211112438E12":95,"1.211127914E12":197,"1.211140628E12":273,"1.211198958E12":359,"1.211328797E12":384,"1.211217071E12":370,"1.211134765E12":241,"1.211133859E12":238,"1.21114094E12":274,"1.211117459E12":119,"1.211127847E12":195,"1.211120267E12":142,"1.211028393E12":2,"1.211148026E12":301,"1.211219981E12":373,"1.21116831E12":340,"1.211112202E12":91,"1.211124336E12":163,"1.211112016E12":88,"1.211150138E12":309,"1.211176584E12":350,"1.211116625E12":115,"1.211126614E12":180,"1.211112784E12":96,"1.211111029E12":85,"1.211114942E12":107,"1.211102409E12":14,"1.211102205E12":12,"1.211134658E12":240,"1.211128759E12":203,"1.211113325E12":98,"1.211211268E12":365,"1.211103425E12":28,"1.211103671E12":34,"1.211104388E12":44,"1.211147622E12":296,"1.21110389E12":35,"1.211136074E12":250,"1.211120763E12":146,"1.211103386E12":27,"1.211112185E12":90,"1.211114227E12":101,"1.211126731E12":183,"1.211205162E12":361,"1.211104258E12":40,"1.211289336E12":381,"1.211130292E12":212,"1.211133196E12":232,"1.211149765E12":305,"1.211134911E12":242,"1.211139623E12":266,"1.211102107E12":10,"1.211152095E12":312,"1.211127692E12":193,"1.211112426E12":94,"1.211103646E12":32,"1.211164605E12":333,"1.211126944E12":188,"1.211141411E12":276,"1.211107455E12":69,"1.211138897E12":261,"1.21124111E12":375,"1.211111024E12":84,"1.211127383E12":190,"1.211122006E12":152,"1.211123118E12":157,"1.211127448E12":191,"1.211164389E12":332,"1.211109433E12":74,"1.21112928E12":209,"1.211131199E12":222,"1.21110728E12":66,"1.211167581E12":337,"1.211105149E12":51,"1.211105196E12":52,"1.211139877E12":269,"1.211102751E12":23,"1.211132101E12":226,"1.211149106E12":303,"1.211142317E12":280,"1.21111922E12":134,"1.211109465E12":76,"1.211113258E12":97,"1.211133731E12":237,"1.211166598E12":335,"1.211156613E12":320,"1.211121683E12":148,"1.211135437E12":248,"1.211105442E12":55,"1.211109434E12":75,"1.211125463E12":173,"1.211118073E12":125,"1.211118282E12":128,"1.211139091E12":262,"1.211120727E12":145,"1.211128109E12":199,"1.211129371E12":210,"1.211111718E12":87,"1.211104568E12":45,"1.211147646E12":297,"1.211258002E12":378,"1.211130722E12":215,"1.211135218E12":246,"1.211107665E12":70,"1.211127209E12":189,"1.211145053E12":289},"NUMBER_OF_PEOPLE":400,