{"propagationData":{"1.211050968E12":181,"1.211075529E12":325,"1.211049329E12":165,"1.211096711E12":360,"1.211082595E12":340,"1.211043066E12":67,"1.211059118E12":253,"1.211044636E12":91,"1.211039419E12":20,"1.211073417E12":318,"1.211053178E12":204,"1.211044664E12":93,"1.211051008E12":182,"1.211062986E12":280,"1.211054612E12":220,"1.211054392E12":217,"1.211042301E12":50,"1.211042687E12":60,"1.211059367E12":256,"1.211051032E12":184,"1.211153717E12":380,"1.211055833E12":231,"1.211053855E12":210,"1.211061697E12":267,"1.211085001E12":345,"1.211079512E12":334,"1.211048188E12":148,"1.211047893E12":144,"1.211076238E12":330,"1.211048569E12":154,"1.211053377E12":206,"1.211045936E12":115,"1.211086859E12":347,"1.211119095E12":370,"1.211103956E12":367,"1.211047687E12":141,"1.211042437E12":51,"1.211040598E12":30,"1.211042168E12":46,"1.211082387E12":338,"1.211042861E12":65,"1.211133818E12":374,"1.211058224E12":247,"1.211104205E12":369,"1.21109235E12":354,"1.211062165E12":271,"1.211065154E12":293,"1.211049873E12":169,"1.211260605E12":389,"1.211059445E12":257,"1.211043517E12":74,"1.211060879E12":261,"1.211057958E12":245,"1.211053993E12":212,"1.21105756E12":242,"1.21105418E12":214,"1.211039184E12":18,"1.211047339E12":134,"1.211071231E12":309,"1.211076023E12":328,"1.211092164E12":353,"1.211048704E12":160,"1.211052836E12":200,"1.211046203E12":119,"1.211051076E12":186,"1.211041886E12":40,"1.211045841E12":113,"1.211051486E12":190,"1.211048637E12":157,"1.211095878E12":358,"1.211076287E12":331,"1.21106544E12":294,"1.211062306E12":274,"1.211058605E12":249,"1.21105094E12":180,"1.211048049E12":147,"1.211084768E12":343,"1.211058227E12":248,"1.211047681E12":139,"1.211047575E12":138,"1.211071783E12":310,"1.21105454E12":219,"1.211054369E12":216,"1.211045827E12":112,"1.211074337E12":321,"1.211102968E12":366,"1.211062458E12":276,"1.211048278E12":149,"1.211053629E12":209,"1.211052575E12":197,"1.211046668E12":127,"1.211047734E12":142,"1.211051509E12":191,"1.211042715E12":62,"1.211088405E12":349,"1.21105601E12":234,"1.211041327E12":32,"1.211100358E12":363,"1.211045712E12":110,"1.21106048E12":260,"1.211045387E12":102,"1.211044031E12":80,"1.211050937E12":179,"1.211053299E12":205,"1.211089312E12":351,"1.211060329E12":258,"1.211051865E12":195,"1.21104693E12":130,"1.211136341E12":376,"1.211055623E12":227,"1.211072194E12":313,"1.211085934E12":346,"1.21108034E12":336,"1.211063707E12":284,"1.211042839E12":63,"1.211048032E12":146,"1.211039206E12":19,"1.211043353E12":70,"1.211049278E12":163,"1.211052617E12":198,"1.211041824E12":35,"1.211052168E12":196,"1.211043488E12":73,"1.211049322E12":164,"1.211092047E12":352,"1.211156739E12":381,"1.211066597E12":295,"1.211044175E12":81,"1.211039422E12":21,"1.211065107E12":292,"1.211058069E12":246,"1.211071157E12":308,"1.211072338E12":314,"1.211210062E12":385,"1.211043621E12":76,"1.211063704E12":283,"1.211038501E12":8,"1.21104745E12":136,"1.211040102E12":23,"1.211096045E12":359,"1.21104184E12":38,"1.211133339E12":373,"1.21104428E12":83,"1.211049228E12":161,"1.211141771E12":377,"1.211074688E12":323,"1.211045316E12":101,"1.21105501E12":223,"1.211054842E12":222,"1.211045457E12":105,"1.211046378E12":124,"1.211043606E12":75,"1.211033901E12":3,"1.211018404E12":1,"1.211046456E12":126,"1.211046114E12":118,"1.211042025E12":41,"1.211073427E12":319,"1.21107444E12":322,"1.211064586E12":288,"1.211044314E12":85,"1.211072537E12":315,"1.211068378E12":301,"1.211048522E12":152,"1.211076152E12":329,"1.211038637E12":14,"1.211046287E12":120,"1.211067648E12":299,"1.211055387E12":225,"1.211048528E12":153,"1.211061492E12":265,"1.211074198E12":320,"1.211064056E12":286,"1.211045167E12":98,"1.211040381E12":25,"1.211055361E12":224,"1.211048702E12":159,"1.211043384E12":71,"1.211089304E12":350,"1.211057291E12":240,"1.211079252E12":333,"1.211242974E12":388,"1.211044825E12":96,"1.211044211E12":82,"1.211071082E12":307,"1.211044451E12":86,"1.211045309E12":100,"1.211051513E12":192,"1.211046375E12":123,"1.211068977E12":303,"1.211046027E12":117,"1.2110503E12":172,"1.211043179E12":68,"1.21104109E12":31,"1.211183508E12":383,"1.211065103E12":291,"1.211056283E12":238,"1.211049743E12":166,"1.211042665E12":59,"1.211055645E12":228,"1.211082623E12":341,"1.211082543E12":339,"1.211057911E12":243,"1.211051019E12":183,"1.211073346E12":317,"1.211055917E12":233,"1.21104673E12":128,"1.211042556E12":57,"1.211049274E12":162,"1.211052897E12":201,"1.211043323E12":69,"1.211047158E12":131,"1.211060906E12":262,"1.211024611E12":2,"1.211046321E12":122,"1.211062219E12":273,"1.211068404E12":302,"1.211062785E12":278,"1.211035751E12":4,"1.21105697E12":239,"1.211075153E12":324,"1.211049935E12":170,"1.21105055E12":178,"1.21104545E12":104,"1.211075851E12":326,"1.211038518E12":10,"1.21105555E12":226,"1.211045569E12":109,"1.211048405E12":151,"1.211079221E12":332,"1.211058653E12":250,"1.211047234E12":132,"1.211053909E12":211,"1.211044022E12":79,"1.211048695E12":158,"1.211055712E12":229,"1.211044286E12":84,"1.211038565E12":13,"1.211040126E12":24,"1.211055823E12":230,"1.211042261E12":49,"1.211069523E12":306,"1.211045459E12":106,"1.211037041E12":6,"1.211045438E12":103,"1.211093926E12":355,"1.211050511E12":176,"1.211095169E12":357,"1.211134607E12":375,"1.211044461E12":87,"1.211051061E12":185,"1.211126328E12":372,"1.211039013E12":17,"1.2110385E12":7,"1.211042234E12":48,"1.211062665E12":277,"1.211045536E12":108,"1.211097336E12":362,"1.211044653E12":92,"1.211048592E12":155,"1.211052791E12":199,"1.211038657E12":15,"1.211042563E12":58,"1.211152866E12":379,"1.211040415E12":26,"1.211049817E12":168,"1.211051545E12":193,"1.211042995E12":66,"1.211042028E12":42,"1.211035943E12":5,"1.211046384E12":125,"1.211044761E12":94,"1.211045939E12":116,"1.211040513E12":28,"1.211064017E12":285,"1.211053062E12":202,"1.21104491E12":97,"1.211047544E12":137,"1.211045497E12":107,"1.211045302E12":99,"1.211041515E12":34,"1.211048629E12":156,"1.21106091E12":263,"1.211050435E12":174,"1.211084955E12":344,"1.211046911E12":129,"1.211042161E12":44,"1.211046319E12":121,"1.21104053E12":29,"1.211084492E12":342,"1.211042501E12":54,"1.211061639E12":266,"1.211060467E12":259,"1.211056269E12":237,"1.211043982E12":78,"1.211042519E12":55,"1.21104042E12":27,"1.211051751E12":194,"1.211041856E12":39,"1.211236618E12":387,"1.211062406E12":275,"1.211042448E12":52,"1.211067663E12":300,"1.211062984E12":279,"1.211054507E12":218,"1.211057914E12":244,"1.211055913E12":232,"1.211053529E12":207,"1.211051405E12":188,"1.211044782E12":95,"1.211054227E12":215,"1.211047384E12":135,"1.21122348E12":386,"1.211064536E12":287,"1.211038521E12":11,"1.21106949E12":304,"1.211053594E12":208,"1.211047915E12":145,"1.211087148E12":348,"1.211042038E12":43,"1.211042701E12":61,"1.2110396E12":22,"1.211142706E12":378,"1.211097236E12":361,"1.211066765E12":296,"1.211042188E12":47,"1.211051423E12":189,"1.211071825E12":312,"1.21105317E12":203,"1.211042485E12":53,"1.211067092E12":297,"1.211044619E12":90,"1.211061457E12":264,"1.211101955E12":364,"1.211058758E12":251,"1.21105404E12":213,"1.211044529E12":89,"1.211047293E12":133,"1.21104285E12":64,"1.211038546E12":12,"1.211048338E12":150,"1.211075945E12":327,"1.211059088E12":252,"1.211043779E12":77,"1.211079898E12":335,"1.211051087E12":187,"1.211161374E12":382,"1.211045904E12":114,"1.211049764E12":167,"1.211102135E12":365,"1.211072543E12":316,"1.211067137E12":298,"1.211043385E12":72,"1.211050186E12":171,"1.211038503E12":9,"1.211063325E12":281,"1.21112063E12":371,"1.211042522E12":56,"1.211041455E12":33,"1.211057305E12":241,"1.211062149E12":270,"1.211062208E12":272,"1.211059191E12":255,"1.211056209E12":235,"1.211065049E12":290,"1.211062097E12":269,"1.211061699E12":268,"1.211080391E12":337,"1.211063372E12":282,"1.211071808E12":311,"1.211041836E12":36,"1.211064837E12":289,"1.211059188E12":254,"1.211054798E12":221,"1.211045801E12":111,"1.211104003E12":368,"1.211047808E12":143,"1.211044485E12":88,"1.211186002E12":384,"1.211050499E12":175,"1.211047683E12":140,"1.211056225E12":236,"1.21103893E12":16,"1.211094911E12":356},"NUMBER_OF_PEOPLE":400,"minTimeSeen":1.211018404E12,