{"propagationData":{"1.211053731E12":132,"1.211048425E12":57,"1.211040388E12":9,"1.211052907E12":120,"1.211507851E12":361,"1.211062438E12":221,"1.21105483E12":148,"1.211051097E12":102,"1.211335918E12":359,"1.211083206E12":310,"1.2110723E12":271,"1.211213085E12":355,"1.211077767E12":282,"1.211050719E12":92,"1.211077735E12":281,"1.211069135E12":255,"1.211042379E12":22,"1.211050491E12":88,"1.211162943E12":350,"1.211060374E12":202,"1.211161742E12":348,"1.211081355E12":302,"1.211051203E12":105,"1.211060178E12":201,"1.211048167E12":55,"1.211057285E12":176,"1.211055705E12":156,"1.21107777E12":283,"1.21105279E12":119,"1.211058712E12":189,"1.211049721E12":76,"1.211173128E12":354,"1.211069284E12":257,"1.211047872E12":47,"1.211121373E12":344,"1.211044002E12":25,"1.211063335E12":227,"1.211077156E12":278,"1.211081208E12":301,"1.21105905E12":190,"1.21106814E12":254,"1.211049441E12":73,"1.211052015E12":113,"1.21107154E12":266,"1.211088981E12":324,"1.211077806E12":284,"1.211055434E12":152,"1.21104061E12":15,"1.211163179E12":352,"1.211056509E12":164,"1.211054415E12":139,"1.211045841E12":33,"1.211050804E12":94,"1.211068018E12":249,"1.211056545E12":165,"1.211063328E12":226,"1.211335661E12":357,"1.211079828E12":292,"1.211053259E12":125,"1.211062899E12":223,"1.211056802E12":168,"1.211042153E12":19,"1.211050903E12":95,"1.211048523E12":60,"1.211046121E12":36,"1.211072364E12":272,"1.211040527E12":13,"1.211085172E12":316,"1.211057287E12":177,"1.211050105E12":84,"1.211056407E12":163,"1.211099413E12":342,"1.211058372E12":184,"1.211040081E12":5,"1.211060497E12":205,"1.211048514E12":59,"1.211061418E12":214,"1.211044851E12":29,"1.211050988E12":97,"1.211040162E12":8,"1.2110585E12":187,"1.211051493E12":108,"1.211056571E12":166,"1.211063291E12":225,"1.211049984E12":79,"1.211054587E12":144,"1.211048114E12":54,"1.211086147E12":317,"1.21108517E12":315,"1.211055496E12":153,"1.21106296E12":224,"1.211060099E12":198,"1.211057129E12":174,"1.211073827E12":274,"1.211054829E12":147,"1.21106087E12":209,"1.211077057E12":275,"1.211045862E12":34,"1.211080343E12":297,"1.211049987E12":80,"1.211066149E12":243,"1.211078034E12":287,"1.211049707E12":75,"1.211062021E12":218,"1.211121546E12":345,"1.21105707E12":173,"1.211061334E12":213,"1.211093506E12":331,"1.21107912E12":290,"1.211066158E12":244,"1.211044029E12":26,"1.211069213E12":256,"1.211047385E12":41,"1.211055685E12":155,"1.211088314E12":322,"1.211071003E12":260,"1.211042209E12":20,"1.211055209E12":151,"1.211062234E12":220,"1.211059251E12":194,"1.211055664E12":154,"1.21105294E12":121,"1.211054501E12":141,"1.211053164E12":123,"1.211087433E12":319,"1.211077998E12":286,"1.211068101E12":252,"1.211040161E12":7,"1.211062697E12":222,"1.211057318E12":178,"1.211056025E12":159,"1.211059116E12":191,"1.21106542E12":239,"1.211053494E12":128,"1.211048775E12":66,"1.211051058E12":99,"1.211050426E12":87,"1.211018404E12":1,"1.211055033E12":149,"1.211089666E12":328,"1.211047941E12":50,"1.211054208E12":136,"1.211072394E12":273,"1.211047922E12":49,"1.211051242E12":106,"1.211052446E12":117,"1.211064959E12":234,"1.211019062E12":2,"1.211058138E12":182,"1.211068022E12":250,"1.211056206E12":162,"1.211040508E12":12,"1.21104878E12":67,"1.211055204E12":150,"1.211049293E12":72,"1.211060957E12":212,"1.211088991E12":325,"1.2110465E12":39,"1.211071103E12":263,"1.211054638E12":146,"1.211059471E12":196,"1.211084985E12":314,"1.211066195E12":245,"1.211046426E12":38,"1.211042372E12":21,"1.211080013E12":295,"1.211048672E12":64,"1.211054383E12":138,"1.211062154E12":219,"1.211040426E12":10,"1.211335807E12":358,"1.211080283E12":296,"1.211030761E12":3,"1.211051536E12":109,"1.211087965E12":320,"1.211086955E12":318,"1.211054108E12":135,"1.211055797E12":158,"1.211048616E12":62,"1.211071855E12":268,"1.211083198E12":309,"1.211081477E12":304,"1.211080515E12":300,"1.211077139E12":277,"1.211057707E12":180,"1.211053664E12":131,"1.21105351E12":129,"1.21108828E12":321,"1.211064427E12":231,"1.211083039E12":307,"1.211064444E12":232,"1.21110009E12":343,"1.211094631E12":333,"1.211060748E12":208,"1.211077186E12":279,"1.211159334E12":346,"1.21106514E12":237,"1.211060501E12":206,"1.211050085E12":83,"1.211060384E12":203,"1.211089618E12":327,"1.211050571E12":90,"1.211080483E12":299,"1.211066378E12":246,"1.211045595E12":31,"1.211058388E12":185,"1.211032467E12":4,"1.211045488E12":30,"1.211079998E12":294,"1.211050497E12":89,"1.211216238E12":356,"1.211050041E12":81,"1.211050234E12":86,"1.211048879E12":68,"1.211051443E12":107,"1.211093477E12":330,"1.211060148E12":199,"1.211057048E12":172,"1.211049142E12":70,"1.211051061E12":100,"1.211098368E12":340,"1.211071802E12":267,"1.211040535E12":14,"1.211060489E12":204,"1.211053307E12":127,"1.21104398E12":24,"1.211051644E12":110,"1.21105271E12":118,"1.211071901E12":270,"1.211065721E12":240,"1.211040871E12":16,"1.211055767E12":157,"1.21107799E12":285,"1.211507827E12":360,"1.211053298E12":126,"1.211069319E12":258,"1.211050797E12":93,"1.211049265E12":71,"1.211047445E12":42,"1.2110416E12":18,"1.211070952E12":259,"1.211049021E12":69,"1.211054355E12":137,"1.211084174E12":311,"1.211068063E12":251,"1.211049577E12":74,"1.21106505E12":235,"1.211080388E12":298,"1.211071125E12":264,"1.211045902E12":35,"1.211045751E12":32,"1.211079859E12":293,"1.211047995E12":51,"1.211098111E12":338,"1.211093516E12":332,"1.211050951E12":96,"1.211049814E12":77,"1.211053945E12":133,"1.211054567E12":142,"1.211057271E12":175,"1.211040428E12":11,"1.211047784E12":45,"1.211050047E12":82,"1.21106008E12":197,"1.211044068E12":27,"1.211081401E12":303,"1.211057703E12":179,"1.211051098E12":103,"1.211099237E12":341,"1.211056993E12":171,"1.211052181E12":114,"1.21105444E12":140,"1.211051195E12":104,"1.211094761E12":336,"1.211058393E12":186,"1.211047895E12":48,"1.211052302E12":116,"1.211053175E12":124,"1.211096051E12":337,"1.211044364E12":28,"1.211163171E12":351,"1.211088316E12":323,"1.211064287E12":229,"1.211094754E12":335,"1.211053644E12":130,"1.21104853E12":61,"1.211082003E12":305,"1.211060929E12":211,"1.21105617E12":160,"1.211060735E12":207,"1.211049917E12":78,"1.211056759E12":167,"1.21107908E12":289,"1.211060925E12":210,"1.211046332E12":37,"1.211058607E12":188,"1.211042701E12":23,"1.211163404E12":353,"1.211057715E12":181,"1.211048716E12":65,"1.211048443E12":58,"1.21108919E12":326,"1.211089756E12":329,"1.211071094E12":262,"1.211052221E12":115,"1.211056835E12":170,"1.211162921E12":349,"1.211063794E12":228,"1.211059199E12":192,"1.211048084E12":53,"1.211040159E12":6,"1.211159512E12":347,"1.211071872E12":269,"1.211054579E12":143,"1.211082933E12":306,"1.211051087E12":101,"1.21108462E12":313,"1.211059213E12":193,"1.211079665E12":291,"1.211084191E12":312,"1.211077137E12":276,"1.211056826E12":169,"1.211050186E12":85,"1.211051968E12":112,"1.21104863E12":63,"1.211048071E12":52,"1.21105936E12":195,"1.211051789E12":111,"1.211048354E12":56,"1.211053973E12":134,"1.211065114E12":236,"1.211098236E12":339,"1.211071026E12":261,"1.211077457E12":280,"1.211053085E12":122,"1.211061728E12":215,"1.211047782E12":44,"1.211056176E12":161,"1.211083168E12":308,"1.211065771E12":241,"1.211050679E12":91,"1.211071481E12":265,"1.211047659E12":43,"1.211051006E12":98,"1.211058364E12":183,"1.211079022E12":288,"1.21104736E12":40,"1.211068014E12":248,"1.211065805E12":242,"1.211094735E12":334,"1.211064398E12":230,"1.211064762E12":233,"1.211061809E12":216,"1.21106812E12":253,"1.211060163E12":200,"1.211041474E12":17,"1.211067892E12":247,"1.211061984E12":217,"1.211047785E12":46},"NUMBER_OF_PEOPLE":400,"minTimeSeen":1.211018404E12,"maxTimeSeen":1.211558405E12,"NEIGHBORHOOD_RADIUS":20.0,"ENCOUNTER_CHANCE":0.05,"priority":1.0,"duration":540001.0,"minutesDuration":9000.016666666666,"hoursDuration":150.00027777777777,"daysDuration":6.250011574074073}
