{"propagationData":{"1.211053119E12":246,"1.21104591E12":174,"1.211042162E12":113,"1.211034216E12":5,"1.211056987E12":279,"1.211044636E12":150,"1.211053178E12":247,"1.211051047E12":234,"1.211085185E12":359,"1.211045797E12":168,"1.211121802E12":378,"1.21104611E12":176,"1.211034329E12":16,"1.211047374E12":193,"1.211056707E12":278,"1.211081355E12":351,"1.211034272E12":11,"1.211047687E12":198,"1.211046219E12":179,"1.211059744E12":296,"1.211045582E12":164,"1.211045774E12":166,"1.211075211E12":340,"1.21105725E12":280,"1.211046355E12":181,"1.211042115E12":111,"1.211045839E12":169,"1.211075984E12":343,"1.211040703E12":86,"1.211057655E12":284,"1.211165589E12":382,"1.211205119E12":387,"1.211043776E12":138,"1.211059739E12":295,"1.211040625E12":84,"1.211049063E12":207,"1.211058754E12":291,"1.211055021E12":260,"1.211064903E12":311,"1.211085574E12":361,"1.211045312E12":157,"1.211084323E12":355,"1.211062257E12":304,"1.211040229E12":73,"1.211052544E12":241,"1.211038556E12":57,"1.211060206E12":297,"1.211046364E12":182,"1.211047681E12":197,"1.211051648E12":240,"1.211047575E12":195,"1.21106695E12":318,"1.211050392E12":222,"1.211056311E12":275,"1.211050315E12":217,"1.211050616E12":226,"1.211053052E12":244,"1.211061576E12":301,"1.211056675E12":277,"1.211039454E12":66,"1.211075737E12":342,"1.211106439E12":376,"1.211044437E12":148,"1.211043207E12":130,"1.211035038E12":26,"1.211071288E12":329,"1.211037854E12":45,"1.211039024E12":64,"1.211038032E12":50,"1.21104259E12":123,"1.211042136E12":112,"1.211044796E12":152,"1.21104056E12":80,"1.211037849E12":44,"1.211034267E12":9,"1.21103432E12":14,"1.211085132E12":358,"1.211090105E12":364,"1.211053503E12":254,"1.211034447E12":18,"1.211020259E12":3,"1.211037394E12":39,"1.211048525E12":202,"1.211039827E12":69,"1.211037196E12":37,"1.211052773E12":242,"1.211018404E12":1,"1.211034517E12":19,"1.211077251E12":345,"1.21103544E12":30,"1.211045779E12":167,"1.211042025E12":109,"1.211041102E12":94,"1.211047665E12":196,"1.211072412E12":332,"1.211036968E12":35,"1.211055842E12":272,"1.211060463E12":299,"1.211039555E12":67,"1.21104585E12":171,"1.211047297E12":189,"1.211045981E12":175,"1.21104969E12":212,"1.211047958E12":201,"1.211068128E12":321,"1.211053053E12":245,"1.211038092E12":51,"1.211050647E12":228,"1.211055634E12":268,"1.211037882E12":46,"1.21105061E12":225,"1.211058492E12":288,"1.211073502E12":334,"1.211093952E12":369,"1.211038583E12":59,"1.211040772E12":89,"1.211073222E12":333,"1.211043877E12":141,"1.211044742E12":151,"1.211040965E12":92,"1.211050592E12":224,"1.211037699E12":40,"1.211034328E12":15,"1.211034774E12":23,"1.211067294E12":319,"1.211045249E12":155,"1.211050342E12":219,"1.211175492E12":385,"1.211034729E12":22,"1.211043483E12":134,"1.211068475E12":323,"1.211079713E12":348,"1.211040617E12":83,"1.211099326E12":372,"1.211055069E12":263,"1.211040236E12":74,"1.211098192E12":370,"1.211070872E12":327,"1.211043855E12":140,"1.21103499E12":24,"1.211041832E12":106,"1.211051329E12":237,"1.211057277E12":281,"1.211125193E12":380,"1.211042433E12":122,"1.211055236E12":264,"1.211042069E12":110,"1.211062006E12":303,"1.211053345E12":249,"1.211075616E12":341,"1.211041856E12":107,"1.211040571E12":81,"1.211042213E12":116,"1.211044191E12":144,"1.211053369E12":250,"1.211055805E12":271,"1.211057883E12":285,"1.211036599E12":34,"1.211065568E12":313,"1.211071141E12":328,"1.211041113E12":95,"1.211046691E12":185,"1.211047915E12":199,"1.211045892E12":173,"1.211047313E12":191,"1.21105032E12":218,"1.211038114E12":52,"1.211043616E12":136,"1.211041358E12":101,"1.211048841E12":206,"1.211045843E12":170,"1.211050874E12":232,"1.211053182E12":248,"1.211059335E12":293,"1.211038577E12":58,"1.211034997E12":25,"1.211065508E12":312,"1.211074161E12":335,"1.211043174E12":129,"1.211043369E12":133,"1.211045713E12":165,"1.211074837E12":338,"1.21104268E12":124,"1.211046159E12":177,"1.211038405E12":54,"1.21103902E12":63,"1.211044626E12":149,"1.211084322E12":354,"1.211045571E12":163,"1.211045205E12":154,"1.211043232E12":131,"1.211084452E12":356,"1.211046633E12":184,"1.211041162E12":96,"1.211123694E12":379,"1.211043102E12":128,"1.211050364E12":220,"1.211101623E12":374,"1.211042239E12":117,"1.211044276E12":145,"1.21104117E12":97,"1.211074867E12":339,"1.211035372E12":28,"1.211034309E12":12,"1.21104227E12":120,"1.211035481E12":32,"1.211066281E12":314,"1.211061954E12":302,"1.211050678E12":231,"1.211042682E12":125,"1.211050312E12":216,"1.211037937E12":47,"1.211042168E12":114,"1.211047306E12":190,"1.211021731E12":4,"1.211055626E12":267,"1.211054013E12":256,"1.211060211E12":298,"1.21104527E12":156,"1.211034645E12":21,"1.211040757E12":87,"1.211037993E12":49,"1.211058611E12":289,"1.211071494E12":330,"1.211034268E12":10,"1.211259911E12":388,"1.211074571E12":337,"1.211077388E12":346,"1.211049624E12":210,"1.21104637E12":183,"1.211043006E12":127,"1.211069507E12":324,"1.211040768E12":88,"1.211035472E12":31,"1.211051088E12":236,"1.211047064E12":187,"1.211037816E12":42,"1.211054604E12":257,"1.211057529E12":283,"1.211034314E12":13,"1.211053375E12":251,"1.211067828E12":320,"1.211070767E12":326,"1.211046326E12":180,"1.211048547E12":203,"1.211053416E12":252,"1.211260602E12":389,"1.21103882E12":60,"1.211058773E12":292,"1.211041956E12":108,"1.211053488E12":253,"1.211050619E12":227,"1.211053713E12":255,"1.211082855E12":353,"1.211066399E12":316,"1.211045129E12":153,"1.211040311E12":75,"1.211045534E12":162,"1.211040575E12":82,"1.211082732E12":352,"1.211047363E12":192,"1.211046775E12":186,"1.211114491E12":377,"1.211035321E12":27,"1.211057426E12":282,"1.211037768E12":41,"1.211050228E12":215,"1.211040112E12":71,"1.211045457E12":159,"1.211050507E12":223,"1.211034538E12":20,"1.211038173E12":53,"1.211102395E12":375,"1.21104726E12":188,"1.211034256E12":6,"1.211019286E12":2,"1.211059684E12":294,"1.211099502E12":373,"1.211055387E12":265,"1.211091444E12":365,"1.211043983E12":143,"1.211041745E12":104,"1.21103846E12":55,"1.21108047E12":349,"1.211049382E12":208,"1.211063298E12":305,"1.211066387E12":315,"1.211045383E12":158,"1.211043615E12":135,"1.211086404E12":362,"1.21104436E12":146,"1.211045858E12":172,"1.211068171E12":322,"1.211043716E12":137,"1.211050939E12":233,"1.211047461E12":194,"1.211042866E12":126,"1.211040178E12":72,"1.21105471E12":258,"1.211038478E12":56,"1.211093702E12":368,"1.211040403E12":77,"1.211042247E12":119,"1.211051063E12":235,"1.211091612E12":366,"1.211051429E12":238,"1.211058388E12":287,"1.211045488E12":160,"1.211098387E12":371,"1.211093278E12":367,"1.211055723E12":270,"1.211046185E12":178,"1.211038867E12":62,"1.211050672E12":230,"1.211056035E12":273,"1.211178185E12":386,"1.21106383E12":308,"1.211055608E12":266,"1.211042376E12":121,"1.21106336E12":306,"1.211076524E12":344,"1.211047936E12":200,"1.211042241E12":118,"1.211041691E12":103,"1.211063487E12":307,"1.211050128E12":214,"1.211044396E12":147,"1.211039953E12":70,"1.211043852E12":139,"1.211049639E12":211,"1.211058681E12":290,"1.21105148E12":239,"1.211038821E12":61,"1.211043315E12":132,"1.211041337E12":100,"1.211056469E12":276,"1.21105499E12":259,"1.211085428E12":360,"1.21104053E12":79,"1.211135206E12":381,"1.211048665E12":205,"1.211050661E12":229,"1.211049383E12":209,"1.211045502E12":161,"1.211042184E12":115,"1.211052802E12":243,"1.211089411E12":363,"1.211064175E12":309,"1.21106475E12":310,"1.211041322E12":98,"1.211171204E12":384,"1.211035383E12":29,"1.2110396E12":68,"1.211040683E12":85,"1.211041686E12":102,"1.211084539E12":357,"1.211170715E12":383,"1.211072077E12":331,"1.211037831E12":43,"1.211037071E12":36,"1.211066522E12":317,"1.21103635E12":33,"1.211055025E12":262,"1.211040873E12":91,"1.211049716E12":213,"1.211048604E12":204,"1.211034264E12":7,"1.211061535E12":300,"1.211041038E12":93,"1.211056092E12":274,"1.211041789E12":105,"1.211040375E12":76,"1.211043953E12":142,"1.211040868E12":90,"1.211039347E12":65,"1.211079239E12":347,"1.211050379E12":221,"1.211037961E12":48,"1.211041331E12":99,"1.211058025E12":286,"1.211074465E12":336,"1.211037221E12":38,"1.211081223E12":350,"1.211070479E12":325,"1.211034416E12":17},"NUMBER_OF_PEOPLE":400,