{"propagationData":{"1.21103835E12":48,"1.211050813E12":182,"1.211042421E12":92,"1.21103759E12":47,"1.211059302E12":260,"1.211050321E12":178,"1.211071615E12":314,"1.211054776E12":221,"1.211105484E12":365,"1.21103722E12":42,"1.211019485E12":10,"1.211047566E12":146,"1.211076408E12":327,"1.211046713E12":139,"1.21104526E12":112,"1.211050491E12":181,"1.211043868E12":103,"1.211042452E12":93,"1.211054956E12":223,"1.211051599E12":191,"1.211047687E12":148,"1.211095388E12":359,"1.211068431E12":300,"1.211050108E12":177,"1.211053397E12":211,"1.211019392E12":9,"1.211062992E12":279,"1.211019058E12":7,"1.211055915E12":234,"1.211083466E12":339,"1.211147318E12":376,"1.211055655E12":229,"1.211055068E12":224,"1.211051524E12":189,"1.211041387E12":84,"1.211102441E12":364,"1.211040409E12":68,"1.211054236E12":216,"1.211059403E12":261,"1.211052854E12":203,"1.21104236E12":90,"1.211075591E12":321,"1.211020959E12":12,"1.21104797E12":157,"1.21107211E12":317,"1.211076179E12":325,"1.211067899E12":296,"1.211039596E12":58,"1.211101542E12":363,"1.21104014E12":61,"1.211042393E12":91,"1.211046051E12":130,"1.211059216E12":259,"1.211057309E12":247,"1.211045762E12":121,"1.211084225E12":340,"1.211040282E12":65,"1.211045712E12":120,"1.211053113E12":205,"1.211042331E12":89,"1.211085239E12":345,"1.211042523E12":97,"1.211037072E12":39,"1.211035032E12":22,"1.211067954E12":297,"1.211057702E12":251,"1.211041575E12":86,"1.211040405E12":67,"1.211116748E12":368,"1.211047749E12":152,"1.211063171E12":282,"1.211060407E12":268,"1.211045927E12":128,"1.211033036E12":20,"1.211082617E12":336,"1.211032856E12":18,"1.211051632E12":192,"1.211044132E12":109,"1.211109922E12":367,"1.211049204E12":168,"1.211260676E12":387,"1.211065939E12":289,"1.211018404E12":1,"1.211075594E12":322,"1.211080584E12":333,"1.211057239E12":244,"1.211055842E12":232,"1.211083207E12":338,"1.211047184E12":143,"1.211066748E12":291,"1.211047795E12":155,"1.211069586E12":304,"1.211048974E12":163,"1.211041861E12":88,"1.211148879E12":378,"1.211058011E12":255,"1.211040412E12":69,"1.211051306E12":187,"1.211050925E12":184,"1.211076891E12":330,"1.211042491E12":96,"1.211038502E12":51,"1.211075029E12":319,"1.211070801E12":307,"1.211047336E12":145,"1.21108277E12":337,"1.211056457E12":238,"1.211054326E12":217,"1.211047762E12":153,"1.211018408E12":3,"1.211067349E12":294,"1.211049034E12":164,"1.211052268E12":197,"1.211045385E12":115,"1.21105808E12":256,"1.211070881E12":308,"1.211071492E12":313,"1.211036884E12":37,"1.211046282E12":134,"1.211066756E12":292,"1.211043298E12":99,"1.211084377E12":341,"1.211045438E12":116,"1.211071886E12":315,"1.211093429E12":355,"1.211072028E12":316,"1.21109224E12":353,"1.211060378E12":267,"1.211046259E12":132,"1.211071173E12":311,"1.211045607E12":117,"1.211040555E12":75,"1.211049725E12":170,"1.211054673E12":219,"1.211171773E12":383,"1.211060313E12":266,"1.211036532E12":31,"1.211032018E12":16,"1.211058007E12":254,"1.211045902E12":125,"1.211087388E12":347,"1.211040549E12":74,"1.211118946E12":371,"1.211056605E12":240,"1.211051959E12":195,"1.211075815E12":323,"1.211052692E12":200,"1.211046263E12":133,"1.211051727E12":194,"1.211142543E12":375,"1.211069772E12":305,"1.211055241E12":226,"1.211107402E12":366,"1.211052359E12":199,"1.211096878E12":361,"1.211043641E12":101,"1.211056351E12":235,"1.211046785E12":141,"1.211040861E12":77,"1.211063034E12":281,"1.211086856E12":346,"1.211167551E12":381,"1.211052793E12":202,"1.21108076E12":334,"1.211094858E12":357,"1.211046679E12":138,"1.211045384E12":114,"1.21104562E12":119,"1.211048524E12":158,"1.211038586E12":52,"1.211070775E12":306,"1.211036418E12":27,"1.211066032E12":290,"1.211048548E12":159,"1.211050936E12":185,"1.211061308E12":273,"1.211076668E12":328,"1.211055867E12":233,"1.211041517E12":85,"1.211055642E12":228,"1.211038754E12":53,"1.211062178E12":277,"1.211047788E12":154,"1.211057851E12":253,"1.211046056E12":131,"1.211020406E12":11,"1.211036238E12":26,"1.211046776E12":140,"1.211052707E12":201,"1.211040543E12":72,"1.211067367E12":295,"1.211040494E12":71,"1.211118112E12":370,"1.211039207E12":55,"1.211032213E12":17,"1.211045792E12":122,"1.211091593E12":351,"1.211116753E12":369,"1.211167275E12":380,"1.211039517E12":57,"1.211043876E12":104,"1.211038396E12":49,"1.211064083E12":285,"1.211093922E12":356,"1.211041095E12":80,"1.211075529E12":320,"1.21105663E12":241,"1.211047691E12":149,"1.21106849E12":301,"1.211053524E12":213,"1.211060586E12":270,"1.211091054E12":350,"1.211036516E12":30,"1.211040249E12":63,"1.211054185E12":215,"1.211120455E12":373,"1.211097548E12":362,"1.211065021E12":288,"1.21103716E12":40,"1.211049938E12":175,"1.211049696E12":169,"1.2110359E12":23,"1.211040402E12":66,"1.21101931E12":8,"1.211018946E12":6,"1.211037559E12":45,"1.211095902E12":360,"1.211043928E12":106,"1.211055369E12":227,"1.211050057E12":176,"1.21105729E12":245,"1.211050441E12":179,"1.211056802E12":243,"1.21104248E12":94,"1.211071156E12":310,"1.21106938E12":303,"1.2110473E12":144,"1.211061789E12":276,"1.211061113E12":272,"1.211040095E12":59,"1.211041327E12":83,"1.21104717E12":142,"1.211057794E12":252,"1.21102127E12":13,"1.211092183E12":352,"1.21105337E12":210,"1.211040273E12":64,"1.211045608E12":118,"1.211056358E12":236,"1.211052968E12":204,"1.211168061E12":382,"1.211018406E12":2,"1.211081128E12":335,"1.211038915E12":54,"1.211057311E12":248,"1.211036773E12":32,"1.211036502E12":28,"1.21106087E12":271,"1.211045862E12":124,"1.211058421E12":258,"1.211050459E12":180,"1.211048883E12":161,"1.211058194E12":257,"1.21104021E12":62,"1.211044283E12":110,"1.211045912E12":126,"1.211053896E12":214,"1.211040846E12":76,"1.211034903E12":21,"1.211226038E12":386,"1.211040544E12":73,"1.211036216E12":25,"1.211077178E12":331,"1.211051326E12":188,"1.211049883E12":174,"1.211047922E12":156,"1.211036869E12":36,"1.211049125E12":167,"1.211054879E12":222,"1.211043907E12":105,"1.211059536E12":262,"1.21103719E12":41,"1.211063189E12":283,"1.211093002E12":354,"1.211043822E12":102,"1.211036507E12":29,"1.211076329E12":326,"1.211076754E12":329,"1.211042487E12":95,"1.211089681E12":348,"1.211060104E12":264,"1.211037428E12":44,"1.211054668E12":218,"1.211061754E12":275,"1.211051041E12":186,"1.211040101E12":60,"1.21106897E12":302,"1.211052338E12":198,"1.211045311E12":113,"1.211053283E12":208,"1.211070968E12":309,"1.211055072E12":225,"1.211062996E12":280,"1.211049802E12":172,"1.211310086E12":389,"1.211036855E12":34,"1.211052173E12":196,"1.211046038E12":129,"1.211077368E12":332,"1.211049822E12":173,"1.211071273E12":312,"1.211046501E12":137,"1.211056366E12":237,"1.211049799E12":171,"1.211047732E12":151,"1.211072402E12":318,"1.211047645E12":147,"1.211035957E12":24,"1.211053353E12":209,"1.211055677E12":230,"1.211053513E12":212,"1.211043339E12":100,"1.211084498E12":342,"1.211040887E12":78,"1.211062513E12":278,"1.21105755E12":249,"1.211064143E12":286,"1.211036861E12":35,"1.211060409E12":269,"1.211049108E12":166,"1.211046415E12":135,"1.211291936E12":388,"1.211055728E12":231,"1.211036988E12":38,"1.211046475E12":136,"1.211044E12":107,"1.21103683E12":33,"1.211141411E12":374,"1.211037274E12":43,"1.21106026E12":265,"1.211068144E12":298,"1.211050867E12":183,"1.211084888E12":344,"1.211037577E12":46,"1.211031862E12":15,"1.211059788E12":263,"1.211038461E12":50,"1.211047694E12":150,"1.211043106E12":98,"1.211018563E12":5,"1.211040478E12":70,"1.211066946E12":293,"1.21117549E12":385,"1.211048598E12":160,"1.211061731E12":274,"1.211119953E12":372,"1.211057647E12":250,"1.211065002E12":287,"1.211045921E12":127,"1.211148085E12":377,"1.211173263E12":384,"1.211041041E12":79,"1.211068169E12":299,"1.211095107E12":358,"1.211053189E12":207,"1.211075825E12":324,"1.211063767E12":284,"1.211041673E12":87,"1.211032975E12":19,"1.211018436E12":4,"1.2110394E12":56,"1.211049107E12":165,"1.211159056E12":379,"1.211041115E12":81,"1.211045257E12":111,"1.211084867E12":343,"1.211089707E12":349,"1.211048943E12":162,"1.211056723E12":242,"1.211023408E12":14,"1.211053163E12":206,"1.211051711E12":193,"1.211041261E12":82,"1.211054682E12":220,"1.211051556E12":190,"1.211044041E12":108,"1.211045809E12":123},