{"propagationData":{"1.211043644E12":210,"1.211031415E12":29,"1.211046512E12":248,"1.211031173E12":26,"1.211040411E12":167,"1.211044639E12":220,"1.211020262E12":5,"1.211036464E12":91,"1.211138373E12":381,"1.211034158E12":50,"1.211035277E12":73,"1.211060495E12":306,"1.211036176E12":87,"1.211037375E12":107,"1.211038062E12":124,"1.211026735E12":11,"1.211042088E12":189,"1.21107998E12":355,"1.211034203E12":52,"1.211041998E12":187,"1.211030936E12":20,"1.211372191E12":389,"1.211035301E12":75,"1.211050043E12":270,"1.211036361E12":90,"1.211035876E12":85,"1.211086071E12":365,"1.211042065E12":188,"1.211102642E12":378,"1.211034408E12":56,"1.211030939E12":21,"1.211031052E12":24,"1.211042806E12":198,"1.211053588E12":286,"1.211041711E12":186,"1.211043136E12":205,"1.211048512E12":264,"1.21103651E12":92,"1.211065137E12":324,"1.211038539E12":135,"1.211039597E12":151,"1.21104527E12":228,"1.211030379E12":13,"1.211039793E12":155,"1.211038217E12":127,"1.211065727E12":326,"1.211039184E12":143,"1.211075284E12":349,"1.211025376E12":8,"1.211039431E12":147,"1.211068721E12":337,"1.211050267E12":272,"1.211040007E12":160,"1.211050057E12":271,"1.211063589E12":319,"1.211018996E12":4,"1.211338833E12":388,"1.211049793E12":269,"1.211044899E12":227,"1.211044791E12":223,"1.211030411E12":14,"1.211036087E12":86,"1.211066052E12":328,"1.211066767E12":334,"1.211030818E12":17,"1.211032391E12":41,"1.211066383E12":330,"1.211045295E12":229,"1.211088921E12":367,"1.211046726E12":251,"1.211037384E12":109,"1.211037509E12":111,"1.211037552E12":113,"1.211044046E12":215,"1.211037539E12":112,"1.211032817E12":43,"1.211037979E12":120,"1.211048394E12":262,"1.211051648E12":279,"1.211046405E12":245,"1.211031256E12":27,"1.211031495E12":34,"1.211044863E12":226,"1.211034939E12":60,"1.211070932E12":345,"1.211043068E12":202,"1.211066196E12":329,"1.211063943E12":320,"1.211018474E12":2,"1.211034952E12":61,"1.211040771E12":172,"1.211043117E12":203,"1.211038522E12":133,"1.211033489E12":46,"1.211044851E12":225,"1.211037225E12":102,"1.211039593E12":150,"1.211038403E12":129,"1.211082769E12":360,"1.211066022E12":327,"1.2110185E12":3,"1.211047149E12":255,"1.21103621E12":89,"1.211035663E12":80,"1.211045776E12":236,"1.211037206E12":100,"1.211039833E12":156,"1.211033617E12":47,"1.211056409E12":298,"1.21122107E12":386,"1.211130335E12":380,"1.211043683E12":211,"1.211139384E12":382,"1.211023144E12":7,"1.211042879E12":200,"1.21103437E12":54,"1.211046982E12":253,"1.211036773E12":95,"1.21103812E12":125,"1.211260602E12":387,"1.211031926E12":39,"1.211064977E12":322,"1.211046187E12":240,"1.211032126E12":40,"1.211050808E12":275,"1.211033671E12":48,"1.211053633E12":287,"1.211037629E12":115,"1.21103854E12":136,"1.211032998E12":45,"1.211042463E12":193,"1.211070444E12":342,"1.211085259E12":363,"1.211052035E12":281,"1.211054665E12":290,"1.211061436E12":311,"1.211046476E12":247,"1.211040287E12":162,"1.211049727E12":268,"1.211094135E12":374,"1.211045804E12":237,"1.211045381E12":230,"1.211038439E12":130,"1.211034205E12":53,"1.211083153E12":361,"1.211052109E12":283,"1.211048612E12":265,"1.211031662E12":36,"1.211092886E12":372,"1.211034815E12":57,"1.211092215E12":370,"1.211078387E12":354,"1.211064176E12":321,"1.211054772E12":291,"1.211071149E12":346,"1.211042827E12":199,"1.21103546E12":77,"1.211018404E12":1,"1.211050657E12":274,"1.211043413E12":207,"1.211040777E12":173,"1.211035194E12":71,"1.211030836E12":19,"1.211051578E12":278,"1.211062983E12":317,"1.211044757E12":222,"1.211036864E12":97,"1.211093921E12":373,"1.211050269E12":273,"1.21102605E12":10,"1.211046611E12":249,"1.21103135E12":28,"1.211035651E12":79,"1.211070379E12":341,"1.211100688E12":376,"1.211041672E12":183,"1.211031462E12":30,"1.211038575E12":137,"1.21117701E12":385,"1.21104644E12":246,"1.211040767E12":171,"1.211042478E12":194,"1.211035131E12":68,"1.211043124E12":204,"1.211043832E12":212,"1.21105565E12":295,"1.211048778E12":266,"1.211046375E12":243,"1.211040452E12":168,"1.211043553E12":208,"1.21104244E12":192,"1.211040354E12":165,"1.211040806E12":174,"1.211077059E12":351,"1.211070801E12":343,"1.211027454E12":12,"1.211037383E12":108,"1.211037328E12":105,"1.211020534E12":6,"1.211083349E12":362,"1.211035163E12":69,"1.211039615E12":153,"1.211046011E12":239,"1.211031512E12":35,"1.21107709E12":352,"1.211038583E12":138,"1.211035399E12":76,"1.211045679E12":232,"1.211041671E12":182,"1.21107086E12":344,"1.211049466E12":267,"1.211046764E12":252,"1.211051667E12":280,"1.211035792E12":82,"1.211034166E12":51,"1.211062982E12":316,"1.211051018E12":276,"1.211044032E12":214,"1.211053561E12":285,"1.21107133E12":347,"1.211056907E12":301,"1.211040859E12":175,"1.211058485E12":302,"1.211045731E12":235,"1.211039195E12":144,"1.211031098E12":25,"1.211038472E12":131,"1.211039712E12":154,"1.211095152E12":375,"1.211053464E12":284,"1.211060496E12":307,"1.211059589E12":305,"1.211030968E12":22,"1.211033886E12":49,"1.211040679E12":169,"1.2111243E12":379,"1.21103734E12":106,"1.211041541E12":180,"1.211061483E12":312,"1.211039566E12":149,"1.211040301E12":163,"1.211070182E12":340,"1.211031011E12":23,"1.21106107E12":310,"1.211048304E12":260,"1.211042563E12":195,"1.211045919E12":238,"1.211038027E12":122,"1.211048131E12":258,"1.211037986E12":121,"1.211043306E12":206,"1.211038493E12":132,"1.211092374E12":371,"1.211078111E12":353,"1.211077025E12":350,"1.211080095E12":356,"1.211059067E12":304,"1.211081336E12":358,"1.211037495E12":110,"1.21104036E12":166,"1.21103658E12":94,"1.211048402E12":263,"1.211036793E12":96,"1.211058938E12":303,"1.211034978E12":63,"1.211037924E12":119,"1.211066688E12":332,"1.21104413E12":217,"1.211039908E12":158,"1.211037275E12":104,"1.211041484E12":179,"1.211081602E12":359,"1.211032538E12":42,"1.211035209E12":72,"1.211054287E12":288,"1.211060838E12":309,"1.21103875E12":139,"1.211031493E12":31,"1.211038934E12":142,"1.211034381E12":55,"1.211069109E12":338,"1.211065549E12":325,"1.21103082E12":18,"1.211044109E12":216,"1.211043038E12":201,"1.211044662E12":221,"1.211035605E12":78,"1.211035092E12":67,"1.211040891E12":176,"1.21103618E12":88,"1.211035822E12":84,"1.211056584E12":300,"1.21103826E12":128,"1.211159967E12":384,"1.211034821E12":58,"1.211055805E12":296,"1.211038775E12":140,"1.211040921E12":178,"1.211038881E12":141,"1.211055573E12":294,"1.211032968E12":44,"1.211040227E12":161,"1.211030525E12":15,"1.211034844E12":59,"1.211038165E12":126,"1.211039474E12":148,"1.211069676E12":339,"1.211043611E12":209,"1.211041686E12":185,"1.211091306E12":368,"1.211061736E12":313,"1.211035815E12":83,"1.211042188E12":190,"1.211063176E12":318,"1.211042589E12":197,"1.211075247E12":348,"1.211037223E12":101,"1.211047966E12":257,"1.211054345E12":289,"1.211040681E12":170,"1.211035017E12":66,"1.211047135E12":254,"1.211052063E12":282,"1.211048252E12":259,"1.211041681E12":184,"1.211066807E12":335,"1.211045426E12":231,"1.211062258E12":315,"1.211044248E12":218,"1.211034997E12":64,"1.211037247E12":103,"1.211039252E12":146,"1.211043948E12":213,"1.211035763E12":81,"1.211035006E12":65,"1.211056218E12":297,"1.211037558E12":114,"1.211037064E12":99,"1.211085411E12":364,"1.211046341E12":242,"1.211044816E12":224,"1.211036895E12":98,"1.211041579E12":181,"1.211036511E12":93,"1.211035287E12":74,"1.211044339E12":219,"1.211037663E12":116,"1.211034962E12":62,"1.211047185E12":256,"1.211061877E12":314,"1.211030736E12":16,"1.211031723E12":37,"1.211088071E12":366,"1.211066562E12":331,"1.211066754E12":333,"1.211145838E12":383,"1.211042574E12":196,"1.211080377E12":357,"1.211046677E12":250,"1.211046202E12":241,"1.21104571E12":233,"1.211060764E12":308,"1.211037684E12":117,"1.211037855E12":118,"1.211039854E12":157,"1.211100746E12":377,"1.211048325E12":261,"1.211039207E12":145,"1.211092053E12":369,"1.211056427E12":299,"1.21104639E12":244,"1.211031829E12":38,"1.211035182E12":70,"1.211040336E12":164,"1.211055212E12":292,"1.211065129E12":323,"1.211026001E12":9,"1.211042275E12":191,"1.211055215E12":293,"1.211051541E12":277,"1.211045729E12":234,"1.211038035E12":123},"NUMBER_OF_PEOPLE":400,"minTimeSeen":1.211018404E12,"maxTimeSeen":1.211558405E12,