{"propagationData":{"1.211313021E12":50,"1.211256019E12":12,"1.211355367E12":92,"1.211267056E12":28,"1.211402503E12":122,"1.21125659E12":15,"1.211342097E12":68,"1.211382378E12":111,"1.211462947E12":137,"1.211402425E12":119,"1.211519802E12":165,"1.211519796E12":164,"1.211343416E12":73,"1.211346227E12":81,"1.211265995E12":26,"1.211376549E12":105,"1.211515034E12":146,"1.211312951E12":48,"1.211519719E12":162,"1.21138212E12":108,"1.211311814E12":43,"1.211318768E12":62,"1.211512552E12":143,"1.211519804E12":166,"1.211392622E12":116,"1.211223969E12":8,"1.211413816E12":134,"1.211387628E12":113,"1.211346925E12":86,"1.211315224E12":59,"1.21141426E12":136,"1.211519709E12":161,"1.211344161E12":77,"1.211356565E12":94,"1.211314432E12":52,"1.211319992E12":65,"1.211357204E12":100,"1.211312831E12":45,"1.21138222E12":109,"1.211512471E12":142,"1.211342054E12":67,"1.211268041E12":31,"1.211264574E12":21,"1.211515067E12":147,"1.211058285E12":3,"1.211223998E12":10,"1.211343874E12":76,"1.211413404E12":130,"1.211391859E12":115,"1.211223853E12":5,"1.211382473E12":112,"1.211518448E12":157,"1.21130152E12":36,"1.211517672E12":151,"1.211263709E12":19,"1.211345967E12":79,"1.2115179E12":152,"1.211342197E12":71,"1.211342191E12":70,"1.211301497E12":35,"1.211343742E12":75,"1.21147364E12":140,"1.211311582E12":40,"1.211265872E12":24,"1.211311685E12":41,"1.211057571E12":2,"1.211518798E12":158,"1.211517916E12":154,"1.211312125E12":44,"1.211348194E12":90,"1.211402502E12":121,"1.211346511E12":82,"1.211314416E12":51,"1.211387656E12":114,"1.211318544E12":61,"1.21132006E12":66,"1.21131475E12":54,"1.211517604E12":149,"1.21141278E12":129,"1.211285079E12":33,"1.211315168E12":57,"1.211356929E12":96,"1.211356994E12":97,"1.211311478E12":39,"1.211304753E12":37,"1.211265908E12":25,"1.211315123E12":56,"1.211265792E12":23,"1.211319729E12":64,"1.211355385E12":93,"1.211414192E12":135,"1.211223937E12":7,"1.211256333E12":13,"1.211264527E12":20,"1.211342232E12":72,"1.211381518E12":107,"1.211346936E12":87,"1.211357025E12":98,"1.211382256E12":110,"1.211267619E12":30,"1.211412642E12":125,"1.211343446E12":74,"1.211311386E12":38,"1.211314781E12":55,"1.211517665E12":150,"1.211314628E12":53,"1.211315204E12":58,"1.211346518E12":83,"1.211473643E12":141,"1.211519498E12":160,"1.211519488E12":159,"1.21141274E12":127,"1.211403171E12":123,"1.211402458E12":120,"1.211356614E12":95,"1.211413809E12":133,"1.211256547E12":14,"1.21151798E12":155,"1.211514993E12":145,"1.211342181E12":69,"1.211381465E12":106,"1.211357049E12":99,"1.211376086E12":102,"1.211223933E12":6,"1.211256922E12":18,"1.2112671E12":29,"1.211519778E12":163,"1.211514902E12":144,"1.211312905E12":47,"1.211266399E12":27,"1.211376218E12":104,"1.211311713E12":42,"1.211018404E12":1,"1.211473596E12":139,"1.211517913E12":153,"1.211353982E12":91,"1.211312958E12":49,"1.211224369E12":11,"1.211315469E12":60,"1.211412723E12":126,"1.211402398E12":117,"1.211412745E12":128,"1.2114734E12":138,"1.211518385E12":156,"1.211285945E12":34,"1.211346854E12":85,"1.21125683E12":16,"1.21141262E12":124,"1.211285004E12":32,"1.211346835E12":84,"1.211346958E12":89,"1.211256885E12":17,"1.211318775E12":63,"1.211413804E12":132,"1.211065834E12":4,"1.211265676E12":22,"1.211517513E12":148,"1.211344894E12":78,"1.211312899E12":46,"1.21122397E12":9,"1.211413412E12":131,"1.211376171E12":103,"1.211346952E12":88,"1.211345981E12":80},"NUMBER_OF_PEOPLE":400,"minTimeSeen":1.211018404E12,"maxTimeSeen":1.211558405E12,"NEIGHBORHOOD_RADIUS":20.0,"ENCOUNTER_CHANCE":0.05,"priority":1.0,"duration":540001.0,"minutesDuration":9000.016666666666,"hoursDuration":150.00027777777777,"daysDuration":6.250011574074073}
