{"propagationData":{"1.211032239E12":18,"1.211045121E12":163,"1.211046417E12":178,"1.211037494E12":59,"1.211059881E12":290,"1.21106558E12":316,"1.211045078E12":162,"1.211047351E12":193,"1.211061723E12":298,"1.211157236E12":383,"1.211039449E12":80,"1.211038823E12":68,"1.211040078E12":96,"1.21103596E12":51,"1.211037449E12":58,"1.211039249E12":74,"1.211064086E12":309,"1.211092555E12":362,"1.211047675E12":201,"1.211055371E12":259,"1.211050816E12":229,"1.211048631E12":207,"1.211050093E12":217,"1.211075827E12":339,"1.211056057E12":264,"1.211039793E12":87,"1.211160187E12":385,"1.211055446E12":261,"1.211045635E12":171,"1.211033675E12":38,"1.21121452E12":386,"1.211051082E12":234,"1.211047182E12":189,"1.21104732E12":192,"1.211046467E12":181,"1.211034022E12":39,"1.211061815E12":300,"1.211142556E12":382,"1.211042416E12":134,"1.211042058E12":123,"1.211050616E12":227,"1.211058549E12":274,"1.211064073E12":307,"1.211047572E12":198,"1.211073861E12":336,"1.211033097E12":30,"1.211069939E12":327,"1.211047622E12":199,"1.211039262E12":75,"1.211041108E12":115,"1.21104179E12":119,"1.211080031E12":348,"1.211072465E12":333,"1.211058197E12":273,"1.211034355E12":43,"1.211053308E12":250,"1.211039348E12":76,"1.211054802E12":257,"1.211042263E12":129,"1.211083068E12":354,"1.211050789E12":228,"1.211046306E12":177,"1.211020197E12":8,"1.211022152E12":14,"1.211048575E12":205,"1.211101524E12":371,"1.211062387E12":301,"1.211074064E12":337,"1.211047258E12":191,"1.211033124E12":32,"1.211041828E12":121,"1.211127921E12":376,"1.211041047E12":113,"1.211035687E12":49,"1.21104667E12":184,"1.211052334E12":240,"1.211062662E12":302,"1.211040011E12":94,"1.211040874E12":110,"1.211284647E12":388,"1.21104226E12":128,"1.211018404E12":1,"1.211048809E12":210,"1.211051596E12":236,"1.211044654E12":159,"1.211063546E12":306,"1.211059154E12":280,"1.211032959E12":23,"1.211060808E12":292,"1.211044137E12":155,"1.211038834E12":70,"1.211050829E12":231,"1.211042478E12":137,"1.211045405E12":166,"1.211039901E12":90,"1.211068623E12":323,"1.21104598E12":174,"1.211048847E12":211,"1.211079976E12":347,"1.211095418E12":369,"1.211039899E12":89,"1.211043271E12":147,"1.211049482E12":213,"1.211039358E12":77,"1.211043764E12":149,"1.211050227E12":221,"1.21105327E12":249,"1.211040691E12":105,"1.211020718E12":10,"1.211056823E12":267,"1.211050398E12":225,"1.211045503E12":170,"1.211128997E12":378,"1.211038459E12":62,"1.211058158E12":272,"1.211033137E12":33,"1.211129272E12":379,"1.21105276E12":243,"1.211069712E12":325,"1.21104494E12":161,"1.211436499E12":389,"1.211020937E12":11,"1.211093326E12":364,"1.21103482E12":46,"1.211033061E12":27,"1.211044402E12":157,"1.211090601E12":360,"1.211060999E12":294,"1.211037371E12":57,"1.211050162E12":220,"1.211033037E12":25,"1.211046894E12":187,"1.211047516E12":196,"1.21105688E12":268,"1.211083138E12":356,"1.211042149E12":125,"1.211050325E12":224,"1.211041057E12":114,"1.211046572E12":183,"1.211045408E12":167,"1.211048155E12":204,"1.211059834E12":288,"1.211049246E12":212,"1.211076843E12":343,"1.211039233E12":73,"1.211071249E12":330,"1.211095019E12":367,"1.211049757E12":215,"1.211018989E12":4,"1.211042448E12":136,"1.211040046E12":95,"1.211056896E12":270,"1.21101906E12":6,"1.211037327E12":55,"1.211042244E12":127,"1.211039811E12":88,"1.211070346E12":328,"1.211040413E12":99,"1.211090283E12":359,"1.211054379E12":255,"1.211071628E12":332,"1.211062989E12":304,"1.211117495E12":374,"1.211043985E12":151,"1.211040643E12":102,"1.211059335E12":282,"1.211082963E12":353,"1.211058952E12":277,"1.211018504E12":3,"1.211095258E12":368,"1.211044816E12":160,"1.211068142E12":321,"1.211251869E12":387,"1.211054786E12":256,"1.21110235E12":373,"1.211046295E12":176,"1.21103405E12":40,"1.211049831E12":216,"1.211037569E12":60,"1.211038438E12":61,"1.211076086E12":341,"1.211039506E12":82,"1.211059868E12":289,"1.211052707E12":242,"1.211047446E12":194,"1.211094108E12":365,"1.211069861E12":326,"1.211034137E12":42,"1.211064079E12":308,"1.211045222E12":164,"1.211033379E12":36,"1.211038829E12":69,"1.211052826E12":244,"1.211058898E12":276,"1.211085984E12":357,"1.211042277E12":130,"1.211035693E12":50,"1.211065109E12":313,"1.211058969E12":278,"1.211022371E12":15,"1.211092761E12":363,"1.211034385E12":44,"1.21103263E12":19,"1.21104407E12":153,"1.211044076E12":154,"1.211053311E12":251,"1.211121646E12":375,"1.211062967E12":303,"1.211063371E12":305,"1.211042329E12":132,"1.211048653E12":208,"1.211021573E12":13,"1.211040686E12":104,"1.211046738E12":186,"1.211050436E12":226,"1.211069689E12":324,"1.211047162E12":188,"1.211054242E12":254,"1.211066758E12":320,"1.211065712E12":317,"1.211077894E12":345,"1.211065104E12":312,"1.211034893E12":47,"1.211059512E12":285,"1.211040397E12":98,"1.211044565E12":158,"1.211048664E12":209,"1.211079173E12":346,"1.211040706E12":106,"1.211043012E12":141,"1.211071253E12":331,"1.211041147E12":116,"1.211082465E12":352,"1.21109427E12":366,"1.211055373E12":260,"1.211052968E12":245,"1.211056276E12":266,"1.211041017E12":111,"1.211050123E12":218,"1.211075954E12":340,"1.211082327E12":351,"1.211059818E12":287,"1.211065546E12":315,"1.211046488E12":182,"1.21105082E12":230,"1.211101958E12":372,"1.211074136E12":338,"1.211081033E12":350,"1.211057366E12":271,"1.211039915E12":92,"1.21103491E12":48,"1.211038785E12":67,"1.211041341E12":118,"1.211042679E12":138,"1.211059563E12":286,"1.211043172E12":144,"1.211072657E12":335,"1.211043842E12":150,"1.211046278E12":175,"1.211055067E12":258,"1.211054168E12":252,"1.211036954E12":54,"1.211033228E12":35,"1.211042005E12":122,"1.211032237E12":17,"1.211032873E12":22,"1.211033081E12":29,"1.211022735E12":16,"1.211042685E12":139,"1.211033139E12":34,"1.211047624E12":200,"1.211042141E12":124,"1.211040622E12":101,"1.21103694E12":53,"1.211042425E12":135,"1.211032766E12":21,"1.211042164E12":126,"1.21104668E12":185,"1.2110395E12":81,"1.211158448E12":384,"1.211038557E12":65,"1.21104282E12":140,"1.211083084E12":355,"1.211066325E12":318,"1.211039752E12":85,"1.211040366E12":97,"1.211070412E12":329,"1.21104587E12":173,"1.211033051E12":26,"1.211060853E12":293,"1.211050939E12":232,"1.211059453E12":283,"1.211018483E12":2,"1.211019482E12":7,"1.2110685E12":322,"1.211058798E12":275,"1.211056891E12":269,"1.211060653E12":291,"1.211045416E12":168,"1.211051937E12":238,"1.211047851E12":202,"1.2110913E12":361,"1.211051084E12":235,"1.211020261E12":9,"1.211059506E12":284,"1.2110531E12":246,"1.211055959E12":263,"1.211033642E12":37,"1.211047243E12":190,"1.211019014E12":5,"1.21103979E12":86,"1.211061621E12":297,"1.211033104E12":31,"1.211049621E12":214,"1.211135229E12":380,"1.211137905E12":381,"1.21104646E12":179,"1.211043248E12":146,"1.211050303E12":222,"1.211038493E12":63,"1.211039425E12":79,"1.21105915E12":279,"1.211034058E12":41,"1.211041337E12":117,"1.211038537E12":64,"1.211039908E12":91,"1.211038709E12":66,"1.211045282E12":165,"1.211048103E12":203,"1.211047561E12":197,"1.211044068E12":152,"1.211059289E12":281,"1.211043014E12":142,"1.211065251E12":314,"1.211042341E12":133,"1.211052468E12":241,"1.211086873E12":358,"1.211042311E12":131,"1.211052247E12":239,"1.211045674E12":172,"1.211040512E12":100,"1.211076691E12":342,"1.211037342E12":56,"1.211021156E12":12,"1.21104543E12":169,"1.211095786E12":370,"1.211040683E12":103,"1.211043067E12":143,"1.211046465E12":180,"1.211039385E12":78,"1.211040794E12":108,"1.211061003E12":295,"1.211043629E12":148,"1.211040723E12":107,"1.211050157E12":219,"1.211040873E12":109,"1.211044242E12":156,"1.211039004E12":71,"1.211043215E12":145,"1.211039607E12":83,"1.211032751E12":20,"1.211039212E12":72,"1.211034398E12":45,"1.211055647E12":262,"1.211061538E12":296,"1.211041038E12":112,"1.211051015E12":233,"1.21105321E12":247,"1.211053244E12":248,"1.211039613E12":84,"1.211039961E12":93,"1.211036111E12":52,"1.211076963E12":344,"1.211056195E12":265,"1.211041827E12":120,"1.211033015E12":24,"1.211051631E12":237,"1.211066717E12":319,"1.211128049E12":377,"1.211054239E12":253,"1.211048579E12":206,"1.211064899E12":311,"1.211061739E12":299,"1.211072466E12":334,"1.211080462E12":349,"1.211047496E12":195,