{"propagationData":{"1.211034216E12":176,"1.211024857E12":82,"1.211038596E12":216,"1.211021999E12":45,"1.211020646E12":38,"1.211047559E12":262,"1.21102752E12":120,"1.211036602E12":195,"1.211018734E12":10,"1.211025633E12":93,"1.211039683E12":222,"1.211072335E12":329,"1.211032842E12":169,"1.211051067E12":280,"1.211044129E12":243,"1.21104924E12":269,"1.211026475E12":106,"1.21105098E12":277,"1.211040649E12":226,"1.211075857E12":331,"1.211047488E12":261,"1.211042497E12":236,"1.211253899E12":356,"1.211042929E12":239,"1.211018409E12":4,"1.211069698E12":320,"1.211057872E12":287,"1.211032614E12":164,"1.211034119E12":175,"1.211040313E12":225,"1.211050311E12":273,"1.211023242E12":57,"1.211030638E12":144,"1.211037303E12":200,"1.211254133E12":357,"1.211023687E12":66,"1.211026655E12":109,"1.211023951E12":68,"1.211019499E12":21,"1.211023474E12":62,"1.211035613E12":186,"1.21103246E12":161,"1.211044262E12":244,"1.211035752E12":188,"1.211035758E12":189,"1.211038142E12":209,"1.211069356E12":319,"1.211024656E12":77,"1.211036691E12":197,"1.211018697E12":6,"1.211022841E12":50,"1.21106525E12":314,"1.211041826E12":230,"1.211048433E12":267,"1.211044082E12":242,"1.211037509E12":203,"1.211023551E12":64,"1.211125541E12":347,"1.21106035E12":295,"1.21102455E12":76,"1.211050512E12":275,"1.211028669E12":122,"1.211064909E12":312,"1.211046392E12":255,"1.211022455E12":47,"1.211032967E12":170,"1.211063586E12":302,"1.211026362E12":102,"1.211037651E12":206,"1.211030946E12":147,"1.211035558E12":184,"1.21106392E12":306,"1.211020632E12":37,"1.211021872E12":44,"1.211018694E12":5,"1.211030626E12":142,"1.211081821E12":338,"1.211022618E12":48,"1.211044305E12":245,"1.211029942E12":134,"1.211035254E12":181,"1.211063691E12":303,"1.21103438E12":177,"1.211032403E12":160,"1.211032558E12":162,"1.211025037E12":86,"1.211038587E12":215,"1.211030552E12":141,"1.211035085E12":179,"1.211253432E12":355,"1.211024686E12":78,"1.211025769E12":95,"1.211046608E12":256,"1.21107178E12":327,"1.211028884E12":126,"1.211026377E12":104,"1.211019353E12":18,"1.211027472E12":119,"1.211031607E12":155,"1.211036732E12":199,"1.211030397E12":140,"1.211042085E12":232,"1.211031317E12":152,"1.211020862E12":40,"1.211075931E12":333,"1.211032713E12":165,"1.211067606E12":316,"1.211060188E12":293,"1.211054784E12":285,"1.211038498E12":212,"1.211021379E12":42,"1.21102635E12":101,"1.211081795E12":337,"1.211019007E12":15,"1.211032778E12":167,"1.211042984E12":240,"1.211038837E12":219,"1.211126361E12":348,"1.211023443E12":60,"1.211034049E12":172,"1.211046661E12":257,"1.211123007E12":345,"1.211072058E12":328,"1.211029738E12":132,"1.211060171E12":292,"1.211025551E12":91,"1.21103161E12":156,"1.211019955E12":29,"1.211031108E12":150,"1.211019828E12":26,"1.211046716E12":258,"1.211025781E12":96,"1.211018404E12":2,"1.211027993E12":121,"1.211104074E12":340,"1.211019847E12":27,"1.211071569E12":323,"1.211035253E12":180,"1.211034551E12":178,"1.211071727E12":326,"1.211022947E12":52,"1.211112299E12":343,"1.211142513E12":350,"1.211028828E12":125,"1.211030954E12":148,"1.211060834E12":301,"1.211060379E12":296,"1.211031863E12":158,"1.211063809E12":305,"1.211060831E12":300,"1.211019507E12":22,"1.211037408E12":202,"1.211021647E12":43,"1.211040653E12":227,"1.211020107E12":34,"1.211030926E12":146,"1.211020658E12":39,"1.21103667E12":196,"1.211047341E12":260,"1.211047934E12":265,"1.211036198E12":191,"1.211025237E12":88,"1.211018727E12":8,"1.211060095E12":290,"1.211071445E12":321,"1.211044586E12":247,"1.211042558E12":237,"1.211023203E12":55,"1.211025029E12":85,"1.211071529E12":322,"1.211054792E12":286,"1.211128964E12":349,"1.211253005E12":351,"1.211076014E12":334,"1.211060104E12":291,"1.211047914E12":264,"1.21104631E12":252,"1.211029707E12":130,"1.211024203E12":74,"1.2112531E12":352,"1.211068979E12":317,"1.211020004E12":32,"1.211048455E12":268,"1.211038602E12":217,"1.211029499E12":129,"1.211048431E12":266,"1.211054707E12":283,"1.211028776E12":123,"1.211033382E12":171,"1.211080851E12":336,"1.21105472E12":284,"1.211038692E12":218,"1.21102996E12":135,"1.21101958E12":23,"1.21102722E12":115,"1.211019848E12":28,"1.21125336E12":353,"1.211037346E12":201,"1.211024442E12":75,"1.211023899E12":67,"1.211042857E12":238,"1.211036063E12":190,"1.211051039E12":278,"1.211020075E12":33,"1.211018987E12":12,"1.211064127E12":309,"1.211023542E12":63,"1.211019982E12":30,"1.211036236E12":192,"1.211038565E12":213,"1.211040298E12":224,"1.211039195E12":220,"1.211027032E12":114,"1.211026364E12":103,"1.211036585E12":194,"1.211026447E12":105,"1.211023583E12":65,"1.21102482E12":80,"1.211036574E12":193,"1.211027023E12":113,"1.211035606E12":185,"1.211029923E12":133,"1.211022753E12":49,"1.211050588E12":276,"1.211018999E12":13,"1.211028821E12":124,"1.211019005E12":14,"1.211025853E12":97,"1.211036731E12":198,"1.211034088E12":174,"1.211019219E12":16,"1.211020374E12":36,"1.211023468E12":61,"1.211024058E12":70,"1.211044343E12":246,"1.211042473E12":234,"1.211045864E12":251,"1.211024038E12":69,"1.211253362E12":354,"1.211025631E12":92,"1.211020122E12":35,"1.211069219E12":318,"1.211071675E12":324,"1.21102688E12":112,"1.211122429E12":344,"1.211025649E12":94,"1.211035712E12":187,"1.211030674E12":145,"1.211041481E12":229,"1.21102417E12":73,"1.211025319E12":89,"1.211019371E12":20,"1.211030371E12":137,"1.211025175E12":87,"1.211024863E12":83,"1.211037889E12":207,"1.211026544E12":107,"1.211030339E12":136,"1.21103063E12":143,"1.211024126E12":72,"1.211026775E12":111,"1.211047583E12":263,"1.211064779E12":311,"1.211050487E12":274,"1.211019292E12":17,"1.211035538E12":183,"1.211050193E12":272,"1.211024835E12":81,"1.211021357E12":41,"1.211037593E12":204,"1.211032582E12":163,"1.211060674E12":299,"1.211060457E12":298,"1.21105108E12":281,"1.211023049E12":53,"1.211073296E12":330,"1.211029734E12":131,"1.211038187E12":210,"1.211041479E12":228,"1.211024728E12":79,"1.211024084E12":71,"1.211042993E12":241,"1.211046335E12":253,"1.211019361E12":19,"1.211024997E12":84,"1.211044933E12":250,"1.211080766E12":335,"1.211035271E12":182,"1.211044801E12":249,"1.211104517E12":341,"1.21102311E12":54,"1.211032716E12":166,"1.211034056E12":173,"1.211018711E12":7,"1.211065356E12":315,"1.211022907E12":51,"1.211032781E12":168,"1.211065019E12":313,"1.211052116E12":282,"1.211057889E12":288,"1.2110717E12":325,"1.211038576E12":214,"1.2110381E12":208,"1.211039707E12":223,"1.211026066E12":100,"1.211019986E12":31,"1.21103156E12":153,"1.211075918E12":332,"1.211046389E12":254,"1.211030388E12":138,"1.21103921E12":221,"1.211042033E12":231,"1.211018985E12":11,"1.21106042E12":297,"1.211125027E12":346,"1.211027354E12":117,"1.211027313E12":116,"1.211064386E12":310,"1.211031127E12":151,"1.211060074E12":289,"1.211025887E12":98,"1.21110463E12":342,"1.211019753E12":25,"1.211031723E12":157,"1.211063711E12":304,"1.21102552E12":90,"1.211037634E12":205,"1.211023293E12":59,"1.211044764E12":248,"1.211038215E12":211,"1.21102889E12":127,"1.211031565E12":154,"1.21104728E12":259,"1.211049285E12":270,"1.211026623E12":108,"1.211051046E12":279,"1.21102321E12":56,"1.211018407E12":3,"1.211060318E12":294,"1.211019741E12":24,"1.211022422E12":46,"1.211085029E12":339,"1.21103196E12":159,"1.211064079E12":308,"1.211064076E12":307,"1.211026064E12":99,"1.21104242E12":233},"NUMBER_OF_PEOPLE":400,"minTimeSeen":1.211018404E12,"maxTimeSeen":1.211558405E12,"NEIGHBORHOOD_RADIUS":20.0,"ENCOUNTER_CHANCE":0.05,"priority":1.0,"duration":540001.0,"minutesDuration":9000.016666666666,"hoursDuration":150.00027777777777,"daysDuration":6.250011574074073}
