{"propagationData":{"1.211056913E12":219,"1.211055935E12":206,"1.211049329E12":90,"1.21108884E12":357,"1.211048729E12":85,"1.211048521E12":79,"1.211042106E12":4,"1.211071148E12":309,"1.211051505E12":138,"1.211056293E12":208,"1.211049157E12":88,"1.211047312E12":58,"1.211081943E12":334,"1.211053736E12":167,"1.211046444E12":46,"1.211050671E12":122,"1.211050461E12":118,"1.211052656E12":149,"1.211059028E12":237,"1.211051846E12":141,"1.211085937E12":348,"1.211073868E12":315,"1.211057285E12":223,"1.211051516E12":139,"1.21105657E12":212,"1.211047286E12":57,"1.211081983E12":335,"1.211073785E12":313,"1.211066774E12":288,"1.211046934E12":52,"1.211047436E12":61,"1.211043175E12":16,"1.211124339E12":372,"1.21104615E12":43,"1.211051882E12":142,"1.211087632E12":350,"1.21106127E12":260,"1.211055528E12":196,"1.211048006E12":73,"1.211069083E12":299,"1.211062165E12":265,"1.211042768E12":14,"1.211049706E12":97,"1.21104634E12":44,"1.211082561E12":337,"1.211053252E12":157,"1.21109926E12":366,"1.211053305E12":158,"1.211064667E12":280,"1.211052876E12":151,"1.211057161E12":221,"1.211071797E12":310,"1.211044585E12":29,"1.211046798E12":50,"1.211054629E12":181,"1.21113832E12":378,"1.211085928E12":347,"1.211046042E12":42,"1.2110626E12":271,"1.211047709E12":67,"1.211084062E12":341,"1.211077354E12":325,"1.211059859E12":245,"1.211049845E12":99,"1.211061944E12":264,"1.211045452E12":37,"1.211046467E12":47,"1.211043365E12":18,"1.211079287E12":328,"1.211055051E12":187,"1.211045386E12":36,"1.2110642E12":276,"1.21105094E12":126,"1.21105485E12":185,"1.211070205E12":306,"1.211059816E12":244,"1.211047323E12":59,"1.211050139E12":107,"1.211072754E12":312,"1.211050392E12":115,"1.211055257E12":190,"1.211042344E12":10,"1.211047272E12":56,"1.211053842E12":169,"1.211086881E12":349,"1.211074516E12":318,"1.21108788E12":352,"1.211055773E12":203,"1.211046441E12":45,"1.211054066E12":170,"1.211054205E12":172,"1.211047899E12":72,"1.211063292E12":274,"1.211056719E12":215,"1.21104225E12":9,"1.211042505E12":12,"1.211067954E12":291,"1.21104952E12":92,"1.211048407E12":76,"1.211045142E12":34,"1.211050987E12":127,"1.211138253E12":377,"1.211043508E12":20,"1.211047835E12":71,"1.211047152E12":54,"1.211066205E12":287,"1.21105735E12":225,"1.211118956E12":370,"1.21104475E12":33,"1.21105787E12":231,"1.21110195E12":367,"1.211053565E12":160,"1.211050287E12":111,"1.211050674E12":123,"1.211052563E12":147,"1.211062294E12":268,"1.211058615E12":233,"1.211067314E12":289,"1.211054329E12":176,"1.211060858E12":255,"1.211048636E12":84,"1.211069143E12":300,"1.211050086E12":104,"1.21105149E12":135,"1.211206836E12":382,"1.211044348E12":26,"1.211044421E12":27,"1.211069521E12":303,"1.211064891E12":283,"1.211057353E12":226,"1.211057341E12":224,"1.211048417E12":77,"1.211068471E12":294,"1.211070883E12":308,"1.211127652E12":373,"1.211080433E12":330,"1.211042017E12":2,"1.2110818E12":333,"1.211055553E12":197,"1.211085031E12":345,"1.211050089E12":105,"1.211050347E12":114,"1.21105637E12":210,"1.211051009E12":129,"1.211053627E12":164,"1.211089404E12":358,"1.211102693E12":368,"1.211068469E12":293,"1.211054842E12":184,"1.211050866E12":125,"1.211084825E12":344,"1.211047689E12":65,"1.211043606E12":21,"1.211059429E12":241,"1.211043677E12":23,"1.21106595E12":285,"1.211018404E12":1,"1.211068769E12":297,"1.211062292E12":267,"1.211042969E12":15,"1.211074215E12":317,"1.211049304E12":89,"1.211068801E12":298,"1.211064746E12":281,"1.211056777E12":216,"1.211042231E12":7,"1.211054879E12":186,"1.211050999E12":128,"1.211047795E12":69,"1.211062199E12":266,"1.211054276E12":174,"1.211051083E12":131,"1.211045888E12":40,"1.211047133E12":53,"1.211060084E12":247,"1.211049647E12":93,"1.211136177E12":376,"1.211042372E12":11,"1.21105407E12":171,"1.211055308E12":191,"1.211175496E12":380,"1.211090822E12":361,"1.211210824E12":384,"1.211047707E12":66,"1.211053216E12":156,"1.211069807E12":304,"1.211061103E12":257,"1.211088407E12":354,"1.211053746E12":168,"1.211048594E12":81,"1.211074799E12":319,"1.211057523E12":229,"1.211047812E12":70,"1.211054833E12":183,"1.211064518E12":279,"1.211061145E12":259,"1.21105176E12":140,"1.211046645E12":49,"1.211053087E12":154,"1.211052173E12":144,"1.211064203E12":277,"1.211062342E12":269,"1.211055462E12":194,"1.211054479E12":178,"1.211055904E12":205,"1.211082807E12":340,"1.211128968E12":374,"1.211072632E12":311,"1.211073821E12":314,"1.211060322E12":248,"1.211052481E12":146,"1.211059274E12":239,"1.211049986E12":101,"1.211050085E12":103,"1.211058911E12":235,"1.211049808E12":98,"1.211055394E12":192,"1.21105808E12":232,"1.211042202E12":6,"1.211080823E12":331,"1.211056905E12":218,"1.211054407E12":177,"1.211060841E12":254,"1.211056162E12":207,"1.211053566E12":161,"1.211045336E12":35,"1.211055459E12":193,"1.211094906E12":365,"1.211050313E12":113,"1.211045828E12":39,"1.211059339E12":240,"1.21105143E12":134,"1.211056408E12":211,"1.211054325E12":175,"1.211090217E12":360,"1.211044615E12":30,"1.211060378E12":249,"1.211082655E12":339,"1.211054553E12":179,"1.211088774E12":356,"1.211052568E12":148,"1.211047408E12":60,"1.2110537E12":165,"1.211044508E12":28,"1.211053328E12":159,"1.211064084E12":275,"1.211055481E12":195,"1.211064769E12":282,"1.211045812E12":38,"1.211042654E12":13,"1.211070273E12":307,"1.211056634E12":214,"1.211081043E12":332,"1.211047794E12":68,"1.211044635E12":31,"1.211053214E12":155,"1.211048632E12":82,"1.211050205E12":109,"1.211059026E12":236,"1.211049692E12":96,"1.21106319E12":273,"1.211069504E12":302,"1.211054831E12":182,"1.21105747E12":228,"1.211094868E12":364,"1.21114481E12":379,"1.21105297E12":153,"1.211042139E12":5,"1.211054246E12":173,"1.211061126E12":258,"1.211055721E12":201,"1.211069325E12":301,"1.211075215E12":323,"1.211050032E12":102,"1.21105568E12":200,"1.211066079E12":286,"1.21106082E12":253,"1.211077527E12":327,"1.211043265E12":17,"1.211059707E12":243,"1.211061343E12":261,"1.211067329E12":290,"1.211055864E12":204,"1.211044655E12":32,"1.2110624E12":270,"1.211047626E12":64,"1.211047254E12":55,"1.211068732E12":296,"1.211056327E12":209,"1.211056596E12":213,"1.211050552E12":119,"1.211057629E12":230,"1.211057099E12":220,"1.211064496E12":278,"1.211048633E12":83,"1.211075037E12":321,"1.211049038E12":87,"1.211046834E12":51,"1.211051501E12":137,"1.211053705E12":166,"1.211055731E12":202,"1.211176445E12":381,"1.211084229E12":342,"1.211077402E12":326,"1.211068664E12":295,"1.211052102E12":143,"1.211061382E12":262,"1.211325101E12":387,"1.211089405E12":359,"1.211059676E12":242,"1.211046485E12":48,"1.211060397E12":250,"1.211050289E12":112,"1.211062989E12":272,"1.211050144E12":108,"1.211043647E12":22,"1.211056794E12":217,"1.211055198E12":189,"1.211216781E12":385,"1.211075079E12":322,"1.211049663E12":95,"1.211065161E12":284,"1.211058662E12":234,"1.211054579E12":180,"1.211057236E12":222,"1.211053585E12":162,"1.211059129E12":238,"1.211049648E12":94,"1.211050601E12":121,"1.211060709E12":252,"1.211048384E12":75,"1.211051491E12":136,"1.211048465E12":78,"1.211052775E12":150,"1.211049982E12":100,"1.211051087E12":132,"1.211119238E12":371,"1.211050437E12":116,"1.21105519E12":188,"1.211043442E12":19,"1.211051315E12":133,"1.211207818E12":383,"1.211047621E12":63,"1.211050447E12":117,"1.211049002E12":86,"1.211055642E12":199,"1.211048369E12":74,"1.211050558E12":120,"1.211055624E12":198,"1.211087881E12":353,"1.211082562E12":338,"1.21106995E12":305,"1.211050858E12":124,"1.211052941E12":152,"1.211075221E12":324,"1.211049386E12":91,"1.211079801E12":329,"1.211051056E12":130,"1.211134988E12":375,"1.211045993E12":41,"1.211074015E12":316,"1.211088672E12":355,"1.211111822E12":369,"1.21105741E12":227,"1.211048539E12":80,"1.211042105E12":3,"1.211091345E12":362,"1.211084528E12":343,"1.211082553E12":336,"1.211068084E12":292,"1.211060555E12":251,"1.211059978E12":246,"1.211061881E12":263,"1.211043888E12":24,"1.211052395E12":145,"1.211042237E12":8,"1.211053596E12":163,"1.211050135E12":106,"1.211074811E12":320,"1.211047496E12":62,"1.211223731E12":386,"1.211060919E12":256,"1.211092654E12":363,"1.211085175E12":346,"1.2110439E12":25},"NUMBER_OF_PEOPLE":400,