{"propagationData":{"1.211095039E12":336,"1.211065255E12":129,"1.211078287E12":249,"1.211139403E12":365,"1.211071392E12":200,"1.211083914E12":288,"1.211406033E12":388,"1.211064223E12":115,"1.211094348E12":333,"1.211064782E12":123,"1.211064614E12":121,"1.211064806E12":124,"1.211067456E12":153,"1.211082698E12":280,"1.211090183E12":323,"1.211061717E12":83,"1.211111764E12":352,"1.211095014E12":335,"1.21105636E12":33,"1.211057247E12":40,"1.211083167E12":284,"1.211067363E12":151,"1.211077458E12":242,"1.211083407E12":285,"1.211101319E12":343,"1.211066539E12":143,"1.211095705E12":337,"1.211065137E12":127,"1.211062136E12":86,"1.211078093E12":247,"1.211018533E12":2,"1.211139893E12":366,"1.211080424E12":263,"1.211068598E12":162,"1.211064126E12":114,"1.211088442E12":317,"1.211054475E12":17,"1.211055123E12":18,"1.211071667E12":204,"1.211070443E12":181,"1.211064015E12":111,"1.211102568E12":346,"1.211161423E12":373,"1.211063737E12":106,"1.211073505E12":219,"1.211083005E12":281,"1.211083089E12":282,"1.211176323E12":377,"1.211053502E12":11,"1.211082445E12":277,"1.211086011E12":302,"1.21112017E12":356,"1.211101304E12":342,"1.211071133E12":196,"1.211065774E12":132,"1.211068695E12":163,"1.211070522E12":184,"1.211069329E12":171,"1.211080253E12":260,"1.211058682E12":51,"1.21106346E12":100,"1.211087095E12":309,"1.211071063E12":191,"1.211058002E12":45,"1.211093157E12":332,"1.211071337E12":199,"1.21107677E12":237,"1.211065874E12":135,"1.211061186E12":74,"1.211064316E12":116,"1.211080396E12":262,"1.211068863E12":168,"1.211057832E12":44,"1.211086728E12":306,"1.21109201E12":326,"1.211101657E12":344,"1.211066643E12":145,"1.211075627E12":231,"1.211084744E12":295,"1.211216625E12":380,"1.211064639E12":122,"1.211077593E12":243,"1.211087745E12":313,"1.21106369E12":104,"1.211024421E12":4,"1.211142713E12":369,"1.211068469E12":160,"1.211070936E12":188,"1.211061434E12":77,"1.211065735E12":131,"1.211219849E12":381,"1.211018404E12":1,"1.211073798E12":222,"1.211084298E12":290,"1.211082205E12":274,"1.211083841E12":287,"1.211082674E12":279,"1.211069193E12":170,"1.211055661E12":27,"1.21106373E12":105,"1.211088677E12":318,"1.211092929E12":330,"1.211141774E12":368,"1.211137843E12":363,"1.21106402E12":112,"1.21107824E12":248,"1.211066461E12":140,"1.211064985E12":125,"1.211053032E12":8,"1.211063137E12":94,"1.211063962E12":110,"1.211077863E12":246,"1.211073107E12":214,"1.211059167E12":55,"1.211098136E12":339,"1.211092134E12":328,"1.211074106E12":224,"1.211075724E12":232,"1.211066023E12":136,"1.211053834E12":14,"1.211058155E12":48,"1.211071132E12":195,"1.211382634E12":387,"1.211092085E12":327,"1.21106634E12":139,"1.211061252E12":76,"1.211070683E12":186,"1.211069141E12":169,"1.211086241E12":304,"1.211063502E12":101,"1.211058061E12":47,"1.211072594E12":208,"1.211056799E12":37,"1.21105666E12":34,"1.211072962E12":212,"1.211055625E12":24,"1.211099326E12":341,"1.211069526E12":172,"1.211061019E12":71,"1.211080243E12":259,"1.211163518E12":374,"1.211104969E12":351,"1.211059805E12":60,"1.211073323E12":216,"1.211089301E12":320,"1.211077037E12":240,"1.211071079E12":193,"1.211080219E12":258,"1.211070225E12":178,"1.21106652E12":142,"1.211019697E12":3,"1.211130412E12":359,"1.21106307E12":92,"1.211063144E12":95,"1.211086158E12":303,"1.211073074E12":213,"1.211061685E12":81,"1.211058943E12":53,"1.211075838E12":233,"1.211067603E12":154,"1.211067006E12":148,"1.211119074E12":355,"1.211064532E12":120,"1.211080828E12":266,"1.211169306E12":375,"1.211104712E12":350,"1.211079871E12":257,"1.211057762E12":43,"1.211088392E12":316,"1.21107151E12":202,"1.211057632E12":42,"1.211073795E12":221,"1.211084766E12":298,"1.211061671E12":80,"1.211078679E12":250,"1.211073157E12":215,"1.211089772E12":322,"1.211055624E12":23,"1.211064072E12":113,"1.211076399E12":236,"1.211084435E12":292,"1.211084531E12":293,"1.211328558E12":386,"1.211087726E12":312,"1.211055984E12":30,"1.2110697E12":175,"1.211039147E12":6,"1.211081482E12":271,"1.211061725E12":84,"1.211083769E12":286,"1.21107683E12":238,"1.211090298E12":324,"1.211093156E12":331,"1.211073402E12":217,"1.211060919E12":69,"1.211079116E12":252,"1.211131093E12":360,"1.211068135E12":159,"1.211065207E12":128,"1.211074733E12":227,"1.21105379E12":13,"1.211065134E12":126,"1.211065818E12":133,"1.211055627E12":25,"1.211063681E12":103,"1.211060495E12":67,"1.211149121E12":372,"1.211071293E12":198,"1.211086337E12":305,"1.211073584E12":220,"1.211071062E12":190,"1.211058917E12":52,"1.21105989E12":61,"1.21108069E12":265,"1.211035342E12":5,"1.21107108E12":194,"1.211070284E12":180,"1.211175479E12":376,"1.211075286E12":229,"1.211068721E12":164,"1.211081707E12":273,"1.211056691E12":35,"1.211067148E12":149,"1.211252347E12":382,"1.211075112E12":228,"1.211094403E12":334,"1.211056302E12":31,"1.211072604E12":209,"1.211180689E12":378,"1.211072688E12":210,"1.211054171E12":15,"1.21106152E12":79,"1.211053023E12":7,"1.21106309E12":93,"1.211056784E12":36,"1.211076909E12":239,"1.211059933E12":62,"1.211289386E12":385,"1.21114519E12":370,"1.211063438E12":99,"1.211071718E12":205,"1.211055485E12":21,"1.211136319E12":361,"1.21108223E12":275,"1.211102192E12":345,"1.211067372E12":152,"1.21108476E12":297,"1.211056975E12":38,"1.211077039E12":241,"1.211059466E12":58,"1.211136554E12":362,"1.211067234E12":150,"1.211180779E12":379,"1.211063786E12":107,"1.211060073E12":63,"1.211059119E12":54,"1.211083158E12":283,"1.211057174E12":39,"1.211071603E12":203,"1.211060264E12":64,"1.21105572E12":28,"1.21107023E12":179,"1.211070468E12":182,"1.211084029E12":289,"1.211063433E12":98,"1.211071075E12":192,"1.211063901E12":109,"1.21108064E12":264,"1.211104011E12":349,"1.211077837E12":245,"1.211115548E12":354,"1.211065259E12":130,"1.211053583E12":12,"1.211063402E12":97,"1.211061903E12":85,"1.211062963E12":91,"1.21106852E12":161,"1.211071891E12":206,"1.211070811E12":187,"1.211063179E12":96,"1.211079164E12":253,"1.211064387E12":118,"1.211070497E12":183,"1.21107125E12":197,"1.211098468E12":340,"1.211058192E12":49,"1.21106387E12":108,"1.211080894E12":267,"1.211080264E12":261,"1.211082331E12":276,"1.211103522E12":347,"1.211068749E12":166,"1.211087386E12":311,"1.211062301E12":87,"1.211081118E12":268,"1.211067693E12":155,"1.211088107E12":315,"1.211075451E12":230,"1.211092163E12":329,"1.211066246E12":138,"1.211067872E12":157,"1.211064472E12":119,"1.211060266E12":65,"1.211137846E12":364,"1.211066097E12":137,"1.211058674E12":50,"1.211069963E12":176,"1.211060742E12":68,"1.211062454E12":89,"1.211057375E12":41,"1.211056324E12":32,"1.21105347E12":10,"1.211085212E12":301,"1.211079213E12":254,"1.211068734E12":165,"1.211085051E12":299,"1.211061692E12":82,"1.211059457E12":57,"1.211067004E12":147,"1.21107235E12":207,"1.211081439E12":270,"1.21107588E12":234,"1.211081593E12":272,"1.211061232E12":75,"1.211066514E12":141,"1.211067811E12":156,"1.211084427E12":291,"1.211260597E12":384,"1.21108468E12":294,"1.211061051E12":72,"1.211062489E12":90,"1.211259237E12":383,"1.211074344E12":225,"1.211055604E12":22,"1.211071465E12":201,"1.211072714E12":211,"1.211079053E12":251,"1.211062443E12":88,"1.211055351E12":20,"1.211071032E12":189,"1.211068097E12":158,"1.211055349E12":19,"1.211069679E12":174,"1.211061476E12":78,"1.211121518E12":357,"1.211073449E12":218,"1.211089145E12":319,"1.211068763E12":167,"1.211054314E12":16,"1.211140532E12":367,"1.211077716E12":244,"1.21107923E12":255,"1.211084757E12":296,"1.211148586E12":371,"1.21108725E12":310,"1.211091012E12":325,"1.211073989E12":223,"1.211081297E12":269,"1.211069653E12":173,"1.211066652E12":146,"1.211074394E12":226,"1.211113574E12":353,"1.211129487E12":358,"1.211075888E12":235,"1.211053105E12":9,"1.211059803E12":59,"1.211079437E12":256,"1.211087076E12":308,"1.211065843E12":134,"1.21106355E12":102,"1.211098036E12":338,"1.21108511E12":300,"1.211055893E12":29,"1.211089769E12":321,"1.211061052E12":73,"1.211087763E12":314,"1.211060972E12":70,"1.211059266E12":56,"1.211070575E12":185,"1.211058031E12":46,"1.211070179E12":177,"1.21106662E12":144,"1.211055629E12":26,"1.211103585E12":348,"1.211064382E12":117,"1.211082597E12":278,"1.211087028E12":307},