{"propagationData":{"1.211032239E12":69,"1.211047471E12":265,"1.211033481E12":88,"1.211037925E12":162,"1.211043216E12":235,"1.211034583E12":112,"1.211052434E12":296,"1.211059408E12":329,"1.211044143E12":242,"1.211040931E12":216,"1.211044303E12":243,"1.211054825E12":312,"1.211024998E12":12,"1.211036115E12":136,"1.211034272E12":105,"1.21103238E12":73,"1.211039248E12":188,"1.211030585E12":52,"1.211062361E12":337,"1.211045306E12":254,"1.211038658E12":179,"1.211034905E12":113,"1.211028301E12":38,"1.211034253E12":102,"1.211028812E12":41,"1.211058166E12":324,"1.211057965E12":323,"1.211039431E12":191,"1.21103382E12":91,"1.211024929E12":9,"1.21104862E12":279,"1.2110321E12":61,"1.211063524E12":340,"1.211048808E12":283,"1.211032516E12":76,"1.211072573E12":352,"1.211063737E12":341,"1.211048563E12":277,"1.21102501E12":13,"1.211047575E12":269,"1.211059166E12":327,"1.211030049E12":46,"1.211036212E12":141,"1.211039029E12":186,"1.211042715E12":231,"1.211035604E12":124,"1.211032199E12":65,"1.211050988E12":289,"1.211041108E12":220,"1.211032628E12":78,"1.211032194E12":64,"1.211036239E12":142,"1.211032215E12":68,"1.21106346E12":338,"1.211027033E12":30,"1.211043223E12":236,"1.211053444E12":303,"1.211037962E12":163,"1.211039957E12":201,"1.21103215E12":63,"1.211042263E12":225,"1.211045272E12":253,"1.211031597E12":55,"1.211040802E12":212,"1.211060803E12":332,"1.211033449E12":87,"1.211025052E12":16,"1.21103962E12":197,"1.211055635E12":315,"1.211040972E12":217,"1.211059748E12":330,"1.211073662E12":357,"1.211030119E12":47,"1.211034181E12":101,"1.211028323E12":39,"1.211033587E12":89,"1.21104745E12":264,"1.211035629E12":127,"1.211052174E12":293,"1.211036161E12":138,"1.211059272E12":328,"1.211042614E12":230,"1.211078077E12":363,"1.211018404E12":1,"1.211037465E12":156,"1.211040895E12":215,"1.211031314E12":54,"1.211139379E12":382,"1.211034577E12":110,"1.211024872E12":5,"1.211025744E12":25,"1.211117743E12":376,"1.211025014E12":15,"1.211047934E12":273,"1.211029741E12":45,"1.211035233E12":118,"1.211073026E12":355,"1.211026145E12":26,"1.211030413E12":51,"1.211037148E12":154,"1.211067096E12":346,"1.211118828E12":377,"1.211050221E12":286,"1.211053603E12":306,"1.211091965E12":375,"1.211044848E12":248,"1.211039615E12":196,"1.211024908E12":7,"1.211037579E12":157,"1.21104656E12":262,"1.211040803E12":213,"1.21105633E12":317,"1.211051004E12":290,"1.211045388E12":256,"1.211035931E12":131,"1.211028449E12":40,"1.211032245E12":71,"1.21107146E12":350,"1.211043682E12":239,"1.211067183E12":347,"1.211044871E12":249,"1.211033911E12":95,"1.211084782E12":372,"1.211057308E12":319,"1.211032028E12":58,"1.211051598E12":291,"1.211035606E12":125,"1.211035936E12":132,"1.211034545E12":109,"1.211047911E12":272,"1.211044062E12":241,"1.211049186E12":285,"1.211050963E12":288,"1.211036554E12":146,"1.211038618E12":178,"1.21103878E12":183,"1.211040343E12":206,"1.211032495E12":74,"1.211034582E12":111,"1.211025517E12":24,"1.211024911E12":8,"1.211040655E12":207,"1.211042069E12":223,"1.211064222E12":343,"1.211042272E12":226,"1.211067186E12":348,"1.211024864E12":4,"1.211060998E12":334,"1.21117548E12":383,"1.211032582E12":77,"1.211027051E12":31,"1.211027445E12":34,"1.211033847E12":93,"1.211036611E12":148,"1.211034909E12":114,"1.211043126E12":234,"1.211044821E12":247,"1.211035426E12":121,"1.211035033E12":117,"1.211052642E12":297,"1.211046658E12":263,"1.211044934E12":250,"1.211038586E12":176,"1.211044414E12":244,"1.211038552E12":174,"1.211027465E12":36,"1.21103594E12":133,"1.211025151E12":17,"1.211034277E12":106,"1.211048751E12":280,"1.211032887E12":83,"1.211025349E12":20,"1.211044581E12":245,"1.211055624E12":314,"1.211040889E12":214,"1.211039578E12":195,"1.211053292E12":301,"1.211127573E12":378,"1.21103278E12":81,"1.211077793E12":362,"1.211260589E12":387,"1.211039511E12":194,"1.211036332E12":143,"1.211080252E12":367,"1.211030149E12":48,"1.211055382E12":313,"1.211038955E12":185,"1.211082525E12":370,"1.211037762E12":160,"1.211031616E12":56,"1.211028818E12":42,"1.211053487E12":304,"1.211032213E12":67,"1.21104309E12":233,"1.2110439E12":240,"1.211053773E12":309,"1.21103586E12":130,"1.211048788E12":281,"1.211042335E12":227,"1.211030615E12":53,"1.211038022E12":164,"1.211040781E12":211,"1.211042564E12":229,"1.211048546E12":276,"1.211033857E12":94,"1.211033959E12":97,"1.211036661E12":149,"1.211034028E12":99,"1.211032128E12":62,"1.211021949E12":2,"1.211038554E12":175,"1.211025397E12":23,"1.211040297E12":204,"1.211025013E12":14,"1.211032981E12":85,"1.211040661E12":208,"1.211025376E12":21,"1.211037793E12":161,"1.211047902E12":271,"1.211038247E12":171,"1.211129725E12":379,"1.211035625E12":126,"1.211040692E12":210,"1.211038164E12":168,"1.211035808E12":128,"1.211039268E12":189,"1.211065413E12":344,"1.211045333E12":255,"1.211027649E12":37,"1.211032211E12":66,"1.211039435E12":192,"1.211186786E12":385,"1.211057829E12":321,"1.211035267E12":119,"1.211236257E12":386,"1.211032964E12":84,"1.211038283E12":172,"1.211061868E12":335,"1.211052968E12":299,"1.211047571E12":268,"1.211036117E12":137,"1.211034255E12":103,"1.211267937E12":388,"1.211038418E12":173,"1.211032885E12":82,"1.21102701E12":29,"1.211033779E12":90,"1.211037602E12":158,"1.211039481E12":193,"1.211044583E12":246,"1.211036605E12":147,"1.211035555E12":122,"1.211039915E12":200,"1.211130568E12":380,"1.211039639E12":198,"1.211043668E12":238,"1.21104098E12":218,"1.211046484E12":261,"1.211053332E12":302,"1.211048567E12":278,"1.211052028E12":292,"1.211038612E12":177,"1.211080575E12":368,"1.21107271E12":354,"1.21103707E12":151,"1.211034338E12":108,"1.211053988E12":311,"1.211037218E12":155,"1.211024878E12":6,"1.211036507E12":145,"1.211034293E12":107,"1.211034003E12":98,"1.211037078E12":152,"1.211026243E12":27,"1.211179914E12":384,"1.211032503E12":75,"1.211053649E12":307,"1.21104032E12":205,"1.211056871E12":318,"1.211078994E12":366,"1.211032242E12":70,"1.21103265E12":79,"1.21102518E12":18,"1.211031831E12":57,"1.211064132E12":342,"1.211025396E12":22,"1.211024685E12":3,"1.211052426E12":294,"1.211027464E12":35,"1.211038718E12":181,"1.211076956E12":361,"1.211063489E12":339,"1.211059117E12":326,"1.211038756E12":182,"1.211057885E12":322,"1.211074607E12":358,"1.211038116E12":167,"1.211028838E12":43,"1.211026373E12":28,"1.211034058E12":100,"1.21103559E12":123,"1.211047688E12":270,"1.2110475E12":266,"1.211039247E12":187,"1.211035276E12":120,"1.211046445E12":260,"1.211053004E12":300,"1.211062186E12":336,"1.21104023E12":203,"1.211048532E12":275,"1.211078274E12":364,"1.211058984E12":325,"1.211055999E12":316,"1.211076875E12":360,"1.211052802E12":298,"1.211042482E12":228,"1.211034912E12":115,"1.211034935E12":116,"1.21104543E12":257,"1.211036048E12":134,"1.211032037E12":59,"1.211072581E12":353,"1.211040139E12":202,"1.211029412E12":44,"1.211027301E12":33,"1.211033052E12":86,"1.2110382E12":170,"1.211027123E12":32,"1.211032737E12":80,"1.211041485E12":221,"1.211025342E12":19,"1.211040683E12":209,"1.211036211E12":140,"1.211038165E12":169,"1.211053557E12":305,"1.211035815E12":129,"1.211073119E12":356,"1.2110488E12":282,"1.211038028E12":165,"1.211036182E12":139,"1.211048053E12":274,"1.21105243E12":295,"1.211071913E12":351,"1.211053815E12":310,"1.211059779E12":331,"1.211042865E12":232,"1.211076573E12":359,"1.2110381E12":166,"1.211033838E12":92,"1.21103764E12":159,"1.211037064E12":150,"1.211078696E12":365,"1.211057592E12":320,"1.211039276E12":190,"1.211034264E12":104,"1.211084463E12":371,"1.211086961E12":373,"1.211042081E12":224,"1.211053691E12":308,"1.211082289E12":369,"1.211037145E12":153,"1.211087076E12":374,"1.21103966E12":199,"1.211036111E12":135,"1.211032376E12":72,"1.211066754E12":345,"1.211045257E12":252,"1.211038803E12":184,"1.211036484E12":144,"1.211045707E12":259,"1.21103866E12":180,"1.211043273E12":237,"1.211070755E12":349,"1.211030253E12":50,"1.21104101E12":219,"1.211049155E12":284,"1.211033912E12":96,"1.211032048E12":60,"1.211045114E12":251,"1.211045468E12":258,"1.211041573E12":222,"1.211050955E12":287,"1.211134429E12":381,"1.211343135E12":389,"1.211060913E12":333},"NUMBER_OF_PEOPLE":400,