{"propagationData":{"1.211034216E12":126,"1.211038708E12":177,"1.211051434E12":276,"1.211042354E12":214,"1.211049876E12":260,"1.211049833E12":258,"1.211021098E12":50,"1.211031973E12":84,"1.211032436E12":95,"1.211020121E12":45,"1.21103794E12":170,"1.211050671E12":268,"1.211025616E12":65,"1.211023939E12":54,"1.211034148E12":124,"1.21103947E12":190,"1.211092675E12":321,"1.211047464E12":250,"1.211042298E12":211,"1.211056811E12":283,"1.211041699E12":209,"1.211062789E12":303,"1.211020924E12":48,"1.211103956E12":327,"1.211050161E12":265,"1.211079548E12":317,"1.21103836E12":176,"1.211050142E12":263,"1.211040629E12":205,"1.211018409E12":13,"1.211031027E12":75,"1.211045714E12":233,"1.211035073E12":142,"1.211051062E12":272,"1.211049865E12":259,"1.211033983E12":117,"1.211035072E12":141,"1.21104061E12":203,"1.211062195E12":301,"1.211036466E12":148,"1.211044102E12":222,"1.211039551E12":191,"1.211050705E12":269,"1.211050099E12":261,"1.211032396E12":92,"1.21101938E12":39,"1.211039156E12":186,"1.211020998E12":49,"1.211036274E12":145,"1.211038761E12":180,"1.21107502E12":309,"1.21102584E12":68,"1.211039414E12":189,"1.211039627E12":196,"1.211051079E12":274,"1.211045783E12":236,"1.21103802E12":171,"1.21104595E12":239,"1.211034695E12":134,"1.211040446E12":200,"1.211047323E12":248,"1.211032586E12":99,"1.211036358E12":147,"1.211066772E12":308,"1.211057138E12":287,"1.211034596E12":133,"1.211020383E12":46,"1.211062884E12":304,"1.211032015E12":86,"1.211034559E12":131,"1.211051057E12":271,"1.211045551E12":231,"1.211066134E12":306,"1.211058387E12":291,"1.211046275E12":242,"1.211036995E12":155,"1.211037322E12":161,"1.211060444E12":297,"1.21104225E12":210,"1.211031396E12":80,"1.211032398E12":93,"1.211040615E12":204,"1.211079549E12":318,"1.211032676E12":100,"1.211018406E12":4,"1.211033981E12":116,"1.21103873E12":178,"1.211018428E12":20,"1.211031155E12":77,"1.21104792E12":251,"1.2110459E12":238,"1.21103215E12":88,"1.211021266E12":51,"1.211032885E12":108,"1.211032572E12":98,"1.211049127E12":256,"1.211020827E12":47,"1.211053654E12":279,"1.211034315E12":128,"1.211075189E12":310,"1.211059875E12":296,"1.211039109E12":185,"1.211054873E12":282,"1.211024721E12":61,"1.211032392E12":91,"1.211054675E12":280,"1.211034073E12":121,"1.211024709E12":60,"1.211034547E12":130,"1.211033124E12":111,"1.211036331E12":146,"1.211066739E12":307,"1.211043276E12":220,"1.21102011E12":44,"1.211075845E12":312,"1.211048318E12":254,"1.211032428E12":94,"1.211034193E12":125,"1.211058965E12":294,"1.211046278E12":243,"1.211105782E12":331,"1.211032456E12":96,"1.211031229E12":78,"1.211032005E12":85,"1.211050739E12":270,"1.211025634E12":67,"1.211025568E12":63,"1.211018404E12":3,"1.21103963E12":197,"1.21109435E12":324,"1.211060778E12":299,"1.211092673E12":320,"1.211019356E12":38,"1.21103707E12":157,"1.211033798E12":115,"1.211037763E12":168,"1.211025581E12":64,"1.211056932E12":286,"1.211049492E12":257,"1.211032552E12":97,"1.211024127E12":57,"1.211018441E12":23,"1.211018444E12":25,"1.21103399E12":118,"1.211076504E12":313,"1.2110383E12":174,"1.211031462E12":81,"1.211034243E12":127,"1.211038791E12":181,"1.211040659E12":207,"1.211034982E12":138,"1.211038924E12":184,"1.211060451E12":298,"1.211032364E12":90,"1.211038261E12":173,"1.211056928E12":285,"1.211046481E12":246,"1.211035131E12":143,"1.211034781E12":135,"1.211105468E12":330,"1.211042319E12":212,"1.211024665E12":59,"1.211019393E12":40,"1.211032883E12":107,"1.211031722E12":83,"1.211062516E12":302,"1.211032857E12":106,"1.21103757E12":163,"1.211045991E12":240,"1.211037161E12":158,"1.21104246E12":216,"1.211018411E12":18,"1.211050156E12":264,"1.211018408E12":11,"1.211033744E12":114,"1.211045175E12":227,"1.211032767E12":103,"1.211051514E12":278,"1.211039615E12":195,"1.211036944E12":154,"1.211046207E12":241,"1.211026089E12":70,"1.211043035E12":219,"1.211041671E12":208,"1.211045564E12":232,"1.211032761E12":102,"1.211064745E12":305,"1.211056907E12":284,"1.211060915E12":300,"1.21103662E12":149,"1.211042541E12":217,"1.21102133E12":52,"1.211037596E12":166,"1.211075307E12":311,"1.211034127E12":123,"1.21103443E12":129,"1.211057485E12":290,"1.211050116E12":262,"1.211018439E12":22,"1.211037794E12":169,"1.211018434E12":21,"1.211040578E12":202,"1.211018638E12":32,"1.211032994E12":109,"1.211033153E12":112,"1.21104293E12":218,"1.211036876E12":151,"1.211044455E12":226,"1.211031064E12":76,"1.211018832E12":35,"1.211037003E12":156,"1.211018508E12":28,"1.21103167E12":82,"1.211034062E12":120,"1.21104589E12":237,"1.211018557E12":30,"1.211050599E12":267,"1.211032131E12":87,"1.211048323E12":255,"1.211032813E12":105,"1.211019008E12":36,"1.211024498E12":58,"1.21103803E12":172,"1.211094666E12":325,"1.211051288E12":275,"1.211047942E12":253,"1.211045209E12":228,"1.211034585E12":132,"1.21104413E12":223,"1.211034965E12":137,"1.211045734E12":234,"1.211057351E12":289,"1.211057212E12":288,"1.211018749E12":33,"1.211018415E12":19,"1.211046316E12":244,"1.211079612E12":319,"1.211042453E12":215,"1.211026669E12":72,"1.211042341E12":213,"1.211037577E12":164,"1.211051075E12":273,"1.211032712E12":101,"1.211039258E12":188,"1.21101851E12":29,"1.211104856E12":329,"1.211094971E12":326,"1.211045502E12":230,"1.211019781E12":41,"1.211033658E12":113,"1.211046772E12":247,"1.211026075E12":69,"1.211026686E12":73,"1.211033089E12":110,"1.211024086E12":55,"1.211051501E12":277,"1.211018442E12":24,"1.211020063E12":43,"1.211021451E12":53,"1.211037649E12":167,"1.211047935E12":252,"1.211038881E12":183,"1.211044401E12":225,"1.211037195E12":160,"1.211046332E12":245,"1.211054711E12":281,"1.2110396E12":194,"1.211045742E12":235,"1.211040636E12":206,"1.211039591E12":192,"1.211036137E12":144,"1.211036925E12":153,"1.211028575E12":74,"1.211036707E12":150,"1.211019978E12":42,"1.211035E12":140,"1.211038744E12":179,"1.21109365E12":322,"1.211018817E12":34,"1.211039245E12":187,"1.211040395E12":198,"1.21107704E12":314,"1.211034986E12":139,"1.211094074E12":323,"1.211018495E12":26,"1.211038337E12":175,"1.211050375E12":266,"1.21103405E12":119,"1.211044098E12":221,"1.211037569E12":162,"1.211040574E12":201,"1.211058451E12":293,"1.211031395E12":79,"1.211040401E12":199,"1.211025414E12":62,"1.21101841E12":16,"1.211038879E12":182,"1.211077123E12":316,"1.211045491E12":229,"1.211034795E12":136,"1.211058405E12":292,"1.211026639E12":71,"1.211047456E12":249,"1.211059091E12":295,"1.211032267E12":89,"1.211037587E12":165,"1.211018407E12":8,"1.211077117E12":315,"1.211018617E12":31,"1.211032811E12":104,"1.211036916E12":152,"1.211034106E12":122,"1.211019346E12":37,"1.211104345E12":328,"1.211024112E12":56,"1.211044287E12":224},"NUMBER_OF_PEOPLE":400,"minTimeSeen":1.211018404E12,"maxTimeSeen":1.211558405E12,"NEIGHBORHOOD_RADIUS":20.0,"ENCOUNTER_CHANCE":0.05,"priority":1.0,"duration":540001.0,"minutesDuration":9000.016666666666,"hoursDuration":150.00027777777777,"daysDuration":6.250011574074073}
