{"propagationData":{"1.211038835E12":110,"1.211049116E12":227,"1.211037654E12":89,"1.211030366E12":9,"1.211068443E12":309,"1.211037786E12":91,"1.211064068E12":300,"1.211031392E12":20,"1.211321059E12":354,"1.211036602E12":79,"1.211032369E12":34,"1.211037063E12":84,"1.211060587E12":285,"1.211034583E12":57,"1.211083832E12":339,"1.211053893E12":264,"1.211046646E12":201,"1.211036177E12":74,"1.211033157E12":46,"1.211077735E12":332,"1.211046636E12":200,"1.211173116E12":348,"1.211047138E12":203,"1.211042564E12":154,"1.21109274E12":343,"1.211169694E12":347,"1.211034977E12":63,"1.211042682E12":156,"1.211169261E12":346,"1.211051412E12":246,"1.211040427E12":123,"1.211065945E12":304,"1.211044039E12":165,"1.211040968E12":133,"1.21105657E12":272,"1.211053725E12":262,"1.211044844E12":176,"1.211034937E12":62,"1.211048248E12":216,"1.211041507E12":144,"1.211091288E12":342,"1.211039576E12":114,"1.211038875E12":112,"1.211055626E12":270,"1.211046048E12":193,"1.211061795E12":288,"1.211042233E12":151,"1.211042442E12":153,"1.211031027E12":12,"1.211036519E12":77,"1.211041188E12":137,"1.211042821E12":160,"1.211070714E12":312,"1.211049623E12":233,"1.211062908E12":296,"1.21103822E12":103,"1.211035802E12":66,"1.211040823E12":131,"1.211080242E12":334,"1.211053088E12":252,"1.211034707E12":59,"1.211062609E12":290,"1.211053454E12":260,"1.211041117E12":136,"1.211041855E12":146,"1.21103113E12":16,"1.211036118E12":71,"1.21103179E12":25,"1.211040721E12":127,"1.211032396E12":36,"1.211047284E12":206,"1.211033673E12":48,"1.21104557E12":186,"1.211050087E12":237,"1.211037875E12":94,"1.211046035E12":192,"1.211053289E12":255,"1.211036691E12":83,"1.2110421E12":149,"1.211075255E12":326,"1.211038164E12":102,"1.211045944E12":191,"1.211050441E12":239,"1.211038699E12":108,"1.211062899E12":295,"1.211037234E12":88,"1.211062655E12":292,"1.211044046E12":166,"1.211063521E12":298,"1.21106417E12":302,"1.211052167E12":248,"1.211053135E12":253,"1.211031226E12":18,"1.211034778E12":61,"1.211043193E12":162,"1.211072144E12":317,"1.211032312E12":32,"1.211060497E12":283,"1.211047272E12":205,"1.211032015E12":30,"1.211050062E12":236,"1.211064133E12":301,"1.211046206E12":195,"1.211043207E12":163,"1.211075234E12":324,"1.211048375E12":219,"1.211063932E12":299,"1.211055336E12":269,"1.211042839E12":161,"1.211047571E12":210,"1.211038529E12":104,"1.211053565E12":261,"1.211039617E12":116,"1.211051021E12":244,"1.211031161E12":17,"1.211081375E12":338,"1.211041875E12":147,"1.211039682E12":118,"1.211053789E12":263,"1.21106821E12":307,"1.211050007E12":235,"1.211048145E12":214,"1.211045334E12":180,"1.21103854E12":105,"1.21104918E12":228,"1.211031037E12":14,"1.211168149E12":345,"1.211049196E12":229,"1.21104829E12":217,"1.211039738E12":119,"1.211046537E12":198,"1.211256388E12":351,"1.211030204E12":4,"1.211092879E12":344,"1.211035152E12":64,"1.211036148E12":72,"1.211256571E12":353,"1.211040789E12":130,"1.211080623E12":335,"1.211060151E12":281,"1.211048612E12":221,"1.211058363E12":278,"1.21103442E12":56,"1.21109064E12":340,"1.21104869E12":224,"1.211037837E12":92,"1.211036161E12":73,"1.2110366E12":78,"1.211035382E12":65,"1.211044321E12":172,"1.211057991E12":277,"1.211049206E12":230,"1.211062707E12":293,"1.211044049E12":167,"1.211050911E12":242,"1.211073669E12":319,"1.211057395E12":273,"1.211047512E12":209,"1.211256486E12":352,"1.211060361E12":282,"1.211038677E12":107,"1.211018404E12":1,"1.211041782E12":145,"1.211040158E12":122,"1.211074744E12":323,"1.211072039E12":316,"1.211054203E12":265,"1.211035971E12":70,"1.211054965E12":268,"1.211053426E12":259,"1.211036667E12":82,"1.211041031E12":135,"1.211061106E12":286,"1.21104836E12":218,"1.211030287E12":5,"1.211048065E12":213,"1.211049423E12":232,"1.211040059E12":120,"1.211062963E12":297,"1.211071103E12":315,"1.211053322E12":256,"1.211033767E12":50,"1.211038674E12":106,"1.211040438E12":125,"1.211046314E12":196,"1.21103155E12":21,"1.211048454E12":220,"1.211040827E12":132,"1.211032355E12":33,"1.211076109E12":327,"1.21103475E12":60,"1.211044799E12":174,"1.211041421E12":140,"1.211051478E12":247,"1.211050973E12":243,"1.211049356E12":231,"1.211038036E12":99,"1.211052528E12":250,"1.211042713E12":157,"1.211032606E12":39,"1.211032966E12":45,"1.211040135E12":121,"1.211075253E12":325,"1.211037161E12":87,"1.211044931E12":177,"1.211091071E12":341,"1.211042808E12":159,"1.211046171E12":194,"1.21103459E12":58,"1.211072383E12":318,"1.211039643E12":117,"1.211031363E12":19,"1.211037696E12":90,"1.211031951E12":27,"1.211074524E12":322,"1.21104891E12":226,"1.211034384E12":55,"1.211057803E12":276,"1.211030624E12":10,"1.211045544E12":185,"1.211044166E12":169,"1.211045818E12":189,"1.211041428E12":141,"1.211031966E12":28,"1.211077603E12":331,"1.211031585E12":24,"1.21104426E12":170,"1.211030961E12":11,"1.21104651E12":197,"1.211050265E12":238,"1.211037994E12":98,"1.21103815E12":101,"1.211048172E12":215,"1.211052782E12":251,"1.211044431E12":173,"1.211047448E12":207,"1.211034356E12":53,"1.211061548E12":287,"1.211036288E12":76,"1.211042577E12":155,"1.211045391E12":181,"1.211045506E12":183,"1.211045193E12":178,"1.211054898E12":267,"1.211031552E12":22,"1.211037983E12":97,"1.211037942E12":95,"1.211044278E12":171,"1.21103871E12":109,"1.211048657E12":223,"1.211050452E12":241,"1.211052218E12":249,"1.211057555E12":274,"1.211041388E12":138,"1.211040998E12":134,"1.211081298E12":337,"1.21105434E12":266,"1.21102999E12":3,"1.211036635E12":81,"1.211029586E12":2,"1.211077445E12":329,"1.211040428E12":124,"1.211060579E12":284,"1.211042792E12":158,"1.21105318E12":254,"1.211033873E12":51,"1.211030309E12":8,"1.211053393E12":257,"1.211256299E12":350,"1.21104403E12":164,"1.211032613E12":40,"1.21107106E12":314,"1.211070902E12":313,"1.211035949E12":69,"1.211032393E12":35,"1.211068356E12":308,"1.21105778E12":275,"1.211246139E12":349,"1.211049921E12":234,"1.211045784E12":188,"1.211031029E12":13,"1.211079454E12":333,"1.211065829E12":303,"1.211035868E12":68,"1.211031968E12":29,"1.211045461E12":182,"1.21103289E12":43,"1.211044821E12":175,"1.2110396E12":115,"1.211040683E12":126,"1.211080642E12":336,"1.211037947E12":96,"1.211060127E12":280,"1.211050449E12":240,"1.211034056E12":52,"1.211042031E12":148,"1.211031903E12":26,"1.211040723E12":128,"1.211041464E12":143,"1.211032627E12":41,"1.211077586E12":330,"1.211047884E12":211,"1.211077376E12":328,"1.211060121E12":279,"1.211062793E12":294,"1.211048781E12":225,"1.211068129E12":306,"1.211032553E12":38,"1.211034375E12":54,"1.211044126E12":168,"1.211074066E12":321,"1.211037871E12":93,"1.211033708E12":49,"1.211039397E12":113,"1.21104077E12":129,"1.211045518E12":184,"1.211038144E12":100,"1.211037133E12":85,"1.211041405E12":139,"1.211033604E12":47,"1.211062617E12":291,"1.211066254E12":305,"1.211051399E12":245,"1.211047898E12":212,"1.211045577E12":187,"1.211471415E12":356,"1.211037145E12":86,"1.211036247E12":75,"1.211069177E12":310,"1.211053402E12":258,"1.211073917E12":320,"1.211056552E12":271,"1.211032483E12":37,"1.211035813E12":67,"1.2110422E12":150,"1.211047118E12":202,"1.211321114E12":355,"1.211062586E12":289,"1.211032855E12":42,"1.211031565E12":23,"1.211047466E12":208,"1.211031072E12":15,"1.211069416E12":311,"1.211042262E12":152,"1.21103029E12":6,"1.211046633E12":199,"1.211045324E12":179,"1.211047221E12":204,"1.211032087E12":31,"1.211032931E12":44,"1.211045911E12":190},"NUMBER_OF_PEOPLE":400,"minTimeSeen":1.211018404E12,"maxTimeSeen":1.211558405E12,"NEIGHBORHOOD_RADIUS":20.0,"ENCOUNTER_CHANCE":0.05,"priority":1.0,"duration":540001.0,"minutesDuration":9000.016666666666,"hoursDuration":150.00027777777777,"daysDuration":6.250011574074073}
