{"propagationData":{"1.211068783E12":51,"1.211083902E12":245,"1.21109277E12":298,"1.211073891E12":125,"1.211121811E12":342,"1.211125665E12":343,"1.211089517E12":287,"1.211087622E12":275,"1.211093933E12":299,"1.211064794E12":12,"1.211069522E12":56,"1.2110645E12":7,"1.211077735E12":169,"1.2111007E12":320,"1.211074703E12":141,"1.211071245E12":82,"1.211075978E12":152,"1.211074308E12":134,"1.211073387E12":113,"1.211102369E12":324,"1.211077818E12":171,"1.211095055E12":304,"1.211070835E12":75,"1.211089158E12":285,"1.211072152E12":98,"1.211062987E12":3,"1.211161067E12":376,"1.211074071E12":130,"1.211077788E12":170,"1.211079367E12":190,"1.211072725E12":101,"1.211090655E12":291,"1.211088874E12":283,"1.211079148E12":184,"1.211086506E12":268,"1.211098203E12":313,"1.211075122E12":145,"1.211081883E12":231,"1.211098565E12":315,"1.211076297E12":157,"1.211147271E12":370,"1.211066798E12":27,"1.211084721E12":257,"1.211106467E12":331,"1.211080223E12":204,"1.211131644E12":353,"1.211079427E12":193,"1.211070654E12":72,"1.211064522E12":10,"1.211071514E12":88,"1.211078664E12":180,"1.211112288E12":333,"1.211104677E12":329,"1.211068201E12":45,"1.211068484E12":48,"1.211072768E12":103,"1.211136651E12":359,"1.211087573E12":274,"1.211080455E12":208,"1.211338833E12":387,"1.211084783E12":258,"1.211079026E12":183,"1.211079766E12":194,"1.21108427E12":252,"1.211064884E12":15,"1.21109784E12":312,"1.211119813E12":341,"1.211119732E12":340,"1.211076061E12":154,"1.211077913E12":175,"1.21106559E12":22,"1.211081791E12":229,"1.211094237E12":300,"1.211073897E12":126,"1.211076657E12":162,"1.211069964E12":63,"1.211107565E12":332,"1.2110674E12":37,"1.211092031E12":295,"1.211079817E12":196,"1.211246468E12":384,"1.211073525E12":118,"1.211117398E12":336,"1.211064844E12":14,"1.211150051E12":374,"1.211072022E12":96,"1.211152165E12":375,"1.211141078E12":363,"1.211135566E12":357,"1.211125884E12":346,"1.211069259E12":55,"1.211076315E12":158,"1.211117855E12":337,"1.211075565E12":148,"1.21107586E12":151,"1.211071907E12":95,"1.211071396E12":84,"1.211084494E12":255,"1.211068089E12":44,"1.211147434E12":371,"1.211092606E12":296,"1.211072231E12":99,"1.21107007E12":66,"1.211069568E12":58,"1.211092026E12":294,"1.211070823E12":74,"1.211076044E12":153,"1.21106516E12":18,"1.211080647E12":212,"1.211084281E12":254,"1.211071877E12":94,"1.211080258E12":205,"1.211100402E12":319,"1.21107105E12":80,"1.211067234E12":34,"1.21106864E12":49,"1.211133346E12":355,"1.211095559E12":307,"1.211069747E12":60,"1.211146307E12":368,"1.211100286E12":318,"1.211094895E12":303,"1.211070571E12":70,"1.211118111E12":338,"1.211084275E12":253,"1.211085176E12":261,"1.211095235E12":305,"1.211202126E12":381,"1.211088083E12":278,"1.211073395E12":114,"1.211075637E12":149,"1.211088823E12":282,"1.211076212E12":156,"1.211079323E12":189,"1.211088224E12":280,"1.211071226E12":81,"1.211074567E12":140,"1.211175248E12":379,"1.211086309E12":266,"1.211082061E12":235,"1.211064466E12":5,"1.211074203E12":132,"1.211079289E12":187,"1.211067307E12":35,"1.211074162E12":131,"1.211071275E12":83,"1.211079388E12":191,"1.211070927E12":78,"1.211069965E12":64,"1.211064924E12":16,"1.21107668E12":163,"1.211067191E12":33,"1.211101556E12":321,"1.211082679E12":238,"1.21107147E12":86,"1.211066764E12":25,"1.211079827E12":197,"1.211076347E12":159,"1.211089536E12":288,"1.21107941E12":192,"1.211084848E12":259,"1.211078795E12":181,"1.211305957E12":386,"1.211018404E12":1,"1.21107271E12":100,"1.211067033E12":30,"1.211164654E12":378,"1.211074549E12":139,"1.211131068E12":352,"1.211102924E12":326,"1.211073977E12":127,"1.211070578E12":71,"1.211161391E12":377,"1.211074237E12":133,"1.211098327E12":314,"1.21106536E12":20,"1.211073146E12":110,"1.211073306E12":112,"1.211070078E12":67,"1.21108087E12":215,"1.211080572E12":210,"1.211074005E12":128,"1.211066808E12":28,"1.211074738E12":142,"1.211128877E12":351,"1.21108421E12":250,"1.21113325E12":354,"1.21108005E12":201,"1.211084243E12":251,"1.211067569E12":40,"1.211079286E12":186,"1.211081884E12":232,"1.211070996E12":79,"1.21107689E12":166,"1.211083203E12":239,"1.211073807E12":121,"1.211063866E12":4,"1.211077869E12":173,"1.211104595E12":328,"1.211076066E12":155,"1.21108676E12":269,"1.211147787E12":372,"1.211085464E12":262,"1.211074056E12":129,"1.211069815E12":62,"1.211071512E12":87,"1.211079933E12":199,"1.211067656E12":42,"1.211081522E12":225,"1.211143219E12":365,"1.211080717E12":213,"1.21107179E12":93,"1.211070373E12":69,"1.211070015E12":65,"1.211074504E12":137,"1.211075123E12":146,"1.211078144E12":178,"1.211087855E12":277,"1.211090416E12":289,"1.211072031E12":97,"1.211069075E12":53,"1.211076642E12":161,"1.211077976E12":176,"1.211069206E12":54,"1.211082074E12":236,"1.211067609E12":41,"1.211125803E12":345,"1.211118646E12":339,"1.211064781E12":11,"1.211086139E12":263,"1.211067941E12":43,"1.211078076E12":177,"1.211079799E12":195,"1.211074325E12":135,"1.211081722E12":228,"1.211086216E12":264,"1.211175495E12":380,"1.211071762E12":92,"1.21113391E12":356,"1.211078407E12":179,"1.211079924E12":198,"1.211070142E12":68,"1.211064499E12":6,"1.211081073E12":220,"1.21107345E12":116,"1.211073869E12":124,"1.211125763E12":344,"1.211086792E12":272,"1.211081232E12":222,"1.211071565E12":89,"1.211127806E12":350,"1.211082567E12":237,"1.211069717E12":59,"1.211136098E12":358,"1.211088924E12":284,"1.21108677E12":271,"1.211116109E12":335,"1.211086847E12":273,"1.211075777E12":150,"1.211086226E12":265,"1.211083543E12":242,"1.211088501E12":281,"1.211076809E12":165,"1.211140831E12":362,"1.211102536E12":325,"1.211077503E12":167,"1.211095614E12":309,"1.211070872E12":76,"1.211075245E12":147,"1.21109535E12":306,"1.211071747E12":91,"1.211073809E12":122,"1.211079272E12":185,"1.211080997E12":218,"1.211083751E12":244,"1.211077831E12":172,"1.211081602E12":226,"1.211094868E12":302,"1.21107315E12":111,"1.211072746E12":102,"1.211084012E12":246,"1.211081318E12":223,"1.211099587E12":317,"1.211090596E12":290,"1.211084588E12":256,"1.211083341E12":241,"1.211070884E12":77,"1.21107649E12":160,"1.211064506E12":8,"1.211074545E12":138,"1.211087779E12":276,"1.211080055E12":202,"1.211073485E12":117,"1.211074755E12":143,"1.211079936E12":200,"1.211073074E12":108,"1.211216021E12":383,"1.21109265E12":297,"1.211073411E12":115,"1.211081075E12":221,"1.211068732E12":50,"1.211069542E12":57,"1.211065235E12":19,"1.211078968E12":182,"1.211091289E12":292,"1.211080961E12":216,"1.211095812E12":310,"1.211094741E12":301,"1.211082003E12":234,"1.211144463E12":366,"1.211112424E12":334,"1.211080312E12":207,"1.211074329E12":136,"1.211081699E12":227,"1.211091312E12":293,"1.211073109E12":109,"1.211149919E12":373,"1.211144923E12":367,"1.211083704E12":243,"1.211069755E12":61,"1.211073668E12":120,"1.211104271E12":327,"1.211067092E12":32,"1.211068468E12":46,"1.211084105E12":247,"1.211026253E12":2,"1.211066747E12":24,"1.211072824E12":104,"1.211077896E12":174,"1.211079295E12":188,"1.211098884E12":316,"1.211101945E12":323,"1.21107174E12":90,"1.211077671E12":168,"1.211066994E12":29,"1.211076737E12":164,"1.211126195E12":348,"1.211139567E12":361,"1.211125895E12":347,"1.211080482E12":209,"1.211126363E12":349,"1.211089482E12":286,"1.211081944E12":233,"1.211073812E12":123,"1.211072934E12":105,"1.21106563E12":23,"1.21108323E12":240,"1.211065138E12":17,"1.21114114E12":364,"1.211086498E12":267,"1.211105881E12":330,"1.211080612E12":211,"1.211066785E12":26,"1.211260589E12":385,"1.211080849E12":214,"1.211071428E12":85,"1.211211023E12":382,"1.211081005E12":219,"1.211088223E12":279,"1.211146416E12":369,"1.211084207E12":249,"1.211095567E12":308,"1.211064508E12":9,"1.211068805E12":52,"1.211067308E12":36,"1.211101781E12":322,"1.211096234E12":311,"1.211070701E12":73,"1.211080293E12":206,"1.21106538E12":21,"1.211139393E12":360,"1.211081422E12":224,"1.211067497E12":38,"1.211080081E12":203,"1.211073012E12":106,"1.21108412E12":248,"1.211074975E12":144,"1.211084897E12":260,"1.211081866E12":230,"1.211064822E12":13,"1.211073643E12":119},"NUMBER_OF_PEOPLE":400,"minTimeSeen":1.211018404E12,"maxTimeSeen":1.211558405E12,"NEIGHBORHOOD_RADIUS":20.0,