{"propagationData":{"1.211037707E12":198,"1.211019768E12":34,"1.21108103E12":362,"1.211024857E12":44,"1.211034321E12":141,"1.211062378E12":323,"1.211035666E12":158,"1.211063344E12":326,"1.211029764E12":78,"1.211119077E12":373,"1.211031392E12":92,"1.211023514E12":43,"1.211030159E12":80,"1.21104045E12":233,"1.211031371E12":91,"1.211077633E12":353,"1.211018864E12":21,"1.211033656E12":122,"1.211066422E12":337,"1.211039889E12":223,"1.211041227E12":245,"1.21120703E12":384,"1.211140415E12":378,"1.211038415E12":207,"1.211031355E12":90,"1.211018843E12":19,"1.211034241E12":139,"1.211035551E12":155,"1.211036364E12":172,"1.211037985E12":201,"1.211048681E12":289,"1.211018416E12":5,"1.211033721E12":125,"1.21105423E12":307,"1.21105195E12":298,"1.211038E12":202,"1.21103238E12":104,"1.211033962E12":127,"1.211047147E12":279,"1.211040719E12":239,"1.21102955E12":71,"1.211025502E12":49,"1.211036497E12":176,"1.211062361E12":322,"1.211063808E12":330,"1.211079067E12":356,"1.211043136E12":257,"1.21103946E12":214,"1.211035478E12":153,"1.211036644E12":179,"1.211025471E12":48,"1.211046349E12":272,"1.211019646E12":29,"1.211047411E12":285,"1.211018688E12":11,"1.211018834E12":17,"1.211018666E12":10,"1.211051115E12":297,"1.211035802E12":161,"1.211077379E12":351,"1.211053414E12":302,"1.211037192E12":185,"1.211260592E12":386,"1.211047672E12":286,"1.211034098E12":132,"1.211023474E12":42,"1.211096109E12":371,"1.211035378E12":151,"1.211031583E12":95,"1.211030586E12":88,"1.211033703E12":124,"1.211034602E12":144,"1.211039611E12":215,"1.211033074E12":117,"1.211061085E12":319,"1.211029572E12":73,"1.211019731E12":32,"1.211037107E12":181,"1.21103711E12":183,"1.211029503E12":67,"1.211033115E12":118,"1.211033693E12":123,"1.211036209E12":169,"1.211036473E12":175,"1.211018718E12":13,"1.211037197E12":186,"1.211034222E12":137,"1.21103479E12":146,"1.211032394E12":105,"1.211095506E12":369,"1.211025096E12":46,"1.211032363E12":103,"1.211140141E12":377,"1.211035566E12":156,"1.211066154E12":335,"1.211025819E12":53,"1.211052226E12":300,"1.211040771E12":242,"1.211037613E12":195,"1.211032109E12":102,"1.211049975E12":294,"1.211029516E12":68,"1.211043411E12":260,"1.21103411E12":133,"1.211066743E12":340,"1.211071133E12":344,"1.211031852E12":97,"1.211018778E12":15,"1.211064761E12":333,"1.211047288E12":283,"1.211037206E12":187,"1.211032398E12":106,"1.211047143E12":278,"1.211049226E12":290,"1.211034575E12":143,"1.211018414E12":4,"1.211046227E12":269,"1.211078179E12":355,"1.211066513E12":338,"1.211038529E12":208,"1.211034066E12":131,"1.211039378E12":213,"1.21102224E12":37,"1.211036689E12":180,"1.211043463E12":261,"1.211038032E12":203,"1.211053843E12":304,"1.211036318E12":170,"1.21103983E12":221,"1.211040836E12":244,"1.211039673E12":217,"1.211254283E12":385,"1.211018722E12":14,"1.211031976E12":100,"1.211037633E12":196,"1.211032778E12":112,"1.211041229E12":246,"1.211018854E12":20,"1.211086684E12":366,"1.211034181E12":136,"1.211030184E12":81,"1.211029738E12":76,"1.211041551E12":247,"1.211039882E12":222,"1.21105051E12":296,"1.211037354E12":192,"1.211080965E12":361,"1.211129674E12":376,"1.211040112E12":227,"1.211025759E12":52,"1.211079988E12":360,"1.211043246E12":258,"1.211037586E12":193,"1.211036408E12":173,"1.211152552E12":382,"1.211047229E12":281,"1.211043606E12":262,"1.211040296E12":231,"1.21102667E12":56,"1.211018404E12":2,"1.211025634E12":51,"1.21101884E12":18,"1.21106601E12":334,"1.2110252E12":47,"1.211034059E12":130,"1.211035971E12":164,"1.211018883E12":22,"1.211022536E12":38,"1.211063498E12":328,"1.211035948E12":163,"1.211125804E12":375,"1.211032899E12":114,"1.211041847E12":249,"1.211028576E12":59,"1.21101878E12":16,"1.211037211E12":189,"1.211071223E12":345,"1.211037703E12":197,"1.21107757E12":352,"1.211036159E12":167,"1.211030215E12":82,"1.211071632E12":346,"1.211036094E12":165,"1.211036507E12":178,"1.211037109E12":182,"1.211044206E12":267,"1.211049264E12":292,"1.21107915E12":358,"1.211029741E12":77,"1.211029281E12":63,"1.211075547E12":349,"1.211029716E12":74,"1.211018642E12":9,"1.211058476E12":312,"1.211036186E12":168,"1.211079146E12":357,"1.211046893E12":276,"1.211075019E12":348,"1.211054007E12":306,"1.211023157E12":41,"1.211018887E12":23,"1.211035484E12":154,"1.211037226E12":191,"1.211029382E12":65,"1.211019667E12":30,"1.211029273E12":62,"1.211033241E12":119,"1.211061403E12":320,"1.211039358E12":212,"1.211018633E12":8,"1.211019732E12":33,"1.211055052E12":311,"1.211076051E12":350,"1.211018411E12":3,"1.211124596E12":374,"1.211040029E12":226,"1.211027903E12":57,"1.211085931E12":365,"1.211046194E12":268,"1.211041659E12":248,"1.211029537E12":70,"1.211054583E12":309,"1.211046973E12":277,"1.211043793E12":263,"1.211049737E12":293,"1.211030445E12":86,"1.211019561E12":28,"1.211046297E12":271,"1.211060316E12":318,"1.211039702E12":219,"1.211071654E12":347,"1.211018959E12":25,"1.211039031E12":211,"1.211029886E12":79,"1.211064515E12":332,"1.211032733E12":110,"1.211029254E12":61,"1.211034794E12":147,"1.211040126E12":229,"1.211060103E12":317,"1.21104047E12":234,"1.211066579E12":339,"1.21102796E12":58,"1.211038241E12":205,"1.211029234E12":60,"1.211037589E12":194,"1.211039755E12":220,"1.211085231E12":364,"1.211054795E12":310,"1.211047253E12":282,"1.211364258E12":387,"1.211048075E12":287,"1.211038411E12":206,"1.211058822E12":314,"1.211063547E12":329,"1.211040552E12":236,"1.211031953E12":99,"1.211061757E12":321,"1.211046415E12":273,"1.211038074E12":204,"1.211030359E12":84,"1.211029488E12":66,"1.21103565E12":157,"1.211037219E12":190,"1.211040496E12":235,"1.211042149E12":254,"1.211040331E12":232,"1.211022744E12":40,"1.21102509E12":45,"1.211035082E12":149,"1.211043062E12":255,"1.211143693E12":380,"1.21103853E12":209,"1.211029562E12":72,"1.211022142E12":36,"1.211046891E12":275,"1.211031546E12":94,"1.211029283E12":64,"1.21103281E12":113,"1.211036503E12":177,"1.211040256E12":230,"1.21103855E12":210,"1.211019558E12":27,"1.211046839E12":274,"1.211026076E12":55,"1.211049234E12":291,"1.211034159E12":135,"1.211018974E12":26,"1.211083351E12":363,"1.211037207E12":188,"1.211059826E12":316,"1.211050171E12":295,"1.211030825E12":89,"1.21104403E12":264,"1.211043265E12":259,"1.21103436E12":142,"1.211040738E12":240,"1.211032703E12":109,"1.211035912E12":162,"1.21103495E12":148,"1.211035741E12":160,"1.211064287E12":331,"1.211033421E12":121,"1.211039628E12":216,"1.211032682E12":108,"1.211095786E12":370,"1.211022579E12":39,"1.211048282E12":288,"1.211044047E12":265,"1.211042093E12":253,"1.211079771E12":359,"1.21104199E12":251,"1.211030525E12":87,"1.211066382E12":336,"1.211035681E12":159,"1.21117549E12":383,"1.21105386E12":305,"1.211052065E12":299,"1.211037947E12":200,"1.211036415E12":174,"1.211095344E12":368,"1.211058914E12":315,"1.21102585E12":54,"1.211018711E12":12,"1.21103521E12":150,"1.211019669E12":31,"1.211040794E12":243,"1.211030389E12":85,"1.211029719E12":75,"1.211106348E12":372,"1.211031889E12":98,"1.211068717E12":341,"1.211029523E12":69,"1.211063494E12":327,"1.211032977E12":115,"1.211040026E12":225,"1.21101842E12":6,"1.211053452E12":303,"1.211044154E12":266,"1.21105851E12":313,"1.21103208E12":101,"1.211034118E12":134,"1.211036105E12":166,"1.211032751E12":111,"1.211032508E12":107,"1.211069598E12":343,"1.211047391E12":284,"1.211040639E12":238,"1.211034681E12":145,"1.211095066E12":367,"1.211077677E12":354,"1.211040628E12":237,"1.211039675E12":218,"1.211021991E12":35,"1.211150383E12":381,"1.211034233E12":138,"1.211062589E12":325,"1.211047185E12":280,"1.211143317E12":379,"1.21105334E12":301,"1.211031723E12":96,"1.211036357E12":171,"1.211040755E12":241,"1.211035435E12":152,"1.211037728E12":199,"1.211043115E12":256,"1.211062425E12":324,"1.211041985E12":250,"1.211034047E12":128,"1.211046247E12":270,"1.211025557E12":50,"1.211033259E12":120,"1.21103029E12":83,"1.21103717E12":184,"1.211042055E12":252,"1.21103378E12":126,"1.211069266E12":342,"1.211034271E12":140,"1.211031412E12":93,"1.211039894E12":224,"1.211033035E12":116},"NUMBER_OF_PEOPLE":400,"minTimeSeen":1.211018404E12,"maxTimeSeen":1.211558405E12,"NEIGHBORHOOD_RADIUS":20.0,