{"propagationData":{"1.211057368E12":231,"1.211047402E12":122,"1.211150461E12":375,"1.211040879E12":25,"1.211062951E12":276,"1.211093423E12":359,"1.211056175E12":218,"1.211050046E12":150,"1.211045797E12":98,"1.211079971E12":336,"1.211213924E12":382,"1.211054956E12":203,"1.211093268E12":357,"1.211057285E12":230,"1.211046472E12":109,"1.211179172E12":381,"1.211041438E12":27,"1.211061096E12":261,"1.211053428E12":183,"1.211048512E12":133,"1.211054254E12":196,"1.211046984E12":118,"1.21107608E12":322,"1.211067951E12":293,"1.211045709E12":97,"1.21106066E12":254,"1.21107505E12":317,"1.211044681E12":79,"1.211060023E12":248,"1.211065009E12":287,"1.211073556E12":311,"1.211093402E12":358,"1.211060102E12":249,"1.211086821E12":350,"1.211062786E12":275,"1.211052683E12":178,"1.21106493E12":286,"1.211059385E12":243,"1.211032695E12":2,"1.211096278E12":364,"1.211056976E12":227,"1.211044599E12":75,"1.21105616E12":216,"1.211041586E12":28,"1.211052346E12":174,"1.211039556E12":8,"1.211045118E12":86,"1.211060893E12":258,"1.211042409E12":43,"1.21105547E12":212,"1.211067834E12":292,"1.211077411E12":328,"1.211054578E12":200,"1.211060911E12":259,"1.211052222E12":173,"1.211081937E12":341,"1.21106245E12":273,"1.21108297E12":345,"1.211040423E12":22,"1.211063881E12":281,"1.211039422E12":4,"1.211055367E12":210,"1.211052552E12":175,"1.211056402E12":222,"1.211060138E12":250,"1.211048128E12":130,"1.211046896E12":117,"1.211070511E12":302,"1.211043401E12":57,"1.211053138E12":182,"1.211059316E12":242,"1.2111016E12":366,"1.211048451E12":132,"1.211046234E12":101,"1.211085235E12":347,"1.211046248E12":103,"1.211053571E12":190,"1.2110451E12":85,"1.21109243E12":354,"1.211076535E12":324,"1.211073522E12":310,"1.211018404E12":1,"1.211060012E12":247,"1.211095522E12":362,"1.211059959E12":245,"1.211050575E12":155,"1.211055842E12":215,"1.211047894E12":127,"1.21105427E12":197,"1.211051914E12":169,"1.211062018E12":270,"1.211085099E12":346,"1.211050889E12":157,"1.211085646E12":348,"1.211073043E12":308,"1.211077307E12":327,"1.211060808E12":256,"1.211062036E12":272,"1.21103965E12":14,"1.211067679E12":291,"1.211049264E12":143,"1.211079663E12":334,"1.211094338E12":360,"1.211079985E12":337,"1.211049482E12":145,"1.211043891E12":63,"1.211048606E12":134,"1.211054469E12":198,"1.211039615E12":11,"1.211049105E12":139,"1.211040064E12":18,"1.211056744E12":226,"1.211041825E12":31,"1.211048737E12":136,"1.211044919E12":82,"1.211074315E12":315,"1.21106807E12":294,"1.211052724E12":179,"1.211060371E12":253,"1.211128171E12":371,"1.211045463E12":92,"1.211040377E12":20,"1.211054219E12":195,"1.211044658E12":78,"1.211045178E12":87,"1.211042436E12":45,"1.211057284E12":229,"1.211055087E12":206,"1.21104233E12":42,"1.211041323E12":26,"1.211082805E12":344,"1.211042801E12":50,"1.211072661E12":306,"1.21104912E12":140,"1.211064722E12":283,"1.211039647E12":13,"1.21104302E12":51,"1.211047419E12":123,"1.211056336E12":220,"1.211050971E12":160,"1.211045497E12":93,"1.211079272E12":333,"1.211071678E12":305,"1.21107422E12":314,"1.211052039E12":171,"1.211042139E12":37,"1.211046804E12":115,"1.211041846E12":34,"1.211075519E12":319,"1.21105168E12":167,"1.211050573E12":154,"1.211087624E12":351,"1.211061217E12":263,"1.211058834E12":241,"1.211079075E12":332,"1.211045704E12":96,"1.211063851E12":280,"1.211047528E12":125,"1.211061574E12":267,"1.211057499E12":232,"1.21104087E12":24,"1.211039656E12":16,"1.211068856E12":300,"1.211070877E12":304,"1.211075228E12":318,"1.211142691E12":374,"1.211043058E12":52,"1.21108055E12":339,"1.211044529E12":72,"1.21105488E12":202,"1.211046612E12":110,"1.211076616E12":325,"1.211086655E12":349,"1.211055328E12":209,"1.211075609E12":320,"1.211054122E12":193,"1.211039621E12":12,"1.21105574E12":214,"1.211058022E12":237,"1.211053549E12":187,"1.211056599E12":225,"1.211049831E12":148,"1.211050918E12":158,"1.211088375E12":353,"1.211095839E12":363,"1.211052082E12":172,"1.21104728E12":120,"1.211042119E12":36,"1.211051046E12":161,"1.211053048E12":181,"1.211046633E12":113,"1.211053505E12":184,"1.211059687E12":244,"1.211073653E12":312,"1.21104629E12":105,"1.211044419E12":71,"1.211072683E12":307,"1.211081874E12":340,"1.211097821E12":365,"1.211073294E12":309,"1.211047507E12":124,"1.211053524E12":186,"1.21105268E12":177,"1.211046673E12":114,"1.211046246E12":102,"1.211048995E12":138,"1.211039652E12":15,"1.211126172E12":368,"1.211079743E12":335,"1.211043741E12":62,"1.211045016E12":83,"1.21105627E12":219,"1.211047296E12":121,"1.211044916E12":81,"1.211068628E12":296,"1.211043996E12":65,"1.211075694E12":321,"1.21104316E12":53,"1.211175479E12":380,"1.211044842E12":80,"1.211043512E12":59,"1.211049296E12":144,"1.211094523E12":361,"1.211048791E12":137,"1.211253003E12":385,"1.211070858E12":303,"1.211046358E12":107,"1.211077927E12":330,"1.211053567E12":189,"1.211050077E12":151,"1.211051465E12":166,"1.211062652E12":274,"1.211166136E12":377,"1.211174852E12":378,"1.211045239E12":88,"1.211055257E12":207,"1.21105546E12":211,"1.211057586E12":234,"1.211069949E12":301,"1.211063443E12":277,"1.21107457E12":316,"1.211056536E12":224,"1.211061842E12":268,"1.211175395E12":379,"1.211046317E12":106,"1.211044549E12":73,"1.211284597E12":387,"1.211042737E12":48,"1.211042169E12":38,"1.211060698E12":255,"1.211050942E12":159,"1.211043514E12":60,"1.211078373E12":331,"1.211044271E12":69,"1.211053926E12":192,"1.211053518E12":185,"1.211076473E12":323,"1.211039543E12":6,"1.211056381E12":221,"1.211042219E12":39,"1.211053556E12":188,"1.211040106E12":19,"1.21107415E12":313,"1.211043379E12":56,"1.211046627E12":111,"1.211127934E12":370,"1.211039518E12":5,"1.211043355E12":54,"1.211041812E12":29,"1.211058076E12":238,"1.211047754E12":126,"1.211077759E12":329,"1.211076717E12":326,"1.211052804E12":180,"1.211040426E12":23,"1.211055283E12":208,"1.211260645E12":386,"1.211050146E12":153,"1.211042765E12":49,"1.211041821E12":30,"1.211045311E12":89,"1.211060853E12":257,"1.211055052E12":204,"1.211049781E12":147,"1.211060359E12":251,"1.211051922E12":170,"1.211049651E12":146,"1.211046631E12":112,"1.211046835E12":116,"1.211068754E12":298,"1.211033778E12":3,"1.211049214E12":142,"1.211065087E12":288,"1.211064787E12":284,"1.21103955E12":7,"1.211092724E12":356,"1.211064621E12":282,"1.211055617E12":213,"1.211061429E12":265,"1.21104509E12":84,"1.211057631E12":235,"1.211049133E12":141,"1.211221825E12":384,"1.21106383E12":279,"1.211045655E12":95,"1.211052568E12":176,"1.211048097E12":129,"1.211141778E12":373,"1.211045428E12":91,"1.211082697E12":343,"1.211057234E12":228,"1.2110578E12":236,"1.211046274E12":104,"1.211039559E12":9,"1.211043375E12":55,"1.211044635E12":77,"1.211041858E12":35,"1.211054794E12":201,"1.21105109E12":164,"1.211061191E12":262,"1.211082201E12":342,"1.211057571E12":233,"1.211050125E12":152,"1.211043496E12":58,"1.211044127E12":67,"1.211046214E12":100,"1.211066797E12":290,"1.211044152E12":68,"1.21105651E12":223,"1.211042501E12":46,"1.21108771E12":352,"1.211044579E12":74,"1.211044083E12":66,"1.211045654E12":94,"1.211054204E12":194,"1.211042311E12":40,"1.211047123E12":119,"1.211127057E12":369,"1.211039693E12":17,"1.211044361E12":70,"1.211054497E12":199,"1.211068182E12":295,"1.211053711E12":191,"1.211061246E12":264,"1.211153179E12":376,"1.211042432E12":44,"1.211062029E12":271,"1.211068849E12":299,"1.211061847E12":269,"1.211042321E12":41,"1.21104041E12":21,"1.211063692E12":278,"1.211055073E12":205,"1.211080259E12":338,"1.211061547E12":266,"1.211044606E12":76,"1.211216798E12":383,"1.211050697E12":156,"1.211066652E12":289,"1.211042716E12":47,"1.211048344E12":131,"1.21104183E12":33,"1.211043906E12":64,"1.211092682E12":355,"1.211043557E12":61,"1.2110454E12":90,"1.211046367E12":108,"1.211124164E12":367,"1.211051068E12":163,"1.211068696E12":297,"1.211051464E12":165,"1.211051056E12":162,"1.211041827E12":32,"1.211058642E12":240,"1.211048706E12":135,"1.211048083E12":128,"1.211051711E12":168,"1.211064837E12":285,"1.211056173E12":217,"1.211135684E12":372,"1.211058439E12":239,"1.211061021E12":260,"1.211060369E12":252,"1.211050023E12":149,"1.211045809E12":99},"NUMBER_OF_PEOPLE":400,