{"propagationData":{"1.211050299E12":274,"1.211028685E12":12,"1.211038734E12":169,"1.211035282E12":83,"1.211032304E12":50,"1.21106246E12":311,"1.211051456E12":281,"1.211113628E12":363,"1.211029871E12":14,"1.211102956E12":360,"1.211063761E12":315,"1.211030615E12":22,"1.211036875E12":117,"1.211040075E12":187,"1.211032842E12":55,"1.211053459E12":291,"1.211041944E12":207,"1.211027726E12":6,"1.211034689E12":72,"1.211046079E12":245,"1.211035312E12":84,"1.211040499E12":195,"1.211036887E12":118,"1.211039709E12":179,"1.211036003E12":97,"1.211073785E12":321,"1.211044516E12":226,"1.211045306E12":240,"1.211034093E12":65,"1.211036915E12":120,"1.211042936E12":213,"1.211035013E12":76,"1.211034958E12":75,"1.211045419E12":244,"1.211063716E12":314,"1.211047897E12":258,"1.211036504E12":110,"1.211173073E12":381,"1.211040084E12":190,"1.211038531E12":161,"1.211048735E12":263,"1.211030109E12":15,"1.211038434E12":155,"1.211043639E12":217,"1.211040022E12":185,"1.211030794E12":24,"1.21103731E12":134,"1.211049367E12":268,"1.211041024E12":203,"1.211038536E12":162,"1.211045011E12":238,"1.211043494E12":215,"1.211058978E12":307,"1.211046987E12":255,"1.211039641E12":178,"1.211019152E12":2,"1.211030815E12":25,"1.211044772E12":230,"1.21105005E12":270,"1.211036907E12":119,"1.211048419E12":260,"1.211080319E12":331,"1.211037079E12":126,"1.211075531E12":323,"1.211029855E12":13,"1.211032933E12":56,"1.211087109E12":341,"1.211043012E12":214,"1.211045409E12":243,"1.211038943E12":173,"1.211175482E12":382,"1.211031388E12":42,"1.211037248E12":132,"1.211038882E12":171,"1.211044016E12":221,"1.211101496E12":356,"1.21114177E12":374,"1.211094872E12":345,"1.211037019E12":124,"1.211038403E12":153,"1.211053634E12":295,"1.211078334E12":327,"1.211120448E12":366,"1.211095846E12":346,"1.211052744E12":288,"1.211103627E12":361,"1.211031739E12":45,"1.211049226E12":265,"1.211031043E12":35,"1.21103848E12":158,"1.21108147E12":334,"1.211040642E12":197,"1.211039617E12":177,"1.211039957E12":184,"1.211163059E12":378,"1.211056621E12":304,"1.211030867E12":28,"1.211056237E12":302,"1.21103104E12":34,"1.211036371E12":107,"1.211039608E12":176,"1.211047612E12":257,"1.211038622E12":166,"1.211080343E12":332,"1.211056843E12":306,"1.211034101E12":66,"1.211038616E12":165,"1.21103814E12":145,"1.2110375E12":135,"1.211031048E12":37,"1.21109889E12":352,"1.211086218E12":339,"1.211028504E12":11,"1.211035862E12":95,"1.211052458E12":285,"1.211049626E12":269,"1.211030512E12":19,"1.211035261E12":81,"1.211034898E12":74,"1.211039079E12":174,"1.211206696E12":384,"1.211053368E12":290,"1.211035152E12":80,"1.211037914E12":139,"1.211050479E12":275,"1.211045381E12":242,"1.211044855E12":232,"1.211320011E12":388,"1.211079879E12":329,"1.211081478E12":335,"1.211050261E12":272,"1.21103579E12":92,"1.211032722E12":54,"1.211043819E12":220,"1.211095983E12":347,"1.211063857E12":316,"1.211049178E12":264,"1.211142683E12":375,"1.211066559E12":319,"1.211026997E12":4,"1.211165002E12":380,"1.211043692E12":218,"1.211036924E12":121,"1.211138327E12":373,"1.211047512E12":256,"1.211082096E12":336,"1.211018404E12":1,"1.211038173E12":147,"1.211040025E12":186,"1.211053639E12":296,"1.211052066E12":284,"1.211036201E12":100,"1.211125296E12":368,"1.211087281E12":342,"1.211032153E12":48,"1.211030836E12":26,"1.211079129E12":328,"1.21104055E12":196,"1.211120162E12":365,"1.211030963E12":32,"1.211039757E12":181,"1.211030157E12":16,"1.211101292E12":355,"1.211098318E12":351,"1.211044802E12":231,"1.211054248E12":298,"1.211027671E12":5,"1.211099142E12":353,"1.211064056E12":317,"1.211036708E12":114,"1.211046833E12":254,"1.211050278E12":273,"1.211040653E12":198,"1.211038468E12":156,"1.211044957E12":236,"1.211051093E12":280,"1.211044966E12":237,"1.21103667E12":113,"1.211033767E12":61,"1.211031125E12":40,"1.211316344E12":387,"1.211074058E12":322,"1.211053463E12":292,"1.211062594E12":312,"1.211038408E12":154,"1.211104368E12":362,"1.211035359E12":85,"1.211035023E12":77,"1.211036801E12":115,"1.211037224E12":131,"1.211039739E12":180,"1.211036982E12":123,"1.2110775E12":326,"1.21105426E12":299,"1.211035961E12":96,"1.211052019E12":282,"1.211033445E12":59,"1.211030417E12":18,"1.211036184E12":99,"1.211048594E12":262,"1.21105351E12":293,"1.211032378E12":51,"1.211119197E12":364,"1.211353921E12":389,"1.211038271E12":149,"1.211046321E12":247,"1.211075682E12":324,"1.211038469E12":157,"1.211205122E12":383,"1.21105996E12":310,"1.211038583E12":164,"1.211035603E12":88,"1.211048577E12":261,"1.211034442E12":70,"1.21103344E12":58,"1.211097858E12":349,"1.211055093E12":300,"1.211030321E12":17,"1.211035825E12":94,"1.211050675E12":277,"1.211040391E12":192,"1.211028425E12":10,"1.211038308E12":150,"1.211046554E12":251,"1.211040859E12":202,"1.211034208E12":68,"1.211038079E12":144,"1.21104048E12":194,"1.211082954E12":337,"1.211035024E12":78,"1.211038565E12":163,"1.211038033E12":143,"1.211053619E12":294,"1.211027804E12":7,"1.211036607E12":112,"1.211135241E12":372,"1.211050629E12":276,"1.21102821E12":8,"1.211030542E12":20,"1.211031327E12":41,"1.211077465E12":325,"1.211056593E12":303,"1.211030952E12":31,"1.211100457E12":354,"1.211037126E12":128,"1.211040188E12":191,"1.211050684E12":278,"1.211159517E12":376,"1.211034475E12":71,"1.211039887E12":183,"1.211040415E12":193,"1.211032282E12":49,"1.211038771E12":170,"1.211035816E12":93,"1.211047933E12":259,"1.21103622E12":101,"1.211032402E12":52,"1.21106334E12":313,"1.211037131E12":129,"1.211134253E12":371,"1.21102839E12":9,"1.211046811E12":253,"1.211036424E12":108,"1.211054141E12":297,"1.211030572E12":21,"1.211041337E12":205,"1.211044696E12":229,"1.211037742E12":138,"1.211052555E12":286,"1.211040747E12":200,"1.211042787E12":212,"1.211036368E12":106,"1.211038627E12":167,"1.211031051E12":38,"1.211035441E12":87,"1.211038934E12":172,"1.211121461E12":367,"1.211031592E12":44,"1.211056748E12":305,"1.211044036E12":222,"1.21104069E12":199,"1.211035275E12":82,"1.211024667E12":3,"1.211042676E12":210,"1.211031067E12":39,"1.211081459E12":333,"1.211042669E12":209,"1.211036173E12":98,"1.211034145E12":67,"1.211036276E12":104,"1.211093316E12":343,"1.211040748E12":201,"1.211033785E12":62,"1.211031404E12":43,"1.21110162E12":357,"1.211044279E12":224,"1.211128978E12":369,"1.211035405E12":86,"1.211033336E12":57,"1.211052043E12":283,"1.211073596E12":320,"1.211044948E12":234,"1.211040082E12":189,"1.21104199E12":208,"1.211045095E12":239,"1.211066453E12":318,"1.211263337E12":386,"1.21103797E12":141,"1.211059011E12":308,"1.211036508E12":111,"1.211044118E12":223,"1.211043537E12":216,"1.211030714E12":23,"1.211041338E12":206,"1.211129047E12":370,"1.211044878E12":233,"1.211038364E12":152,"1.211094351E12":344,"1.211031861E12":47,"1.211038481E12":159,"1.211046182E12":246,"1.211043779E12":219,"1.211085942E12":338,"1.211037194E12":130,"1.211045355E12":241,"1.211037558E12":137,"1.211038357E12":151,"1.211049272E12":267,"1.211037286E12":133,"1.211044694E12":228,"1.211037549E12":136,"1.211102753E12":359,"1.211038144E12":146,"1.21103483E12":73,"1.211042723E12":211,"1.211038225E12":148,"1.211086706E12":340,"1.211033816E12":63,"1.211034434E12":69,"1.211038497E12":160,"1.211159603E12":377,"1.211080032E12":330,"1.211050109E12":271,"1.211052743E12":287,"1.211030853E12":27,"1.21103686E12":116,"1.211037028E12":125,"1.211036247E12":103,"1.211036456E12":109,"1.211041115E12":204,"1.211035775E12":91,"1.211164411E12":379,"1.211033689E12":60,"1.211046552E12":250,"1.211036238E12":102,"1.211046578E12":252,"1.211035151E12":79,"1.211034085E12":64,"1.211044467E12":225,"1.211055569E12":301,"1.211037961E12":140,"1.211030977E12":33,"1.211051059E12":279,"1.21103095E12":30,"1.211098163E12":350,"1.211037995E12":142,"1.211036283E12":105,"1.211035707E12":89,"1.21110222E12":358,"1.211031047E12":36,"1.211053204E12":289,"1.21103695E12":122,"1.211035753E12":90,"1.211032446E12":53,"1.211209744E12":385,"1.211097304E12":348,"1.211046522E12":248,"1.211039873E12":182,"1.21103908E12":175,"1.211044567E12":227,"1.211046539E12":249,"1.211031771E12":46,"1.211038729E12":168,"1.211049235E12":266},"NUMBER_OF_PEOPLE":400,"minTimeSeen":1.211018404E12,