{"propagationData":{"1.211050309E12":89,"1.211056199E12":155,"1.211117163E12":360,"1.21106268E12":204,"1.211064879E12":228,"1.211054192E12":133,"1.211046718E12":47,"1.211042026E12":10,"1.211075589E12":275,"1.211088051E12":335,"1.211061372E12":194,"1.21110181E12":352,"1.211063321E12":213,"1.211044165E12":25,"1.211058183E12":168,"1.211085958E12":329,"1.211062843E12":206,"1.211041773E12":7,"1.211334636E12":384,"1.211062986E12":208,"1.211071646E12":263,"1.21107058E12":257,"1.211054793E12":148,"1.211082412E12":307,"1.211060586E12":186,"1.211071931E12":266,"1.211088216E12":336,"1.211070282E12":255,"1.211052009E12":108,"1.211060374E12":182,"1.211062E12":201,"1.211141837E12":378,"1.211053311E12":123,"1.211046003E12":35,"1.211048617E12":70,"1.211047687E12":61,"1.21105106E12":101,"1.211061153E12":191,"1.21107777E12":286,"1.211047837E12":65,"1.211042041E12":11,"1.211077326E12":284,"1.211061527E12":195,"1.211094183E12":346,"1.211085858E12":327,"1.211051687E12":107,"1.211084496E12":316,"1.211071967E12":268,"1.21107928E12":293,"1.21104911E12":81,"1.211048653E12":72,"1.21108104E12":304,"1.211077369E12":285,"1.211057539E12":165,"1.211050131E12":85,"1.211164196E12":380,"1.211048091E12":67,"1.211085049E12":322,"1.211074216E12":270,"1.211053641E12":128,"1.211134E12":371,"1.211068298E12":246,"1.211063607E12":215,"1.211064267E12":222,"1.211049865E12":84,"1.21108372E12":315,"1.211068598E12":247,"1.211065363E12":236,"1.211078255E12":289,"1.211052956E12":121,"1.211054409E12":137,"1.211047439E12":56,"1.211054581E12":142,"1.2110687E12":249,"1.21106531E12":235,"1.211062049E12":202,"1.211051486E12":104,"1.211080977E12":303,"1.211047619E12":58,"1.211075961E12":277,"1.21105895E12":173,"1.211045644E12":32,"1.211063737E12":216,"1.211051017E12":100,"1.211487669E12":385,"1.211077261E12":283,"1.211064404E12":223,"1.211052531E12":114,"1.211050741E12":95,"1.211047666E12":60,"1.211043794E12":22,"1.211065063E12":231,"1.211054552E12":141,"1.211053847E12":129,"1.211042396E12":15,"1.211080771E12":302,"1.211062309E12":203,"1.211065298E12":234,"1.211046441E12":44,"1.211070425E12":256,"1.211052115E12":109,"1.211046206E12":39,"1.211060893E12":189,"1.211045885E12":34,"1.211050729E12":94,"1.211105159E12":353,"1.211053577E12":126,"1.211084842E12":318,"1.211047929E12":66,"1.211095606E12":349,"1.211063973E12":217,"1.211043508E12":20,"1.211063979E12":218,"1.211048734E12":75,"1.211054238E12":135,"1.211058795E12":172,"1.211054717E12":147,"1.211047637E12":59,"1.211054802E12":149,"1.211129388E12":369,"1.211061295E12":192,"1.211050789E12":97,"1.21105064E12":93,"1.211045427E12":29,"1.211051348E12":102,"1.211140061E12":375,"1.211065277E12":233,"1.211071665E12":264,"1.211094731E12":348,"1.211064742E12":227,"1.211042056E12":12,"1.211046294E12":40,"1.21105782E12":167,"1.211059291E12":175,"1.21105948E12":178,"1.211057174E12":164,"1.211056636E12":161,"1.211094025E12":345,"1.21109308E12":342,"1.211053518E12":125,"1.211064951E12":229,"1.211068818E12":251,"1.211061573E12":196,"1.211018893E12":2,"1.211042328E12":14,"1.211085214E12":323,"1.211083099E12":311,"1.211054513E12":140,"1.211055621E12":151,"1.211126152E12":365,"1.211043373E12":19,"1.211052405E12":113,"1.211101769E12":351,"1.211045838E12":33,"1.211050801E12":98,"1.211055234E12":150,"1.211061992E12":200,"1.211079525E12":294,"1.211079849E12":298,"1.211067364E12":242,"1.211046515E12":46,"1.211018404E12":1,"1.211077144E12":280,"1.211129279E12":367,"1.211043065E12":18,"1.21114036E12":377,"1.211046433E12":42,"1.211056087E12":154,"1.211085835E12":326,"1.211060293E12":181,"1.211054693E12":146,"1.211056595E12":160,"1.211139379E12":373,"1.211083151E12":313,"1.211077245E12":282,"1.211134981E12":372,"1.211307383E12":382,"1.211048373E12":68,"1.21107455E12":271,"1.211213494E12":381,"1.211067561E12":245,"1.21114029E12":376,"1.211111321E12":357,"1.211049075E12":79,"1.211045637E12":31,"1.21106999E12":252,"1.211054464E12":139,"1.211071353E12":262,"1.211085291E12":325,"1.211133427E12":370,"1.211067209E12":240,"1.211048627E12":71,"1.211065842E12":238,"1.211050194E12":88,"1.211043553E12":21,"1.211078231E12":288,"1.211046189E12":38,"1.211065052E12":230,"1.211046365E12":41,"1.211050446E12":90,"1.211105654E12":355,"1.211071756E12":265,"1.211053628E12":127,"1.211079686E12":295,"1.211052597E12":116,"1.211118477E12":362,"1.211033553E12":6,"1.211045099E12":28,"1.211046869E12":52,"1.21105351E12":124,"1.211124578E12":364,"1.211075156E12":272,"1.211047762E12":63,"1.211060826E12":188,"1.211091581E12":339,"1.211493453E12":387,"1.21111179E12":358,"1.211061114E12":190,"1.211064444E12":224,"1.211080255E12":300,"1.211046743E12":48,"1.21106318E12":210,"1.211493425E12":386,"1.211056591E12":159,"1.211044117E12":24,"1.211051624E12":106,"1.21106329E12":212,"1.211044032E12":23,"1.211052348E12":111,"1.21105139E12":103,"1.211083146E12":312,"1.211021422E12":4,"1.211021336E12":3,"1.211082756E12":308,"1.21105958E12":179,"1.211087274E12":332,"1.211065826E12":237,"1.21103351E12":5,"1.211045438E12":30,"1.211060788E12":187,"1.211068794E12":250,"1.211085228E12":324,"1.211046132E12":36,"1.211071953E12":267,"1.211075844E12":276,"1.211047726E12":62,"1.211043032E12":17,"1.211060378E12":183,"1.211056386E12":156,"1.211161541E12":379,"1.211056917E12":163,"1.211059457E12":177,"1.211082835E12":309,"1.211050759E12":96,"1.211049282E12":82,"1.21105289E12":120,"1.211050599E12":92,"1.211050974E12":99,"1.211063172E12":209,"1.211056435E12":158,"1.211048876E12":78,"1.211064589E12":226,"1.211048657E12":74,"1.211046475E12":45,"1.211116728E12":359,"1.211050183E12":87,"1.211062985E12":207,"1.211084849E12":319,"1.211064225E12":221,"1.211058779E12":171,"1.211046846E12":51,"1.211054036E12":132,"1.211041913E12":8,"1.211087351E12":333,"1.211042838E12":16,"1.211081286E12":306,"1.211061923E12":199,"1.211086755E12":331,"1.211077208E12":281,"1.211047292E12":54,"1.211329457E12":383,"1.211078138E12":287,"1.211046749E12":49,"1.211071249E12":261,"1.211058272E12":169,"1.211046137E12":37,"1.211083025E12":310,"1.21111718E12":361,"1.211085006E12":321,"1.211139818E12":374,"1.211072292E12":269,"1.211054664E12":145,"1.211064566E12":225,"1.2110618E12":197,"1.211048784E12":76,"1.211054609E12":143,"1.211045056E12":27,"1.211081094E12":305,"1.211062725E12":205,"1.211061368E12":193,"1.211055725E12":152,"1.211052741E12":119,"1.211042132E12":13,"1.211060172E12":180,"1.211059132E12":174,"1.211070628E12":258,"1.211070237E12":254,"1.211056711E12":162,"1.211070817E12":260,"1.211085945E12":328,"1.211079818E12":297,"1.211048656E12":73,"1.211078593E12":290,"1.211093518E12":343,"1.211046439E12":43,"1.211051521E12":105,"1.211044624E12":26,"1.211080284E12":301,"1.211079236E12":291,"1.211076115E12":279,"1.211109905E12":356,"1.211079922E12":299,"1.211047135E12":53,"1.211093944E12":344,"1.211054215E12":134,"1.211047429E12":55,"1.211059442E12":176,"1.211064066E12":219,"1.211076092E12":278,"1.211050574E12":91,"1.211088024E12":334,"1.21108489E12":320,"1.211067358E12":241,"1.211041959E12":9,"1.211048817E12":77,"1.211129327E12":368,"1.21105432E12":136,"1.211057592E12":166,"1.211126681E12":366,"1.211099657E12":350,"1.211067409E12":243,"1.211089414E12":337,"1.211063325E12":214,"1.211058619E12":170,"1.211079746E12":296,"1.211054615E12":144,"1.211070056E12":253,"1.211061905E12":198,"1.211052357E12":112,"1.211124507E12":363,"1.211053973E12":130,"1.211054438E12":138,"1.211049107E12":80,"1.211070698E12":259,"1.211063183E12":211,"1.211052335E12":110,"1.211084502E12":317,"1.211075221E12":273,"1.211056396E12":157,"1.211089707E12":338,"1.211047602E12":57,"1.21106674E12":239,"1.211052716E12":118,"1.21110553E12":354,"1.211046773E12":50,"1.211052566E12":115,"1.211055893E12":153,"1.211075345E12":274,"1.21109428E12":347,"1.211086007E12":330,"1.211092249E12":340,"1.211079242E12":292,"1.211053975E12":131,"1.211067497E12":244,"1.211083177E12":314,"1.211060434E12":184,"1.211065218E12":232,"1.211050135E12":86,"1.211047833E12":64,"1.211060473E12":185,"1.211052685E12":117,"1.211053142E12":122,"1.211092995E12":341,"1.21104929E12":83},"NUMBER_OF_PEOPLE":400,"minTimeSeen":1.211018404E12,