{"propagationData":{"1.211037712E12":33,"1.211069373E12":299,"1.211049335E12":135,"1.211034964E12":11,"1.211054782E12":194,"1.211065148E12":281,"1.211047501E12":119,"1.211044111E12":92,"1.211096351E12":325,"1.211055319E12":196,"1.211054595E12":191,"1.211040175E12":50,"1.21104697E12":116,"1.211048533E12":126,"1.211054247E12":189,"1.211059263E12":236,"1.211059028E12":232,"1.211059554E12":240,"1.211051846E12":169,"1.211075273E12":310,"1.211040968E12":60,"1.211036639E12":21,"1.211050757E12":157,"1.211075038E12":309,"1.211043943E12":89,"1.211067714E12":291,"1.211041835E12":66,"1.211040592E12":54,"1.211067153E12":289,"1.2110528E12":174,"1.211055626E12":199,"1.211061144E12":258,"1.21110804E12":336,"1.211096605E12":326,"1.211060268E12":246,"1.211068628E12":295,"1.211037146E12":26,"1.211056594E12":209,"1.21104911E12":132,"1.211060211E12":245,"1.211041902E12":68,"1.211041877E12":67,"1.211108755E12":338,"1.21104166E12":61,"1.211070351E12":303,"1.211061017E12":257,"1.211050266E12":145,"1.211105295E12":333,"1.211044102E12":91,"1.211040275E12":52,"1.211050057E12":140,"1.211058159E12":223,"1.211056935E12":217,"1.211050087E12":143,"1.211043533E12":86,"1.211053262E12":184,"1.211039414E12":46,"1.211105469E12":335,"1.211042898E12":79,"1.211050072E12":141,"1.211059464E12":238,"1.21105692E12":216,"1.211042726E12":77,"1.211048504E12":124,"1.211062655E12":268,"1.211062476E12":266,"1.211037978E12":36,"1.211059695E12":242,"1.211036936E12":25,"1.211048563E12":127,"1.211040594E12":55,"1.211048566E12":128,"1.211076991E12":314,"1.211058487E12":226,"1.211056756E12":211,"1.211056954E12":219,"1.211041808E12":63,"1.211060944E12":253,"1.211043278E12":83,"1.211035604E12":15,"1.211053728E12":187,"1.21105267E12":172,"1.21104751E12":120,"1.211049131E12":134,"1.211042286E12":73,"1.211096026E12":322,"1.211061446E12":261,"1.211051726E12":166,"1.211099006E12":329,"1.211018414E12":2,"1.211037685E12":31,"1.211069338E12":298,"1.211050692E12":156,"1.211038209E12":40,"1.211047307E12":117,"1.211055969E12":204,"1.211050074E12":142,"1.2110459E12":106,"1.211077039E12":315,"1.211053157E12":181,"1.211036871E12":23,"1.211060858E12":252,"1.211060803E12":251,"1.211048636E12":129,"1.211050627E12":154,"1.211056019E12":205,"1.211040884E12":57,"1.211078668E12":319,"1.211065113E12":280,"1.2110991E12":330,"1.211044926E12":96,"1.211050618E12":153,"1.211051837E12":168,"1.211053092E12":180,"1.211036328E12":17,"1.211059137E12":235,"1.211056952E12":218,"1.211116377E12":342,"1.211066158E12":287,"1.211060793E12":250,"1.211056261E12":206,"1.211037818E12":34,"1.211036331E12":18,"1.211110588E12":340,"1.211060158E12":244,"1.211049962E12":138,"1.211051611E12":164,"1.211045057E12":97,"1.211096045E12":323,"1.211074107E12":306,"1.211067138E12":288,"1.211062515E12":267,"1.211171347E12":343,"1.211048525E12":125,"1.211034507E12":9,"1.211018404E12":1,"1.211041734E12":62,"1.211037379E12":30,"1.21105834E12":224,"1.211040949E12":59,"1.21107009E12":300,"1.211067506E12":290,"1.21104889E12":130,"1.211053176E12":183,"1.21104489E12":94,"1.211035091E12":13,"1.21106784E12":292,"1.211050524E12":150,"1.211037164E12":27,"1.211553092E12":345,"1.211038132E12":37,"1.211056671E12":210,"1.211036507E12":19,"1.211105332E12":334,"1.211041834E12":65,"1.21106484E12":275,"1.2110503E12":147,"1.211060488E12":249,"1.211064985E12":278,"1.211059072E12":233,"1.211046365E12":109,"1.211056845E12":214,"1.211042538E12":75,"1.211043891E12":88,"1.211050094E12":144,"1.211052019E12":170,"1.211063221E12":271,"1.211069209E12":296,"1.211032798E12":7,"1.211037974E12":35,"1.211065043E12":279,"1.21104658E12":112,"1.211059074E12":234,"1.211038727E12":43,"1.211034983E12":12,"1.211074202E12":308,"1.211046229E12":107,"1.211037251E12":28,"1.211040268E12":51,"1.211049068E12":131,"1.211058695E12":228,"1.211038469E12":41,"1.211050035E12":139,"1.211049524E12":137,"1.211042846E12":78,"1.211040281E12":53,"1.211036728E12":22,"1.211068212E12":294,"1.211060446E12":248,"1.211056868E12":215,"1.211065392E12":283,"1.211052851E12":175,"1.211042222E12":71,"1.211056773E12":212,"1.211037696E12":32,"1.211046779E12":114,"1.211051624E12":165,"1.211052789E12":173,"1.211042355E12":74,"1.211076695E12":313,"1.211053372E12":185,"1.211039485E12":48,"1.211053158E12":182,"1.211045552E12":102,"1.21110935E12":339,"1.211102308E12":331,"1.211042251E12":72,"1.211039113E12":44,"1.211045833E12":103,"1.211054781E12":193,"1.211108279E12":337,"1.211060057E12":243,"1.21105886E12":229,"1.211042072E12":69,"1.211060409E12":247,"1.211045164E12":98,"1.211042961E12":80,"1.211061389E12":260,"1.211050588E12":152,"1.211052932E12":176,"1.211069263E12":297,"1.211171382E12":344,"1.211097908E12":328,"1.211045483E12":101,"1.211050909E12":159,"1.211063632E12":272,"1.211059571E12":241,"1.211055267E12":195,"1.211018418E12":3,"1.211064901E12":277,"1.211045271E12":100,"1.211055728E12":201,"1.211060953E12":254,"1.211062459E12":265,"1.211042648E12":76,"1.211065879E12":285,"1.211061914E12":264,"1.211073354E12":304,"1.211053038E12":178,"1.211055687E12":200,"1.211058621E12":227,"1.211063039E12":269,"1.211050812E12":158,"1.21107734E12":318,"1.211037275E12":29,"1.211049114E12":133,"1.211064259E12":274,"1.21105111E12":162,"1.211058139E12":222,"1.21105046E12":149,"1.211049429E12":136,"1.211050557E12":151,"1.211066088E12":286,"1.211045878E12":105,"1.211045184E12":99,"1.211096329E12":324,"1.211031333E12":5,"1.211075611E12":312,"1.211052515E12":171,"1.211061859E12":263,"1.211059539E12":239,"1.211116366E12":341,"1.211097126E12":327,"1.21107716E12":316,"1.211042985E12":81,"1.211039452E12":47,"1.211046403E12":110,"1.21107727E12":317,"1.211055734E12":202,"1.211046564E12":111,"1.211050292E12":146,"1.211059002E12":230,"1.211046923E12":115,"1.2110594E12":237,"1.211053733E12":188,"1.211040861E12":56,"1.211065644E12":284,"1.211047649E12":121,"1.211075355E12":311,"1.211061324E12":259,"1.211038165E12":38,"1.211044706E12":93,"1.21103937E12":45,"1.211038178E12":39,"1.211088434E12":321,"1.211043282E12":84,"1.211052969E12":177,"1.211070309E12":302,"1.211063845E12":273,"1.211058415E12":225,"1.211056339E12":207,"1.211036078E12":16,"1.211047708E12":122,"1.211031889E12":6,"1.211047789E12":123,"1.211102315E12":332,"1.211038481E12":42,"1.21105812E12":221,"1.211056813E12":213,"1.211055447E12":198,"1.211060984E12":255,"1.211043951E12":90,"1.211074187E12":307,"1.211043132E12":82,"1.211050663E12":155,"1.211054249E12":190,"1.211050948E12":160,"1.211063111E12":270,"1.211053064E12":179,"1.211054701E12":192,"1.211061465E12":262,"1.211055441E12":197,"1.211056968E12":220,"1.211018784E12":4,"1.211056466E12":208,"1.211065306E12":282,"1.21104633E12":108,"1.211051099E12":161,"1.211059023E12":231,"1.211047342E12":118,"1.211064873E12":276,"1.211041827E12":64,"1.211043471E12":85,"1.21105044E12":148,"1.211034483E12":8,"1.211055737E12":203,"1.211036901E12":24,"1.211053374E12":186,"1.211074032E12":305,"1.211068203E12":293,"1.21106101E12":256,"1.211051417E12":163,"1.21104208E12":70,"1.211044896E12":95,"1.211051798E12":167,"1.211043594E12":87,"1.211040905E12":58,"1.211070179E12":301,"1.211045837E12":104,"1.211035182E12":14,"1.211034904E12":10,"1.211082035E12":320,"1.211039517E12":49},"NUMBER_OF_PEOPLE":400,"minTimeSeen":1.211018404E12,"maxTimeSeen":1.211558405E12,"NEIGHBORHOOD_RADIUS":20.0,"ENCOUNTER_CHANCE":0.05,"priority":1.0,"duration":540001.0,"minutesDuration":9000.016666666666,"hoursDuration":150.00027777777777,"daysDuration":6.250011574074073}
