{"propagationData":{"1.211022479E12":69,"1.21102563E12":119,"1.211018496E12":13,"1.21102881E12":146,"1.211023363E12":82,"1.211144912E12":380,"1.211018519E12":23,"1.211018565E12":29,"1.211064463E12":341,"1.211025729E12":120,"1.211032424E12":183,"1.21102991E12":156,"1.21104239E12":276,"1.211049541E12":311,"1.21102946E12":151,"1.211070975E12":359,"1.211026817E12":133,"1.21103947E12":263,"1.211018944E12":39,"1.211068942E12":355,"1.211040931E12":264,"1.21103447E12":212,"1.211048188E12":303,"1.211036905E12":245,"1.211030104E12":160,"1.211057661E12":327,"1.211053686E12":317,"1.211033978E12":208,"1.211025176E12":110,"1.21105423E12":318,"1.21101949E12":47,"1.211025415E12":115,"1.211034519E12":213,"1.211037514E12":250,"1.211020183E12":53,"1.211032973E12":196,"1.211042329E12":274,"1.211036133E12":232,"1.211034604E12":214,"1.211062987E12":335,"1.211036644E12":236,"1.211093559E12":373,"1.211018556E12":28,"1.211026883E12":135,"1.211027432E12":140,"1.211018491E12":7,"1.211036027E12":230,"1.211178411E12":386,"1.211065456E12":346,"1.211019897E12":50,"1.211098831E12":376,"1.211032491E12":184,"1.211047162E12":297,"1.211024884E12":105,"1.211032951E12":193,"1.211030794E12":165,"1.211026405E12":127,"1.211035613E12":225,"1.211023474E12":84,"1.211031586E12":168,"1.211018512E12":19,"1.211026545E12":130,"1.211030421E12":162,"1.211018704E12":38,"1.211024201E12":97,"1.211045901E12":289,"1.211029982E12":157,"1.211041129E12":265,"1.211029695E12":153,"1.211064091E12":340,"1.211038314E12":257,"1.211036209E12":234,"1.21103676E12":240,"1.211032211E12":178,"1.211024222E12":98,"1.211032394E12":181,"1.211041803E12":273,"1.21102131E12":60,"1.211022194E12":62,"1.211019996E12":52,"1.211066465E12":348,"1.211057507E12":326,"1.211048918E12":308,"1.211048581E12":306,"1.211026652E12":131,"1.211018694E12":35,"1.211147262E12":381,"1.211042571E12":277,"1.211019183E12":43,"1.211032413E12":182,"1.211035155E12":221,"1.2110185E12":15,"1.211063731E12":336,"1.211031852E12":175,"1.211018515E12":20,"1.211032023E12":176,"1.211025478E12":116,"1.211038607E12":260,"1.211023856E12":91,"1.211026871E12":134,"1.211063843E12":339,"1.211063783E12":338,"1.211032203E12":177,"1.211065434E12":345,"1.211018503E12":16,"1.21103339E12":200,"1.211059804E12":329,"1.211020484E12":56,"1.211031653E12":169,"1.211024192E12":96,"1.211044421E12":282,"1.211054873E12":321,"1.211022668E12":73,"1.211083006E12":361,"1.211091369E12":369,"1.211054832E12":320,"1.211064469E12":342,"1.211044283E12":281,"1.211038832E12":262,"1.211024226E12":99,"1.21102316E12":79,"1.211025775E12":122,"1.211045906E12":290,"1.211036762E12":241,"1.211018494E12":10,"1.211023299E12":81,"1.211047489E12":298,"1.211023414E12":83,"1.211035335E12":223,"1.211042365E12":275,"1.211027676E12":142,"1.211018695E12":36,"1.211019903E12":51,"1.211054743E12":319,"1.211035285E12":222,"1.211026022E12":124,"1.211024547E12":103,"1.211025614E12":118,"1.211028834E12":147,"1.211046278E12":292,"1.21104534E12":288,"1.211142683E12":377,"1.211018555E12":27,"1.211098277E12":375,"1.211025315E12":114,"1.211026751E12":132,"1.211018404E12":1,"1.21137572E12":388,"1.21106601E12":347,"1.211026427E12":129,"1.211023903E12":94,"1.211022251E12":66,"1.211033697E12":205,"1.211023521E12":85,"1.211018497E12":14,"1.211031751E12":172,"1.211065085E12":344,"1.211064792E12":343,"1.211038043E12":254,"1.211143574E12":378,"1.211038637E12":261,"1.211044527E12":286,"1.211038455E12":258,"1.211021048E12":59,"1.211018967E12":41,"1.211037258E12":248,"1.21104171E12":271,"1.211037397E12":249,"1.211055605E12":325,"1.21103399E12":210,"1.21106852E12":352,"1.211023651E12":87,"1.211035962E12":229,"1.211025005E12":106,"1.211031802E12":173,"1.211035069E12":219,"1.211030083E12":159,"1.211022519E12":70,"1.211032655E12":188,"1.211054947E12":322,"1.211042583E12":278,"1.211024062E12":95,"1.211060413E12":332,"1.211019279E12":45,"1.211092297E12":371,"1.211027283E12":139,"1.211263715E12":387,"1.211018703E12":37,"1.211047015E12":294,"1.211033704E12":206,"1.211035689E12":227,"1.21103757E12":252,"1.211027719E12":143,"1.211018411E12":2,"1.211018592E12":32,"1.211018506E12":18,"1.211031704E12":170,"1.211033984E12":209,"1.211018529E12":25,"1.211049699E12":313,"1.211068534E12":353,"1.211032958E12":194,"1.211047033E12":295,"1.211026089E12":126,"1.211022193E12":61,"1.211048136E12":302,"1.211041245E12":266,"1.211088989E12":363,"1.211019676E12":48,"1.211070745E12":358,"1.211018596E12":33,"1.211019154E12":42,"1.211069362E12":356,"1.211047732E12":301,"1.211047645E12":300,"1.21103702E12":247,"1.211036654E12":238,"1.21102521E12":112,"1.211027464E12":141,"1.211055303E12":323,"1.211022866E12":76,"1.211036884E12":243,"1.211030672E12":164,"1.211143989E12":379,"1.211036625E12":235,"1.211028864E12":149,"1.211047522E12":299,"1.211018576E12":30,"1.21102388E12":92,"1.211022329E12":67,"1.211047151E12":296,"1.211023202E12":80,"1.211053443E12":315,"1.211032381E12":180,"1.211091808E12":370,"1.211026024E12":125,"1.211030862E12":167,"1.211091278E12":368,"1.211036197E12":233,"1.211018543E12":26,"1.211066775E12":350,"1.211063739E12":337,"1.211019189E12":44,"1.211036648E12":237,"1.211044133E12":279,"1.211036899E12":244,"1.211020395E12":55,"1.211018489E12":6,"1.211165057E12":383,"1.211030013E12":158,"1.211173975E12":384,"1.211024542E12":102,"1.211097471E12":374,"1.211041597E12":270,"1.211035859E12":228,"1.21102275E12":75,"1.211059865E12":330,"1.211029818E12":154,"1.211032961E12":195,"1.211032982E12":198,"1.211049145E12":309,"1.211082968E12":360,"1.211023892E12":93,"1.211018603E12":34,"1.211024654E12":104,"1.211022611E12":72,"1.211041742E12":272,"1.211027001E12":137,"1.211027265E12":138,"1.211044494E12":283,"1.211035665E12":226,"1.211022217E12":65,"1.211032495E12":185,"1.211025956E12":123,"1.2110289E12":150,"1.211023554E12":86,"1.211022204E12":64,"1.211023739E12":89,"1.211031815E12":174,"1.211033531E12":202,"1.211025764E12":121,"1.211048254E12":304,"1.211090595E12":366,"1.211019889E12":49,"1.211025591E12":117,"1.211055539E12":324,"1.211023799E12":90,"1.211044157E12":280,"1.211036671E12":239,"1.211018964E12":40,"1.21103086E12":166,"1.211036125E12":231,"1.211066581E12":349,"1.211048585E12":307,"1.211020636E12":57,"1.21117548E12":385,"1.211029828E12":155,"1.211036908E12":246,"1.211034619E12":215,"1.211018522E12":24,"1.211049174E12":310,"1.211090879E12":367,"1.211067462E12":351,"1.211028853E12":148,"1.211032548E12":186,"1.211018584E12":31,"1.211018487E12":4,"1.211033944E12":207,"1.211032368E12":179,"1.211025056E12":108,"1.211022974E12":78,"1.211019426E12":46,"1.211034966E12":217,"1.211022967E12":77,"1.211020985E12":58,"1.211035017E12":218,"1.211037581E12":253,"1.211068701E12":354,"1.211025194E12":111,"1.211041505E12":269,"1.211024415E12":101,"1.211024233E12":100,"1.211026424E12":128,"1.211031738E12":171,"1.211025069E12":109,"1.211048385E12":305,"1.211022199E12":63,"1.211038298E12":256,"1.211059741E12":328,"1.211036882E12":242,"1.211032615E12":187,"1.211038057E12":255,"1.211028339E12":145,"1.211018504E12":17,"1.21109345E12":372,"1.211025233E12":113,"1.211018495E12":11,"1.211032984E12":199,"1.211020388E12":54,"1.211032978E12":197,"1.211083632E12":362,"1.211062976E12":334,"1.211030448E12":163,"1.211018516E12":21,"1.21106039E12":331,"1.21102255E12":71,"1.211046474E12":293,"1.211027758E12":144,"1.211032777E12":191,"1.211037543E12":251,"1.211035577E12":224,"1.211029483E12":152,"1.211044545E12":287,"1.211032675E12":189,"1.211033507E12":201,"1.21104625E12":291,"1.211035151E12":220,"1.211060445E12":333,"1.21103285E12":192,"1.211025036E12":107,"1.211089857E12":364,"1.211089911E12":365,"1.211026887E12":136,"1.211044505E12":285,"1.21103366E12":204,"1.211049618E12":312,"1.211038544E12":259,"1.21103274E12":190,"1.211018492E12":8,"1.211069832E12":357,"1.211033624E12":203,"1.211022742E12":74,"1.211159929E12":382,"1.211041474E12":268,"1.211034369E12":211,"1.211030367E12":161,"1.211052887E12":314,"1.211041375E12":267,"1.211053446E12":316},"NUMBER_OF_PEOPLE":400,"minTimeSeen":1.211018404E12,"maxTimeSeen":1.211558405E12,"NEIGHBORHOOD_RADIUS":20.0,"ENCOUNTER_CHANCE":0.05,"priority":1.0,