{"propagationData":{"1.2110716E12":115,"1.211055436E12":41,"1.211097098E12":190,"1.211087653E12":160,"1.211057908E12":54,"1.211057207E12":46,"1.211063493E12":79,"1.211061E12":67,"1.211055103E12":37,"1.211081015E12":137,"1.211053756E12":24,"1.211092315E12":177,"1.211048681E12":7,"1.211063573E12":80,"1.211094087E12":183,"1.211098545E12":197,"1.211085711E12":144,"1.211094662E12":188,"1.211057492E12":52,"1.211105859E12":212,"1.211067221E12":102,"1.211088002E12":164,"1.211053641E12":22,"1.211060707E12":63,"1.211049886E12":17,"1.211049865E12":16,"1.211057297E12":47,"1.211085863E12":148,"1.211049947E12":19,"1.211080801E12":136,"1.211086784E12":153,"1.211087999E12":163,"1.211049783E12":13,"1.211098519E12":194,"1.211086821E12":154,"1.211049257E12":11,"1.211093783E12":181,"1.211087552E12":158,"1.211087984E12":162,"1.211094588E12":186,"1.211061034E12":69,"1.211069269E12":103,"1.211073598E12":120,"1.211087116E12":155,"1.21109466E12":187,"1.211105776E12":209,"1.211054217E12":27,"1.211060983E12":65,"1.2110808E12":135,"1.211067117E12":100,"1.211065377E12":91,"1.211060291E12":56,"1.211060447E12":60,"1.211057325E12":48,"1.211072178E12":118,"1.211056228E12":44,"1.211088828E12":167,"1.211066482E12":95,"1.211090909E12":171,"1.211092599E12":178,"1.211065039E12":87,"1.211046848E12":6,"1.211080165E12":130,"1.211087257E12":156,"1.21104953E12":12,"1.211057917E12":55,"1.211084464E12":140,"1.211066686E12":96,"1.211034079E12":4,"1.211091249E12":173,"1.211097083E12":189,"1.211084582E12":142,"1.211066783E12":99,"1.211069988E12":109,"1.211049957E12":20,"1.211088914E12":170,"1.211055612E12":43,"1.211084443E12":138,"1.211088821E12":166,"1.211109124E12":214,"1.211062769E12":76,"1.21105452E12":32,"1.211105739E12":208,"1.211069491E12":107,"1.211069282E12":104,"1.211062382E12":74,"1.2110736E12":121,"1.211080041E12":128,"1.211018404E12":1,"1.211049004E12":8,"1.211019291E12":2,"1.211057333E12":49,"1.211071579E12":114,"1.211091669E12":175,"1.211104872E12":205,"1.211060293E12":58,"1.211087623E12":159,"1.211086529E12":150,"1.211070221E12":111,"1.211072111E12":116,"1.211049857E12":15,"1.211090948E12":172,"1.21106604E12":94,"1.211060509E12":61,"1.211060403E12":59,"1.211076301E12":125,"1.211062331E12":73,"1.211060683E12":62,"1.211049893E12":18,"1.21107645E12":126,"1.211087548E12":157,"1.21108798E12":161,"1.21105471E12":35,"1.211104848E12":204,"1.21108887E12":168,"1.211105707E12":207,"1.211086618E12":151,"1.211054453E12":31,"1.211055124E12":38,"1.211055462E12":42,"1.211085738E12":146,"1.211093374E12":180,"1.211097108E12":191,"1.211067193E12":101,"1.211109255E12":215,"1.211063225E12":77,"1.211088803E12":165,"1.211084445E12":139,"1.211111753E12":218,"1.211054651E12":33,"1.211056265E12":45,"1.211055238E12":39,"1.211110238E12":217,"1.211080545E12":134,"1.211073689E12":122,"1.211088906E12":169,"1.211054231E12":29,"1.211055341E12":40,"1.211085725E12":145,"1.211105817E12":210,"1.211065152E12":90,"1.21107388E12":123,"1.211057455E12":51,"1.211099089E12":199,"1.211064355E12":82,"1.211062384E12":75,"1.211094499E12":184,"1.211054846E12":36,"1.211070263E12":112,"1.211079797E12":127,"1.211049173E12":10,"1.211080069E12":129,"1.211054361E12":30,"1.211049797E12":14,"1.211066729E12":98,"1.211065746E12":93,"1.211035798E12":5,"1.211085608E12":143,"1.211086782E12":152,"1.21107213E12":117,"1.211080181E12":131,"1.211062295E12":72,"1.211065403E12":92,"1.211103888E12":203,"1.211073907E12":124,"1.21105002E12":21,"1.211069786E12":108,"1.211111821E12":219,"1.211103828E12":202,"1.211049052E12":9,"1.211061039E12":70,"1.211065079E12":88,"1.211063367E12":78,"1.211098603E12":198,"1.21106448E12":84,"1.211091637E12":174,"1.211053726E12":23,"1.211085839E12":147,"1.211098511E12":193,"1.211069393E12":106,"1.211098526E12":195,"1.211080228E12":132,"1.21107019E12":110,"1.211098535E12":196,"1.211094503E12":185,"1.21105386E12":26,"1.21105422E12":28,"1.211099364E12":200,"1.211061001E12":68,"1.211033935E12":3,"1.211064707E12":86,"1.211084509E12":141,"1.211057749E12":53,"1.211086528E12":149,"1.211060802E12":64,"1.211060292E12":57,"1.211073252E12":119,"1.211060993E12":66,"1.211105853E12":211,"1.211094074E12":182,"1.211057422E12":50,"1.211080235E12":133,"1.21109942E12":201,"1.211053832E12":25,"1.211093206E12":179,"1.211105071E12":206,"1.211105956E12":213,"1.211064423E12":83,"1.211064063E12":81,"1.211061081E12":71,"1.211098496E12":192,"1.211069391E12":105,"1.211070326E12":113,"1.211110235E12":216,"1.211064483E12":85},"NUMBER_OF_PEOPLE":400,"minTimeSeen":1.211018404E12,"maxTimeSeen":1.211558405E12,"NEIGHBORHOOD_RADIUS":20.0,"ENCOUNTER_CHANCE":0.05,"priority":1.0,"duration":540001.0,"minutesDuration":9000.016666666666,"hoursDuration":150.00027777777777,"daysDuration":6.250011574074073}
