{"propagationData":{"1.211529921E12":46,"1.211389679E12":18,"1.211167098E12":4,"1.211166718E12":3,"1.211529558E12":43,"1.211518313E12":42,"1.211172083E12":6,"1.211167134E12":5,"1.211482688E12":24,"1.211494681E12":26,"1.211172188E12":7,"1.211165075E12":2,"1.211018404E12":1,"1.211389638E12":17,"1.211518229E12":41,"1.211481887E12":22,"1.211494962E12":29,"1.211550915E12":48,"1.211495366E12":30,"1.211389017E12":12,"1.211506027E12":36,"1.211550913E12":47,"1.211517876E12":40,"1.211494794E12":28,"1.21152978E12":45,"1.211389255E12":14,"1.211496365E12":31,"1.21117251E12":8,"1.21138932E12":15,"1.211212909E12":10,"1.211496612E12":34,"1.211391732E12":21,"1.211517815E12":39,"1.211502057E12":35,"1.211496458E12":33,"1.211496381E12":32,"1.211213071E12":11,"1.211389611E12":16,"1.211506046E12":37,"1.211529697E12":44,"1.211494762E12":27,"1.211482214E12":23,"1.211172777E12":9,"1.211389034E12":13,"1.211389774E12":19,"1.211391009E12":20,"1.21151776E12":38,"1.211494614E12":25},"NUMBER_OF_PEOPLE":400,"minTimeSeen":1.211018404E12,"maxTimeSeen":1.211558405E12,"NEIGHBORHOOD_RADIUS":20.0,"ENCOUNTER_CHANCE":0.05,"priority":1.0,"duration":540001.0,"minutesDuration":9000.016666666666,"hoursDuration":150.00027777777777,"daysDuration":6.250011574074073}
