{"propagationData":{"1.211086747E12":361,"1.211050424E12":296,"1.211029864E12":91,"1.211022589E12":51,"1.21106454E12":331,"1.211040411E12":244,"1.211019595E12":22,"1.211027633E12":79,"1.211067608E12":338,"1.211037262E12":209,"1.211026753E12":70,"1.211032466E12":145,"1.211024927E12":62,"1.211036875E12":204,"1.211026023E12":67,"1.211032017E12":137,"1.21106808E12":339,"1.211053433E12":309,"1.211032842E12":159,"1.211038508E12":224,"1.211031716E12":130,"1.211026986E12":73,"1.21104168E12":255,"1.211033431E12":171,"1.2110443E12":271,"1.211031816E12":134,"1.211022203E12":45,"1.211022605E12":52,"1.211026862E12":71,"1.211099025E12":367,"1.211020307E12":33,"1.211030653E12":109,"1.211090423E12":364,"1.211267961E12":387,"1.211080023E12":352,"1.211030438E12":98,"1.211094433E12":366,"1.211081125E12":354,"1.211042936E12":261,"1.211079822E12":351,"1.211041584E12":253,"1.211069433E12":342,"1.211031813E12":133,"1.211032614E12":151,"1.211032534E12":148,"1.211023283E12":58,"1.211040409E12":243,"1.211028812E12":88,"1.211040709E12":247,"1.211053796E12":311,"1.211034718E12":183,"1.211028002E12":83,"1.211041683E12":256,"1.211034763E12":184,"1.21103179E12":132,"1.211058159E12":316,"1.211040916E12":250,"1.211018704E12":6,"1.211027582E12":77,"1.211030657E12":111,"1.211042858E12":259,"1.211026892E12":72,"1.211032986E12":162,"1.211030688E12":115,"1.211084307E12":358,"1.211071692E12":349,"1.211022522E12":48,"1.211038441E12":222,"1.21101955E12":21,"1.211063737E12":327,"1.211032072E12":138,"1.211084632E12":359,"1.211043296E12":265,"1.211032725E12":153,"1.211022577E12":50,"1.211036751E12":202,"1.211021365E12":38,"1.211062364E12":324,"1.211018872E12":10,"1.211036172E12":194,"1.211205121E12":384,"1.211036957E12":206,"1.211035566E12":189,"1.211079817E12":350,"1.211019136E12":14,"1.211050794E12":304,"1.211047721E12":288,"1.211027865E12":82,"1.21103084E12":119,"1.211035663E12":190,"1.211038538E12":226,"1.211034138E12":179,"1.211018459E12":3,"1.211021733E12":43,"1.211090014E12":362,"1.21106382E12":328,"1.211018972E12":11,"1.211046174E12":280,"1.211028303E12":85,"1.211035315E12":187,"1.211038161E12":218,"1.211028016E12":84,"1.211041491E12":251,"1.211053974E12":312,"1.211019548E12":20,"1.211045087E12":274,"1.211040853E12":249,"1.211038103E12":217,"1.211034101E12":178,"1.211080535E12":353,"1.211067528E12":336,"1.211050459E12":298,"1.211045847E12":278,"1.211021402E12":39,"1.211063881E12":330,"1.211157249E12":378,"1.211030553E12":104,"1.211038371E12":221,"1.211037633E12":210,"1.211033726E12":175,"1.211071243E12":348,"1.211043075E12":262,"1.211032555E12":150,"1.211032632E12":152,"1.211051129E12":306,"1.211037095E12":207,"1.211036754E12":203,"1.211021479E12":40,"1.211032463E12":143,"1.211050559E12":303,"1.211023424E12":59,"1.211054196E12":313,"1.211029912E12":92,"1.211027626E12":78,"1.211023206E12":57,"1.211060976E12":321,"1.211046289E12":282,"1.211036284E12":195,"1.211050533E12":301,"1.211045411E12":275,"1.211033155E12":164,"1.211019514E12":19,"1.211046879E12":286,"1.211041551E12":252,"1.211020185E12":28,"1.211113856E12":370,"1.211023073E12":56,"1.211038486E12":223,"1.21103336E12":169,"1.21106161E12":323,"1.211033228E12":166,"1.211059131E12":318,"1.211027207E12":74,"1.21103799E12":215,"1.211018404E12":1,"1.211099368E12":368,"1.211031677E12":129,"1.211060141E12":320,"1.211033293E12":168,"1.21105834E12":317,"1.21105639E12":315,"1.21104209E12":257,"1.211019634E12":23,"1.211037181E12":208,"1.211032912E12":161,"1.211260626E12":386,"1.211038101E12":216,"1.211036425E12":199,"1.21109012E12":363,"1.211040208E12":240,"1.211028837E12":89,"1.211030444E12":99,"1.211070221E12":346,"1.211066935E12":335,"1.211065023E12":332,"1.211025991E12":66,"1.211019143E12":15,"1.211030839E12":118,"1.211020305E12":32,"1.211043804E12":269,"1.211032382E12":142,"1.211018815E12":8,"1.211040028E12":237,"1.21103056E12":105,"1.211092454E12":365,"1.211046314E12":283,"1.211061239E12":322,"1.211032877E12":160,"1.21108403E12":357,"1.211029055E12":90,"1.211036378E12":198,"1.211027242E12":75,"1.211033208E12":165,"1.211025461E12":65,"1.211030812E12":117,"1.211116935E12":372,"1.21103131E12":124,"1.211044337E12":272,"1.211083712E12":355,"1.211031107E12":122,"1.211033098E12":163,"1.211035961E12":193,"1.211022366E12":46,"1.211037974E12":214,"1.211040416E12":245,"1.211027684E12":80,"1.211031452E12":126,"1.211031935E12":136,"1.211018678E12":5,"1.211021311E12":37,"1.211049974E12":295,"1.211023436E12":60,"1.211018408E12":2,"1.211031726E12":131,"1.211040265E12":242,"1.211050545E12":302,"1.211038664E12":229,"1.21103775E12":212,"1.211046038E12":279,"1.211083987E12":356,"1.211046973E12":287,"1.211030654E12":110,"1.211022193E12":44,"1.211069514E12":343,"1.211025396E12":64,"1.211041623E12":254,"1.21104051E12":246,"1.211038651E12":228,"1.211039102E12":230,"1.211019748E12":24,"1.211034693E12":182,"1.211043261E12":264,"1.211049914E12":294,"1.211046368E12":284,"1.211043298E12":266,"1.211022733E12":54,"1.211030911E12":121,"1.211026357E12":68,"1.211019378E12":17,"1.211038183E12":220,"1.211036297E12":197,"1.211019772E12":25,"1.211019936E12":26,"1.211084792E12":360,"1.211069166E12":341,"1.211063859E12":329,"1.211046185E12":281,"1.21102099E12":36,"1.211021713E12":42,"1.211030594E12":107,"1.211457325E12":388,"1.211116294E12":371,"1.211022854E12":55,"1.211020819E12":35,"1.211022614E12":53,"1.211030601E12":108,"1.211032337E12":140,"1.211033722E12":174,"1.211032479E12":146,"1.211022546E12":49,"1.211037942E12":213,"1.211030683E12":114,"1.211034224E12":180,"1.211047998E12":290,"1.211032813E12":158,"1.211050517E12":299,"1.211067572E12":337,"1.211062628E12":326,"1.211018705E12":7,"1.21102779E12":81,"1.211032167E12":139,"1.211030348E12":96,"1.211183426E12":382,"1.21104289E12":260,"1.211032763E12":157,"1.211038537E12":225,"1.211032739E12":155,"1.211033694E12":173,"1.211030371E12":97,"1.211036481E12":200,"1.211035209E12":186,"1.211019473E12":18,"1.211070918E12":347,"1.211062489E12":325,"1.211052238E12":308,"1.211032464E12":144,"1.211175489E12":381,"1.211031333E12":125,"1.211022465E12":47,"1.211030471E12":103,"1.211028325E12":86,"1.211043259E12":263,"1.211030238E12":93,"1.211050529E12":300,"1.211026533E12":69,"1.211043397E12":268,"1.21103927E12":233,"1.211030344E12":95,"1.211051405E12":307,"1.211023575E12":61,"1.211033265E12":167,"1.211053472E12":310,"1.211137471E12":377,"1.211039421E12":235,"1.211040711E12":248,"1.211036289E12":196,"1.211056351E12":314,"1.211036595E12":201,"1.211032548E12":149,"1.211019084E12":13,"1.211030561E12":106,"1.211030855E12":120,"1.211039444E12":236,"1.211035674E12":191,"1.211025321E12":63,"1.211186055E12":383,"1.211018851E12":9,"1.211069994E12":345,"1.211059723E12":319,"1.211038165E12":219,"1.211125521E12":374,"1.211050839E12":305,"1.211050431E12":297,"1.211020492E12":34,"1.211032529E12":147,"1.211033611E12":172,"1.211031479E12":127,"1.211031534E12":128,"1.211120874E12":373,"1.211039273E12":234,"1.211019316E12":16,"1.211049824E12":293,"1.211030324E12":94,"1.211049813E12":292,"1.211066762E12":334,"1.21104285E12":258,"1.211135224E12":376,"1.21104775E12":289,"1.211066652E12":333,"1.211020247E12":29,"1.211020289E12":31,"1.211040043E12":238,"1.21103046E12":100,"1.21103571E12":192,"1.211027465E12":76,"1.211039108E12":231,"1.211035154E12":185,"1.211045754E12":276,"1.211035473E12":188,"1.211048429E12":291,"1.211046389E12":285,"1.211020136E12":27,"1.21102028E12":30,"1.211044265E12":270,"1.21106896E12":340,"1.211034681E12":181,"1.211019006E12":12,"1.2111292E12":375,"1.211031134E12":123,"1.211030671E12":113,"1.211030767E12":116,"1.211033368E12":170,"1.211253036E12":385,"1.211018516E12":4,"1.211028348E12":87,"1.211036932E12":205,"1.211032376E12":141,"1.211069567E12":344,"1.211030664E12":112,"1.211043359E12":267,"1.211032735E12":154,"1.21102163E12":41,"1.211044355E12":273,"1.211033794E12":177,"1.211167597E12":380,"1.21103274E12":156,"1.21103378E12":176,"1.211039207E12":232,"1.211160453E12":379,"1.211031829E12":135,"1.211100158E12":369,"1.211045816E12":277,"1.211038623E12":227,"1.211037656E12":211},"NUMBER_OF_PEOPLE":400,"minTimeSeen":1.211018404E12,