{"propagationData":{"1.211085309E12":351,"1.211078607E12":335,"1.211037037E12":77,"1.211038835E12":115,"1.211052502E12":248,"1.211049122E12":230,"1.21107995E12":338,"1.211032775E12":29,"1.211090779E12":359,"1.211050321E12":239,"1.211044323E12":176,"1.211039909E12":133,"1.211080138E12":340,"1.211054677E12":260,"1.211039838E12":129,"1.211043466E12":167,"1.211052761E12":251,"1.21103722E12":81,"1.211185416E12":382,"1.211066727E12":311,"1.211071844E12":325,"1.211175484E12":377,"1.211078771E12":336,"1.211035873E12":59,"1.211036177E12":61,"1.211036309E12":62,"1.211038466E12":106,"1.211048558E12":223,"1.211036516E12":66,"1.211046045E12":197,"1.211060374E12":289,"1.211044033E12":169,"1.211045091E12":182,"1.211040579E12":140,"1.211039567E12":120,"1.211063598E12":298,"1.211035167E12":54,"1.211038285E12":103,"1.211042165E12":154,"1.211075586E12":331,"1.211077972E12":334,"1.211058712E12":283,"1.211032182E12":15,"1.211054926E12":261,"1.211037919E12":96,"1.211060805E12":290,"1.211050142E12":238,"1.211036803E12":73,"1.211045402E12":187,"1.211039731E12":126,"1.211045407E12":188,"1.211032128E12":13,"1.21103787E12":95,"1.211030075E12":4,"1.211039606E12":122,"1.211041584E12":146,"1.211036504E12":65,"1.211101993E12":364,"1.211043334E12":166,"1.211067971E12":314,"1.211056906E12":277,"1.211055446E12":264,"1.21104058E12":141,"1.211040157E12":135,"1.211085075E12":349,"1.211063064E12":295,"1.211055507E12":265,"1.211035752E12":58,"1.211141793E12":373,"1.211102289E12":365,"1.211039581E12":121,"1.211038761E12":114,"1.211058005E12":280,"1.211069992E12":315,"1.211044578E12":179,"1.211047232E12":210,"1.211062899E12":293,"1.211032708E12":27,"1.21103212E12":12,"1.211051414E12":243,"1.211052683E12":250,"1.211038002E12":97,"1.211064404E12":303,"1.211064378E12":301,"1.211038686E12":112,"1.211037787E12":92,"1.211101616E12":363,"1.211095401E12":362,"1.211048739E12":227,"1.211032276E12":20,"1.211088871E12":352,"1.211031495E12":5,"1.211089531E12":356,"1.211040768E12":144,"1.211042245E12":156,"1.211046821E12":208,"1.211049148E12":231,"1.211073471E12":329,"1.211033894E12":39,"1.21103823E12":102,"1.211046917E12":209,"1.211046228E12":198,"1.21103514E12":53,"1.211063041E12":294,"1.21105972E12":287,"1.211045938E12":195,"1.211070962E12":320,"1.211042003E12":152,"1.211042571E12":158,"1.211071581E12":324,"1.211080882E12":344,"1.211032964E12":31,"1.211046454E12":203,"1.211154735E12":375,"1.211034688E12":48,"1.211067954E12":313,"1.211059375E12":285,"1.211040226E12":137,"1.21103566E12":57,"1.211089329E12":354,"1.211032274E12":19,"1.21103219E12":16,"1.21105329E12":258,"1.211039546E12":119,"1.211044042E12":170,"1.21103287E12":30,"1.211064402E12":302,"1.211042561E12":157,"1.211038915E12":117,"1.211039822E12":128,"1.211034258E12":43,"1.211260632E12":386,"1.21103603E12":60,"1.211037332E12":85,"1.211065434E12":308,"1.211033166E12":33,"1.211066096E12":310,"1.211036732E12":71,"1.211039895E12":131,"1.211257355E12":385,"1.211052168E12":246,"1.211046488E12":205,"1.211045105E12":183,"1.211203564E12":384,"1.211064449E12":305,"1.211045968E12":196,"1.211041723E12":148,"1.211042014E12":153,"1.21103457E12":46,"1.211032098E12":11,"1.211033473E12":35,"1.21107073E12":317,"1.211044097E12":173,"1.211032064E12":9,"1.211037151E12":80,"1.211038684E12":111,"1.211046476E12":204,"1.211090773E12":358,"1.211059585E12":286,"1.211047591E12":219,"1.211039861E12":130,"1.211046289E12":199,"1.211034787E12":49,"1.211039907E12":132,"1.211052881E12":254,"1.211043711E12":168,"1.211055621E12":267,"1.211080767E12":343,"1.211045434E12":190,"1.211049206E12":233,"1.211056288E12":270,"1.211049904E12":234,"1.211044049E12":171,"1.211058927E12":284,"1.21104406E12":172,"1.211053284E12":257,"1.211129118E12":369,"1.211051469E12":244,"1.211018404E12":1,"1.211049942E12":236,"1.211032252E12":18,"1.21103783E12":93,"1.21103758E12":89,"1.211047497E12":215,"1.211036792E12":72,"1.211034338E12":45,"1.211033677E12":37,"1.211038582E12":109,"1.211088988E12":353,"1.211081061E12":345,"1.211046742E12":207,"1.21105427E12":259,"1.211040059E12":134,"1.211037067E12":78,"1.211140871E12":372,"1.211066933E12":312,"1.211048702E12":226,"1.211057466E12":279,"1.211039523E12":118,"1.211041861E12":151,"1.211080422E12":341,"1.211039644E12":125,"1.211036365E12":64,"1.211047934E12":222,"1.211050432E12":241,"1.211043266E12":164,"1.211037326E12":84,"1.211035131E12":52,"1.211317292E12":388,"1.211037499E12":88,"1.211039735E12":127,"1.211056796E12":274,"1.21104546E12":191,"1.211037867E12":94,"1.211139489E12":371,"1.211056331E12":271,"1.211042784E12":161,"1.211046365E12":200,"1.211041821E12":150,"1.211041677E12":147,"1.211177365E12":378,"1.211050939E12":242,"1.211038514E12":107,"1.211040178E12":136,"1.211056871E12":276,"1.211085255E12":350,"1.211038543E12":108,"1.211064422E12":304,"1.21105826E12":281,"1.211036594E12":68,"1.211033382E12":34,"1.211040704E12":142,"1.211047584E12":218,"1.211040572E12":139,"1.211034841E12":51,"1.211090858E12":360,"1.211046739E12":206,"1.211070745E12":318,"1.211032016E12":6,"1.211063507E12":296,"1.211054975E12":262,"1.211037365E12":86,"1.211038849E12":116,"1.211042222E12":155,"1.211076577E12":333,"1.2110656E12":309,"1.211042575E12":159,"1.211072759E12":326,"1.21105194E12":245,"1.211047373E12":213,"1.211036597E12":69,"1.21103868E12":110,"1.211049915E12":235,"1.211063525E12":297,"1.211037421E12":87,"1.211032458E12":23,"1.211178798E12":379,"1.211056991E12":278,"1.211043131E12":163,"1.211045432E12":189,"1.211071388E12":322,"1.211038045E12":98,"1.211089409E12":355,"1.211033088E12":32,"1.211032028E12":7,"1.211036876E12":75,"1.21117923E12":380,"1.211044455E12":177,"1.211036899E12":76,"1.211032721E12":28,"1.211052777E12":252,"1.21104579E12":193,"1.211080728E12":342,"1.211060927E12":291,"1.211032313E12":21,"1.211044575E12":178,"1.211044887E12":181,"1.211036345E12":63,"1.211037325E12":83,"1.211037142E12":79,"1.211032143E12":14,"1.211047614E12":220,"1.211045299E12":186,"1.211084955E12":348,"1.211063643E12":299,"1.21106026E12":288,"1.211048789E12":228,"1.211044213E12":175,"1.211079921E12":337,"1.211046399E12":202,"1.211058521E12":282,"1.211056812E12":275,"1.211027714E12":2,"1.211062124E12":292,"1.211080137E12":339,"1.211035178E12":55,"1.2112901E12":387,"1.211143957E12":374,"1.211048665E12":225,"1.21104333E12":165,"1.211095154E12":361,"1.211032631E12":26,"1.211047369E12":212,"1.211034063E12":41,"1.211070133E12":316,"1.21105313E12":256,"1.211073224E12":327,"1.211038305E12":105,"1.211035346E12":56,"1.211046369E12":201,"1.211089946E12":357,"1.211036578E12":67,"1.211044115E12":174,"1.211104077E12":367,"1.211034816E12":50,"1.211105846E12":368,"1.211047384E12":214,"1.211050422E12":240,"1.211036598E12":70,"1.211038187E12":100,"1.211045471E12":192,"1.211182551E12":381,"1.211045284E12":185,"1.211033725E12":38,"1.211052817E12":253,"1.211038155E12":99,"1.211044699E12":180,"1.211037272E12":82,"1.211032603E12":24,"1.211071129E12":321,"1.211032368E12":22,"1.211103167E12":366,"1.211048598E12":224,"1.211034286E12":44,"1.211063662E12":300,"1.211056339E12":272,"1.21104757E12":217,"1.211084838E12":347,"1.211039622E12":124,"1.211040708E12":143,"1.211052341E12":247,"1.211041749E12":149,"1.211036858E12":74,"1.211038298E12":104,"1.211052961E12":255,"1.211032615E12":25,"1.21105519E12":263,"1.211032045E12":8,"1.211045111E12":184,"1.211047912E12":221,"1.211138259E12":370,"1.211070828E12":319,"1.211034576E12":47,"1.211076328E12":332,"1.211065114E12":307,"1.211045886E12":194,"1.211047281E12":211,"1.21104907E12":229,"1.211039613E12":123,"1.211042741E12":160,"1.211027907E12":3,"1.211037687E12":91,"1.211073707E12":330,"1.211084073E12":346,"1.211032068E12":10,"1.211071563E12":323,"1.211052521E12":249,"1.211033507E12":36,"1.211073396E12":328,"1.211202565E12":383,"1.211055737E12":268,"1.211040773E12":145,"1.211034254E12":42,"1.211047505E12":216,"1.211037684E12":90,"1.211032214E12":17,"1.211173965E12":376,"1.211033907E12":40,"1.211055964E12":269,"1.211049194E12":232,"1.211055619E12":266,"1.211043095E12":162,"1.211040407E12":138,"1.21106487E12":306},"NUMBER_OF_PEOPLE":400,"minTimeSeen":1.211018404E12,