{"propagationData":{"1.211040697E12":173,"1.211035557E12":102,"1.21104991E12":264,"1.211051826E12":269,"1.211032815E12":39,"1.211049603E12":260,"1.211042326E12":195,"1.211034583E12":71,"1.211077267E12":351,"1.2110329E12":42,"1.211072057E12":340,"1.211052993E12":276,"1.211047563E12":246,"1.211041332E12":181,"1.211046597E12":240,"1.211049705E12":262,"1.211042041E12":191,"1.211034822E12":76,"1.211034598E12":73,"1.211032973E12":43,"1.211053003E12":277,"1.211038784E12":152,"1.211092253E12":363,"1.211142667E12":382,"1.211028217E12":14,"1.211037671E12":134,"1.211126344E12":376,"1.211037604E12":132,"1.211035205E12":94,"1.211054969E12":283,"1.211040987E12":175,"1.211035534E12":101,"1.211050072E12":266,"1.21104044E12":169,"1.211061827E12":310,"1.21112301E12":374,"1.211066397E12":323,"1.211035169E12":93,"1.211046098E12":232,"1.211033514E12":56,"1.211035112E12":91,"1.211030134E12":20,"1.211041829E12":188,"1.211038422E12":146,"1.21103737E12":126,"1.21106754E12":329,"1.211036564E12":116,"1.211034155E12":63,"1.211038961E12":155,"1.211033844E12":60,"1.211041468E12":184,"1.211044669E12":219,"1.211046167E12":234,"1.211154534E12":383,"1.211158734E12":384,"1.211034285E12":66,"1.211057288E12":295,"1.211053483E12":280,"1.211250059E12":387,"1.211052903E12":275,"1.211046507E12":239,"1.211046294E12":235,"1.211122627E12":372,"1.211130596E12":378,"1.211246787E12":386,"1.211045381E12":227,"1.211039139E12":157,"1.211041047E12":178,"1.211048451E12":249,"1.211058363E12":299,"1.211057503E12":297,"1.211035985E12":110,"1.211060942E12":305,"1.21104137E12":183,"1.211096487E12":366,"1.211018404E12":1,"1.211054931E12":282,"1.211078449E12":357,"1.211090437E12":361,"1.211056747E12":288,"1.211032861E12":40,"1.21102928E12":17,"1.211140611E12":380,"1.211038859E12":153,"1.211044914E12":222,"1.211019501E12":4,"1.211038489E12":148,"1.211038006E12":141,"1.211043947E12":208,"1.211035787E12":108,"1.21103147E12":23,"1.211122752E12":373,"1.211032156E12":29,"1.2110386E12":151,"1.211041598E12":185,"1.211048627E12":252,"1.211049358E12":255,"1.211035021E12":88,"1.211037882E12":137,"1.211049737E12":263,"1.211060418E12":304,"1.211049602E12":259,"1.21103175E12":25,"1.21104164E12":186,"1.211044829E12":220,"1.211040153E12":167,"1.211056907E12":291,"1.211021342E12":8,"1.211048285E12":248,"1.211034774E12":75,"1.211022289E12":11,"1.211043697E12":206,"1.211041333E12":182,"1.211067764E12":331,"1.21104187E12":190,"1.211040939E12":174,"1.211033209E12":47,"1.211033394E12":54,"1.211037705E12":135,"1.211037198E12":123,"1.211055625E12":286,"1.211066058E12":322,"1.211019243E12":2,"1.211028142E12":13,"1.21102162E12":10,"1.211066786E12":328,"1.211037129E12":122,"1.211037557E12":129,"1.211034978E12":81,"1.211032495E12":35,"1.211019434E12":3,"1.211060117E12":302,"1.211035662E12":103,"1.211049454E12":256,"1.211036496E12":114,"1.21104555E12":229,"1.211069101E12":333,"1.211040111E12":165,"1.211045098E12":223,"1.211073893E12":343,"1.211063297E12":317,"1.211061421E12":308,"1.211070334E12":336,"1.211045284E12":226,"1.211035718E12":105,"1.211030633E12":21,"1.211055252E12":284,"1.211039789E12":161,"1.211033944E12":61,"1.211036508E12":115,"1.211092089E12":362,"1.211048774E12":254,"1.21105172E12":268,"1.211061008E12":306,"1.211033833E12":58,"1.211034966E12":80,"1.211042934E12":196,"1.211055374E12":285,"1.211039973E12":163,"1.211035E12":87,"1.211034997E12":86,"1.211065468E12":321,"1.211032486E12":33,"1.211056819E12":289,"1.211040442E12":170,"1.211037093E12":117,"1.21103619E12":113,"1.211051921E12":270,"1.211060366E12":303,"1.211048751E12":253,"1.211035287E12":96,"1.211051968E12":271,"1.211053549E12":281,"1.211037885E12":138,"1.211034588E12":72,"1.211087702E12":360,"1.211039578E12":159,"1.211063183E12":316,"1.211049649E12":261,"1.211062959E12":314,"1.211074396E12":345,"1.211076399E12":347,"1.211035724E12":106,"1.211109123E12":370,"1.211049464E12":257,"1.21103793E12":139,"1.211035713E12":104,"1.211106448E12":368,"1.211067898E12":332,"1.211051656E12":267,"1.211033379E12":52,"1.211043602E12":204,"1.211038167E12":143,"1.211032894E12":41,"1.211067618E12":330,"1.211037262E12":125,"1.211034828E12":77,"1.211035799E12":109,"1.211047501E12":245,"1.21104518E12":225,"1.211044011E12":210,"1.211040551E12":171,"1.211032253E12":31,"1.211033289E12":49,"1.211063374E12":318,"1.211034995E12":85,"1.211028493E12":15,"1.21102955E12":18,"1.211058304E12":298,"1.211037099E12":118,"1.21104949E12":258,"1.211059961E12":301,"1.211032151E12":27,"1.211038554E12":150,"1.21106185E12":311,"1.211032491E12":34,"1.211033386E12":53,"1.211053025E12":278,"1.211061207E12":307,"1.211035752E12":107,"1.211037875E12":136,"1.211040349E12":168,"1.211034989E12":83,"1.211034611E12":74,"1.211079385E12":358,"1.211035407E12":100,"1.211038111E12":142,"1.211141779E12":381,"1.211043717E12":207,"1.211057495E12":296,"1.211046623E12":242,"1.211048176E12":247,"1.211037248E12":124,"1.211050062E12":265,"1.211031302E12":22,"1.211070962E12":337,"1.211040133E12":166,"1.211038201E12":144,"1.211125182E12":375,"1.21103355E12":57,"1.211042051E12":192,"1.211046323E12":236,"1.211032779E12":38,"1.211036117E12":112,"1.211035051E12":90,"1.21104645E12":237,"1.211038547E12":149,"1.211042971E12":198,"1.211073774E12":342,"1.211037565E12":130,"1.211042085E12":193,"1.211044566E12":216,"1.211032277E12":32,"1.211044573E12":217,"1.211039796E12":162,"1.211069474E12":334,"1.211035152E12":92,"1.211044651E12":218,"1.211037475E12":128,"1.211043119E12":201,"1.211035382E12":99,"1.21104848E12":250,"1.211078285E12":355,"1.211033228E12":48,"1.211043686E12":205,"1.211072438E12":341,"1.211044141E12":212,"1.211058957E12":300,"1.211041243E12":180,"1.211037397E12":127,"1.211020434E12":6,"1.21107138E12":338,"1.211038468E12":147,"1.21126059E12":388,"1.211044125E12":211,"1.211035306E12":97,"1.211040992E12":176,"1.211035328E12":98,"1.21107779E12":352,"1.211105366E12":367,"1.211034293E12":68,"1.211053264E12":279,"1.211033051E12":45,"1.211045099E12":224,"1.211046037E12":231,"1.21109304E12":364,"1.211043097E12":200,"1.211046605E12":241,"1.211045715E12":230,"1.211042964E12":197,"1.211039624E12":160,"1.211074217E12":344,"1.211048619E12":251,"1.211207935E12":385,"1.211043144E12":202,"1.211043169E12":203,"1.211057092E12":294,"1.211062584E12":312,"1.211044009E12":209,"1.211033001E12":44,"1.211039255E12":158,"1.211109082E12":369,"1.211033334E12":51,"1.211039087E12":156,"1.211034906E12":78,"1.211064534E12":320,"1.211056991E12":293,"1.21103221E12":30,"1.211066629E12":326,"1.211034514E12":70,"1.211034356E12":69,"1.211044251E12":214,"1.211063017E12":315,"1.211063697E12":319,"1.211029013E12":16,"1.211027504E12":12,"1.211077854E12":353,"1.211078224E12":354,"1.211046993E12":244,"1.211037103E12":119,"1.211046811E12":243,"1.211037121E12":120,"1.211061593E12":309,"1.211033503E12":55,"1.211074535E12":346,"1.211034274E12":65,"1.211129525E12":377,"1.211056945E12":292,"1.211037577E12":131,"1.211032711E12":37,"1.21104123E12":179,"1.211037127E12":121,"1.211044157E12":213,"1.211052756E12":274,"1.211078298E12":356,"1.211066425E12":324,"1.211031845E12":26,"1.211034935E12":79,"1.211020312E12":5,"1.211035022E12":89,"1.211052504E12":273,"1.211038868E12":154,"1.211071441E12":339,"1.211029645E12":19,"1.211034239E12":64,"1.211034286E12":67,"1.211076892E12":349,"1.211042321E12":194,"1.211041016E12":177,"1.211020645E12":7,"1.211046451E12":238,"1.211043088E12":199,"1.211033838E12":59,"1.211041666E12":187,"1.211044833E12":221,"1.211056875E12":290,"1.211034992E12":84,"1.211046154E12":233,"1.211096474E12":365,"1.21103172E12":24,"1.211034986E12":82,"1.211076491E12":348,"1.211036014E12":111,"1.211086325E12":359,"1.211038225E12":145,"1.211035225E12":95,"1.211055672E12":287,"1.211062614E12":313,"1.211052185E12":272,"1.211109693E12":371,"1.211040032E12":164,"1.211066511E12":325,"1.211136984E12":379,"1.211037634E12":133,"1.211032675E12":36,"1.211034112E12":62,"1.211037961E12":140,"1.21102159E12":9,"1.211066717E12":327,"1.211070306E12":335,"1.21103308E12":46,"1.211077117E12":350,"1.211044277E12":215,"1.211033324E12":50,"1.211045546E12":228},"NUMBER_OF_PEOPLE":400,