{"propagationData":{"1.211037808E12":192,"1.21104591E12":239,"1.211018496E12":25,"1.211034216E12":153,"1.211028902E12":76,"1.211032815E12":131,"1.211018514E12":29,"1.211034828E12":161,"1.21105483E12":273,"1.211029742E12":84,"1.21104155E12":219,"1.211047507E12":244,"1.211019303E12":37,"1.211032424E12":126,"1.211054799E12":272,"1.211051277E12":261,"1.211024405E12":57,"1.211047501E12":243,"1.211064223E12":278,"1.211037396E12":185,"1.211026705E12":71,"1.211024876E12":61,"1.211023891E12":55,"1.211018409E12":15,"1.211034093E12":151,"1.211038784E12":198,"1.21103002E12":90,"1.211031483E12":114,"1.211041531E12":217,"1.21103072E12":103,"1.21102408E12":56,"1.211021957E12":49,"1.211026152E12":67,"1.211029697E12":80,"1.211026777E12":72,"1.211065858E12":281,"1.21108846E12":301,"1.211068786E12":289,"1.211059839E12":274,"1.211024825E12":60,"1.211036466E12":180,"1.211040275E12":208,"1.211021898E12":46,"1.211031518E12":115,"1.211029908E12":88,"1.211040692E12":210,"1.211034984E12":162,"1.211036369E12":175,"1.211021001E12":42,"1.211034819E12":160,"1.211036399E12":178,"1.211047572E12":246,"1.211023507E12":54,"1.211052025E12":266,"1.21103629E12":172,"1.211045215E12":235,"1.211050494E12":256,"1.211021446E12":43,"1.211090544E12":303,"1.211031159E12":109,"1.211051726E12":264,"1.211034089E12":150,"1.211018515E12":30,"1.211031835E12":119,"1.211026245E12":69,"1.211047786E12":249,"1.211041258E12":212,"1.211018406E12":7,"1.211033682E12":141,"1.2110684E12":288,"1.211035016E12":163,"1.211034012E12":145,"1.211045087E12":232,"1.211018503E12":27,"1.211026194E12":68,"1.211052213E12":269,"1.211031581E12":116,"1.211072273E12":293,"1.211030166E12":91,"1.21103457E12":158,"1.211054779E12":271,"1.211033381E12":137,"1.21108768E12":297,"1.211029817E12":85,"1.211064741E12":279,"1.211052032E12":267,"1.211066739E12":286,"1.211090726E12":305,"1.211030852E12":108,"1.211019541E12":39,"1.211034308E12":156,"1.211018484E12":22,"1.211051694E12":263,"1.211031402E12":112,"1.211051009E12":260,"1.211037666E12":189,"1.21105223E12":270,"1.211037653E12":188,"1.211029878E12":86,"1.211025484E12":65,"1.211032477E12":129,"1.21104704E12":242,"1.211029728E12":83,"1.211018404E12":4,"1.211038173E12":197,"1.211024795E12":58,"1.211029896E12":87,"1.211039254E12":206,"1.211047869E12":252,"1.211047713E12":247,"1.211021805E12":45,"1.211034551E12":157,"1.211088733E12":302,"1.211037397E12":186,"1.211036337E12":173,"1.211037703E12":190,"1.211018821E12":33,"1.211078863E12":295,"1.211043087E12":229,"1.211029495E12":77,"1.211068313E12":287,"1.211026303E12":70,"1.211019551E12":40,"1.211021795E12":44,"1.211069128E12":291,"1.211041716E12":221,"1.211050525E12":257,"1.2110304E12":97,"1.211029707E12":81,"1.211019297E12":36,"1.211031915E12":121,"1.211033098E12":136,"1.211051313E12":262,"1.211047549E12":245,"1.211034303E12":155,"1.211031722E12":118,"1.211030498E12":100,"1.21102195E12":48,"1.211018411E12":19,"1.211018506E12":28,"1.211038877E12":200,"1.21105176E12":265,"1.211033382E12":138,"1.211047033E12":241,"1.211030843E12":106,"1.211036352E12":174,"1.211023501E12":53,"1.211030386E12":96,"1.211019169E12":34,"1.21102499E12":62,"1.21102694E12":73,"1.211018499E12":26,"1.211039022E12":201,"1.21103637E12":176,"1.211041171E12":211,"1.211025387E12":64,"1.21104149E12":215,"1.211088249E12":300,"1.211030365E12":94,"1.211040262E12":207,"1.211019378E12":38,"1.211033657E12":140,"1.2110219E12":47,"1.211039146E12":204,"1.211045438E12":236,"1.211031585E12":117,"1.21104509E12":233,"1.211029983E12":89,"1.211036544E12":181,"1.211091377E12":307,"1.211036613E12":183,"1.211033003E12":134,"1.211066706E12":285,"1.211030594E12":102,"1.211041541E12":218,"1.211042489E12":227,"1.211034074E12":148,"1.211035246E12":167,"1.211050569E12":258,"1.211031856E12":120,"1.211065848E12":280,"1.211034599E12":159,"1.211050588E12":259,"1.211049209E12":255,"1.211021995E12":50,"1.211041571E12":220,"1.211043321E12":231,"1.211030841E12":105,"1.211090758E12":306,"1.211034088E12":149,"1.211032448E12":128,"1.211032841E12":132,"1.211038141E12":195,"1.211047822E12":251,"1.211040583E12":209,"1.211052096E12":268,"1.211038821E12":199,"1.211033806E12":143,"1.211041481E12":214,"1.211041441E12":213,"1.21104574E12":237,"1.211078867E12":296,"1.211018415E12":21,"1.211047889E12":253,"1.211064185E12":277,"1.211037862E12":194,"1.211042059E12":222,"1.211032388E12":122,"1.211036447E12":179,"1.211030339E12":93,"1.211039104E12":203,"1.211033754E12":142,"1.211020984E12":41,"1.21103406E12":147,"1.211035148E12":164,"1.211033898E12":144,"1.211032393E12":123,"1.211046293E12":240,"1.211023198E12":52,"1.211030522E12":101,"1.211047817E12":250,"1.211072064E12":292,"1.211018522E12":32,"1.21104331E12":230,"1.21103671E12":184,"1.211066697E12":284,"1.211036595E12":182,"1.211033543E12":139,"1.211072455E12":294,"1.211042993E12":228,"1.211027416E12":75,"1.211033058E12":135,"1.211047745E12":248,"1.211091393E12":308,"1.211019193E12":35,"1.211018487E12":23,"1.211038165E12":196,"1.211066263E12":283,"1.211034289E12":154,"1.211034026E12":146,"1.21103906E12":202,"1.211061001E12":275,"1.211029719E12":82,"1.211030266E12":92,"1.211032963E12":133,"1.21103627E12":171,"1.211032809E12":130,"1.211087927E12":299,"1.211018413E12":20,"1.211063825E12":276,"1.211042302E12":224,"1.211037848E12":193,"1.211039252E12":205,"1.211031435E12":113,"1.211066129E12":282,"1.211027286E12":74,"1.211030376E12":95,"1.21103619E12":169,"1.21102505E12":63,"1.211041494E12":216,"1.211069079E12":290,"1.211042207E12":223,"1.211035863E12":168,"1.211030401E12":98,"1.211029548E12":79,"1.211030489E12":99,"1.211087689E12":298,"1.211042403E12":225,"1.211018516E12":31,"1.211045171E12":234,"1.211036238E12":170,"1.211036388E12":177,"1.211031162E12":110,"1.211032399E12":124,"1.211047949E12":254,"1.211032406E12":125,"1.211037718E12":191,"1.211032427E12":127,"1.211031295E12":111,"1.211034197E12":152,"1.211037587E12":187,"1.211018407E12":14,"1.211035228E12":166,"1.211030797E12":104,"1.211090658E12":304,"1.211024824E12":59,"1.21104241E12":226,"1.211025776E12":66,"1.211029542E12":78,"1.211035182E12":165,"1.211022072E12":51},"NUMBER_OF_PEOPLE":400,"minTimeSeen":1.211018404E12,"maxTimeSeen":1.211558405E12,"NEIGHBORHOOD_RADIUS":20.0,"ENCOUNTER_CHANCE":0.05,"priority":1.0,"duration":540001.0,"minutesDuration":9000.016666666666,"hoursDuration":150.00027777777777,"daysDuration":6.250011574074073}
