{"propagationData":{"1.211091129E12":335,"1.211080121E12":316,"1.211043902E12":196,"1.21103586E12":119,"1.211037347E12":133,"1.211037636E12":137,"1.211023663E12":8,"1.211042162E12":178,"1.211045915E12":215,"1.211032227E12":71,"1.211032683E12":80,"1.211035891E12":120,"1.21102752E12":43,"1.211064463E12":296,"1.211040714E12":157,"1.211137797E12":343,"1.211030805E12":63,"1.21104227E12":180,"1.211041329E12":168,"1.21107268E12":309,"1.211049468E12":253,"1.211035978E12":121,"1.211041339E12":169,"1.211032253E12":73,"1.211044129E12":201,"1.211040931E12":161,"1.211048995E12":249,"1.211048648E12":247,"1.211038721E12":145,"1.211082698E12":318,"1.211116365E12":338,"1.211089124E12":333,"1.21104138E12":170,"1.21105279E12":269,"1.211047656E12":238,"1.211047436E12":234,"1.211029357E12":49,"1.211402209E12":354,"1.211035478E12":110,"1.211487112E12":359,"1.211038331E12":144,"1.21104024E12":149,"1.21104382E12":194,"1.211034736E12":103,"1.211046738E12":225,"1.21103393E12":94,"1.211023829E12":10,"1.211041469E12":173,"1.21104058E12":154,"1.211032374E12":77,"1.211043813E12":193,"1.211049662E12":255,"1.211031586E12":66,"1.211023616E12":6,"1.211035493E12":111,"1.211042248E12":179,"1.211043497E12":189,"1.211477222E12":357,"1.211062049E12":293,"1.211024064E12":12,"1.211044918E12":206,"1.211059216E12":282,"1.211057577E12":276,"1.211041433E12":172,"1.211137696E12":342,"1.211043766E12":192,"1.211061254E12":288,"1.211025271E12":25,"1.21108437E12":321,"1.211074183E12":311,"1.211043831E12":195,"1.211030756E12":61,"1.211023536E12":4,"1.21104108E12":164,"1.211048542E12":246,"1.211033057E12":89,"1.211035823E12":118,"1.211137986E12":345,"1.211023507E12":3,"1.211032318E12":75,"1.211032373E12":76,"1.211030257E12":54,"1.21103629E12":126,"1.211024488E12":21,"1.211034738E12":104,"1.211073503E12":310,"1.211042387E12":183,"1.211031622E12":67,"1.21104095E12":162,"1.211116346E12":337,"1.211034314E12":97,"1.211027709E12":44,"1.211095427E12":336,"1.211032734E12":82,"1.211047437E12":235,"1.211079892E12":315,"1.211023731E12":9,"1.211025834E12":28,"1.211023604E12":5,"1.211032794E12":85,"1.211087257E12":328,"1.211030639E12":57,"1.21103873E12":146,"1.211042531E12":184,"1.211402193E12":353,"1.211047307E12":229,"1.211032626E12":79,"1.211067585E12":305,"1.211034742E12":105,"1.211038312E12":143,"1.211206976E12":351,"1.211040786E12":158,"1.21104594E12":216,"1.211046642E12":223,"1.211082667E12":317,"1.211076944E12":312,"1.211041667E12":174,"1.211045152E12":208,"1.211032212E12":70,"1.211047705E12":241,"1.211034497E12":100,"1.211173878E12":347,"1.211065113E12":302,"1.211065107E12":301,"1.211045455E12":210,"1.211028498E12":45,"1.211040969E12":163,"1.211029141E12":48,"1.211034547E12":101,"1.211040441E12":150,"1.211052795E12":270,"1.211030842E12":64,"1.211026798E12":39,"1.2110666E12":303,"1.211045411E12":209,"1.211033059E12":90,"1.211064212E12":295,"1.211028834E12":47,"1.211036216E12":124,"1.211024092E12":13,"1.211024143E12":15,"1.211040878E12":160,"1.211045529E12":211,"1.211038203E12":142,"1.211067743E12":307,"1.21103636E12":127,"1.211041193E12":166,"1.211030195E12":52,"1.211024957E12":24,"1.211018404E12":1,"1.2110348E12":106,"1.211058587E12":280,"1.211402276E12":355,"1.211047332E12":231,"1.211037379E12":134,"1.211047845E12":244,"1.211047263E12":226,"1.211030778E12":62,"1.211034563E12":102,"1.21103556E12":113,"1.211067617E12":306,"1.211176083E12":349,"1.211024245E12":17,"1.211137939E12":344,"1.211049485E12":254,"1.211024248E12":18,"1.211052759E12":267,"1.211033071E12":91,"1.211030287E12":55,"1.21108683E12":324,"1.211045038E12":207,"1.211032803E12":86,"1.211077439E12":314,"1.211024009E12":11,"1.21103749E12":136,"1.211042372E12":182,"1.211026379E12":33,"1.211026504E12":35,"1.211086991E12":327,"1.211043912E12":197,"1.211051537E12":262,"1.211032283E12":74,"1.211052579E12":264,"1.211047267E12":227,"1.211051536E12":261,"1.211084054E12":319,"1.211034972E12":107,"1.211027475E12":42,"1.211085496E12":322,"1.211087995E12":331,"1.211026069E12":31,"1.211042538E12":185,"1.21104338E12":187,"1.211086848E12":326,"1.211052073E12":263,"1.211061898E12":291,"1.211057698E12":277,"1.211035804E12":116,"1.211043518E12":190,"1.211044835E12":205,"1.211046699E12":224,"1.211030214E12":53,"1.211046037E12":217,"1.211037683E12":138,"1.211025915E12":30,"1.211025511E12":26,"1.211484981E12":358,"1.211032727E12":81,"1.211047735E12":242,"1.211057962E12":278,"1.211046535E12":222,"1.211057255E12":274,"1.211026759E12":38,"1.211047302E12":228,"1.211032187E12":69,"1.211059867E12":284,"1.211044378E12":202,"1.211033082E12":92,"1.211035603E12":114,"1.211059227E12":283,"1.211031561E12":65,"1.211037455E12":135,"1.211052855E12":271,"1.211036236E12":125,"1.21140291E12":356,"1.211036981E12":132,"1.211024902E12":23,"1.211035362E12":108,"1.211047327E12":230,"1.211047697E12":240,"1.211026447E12":34,"1.211036613E12":128,"1.211087861E12":329,"1.211036175E12":122,"1.211044012E12":198,"1.211057054E12":272,"1.211045536E12":212,"1.211061996E12":292,"1.211031626E12":68,"1.211024116E12":14,"1.211137641E12":341,"1.211057181E12":273,"1.211305722E12":352,"1.211061692E12":290,"1.211035385E12":109,"1.211047491E12":236,"1.211044686E12":204,"1.21102662E12":37,"1.211084331E12":320,"1.211065026E12":300,"1.211044056E12":200,"1.211048149E12":245,"1.21103874E12":147,"1.211041304E12":167,"1.211033054E12":88,"1.211040555E12":152,"1.211042095E12":175,"1.211043248E12":186,"1.211064872E12":298,"1.211049333E12":252,"1.211028691E12":46,"1.211036731E12":130,"1.2110774E12":313,"1.211088885E12":332,"1.211046384E12":218,"1.211035816E12":117,"1.211047535E12":237,"1.211046401E12":220,"1.211047842E12":243,"1.211066626E12":304,"1.211049179E12":251,"1.211033119E12":93,"1.211024187E12":16,"1.211044034E12":199,"1.211085685E12":323,"1.211040445E12":151,"1.211489804E12":360,"1.211036635E12":129,"1.211046418E12":221,"1.211057301E12":275,"1.21104084E12":159,"1.211087892E12":330,"1.211060467E12":286,"1.211052652E12":266,"1.211038023E12":140,"1.211030726E12":60,"1.211048762E12":248,"1.211052787E12":268,"1.211044655E12":203,"1.211058591E12":281,"1.211032393E12":78,"1.211026533E12":36,"1.211072531E12":308,"1.211037738E12":139,"1.211043397E12":188,"1.211061259E12":289,"1.211045704E12":214,"1.211020066E12":2,"1.21113585E12":339,"1.21105105E12":257,"1.211137444E12":340,"1.211064883E12":299,"1.211059994E12":285,"1.21104142E12":171,"1.211086845E12":325,"1.211033052E12":87,"1.211041106E12":165,"1.211032757E12":83,"1.211050941E12":256,"1.211042129E12":177,"1.211030031E12":51,"1.211040636E12":156,"1.211058554E12":279,"1.211025844E12":29,"1.211051137E12":260,"1.21104375E12":191,"1.211175332E12":348,"1.211047429E12":232,"1.211026093E12":32,"1.211042302E12":181,"1.211040569E12":153,"1.211030723E12":59,"1.211027273E12":41,"1.21103619E12":123,"1.211489932E12":361,"1.211138288E12":346,"1.211039226E12":148,"1.211049025E12":250,"1.211042096E12":176,"1.211045667E12":213,"1.211038145E12":141,"1.211034434E12":98,"1.21103576E12":115,"1.211030297E12":56,"1.211027131E12":40,"1.211051089E12":259,"1.211030645E12":58,"1.211089151E12":334,"1.211034465E12":99,"1.211032244E12":72,"1.211052622E12":265,"1.21102989E12":50,"1.211025527E12":27,"1.211024537E12":22,"1.211047659E12":239,"1.211023618E12":7,"1.211060596E12":287,"1.211064721E12":297,"1.211035552E12":112,"1.211205135E12":350,"1.211051053E12":258,"1.211063059E12":294,"1.211024261E12":19,"1.21104639E12":219,"1.211034106E12":96,"1.211024425E12":20,"1.211036733E12":131},"NUMBER_OF_PEOPLE":400,"minTimeSeen":1.211018404E12,"maxTimeSeen":1.211558405E12,"NEIGHBORHOOD_RADIUS":20.0,"ENCOUNTER_CHANCE":0.05,"priority":1.0,"duration":540001.0,"minutesDuration":9000.016666666666,"hoursDuration":150.00027777777777,"daysDuration":6.250011574074073}
