{"propagationData":{"1.211050309E12":299,"1.211038829E12":210,"1.211032679E12":129,"1.211033718E12":151,"1.211046529E12":276,"1.211038835E12":211,"1.211038392E12":200,"1.211018514E12":32,"1.211062417E12":327,"1.211073294E12":347,"1.211047701E12":288,"1.211062621E12":328,"1.211030615E12":89,"1.211024663E12":57,"1.21107268E12":344,"1.211060586E12":322,"1.211030759E12":94,"1.211036177E12":175,"1.211050986E12":303,"1.211039112E12":216,"1.211032253E12":120,"1.211036662E12":180,"1.211062E12":325,"1.211089017E12":365,"1.211042053E12":247,"1.211018417E12":14,"1.211018416E12":13,"1.211037299E12":191,"1.211030372E12":83,"1.211019666E12":40,"1.211048067E12":290,"1.211038875E12":212,"1.2110403E12":231,"1.211018461E12":24,"1.211021051E12":45,"1.211039056E12":215,"1.211024661E12":56,"1.211076162E12":353,"1.211018409E12":12,"1.211042094E12":249,"1.211031015E12":104,"1.211077484E12":356,"1.211030893E12":98,"1.211023023E12":50,"1.211039646E12":224,"1.211043777E12":261,"1.211040703E12":237,"1.211092926E12":369,"1.211080242E12":360,"1.211028812E12":74,"1.211025974E12":63,"1.211018423E12":15,"1.211064869E12":335,"1.211055434E12":315,"1.211029677E12":77,"1.211025013E12":60,"1.211031875E12":113,"1.211042337E12":252,"1.211036442E12":176,"1.211074407E12":352,"1.211040007E12":228,"1.211035956E12":168,"1.211077468E12":355,"1.211095064E12":373,"1.211045283E12":268,"1.211039596E12":223,"1.211032822E12":135,"1.211047613E12":283,"1.211033805E12":154,"1.211034431E12":161,"1.211033511E12":147,"1.21103714E12":185,"1.211032634E12":127,"1.211030907E12":99,"1.211023498E12":51,"1.211037079E12":184,"1.211074316E12":351,"1.211061378E12":323,"1.211031683E12":109,"1.211040559E12":235,"1.211063765E12":332,"1.211032185E12":118,"1.211033777E12":153,"1.211029963E12":79,"1.211019938E12":43,"1.211038876E12":213,"1.211065377E12":337,"1.211040857E12":241,"1.211035817E12":165,"1.211030821E12":96,"1.211030623E12":90,"1.211046452E12":275,"1.211172972E12":381,"1.211033018E12":139,"1.211038403E12":201,"1.211043202E12":259,"1.211061737E12":324,"1.211068089E12":339,"1.211042859E12":257,"1.211032971E12":138,"1.211093735E12":371,"1.211044042E12":263,"1.211050716E12":301,"1.211018428E12":17,"1.211037243E12":189,"1.211030735E12":93,"1.211031724E12":111,"1.211053066E12":311,"1.211050942E12":302,"1.211040792E12":239,"1.211051117E12":306,"1.211060504E12":320,"1.211018479E12":26,"1.211032752E12":133,"1.211018503E12":28,"1.211037157E12":186,"1.211046187E12":274,"1.211064189E12":333,"1.211038894E12":214,"1.211026087E12":65,"1.211030602E12":88,"1.211047699E12":287,"1.211073853E12":348,"1.211055367E12":314,"1.211034361E12":160,"1.211019613E12":39,"1.211035991E12":169,"1.211025632E12":62,"1.211064421E12":334,"1.211018473E12":25,"1.211042378E12":253,"1.211077833E12":357,"1.2110333E12":144,"1.211090939E12":368,"1.21104018E12":229,"1.211039861E12":227,"1.211039259E12":219,"1.211029517E12":76,"1.211039694E12":225,"1.211040816E12":240,"1.211045201E12":267,"1.211042082E12":248,"1.211032268E12":121,"1.21103949E12":221,"1.211033705E12":150,"1.211018484E12":27,"1.211033506E12":146,"1.211045145E12":266,"1.211028577E12":73,"1.211031775E12":112,"1.211033027E12":140,"1.211027621E12":71,"1.211038548E12":204,"1.211018404E12":3,"1.211036596E12":179,"1.211032743E12":132,"1.211030988E12":102,"1.211018456E12":23,"1.211093534E12":370,"1.21103377E12":152,"1.211034488E12":163,"1.211047564E12":281,"1.211051962E12":307,"1.211050999E12":304,"1.211074039E12":349,"1.21102732E12":69,"1.211036168E12":173,"1.211018444E12":22,"1.21103259E12":126,"1.211033148E12":142,"1.211078863E12":359,"1.211030641E12":91,"1.211031986E12":114,"1.211032417E12":123,"1.21104872E12":294,"1.211036909E12":182,"1.211041994E12":245,"1.211050225E12":298,"1.211022258E12":47,"1.211022625E12":49,"1.211032883E12":136,"1.21103131E12":107,"1.211052917E12":309,"1.211032724E12":131,"1.211068171E12":342,"1.21103039E12":84,"1.211026243E12":66,"1.211086848E12":362,"1.211032205E12":119,"1.211032653E12":128,"1.211036509E12":178,"1.211023702E12":53,"1.211032966E12":137,"1.211042967E12":258,"1.211037161E12":187,"1.211047604E12":282,"1.211050221E12":297,"1.211018506E12":30,"1.211018408E12":7,"1.211038456E12":202,"1.211018424E12":16,"1.211025004E12":59,"1.211037191E12":188,"1.211046631E12":277,"1.21103314E12":141,"1.211033826E12":155,"1.211038336E12":198,"1.211101807E12":374,"1.211060446E12":318,"1.211037887E12":196,"1.21108669E12":361,"1.211038689E12":208,"1.211032136E12":117,"1.211078215E12":358,"1.211038459E12":203,"1.211031654E12":108,"1.211034187E12":158,"1.211030817E12":95,"1.211045544E12":270,"1.211034208E12":159,"1.211038565E12":206,"1.211035024E12":164,"1.211053894E12":312,"1.211050208E12":296,"1.211047639E12":286,"1.211018932E12":36,"1.211018439E12":20,"1.211036046E12":170,"1.211032443E12":125,"1.211094629E12":372,"1.211051061E12":305,"1.211037244E12":190,"1.211030917E12":100,"1.211039857E12":226,"1.211026024E12":64,"1.211034074E12":156,"1.211032423E12":124,"1.211018543E12":35,"1.211047144E12":279,"1.211030038E12":80,"1.211407891E12":383,"1.211033243E12":143,"1.211030337E12":81,"1.211035936E12":167,"1.211037912E12":197,"1.211052791E12":308,"1.211048328E12":292,"1.211040334E12":232,"1.21103874E12":209,"1.211030563E12":86,"1.211019824E12":42,"1.211050599E12":300,"1.211037705E12":193,"1.211033332E12":145,"1.211035859E12":166,"1.211101943E12":376,"1.211042402E12":255,"1.211032807E12":134,"1.211066407E12":338,"1.211068093E12":340,"1.211068118E12":341,"1.211090418E12":366,"1.21107319E12":346,"1.211046053E12":271,"1.211044034E12":262,"1.211036091E12":172,"1.21103855E12":205,"1.211030999E12":103,"1.211033596E12":148,"1.21103607E12":171,"1.211052939E12":310,"1.211030566E12":87,"1.211030343E12":82,"1.211042293E12":250,"1.211018432E12":18,"1.211018513E12":31,"1.211033667E12":149,"1.211018437E12":19,"1.211018947E12":37,"1.21104855E12":293,"1.211021994E12":46,"1.211032075E12":116,"1.211071709E12":343,"1.211055564E12":317,"1.211018541E12":34,"1.211044168E12":264,"1.211060547E12":321,"1.211050193E12":295,"1.211037755E12":194,"1.211037612E12":192,"1.211021011E12":44,"1.211018442E12":21,"1.21102795E12":72,"1.211024144E12":54,"1.211044385E12":265,"1.211088387E12":364,"1.211039229E12":218,"1.211023544E12":52,"1.211122348E12":378,"1.211027338E12":70,"1.211047632E12":284,"1.211073119E12":345,"1.211024628E12":55,"1.211031121E12":105,"1.211046146E12":272,"1.211026335E12":67,"1.211018405E12":4,"1.211090456E12":367,"1.211041818E12":242,"1.211038349E12":199,"1.211063006E12":330,"1.211030714E12":92,"1.211062964E12":329,"1.211055464E12":316,"1.211040417E12":233,"1.211019432E12":38,"1.21102934E12":75,"1.211177027E12":382,"1.211062162E12":326,"1.211031712E12":110,"1.211036471E12":177,"1.211167572E12":379,"1.211043773E12":260,"1.211040491E12":234,"1.211018504E12":29,"1.211074312E12":350,"1.211119959E12":377,"1.211047633E12":285,"1.21103234E12":122,"1.21102236E12":48,"1.211048276E12":291,"1.211047179E12":280,"1.211042033E12":246,"1.211034103E12":157,"1.211076746E12":354,"1.211039563E12":222,"1.211030401E12":85,"1.211019694E12":41,"1.211029746E12":78,"1.211031127E12":106,"1.211042507E12":256,"1.211018516E12":33,"1.211037028E12":183,"1.211036761E12":181,"1.21104238E12":254,"1.211040755E12":238,"1.211045361E12":269,"1.211040701E12":236,"1.211063549E12":331,"1.211041827E12":243,"1.211037811E12":195,"1.211047142E12":278,"1.211034471E12":162,"1.21104787E12":289,"1.211040221E12":230,"1.21103098E12":101,"1.211030884E12":97,"1.21104198E12":244,"1.211018407E12":5,"1.211039137E12":217,"1.211172238E12":380,"1.211065362E12":336,"1.211060485E12":319,"1.211032692E12":130,"1.211024829E12":58,"1.211087601E12":363,"1.211025547E12":61,"1.211027202E12":68,"1.211055215E12":313,"1.211101936E12":375,"1.211038671E12":207},"NUMBER_OF_PEOPLE":400,"minTimeSeen":1.211018404E12,"maxTimeSeen":1.211558405E12,"NEIGHBORHOOD_RADIUS":20.0,"ENCOUNTER_CHANCE":0.05,"priority":1.0,"duration":540001.0,"minutesDuration":9000.016666666666,"hoursDuration":150.00027777777777,"daysDuration":6.250011574074073}
