{"propagationData":{"1.211040697E12":165,"1.211044238E12":205,"1.211055957E12":280,"1.211066258E12":321,"1.211046144E12":220,"1.211042128E12":184,"1.211079717E12":340,"1.211040714E12":166,"1.211061545E12":310,"1.211175484E12":383,"1.211038661E12":135,"1.211041339E12":177,"1.211032253E12":14,"1.211038935E12":141,"1.211051026E12":250,"1.211034977E12":78,"1.211089876E12":367,"1.211047893E12":237,"1.211066906E12":322,"1.211037937E12":128,"1.211041332E12":175,"1.211061027E12":307,"1.211046482E12":227,"1.211032744E12":30,"1.211071564E12":329,"1.211361735E12":389,"1.211068059E12":325,"1.211081849E12":343,"1.211034142E12":52,"1.211032341E12":20,"1.211322293E12":388,"1.21104634E12":226,"1.211035684E12":90,"1.211065072E12":317,"1.211146625E12":379,"1.211180958E12":385,"1.211051005E12":249,"1.211039616E12":150,"1.211037935E12":127,"1.211042156E12":186,"1.211138426E12":375,"1.211051481E12":255,"1.211047672E12":236,"1.211046107E12":219,"1.211040625E12":163,"1.211048365E12":238,"1.211040716E12":167,"1.211042509E12":194,"1.211042152E12":185,"1.211127445E12":372,"1.211051929E12":259,"1.211041761E12":180,"1.211041433E12":178,"1.211044565E12":206,"1.211074571E12":334,"1.211050807E12":246,"1.211040251E12":157,"1.211042416E12":193,"1.211025854E12":4,"1.211040072E12":154,"1.211040901E12":172,"1.21104132E12":174,"1.211139786E12":377,"1.211063682E12":315,"1.211068815E12":327,"1.211042407E12":192,"1.211036436E12":98,"1.21103823E12":132,"1.211035224E12":83,"1.211054806E12":272,"1.211034559E12":70,"1.211032373E12":22,"1.211056869E12":286,"1.211046157E12":222,"1.211035932E12":93,"1.211143445E12":378,"1.211034863E12":74,"1.211041829E12":181,"1.211058387E12":295,"1.211034544E12":69,"1.211082663E12":349,"1.211060444E12":304,"1.211083983E12":355,"1.211055623E12":278,"1.211082656E12":348,"1.211044645E12":207,"1.211040819E12":171,"1.211053066E12":262,"1.21104376E12":202,"1.211035471E12":88,"1.211077753E12":338,"1.211030077E12":12,"1.211059674E12":299,"1.211054143E12":270,"1.21106337E12":314,"1.211054041E12":268,"1.211033192E12":33,"1.211037101E12":106,"1.211032572E12":28,"1.2110408E12":170,"1.211033325E12":36,"1.211036965E12":104,"1.211045139E12":211,"1.211038767E12":136,"1.211058194E12":293,"1.211056673E12":283,"1.211057572E12":290,"1.21104837E12":239,"1.211033263E12":34,"1.211085087E12":358,"1.211040526E12":161,"1.21103349E12":40,"1.211034169E12":55,"1.21108385E12":354,"1.211062653E12":312,"1.211076776E12":337,"1.211082617E12":347,"1.211039765E12":152,"1.21103732E12":111,"1.211051069E12":251,"1.211035321E12":85,"1.211063831E12":316,"1.211058219E12":294,"1.211046153E12":221,"1.211034149E12":53,"1.211033452E12":38,"1.211040585E12":162,"1.211046289E12":225,"1.211056842E12":285,"1.211033446E12":37,"1.211053571E12":266,"1.211055114E12":275,"1.211033749E12":42,"1.21105051E12":244,"1.211034914E12":75,"1.211034182E12":56,"1.211034126E12":51,"1.211038769E12":137,"1.211038869E12":140,"1.211035256E12":84,"1.211027018E12":6,"1.211034603E12":71,"1.211034441E12":65,"1.211054678E12":271,"1.211018404E12":2,"1.211051522E12":256,"1.211041271E12":173,"1.211032465E12":25,"1.211037609E12":116,"1.211033293E12":35,"1.211034059E12":47,"1.211046261E12":224,"1.211032351E12":21,"1.211034494E12":66,"1.211036179E12":95,"1.211050353E12":242,"1.21103435E12":59,"1.211028828E12":8,"1.21130864E12":387,"1.211060379E12":303,"1.211085099E12":359,"1.21104171E12":179,"1.211074585E12":335,"1.211034999E12":80,"1.211090522E12":369,"1.211045126E12":209,"1.211045083E12":208,"1.211043767E12":203,"1.211035377E12":87,"1.211084465E12":356,"1.211036189E12":97,"1.211037271E12":109,"1.211053343E12":265,"1.211035323E12":86,"1.211034829E12":73,"1.211032549E12":27,"1.21104598E12":217,"1.211045304E12":212,"1.211034974E12":77,"1.211037661E12":117,"1.211233581E12":386,"1.211055329E12":276,"1.211028695E12":7,"1.211036675E12":101,"1.211090126E12":368,"1.211039118E12":145,"1.211038999E12":142,"1.211083485E12":353,"1.211055665E12":279,"1.21103233E12":19,"1.211037996E12":129,"1.211034439E12":64,"1.211042114E12":183,"1.211039028E12":143,"1.211047573E12":234,"1.211045128E12":210,"1.211036537E12":100,"1.211040132E12":156,"1.211050495E12":243,"1.21104656E12":230,"1.211046055E12":218,"1.211042371E12":190,"1.211051084E12":252,"1.211049602E12":240,"1.21104051E12":160,"1.211046779E12":231,"1.211032804E12":31,"1.211042642E12":195,"1.211086086E12":361,"1.211034368E12":61,"1.211079785E12":341,"1.211034377E12":63,"1.211039093E12":144,"1.211036877E12":103,"1.211034358E12":60,"1.211054819E12":273,"1.21108286E12":351,"1.211045453E12":213,"1.211089208E12":365,"1.211061429E12":309,"1.211033905E12":46,"1.211065857E12":319,"1.211035074E12":82,"1.211034943E12":76,"1.211040278E12":158,"1.211088877E12":364,"1.211046498E12":228,"1.211043131E12":200,"1.211061042E12":308,"1.211039418E12":147,"1.211073467E12":332,"1.211043023E12":199,"1.211038807E12":139,"1.211032261E12":17,"1.211055111E12":274,"1.211038054E12":130,"1.211034204E12":57,"1.211125572E12":370,"1.211034528E12":67,"1.211045483E12":214,"1.211050236E12":241,"1.211032313E12":18,"1.211039126E12":146,"1.211050963E12":248,"1.211042402E12":191,"1.211036153E12":94,"1.211042702E12":196,"1.211043017E12":198,"1.211053325E12":264,"1.211040729E12":168,"1.211037131E12":107,"1.211040089E12":155,"1.211052223E12":261,"1.211037717E12":118,"1.211178281E12":384,"1.211067449E12":324,"1.21103499E12":79,"1.211043771E12":204,"1.211037924E12":125,"1.211035878E12":92,"1.21106603E12":320,"1.211056926E12":287,"1.211040682E12":164,"1.211034809E12":72,"1.211033861E12":45,"1.211047664E12":235,"1.211040747E12":169,"1.211047561E12":233,"1.211034159E12":54,"1.211032464E12":24,"1.211037862E12":120,"1.211059289E12":297,"1.211033814E12":43,"1.211037309E12":110,"1.211033681E12":41,"1.211037061E12":105,"1.211057645E12":291,"1.211037577E12":115,"1.211074399E12":333,"1.211059366E12":298,"1.211061694E12":311,"1.211032251E12":13,"1.211041335E12":176,"1.211042175E12":187,"1.211042306E12":189,"1.211033478E12":39,"1.211071925E12":330,"1.211045597E12":216,"1.211026656E12":5,"1.21103226E12":15,"1.211085062E12":357,"1.211067298E12":323,"1.211088792E12":363,"1.211158842E12":381,"1.211079833E12":342,"1.211046506E12":229,"1.211033847E12":44,"1.211039628E12":151,"1.21107478E12":336,"1.211035868E12":91,"1.211059994E12":301,"1.211150946E12":380,"1.211072047E12":331,"1.211034124E12":49,"1.211051646E12":258,"1.211059275E12":296,"1.211046198E12":223,"1.211034121E12":48,"1.211070951E12":328,"1.211160475E12":382,"1.211127405E12":371,"1.2110396E12":149,"1.211087543E12":362,"1.211038165E12":131,"1.21108251E12":345,"1.211055562E12":277,"1.211052065E12":260,"1.211057709E12":292,"1.211036508E12":99,"1.211056096E12":281,"1.211053285E12":263,"1.211053699E12":267,"1.211051621E12":257,"1.211036726E12":102,"1.211046885E12":232,"1.211051189E12":253,"1.211032627E12":29,"1.211082664E12":350,"1.211065115E12":318,"1.21103943E12":148,"1.211038586E12":134,"1.211056754E12":284,"1.211138646E12":376,"1.211057449E12":289,"1.21113707E12":373,"1.211050809E12":247,"1.2110325E12":26,"1.211037445E12":113,"1.21102977E12":10,"1.211037558E12":114,"1.211037865E12":121,"1.21107793E12":339,"1.211043236E12":201,"1.211034375E12":62,"1.211040442E12":159,"1.21106876E12":326,"1.211035043E12":81,"1.21103715E12":108,"1.211057134E12":288,"1.211018436E12":3,"1.211037885E12":123,"1.211032462E12":23,"1.211060469E12":305,"1.211082497E12":344,"1.211038476E12":133,"1.211056099E12":282,"1.211037927E12":126,"1.211085257E12":360,"1.211045491E12":215,"1.211035597E12":89,"1.21103792E12":124,"1.211038803E12":138,"1.211050679E12":245,"1.211037334E12":112,"1.211037718E12":119,"1.211063331E12":313,"1.211037874E12":122,"1.211060301E12":302,"1.211083344E12":352,"1.211042223E12":188,"1.211082553E12":346,"1.211059714E12":300,"1.211039848E12":153,"1.211030062E12":11,"1.211054142E12":269,"1.211089846E12":366,"1.211033138E12":32,"1.211042775E12":197,"1.211034316E12":58,"1.211028989E12":9,"1.21106057E12":306,"1.211137919E12":374,"1.21105147E12":254},"NUMBER_OF_PEOPLE":400,"minTimeSeen":1.211018404E12,