{"propagationData":{"1.211028858E12":11,"1.21103587E12":128,"1.211032719E12":72,"1.211037262E12":150,"1.21132824E12":388,"1.211088401E12":368,"1.211088203E12":367,"1.211064068E12":331,"1.211032106E12":60,"1.21108748E12":365,"1.211039424E12":188,"1.211063321E12":328,"1.211037928E12":167,"1.211067964E12":344,"1.211045797E12":255,"1.211034105E12":101,"1.211038466E12":177,"1.211060513E12":318,"1.211216528E12":385,"1.211032976E12":78,"1.211038799E12":183,"1.211032389E12":67,"1.211044033E12":247,"1.211031787E12":49,"1.211061182E12":321,"1.211052251E12":284,"1.211029416E12":22,"1.211038285E12":172,"1.211036639E12":140,"1.211050856E12":277,"1.21103065E12":34,"1.211128022E12":378,"1.211059706E12":311,"1.211041459E12":213,"1.211084577E12":361,"1.21104319E12":236,"1.211032625E12":71,"1.211063808E12":330,"1.211029612E12":24,"1.211035696E12":125,"1.211084683E12":362,"1.211021573E12":4,"1.211032812E12":74,"1.211090807E12":371,"1.211082171E12":356,"1.211035802E12":126,"1.211069024E12":346,"1.211067114E12":341,"1.211045127E12":250,"1.211159781E12":382,"1.211038344E12":173,"1.211260592E12":387,"1.211043776E12":241,"1.211030248E12":28,"1.21106439E12":334,"1.211040576E12":200,"1.211061011E12":320,"1.211034692E12":109,"1.211036166E12":133,"1.211038758E12":182,"1.211052322E12":285,"1.211045254E12":251,"1.21104074E12":203,"1.211038728E12":179,"1.211031931E12":55,"1.211037861E12":164,"1.211038164E12":170,"1.211087665E12":366,"1.211094137E12":374,"1.211037097E12":147,"1.211094078E12":373,"1.211088423E12":369,"1.211031542E12":46,"1.211064091E12":332,"1.211032865E12":75,"1.211042252E12":222,"1.211036912E12":143,"1.211036741E12":141,"1.211040251E12":195,"1.211082066E12":355,"1.211041915E12":217,"1.21102905E12":19,"1.211033483E12":87,"1.211036172E12":135,"1.211032967E12":76,"1.211033916E12":95,"1.211033514E12":88,"1.211036868E12":142,"1.211034052E12":97,"1.211056267E12":295,"1.211038422E12":175,"1.211072319E12":348,"1.211034544E12":106,"1.211063443E12":329,"1.211041442E12":211,"1.211018515E12":2,"1.211039469E12":192,"1.211030272E12":29,"1.211030651E12":36,"1.211030332E12":30,"1.211032274E12":63,"1.21112415E12":377,"1.2110684E12":345,"1.211036117E12":131,"1.211039719E12":193,"1.211029847E12":27,"1.21105682E12":297,"1.211033047E12":79,"1.211083918E12":359,"1.211051925E12":279,"1.21124366E12":386,"1.211036434E12":139,"1.211033671E12":92,"1.211034131E12":102,"1.211032098E12":59,"1.211083194E12":358,"1.211032111E12":61,"1.211059119E12":309,"1.211048185E12":268,"1.21103422E12":105,"1.211043995E12":243,"1.211037151E12":149,"1.211033538E12":89,"1.211040846E12":206,"1.211044005E12":244,"1.211053528E12":290,"1.211037812E12":162,"1.211043305E12":237,"1.21103642E12":138,"1.211092706E12":372,"1.211057217E12":300,"1.211035629E12":122,"1.211090299E12":370,"1.211086314E12":363,"1.211029738E12":26,"1.211028846E12":8,"1.211066764E12":340,"1.211031547E12":47,"1.21104828E12":269,"1.211047539E12":266,"1.211038869E12":184,"1.211032082E12":57,"1.211031823E12":52,"1.211062264E12":324,"1.211018404E12":1,"1.21106096E12":319,"1.211051289E12":278,"1.21105764E12":304,"1.211048301E12":270,"1.211040892E12":208,"1.211065085E12":335,"1.211033599E12":90,"1.211028922E12":16,"1.211057415E12":301,"1.211050101E12":275,"1.21103765E12":155,"1.211080555E12":353,"1.211033189E12":80,"1.211035064E12":113,"1.211030648E12":33,"1.211035858E12":127,"1.211045857E12":256,"1.21105982E12":313,"1.211052069E12":282,"1.211033696E12":93,"1.21104621E12":260,"1.211042478E12":225,"1.211041834E12":216,"1.211065139E12":336,"1.21103071E12":38,"1.211033402E12":85,"1.211049684E12":272,"1.211031924E12":54,"1.211034095E12":100,"1.211083924E12":360,"1.211032377E12":65,"1.211030812E12":40,"1.211040477E12":198,"1.211042713E12":231,"1.211037088E12":145,"1.211032503E12":68,"1.211032071E12":56,"1.211042623E12":227,"1.211038361E12":174,"1.211038727E12":178,"1.211042628E12":228,"1.211046152E12":259,"1.211035068E12":114,"1.211046321E12":263,"1.211033651E12":91,"1.211043781E12":242,"1.2110318E12":51,"1.21103337E12":83,"1.211058155E12":306,"1.211043576E12":239,"1.21103617E12":134,"1.211036342E12":136,"1.211041446E12":212,"1.211037915E12":166,"1.211030654E12":37,"1.211045929E12":257,"1.211032619E12":70,"1.21102949E12":23,"1.211035305E12":117,"1.211032387E12":66,"1.211046147E12":258,"1.211062519E12":326,"1.211042086E12":219,"1.211039272E12":187,"1.211050675E12":276,"1.211060505E12":317,"1.211035986E12":130,"1.21103845E12":176,"1.211045255E12":252,"1.211035509E12":119,"1.211058506E12":308,"1.211054393E12":291,"1.211047467E12":265,"1.211028859E12":12,"1.211065826E12":337,"1.211036395E12":137,"1.211037652E12":157,"1.211039066E12":186,"1.211086429E12":364,"1.211097068E12":375,"1.211028844E12":6,"1.21104196E12":218,"1.211042671E12":229,"1.211028957E12":17,"1.211039041E12":185,"1.211035936E12":129,"1.21113328E12":379,"1.211075392E12":349,"1.211042108E12":220,"1.211030601E12":32,"1.211034215E12":104,"1.211038027E12":168,"1.211039445E12":191,"1.211041657E12":214,"1.211035553E12":120,"1.2110676E12":343,"1.211033332E12":82,"1.211028852E12":9,"1.211081062E12":354,"1.211064228E12":333,"1.211051954E12":280,"1.211043703E12":240,"1.211043543E12":238,"1.211040826E12":205,"1.211040236E12":194,"1.211031778E12":48,"1.211035482E12":118,"1.211048402E12":271,"1.211030348E12":31,"1.211035045E12":112,"1.211037717E12":159,"1.211037557E12":153,"1.211045394E12":253,"1.211032763E12":73,"1.211059791E12":312,"1.211039442E12":190,"1.211040428E12":196,"1.211058329E12":307,"1.211047561E12":267,"1.21106008E12":315,"1.211053183E12":288,"1.211040566E12":199,"1.211034032E12":96,"1.211056682E12":296,"1.211032322E12":64,"1.211031796E12":50,"1.211034874E12":110,"1.211037785E12":161,"1.211044818E12":249,"1.21104403E12":246,"1.21103406E12":98,"1.211032613E12":69,"1.211028959E12":18,"1.211037015E12":144,"1.21105694E12":299,"1.211042311E12":223,"1.211030992E12":42,"1.211060376E12":316,"1.211080423E12":352,"1.211037738E12":160,"1.211063272E12":327,"1.211033271E12":81,"1.211030933E12":41,"1.211042244E12":221,"1.211031389E12":45,"1.211209571E12":384,"1.21107698E12":351,"1.211040711E12":202,"1.211065829E12":338,"1.211052893E12":287,"1.21103372E12":94,"1.211028856E12":10,"1.21104087E12":207,"1.211028877E12":14,"1.211031273E12":43,"1.211038741E12":181,"1.211032968E12":77,"1.211037141E12":148,"1.211056924E12":298,"1.211034638E12":108,"1.211040444E12":197,"1.211059555E12":310,"1.211038165E12":171,"1.211062298E12":325,"1.211032195E12":62,"1.211037507E12":151,"1.211066263E12":339,"1.211061854E12":322,"1.211041224E12":209,"1.211067554E12":342,"1.211055286E12":293,"1.211043148E12":235,"1.211020489E12":3,"1.211029715E12":25,"1.211038134E12":169,"1.2110319E12":53,"1.211042794E12":232,"1.211041434E12":210,"1.211060062E12":314,"1.2110425E12":226,"1.211028887E12":15,"1.211035652E12":123,"1.211036162E12":132,"1.211135224E12":380,"1.211042865E12":234,"1.21102934E12":21,"1.211034601E12":107,"1.211037693E12":158,"1.211057527E12":302,"1.211035135E12":115,"1.21105219E12":283,"1.211037513E12":152,"1.211034883E12":111,"1.211157699E12":381,"1.2110463E12":262,"1.211041724E12":215,"1.211054741E12":292,"1.211045667E12":254,"1.211071702E12":347,"1.211032097E12":58,"1.211031283E12":44,"1.211035664E12":124,"1.211037094E12":146,"1.21102914E12":20,"1.211030737E12":39,"1.211040755E12":204,"1.211053402E12":289,"1.2110498E12":273,"1.211028871E12":13,"1.211040701E12":201,"1.211052454E12":286,"1.211050073E12":274,"1.211052005E12":281,"1.211046273E12":261,"1.211034065E12":99,"1.211075482E12":350,"1.211062046E12":323,"1.211047456E12":264,"1.211180282E12":383,"1.211042711E12":230,"1.211055883E12":294,"1.21104402E12":245,"1.21105807E12":305,"1.211057623E12":303,"1.211042327E12":224,"1.211028845E12":7,"1.211042841E12":233,"1.211033477E12":86,"1.211117245E12":376,"1.211037647E12":154,"1.211034132E12":103,"1.211028753E12":5,"1.211082766E12":357,"1.21103558E12":121,"1.211038729E12":180,"1.211039437E12":189,"1.211033391E12":84,"1.211044064E12":248},"NUMBER_OF_PEOPLE":400,"minTimeSeen":1.211018404E12,"maxTimeSeen":1.211558405E12,