{"propagationData":{"1.21104591E12":280,"1.211035505E12":168,"1.211092641E12":374,"1.211026418E12":30,"1.211044571E12":266,"1.21103036E12":73,"1.211033546E12":136,"1.211036383E12":183,"1.211044636E12":267,"1.211026369E12":28,"1.211092428E12":373,"1.211052584E12":311,"1.211114016E12":378,"1.211029096E12":56,"1.211032017E12":104,"1.211034834E12":152,"1.211101182E12":376,"1.211080783E12":356,"1.211035873E12":170,"1.2110259E12":22,"1.211064223E12":344,"1.211036309E12":180,"1.211038022E12":210,"1.211030224E12":69,"1.211071936E12":349,"1.211040955E12":243,"1.211086337E12":363,"1.211031716E12":94,"1.211034329E12":148,"1.211036584E12":188,"1.21103706E12":194,"1.211085004E12":359,"1.211072765E12":351,"1.211037007E12":193,"1.211044158E12":265,"1.211025368E12":12,"1.211026074E12":24,"1.211028194E12":45,"1.211036639E12":191,"1.211035066E12":159,"1.211033959E12":142,"1.211049518E12":291,"1.211040978E12":244,"1.211025805E12":21,"1.211035474E12":165,"1.211045138E12":268,"1.211031279E12":83,"1.211037682E12":203,"1.211050787E12":301,"1.211051033E12":303,"1.211034054E12":144,"1.211045714E12":278,"1.211045419E12":273,"1.21102639E12":29,"1.211086989E12":367,"1.211057386E12":327,"1.21104079E12":240,"1.211036027E12":173,"1.211032812E12":121,"1.211033168E12":132,"1.211051209E12":307,"1.211050155E12":296,"1.211143091E12":381,"1.211036062E12":174,"1.211033386E12":133,"1.211051965E12":308,"1.211038485E12":220,"1.211036442E12":185,"1.211032623E12":115,"1.2110457E12":276,"1.211031742E12":96,"1.21103269E12":119,"1.211030394E12":76,"1.211045283E12":270,"1.211038142E12":211,"1.211060417E12":336,"1.211025459E12":15,"1.211026895E12":36,"1.211029047E12":55,"1.21105094E12":302,"1.211049391E12":289,"1.211030385E12":75,"1.211026569E12":35,"1.211032072E12":105,"1.211037576E12":202,"1.211035833E12":169,"1.211169664E12":384,"1.211072358E12":350,"1.211032865E12":125,"1.211038471E12":218,"1.211027808E12":42,"1.211033395E12":134,"1.211029852E12":65,"1.211025317E12":6,"1.211036619E12":190,"1.211038494E12":222,"1.211036172E12":178,"1.211051035E12":305,"1.211033057E12":129,"1.2110404E12":234,"1.211034506E12":149,"1.21102558E12":19,"1.211026141E12":25,"1.21111614E12":379,"1.211028506E12":48,"1.211032413E12":111,"1.21105353E12":316,"1.211049928E12":294,"1.21104641E12":283,"1.211024048E12":4,"1.211036112E12":177,"1.211083657E12":357,"1.211049656E12":293,"1.211045378E12":272,"1.211028208E12":46,"1.211029397E12":59,"1.211085028E12":360,"1.21108675E12":366,"1.211036371E12":182,"1.211212111E12":386,"1.211101532E12":377,"1.211062278E12":339,"1.21102814E12":44,"1.21107434E12":353,"1.211038498E12":223,"1.211030192E12":68,"1.211052022E12":309,"1.211034898E12":153,"1.211046524E12":284,"1.211029771E12":64,"1.21106356E12":340,"1.211033513E12":135,"1.211031343E12":86,"1.211045705E12":277,"1.211040441E12":238,"1.211032632E12":117,"1.211031078E12":81,"1.211038216E12":214,"1.211058219E12":328,"1.211045492E12":275,"1.211035035E12":157,"1.211025392E12":13,"1.211032834E12":124,"1.21102648E12":31,"1.211033888E12":141,"1.21103657E12":187,"1.211032014E12":103,"1.211029008E12":54,"1.211028716E12":49,"1.2110291E12":57,"1.21106368E12":342,"1.211055345E12":325,"1.211035079E12":160,"1.211027683E12":41,"1.211087668E12":368,"1.211039061E12":227,"1.211025315E12":5,"1.211025507E12":16,"1.211045232E12":269,"1.211018404E12":1,"1.211032395E12":109,"1.211091193E12":371,"1.211035243E12":164,"1.211018456E12":2,"1.211031349E12":90,"1.211037159E12":197,"1.211039103E12":228,"1.211033697E12":139,"1.211058271E12":330,"1.211046354E12":281,"1.211084933E12":358,"1.21103724E12":200,"1.211031751E12":97,"1.211032453E12":114,"1.211029362E12":58,"1.211036425E12":184,"1.211030287E12":71,"1.211025572E12":18,"1.211025744E12":20,"1.211036304E12":179,"1.211031337E12":84,"1.211043983E12":263,"1.211037249E12":201,"1.211032985E12":127,"1.211050714E12":300,"1.211054403E12":318,"1.211045286E12":271,"1.211032317E12":107,"1.211032681E12":118,"1.211037153E12":196,"1.211046872E12":286,"1.211060257E12":335,"1.211032434E12":113,"1.211032147E12":106,"1.211030812E12":79,"1.21106952E12":348,"1.211486289E12":389,"1.211030813E12":80,"1.211033796E12":140,"1.211026069E12":23,"1.211031722E12":95,"1.211035475E12":166,"1.211052597E12":312,"1.211036026E12":172,"1.211040416E12":237,"1.211042967E12":256,"1.211029745E12":62,"1.211025334E12":8,"1.211026293E12":27,"1.211031935E12":100,"1.211095609E12":375,"1.211027469E12":40,"1.211043925E12":262,"1.21104379E12":258,"1.211026506E12":33,"1.211354465E12":388,"1.211090085E12":370,"1.211025365E12":11,"1.21115798E12":383,"1.211029669E12":61,"1.2110324E12":110,"1.21103134E12":85,"1.211080717E12":355,"1.211037934E12":208,"1.211040893E12":242,"1.211040772E12":239,"1.211054921E12":323,"1.211037965E12":209,"1.211087722E12":369,"1.211031347E12":87,"1.21102994E12":67,"1.21103868E12":225,"1.211031966E12":102,"1.211025325E12":7,"1.211045438E12":274,"1.211034943E12":155,"1.2110314E12":91,"1.211028847E12":51,"1.211027374E12":39,"1.211063652E12":341,"1.211050672E12":299,"1.211031711E12":93,"1.211033153E12":130,"1.2110601E12":334,"1.211048418E12":288,"1.211051034E12":304,"1.211049625E12":292,"1.211043807E12":259,"1.211032381E12":108,"1.211086491E12":364,"1.211028919E12":52,"1.211051048E12":306,"1.21105442E12":319,"1.211059416E12":332,"1.211034545E12":150,"1.211037186E12":198,"1.211040002E12":233,"1.211039887E12":231,"1.211032721E12":120,"1.211041021E12":245,"1.21105522E12":324,"1.211042376E12":250,"1.211034221E12":145,"1.211053501E12":315,"1.211050599E12":298,"1.211034804E12":151,"1.211035943E12":171,"1.211038771E12":226,"1.211028117E12":43,"1.211054361E12":317,"1.211055406E12":326,"1.211054902E12":322,"1.211039754E12":230,"1.211036076E12":175,"1.211092082E12":372,"1.211025347E12":10,"1.211058238E12":329,"1.211025446E12":14,"1.211079884E12":354,"1.21105043E12":297,"1.211059717E12":333,"1.211046381E12":282,"1.211042681E12":254,"1.211037838E12":206,"1.211052086E12":310,"1.211039908E12":232,"1.211026518E12":34,"1.211041112E12":246,"1.211062166E12":338,"1.211043091E12":257,"1.211030254E12":70,"1.211067783E12":346,"1.211030779E12":78,"1.211031234E12":82,"1.211034257E12":147,"1.211179359E12":385,"1.21104403E12":264,"1.211033572E12":137,"1.211029518E12":60,"1.21111809E12":380,"1.211032624E12":116,"1.21103495E12":156,"1.21105923E12":331,"1.211039693E12":229,"1.211035092E12":161,"1.211026488E12":32,"1.211154825E12":382,"1.211038249E12":216,"1.211025553E12":17,"1.211036611E12":189,"1.211067492E12":345,"1.211054494E12":320,"1.211086607E12":365,"1.211073414E12":352,"1.211031879E12":99,"1.211041465E12":248,"1.211034909E12":154,"1.211042432E12":251,"1.211029919E12":66,"1.211037141E12":195,"1.211025342E12":9,"1.211216778E12":387,"1.211041414E12":247,"1.211036928E12":192,"1.211036508E12":186,"1.211038178E12":213,"1.211030398E12":77,"1.211033683E12":138,"1.211035122E12":162,"1.211052928E12":314,"1.211031582E12":92,"1.211031348E12":89,"1.211028244E12":47,"1.211068519E12":347,"1.211061291E12":337,"1.211028961E12":53,"1.211032898E12":126,"1.211042568E12":252,"1.211038402E12":217,"1.211032816E12":123,"1.211085911E12":362,"1.211038225E12":215,"1.211049406E12":290,"1.211034025E12":143,"1.211042748E12":255,"1.211052743E12":313,"1.211040889E12":241,"1.211031782E12":98,"1.211040401E12":235,"1.211034251E12":146,"1.21103303E12":128,"1.211063711E12":343,"1.211036357E12":181,"1.211038476E12":219,"1.211048289E12":287,"1.211035048E12":158,"1.211026984E12":37,"1.211042574E12":253,"1.21103792E12":207,"1.211046578E12":285,"1.211043864E12":260,"1.21103866E12":224,"1.211037826E12":205,"1.211054789E12":321,"1.211037221E12":199,"1.211026281E12":26,"1.211038491E12":221,"1.21103029E12":72,"1.2110355E12":167,"1.211085029E12":361,"1.211049933E12":295,"1.211031954E12":101,"1.211041532E12":249,"1.211037741E12":204,"1.211045778E12":279,"1.211028818E12":50,"1.211030367E12":74,"1.211027034E12":38,"1.211018467E12":3,"1.2110439E12":261,"1.211035172E12":163},"NUMBER_OF_PEOPLE":400,"minTimeSeen":1.211018404E12,"maxTimeSeen":1.211558405E12,"NEIGHBORHOOD_RADIUS":20.0,"ENCOUNTER_CHANCE":0.05,