{"propagationData":{"1.211030193E12":89,"1.211071895E12":291,"1.211034096E12":139,"1.211018771E12":16,"1.211039522E12":178,"1.211032775E12":123,"1.211037262E12":163,"1.211036602E12":158,"1.211018734E12":14,"1.211051055E12":240,"1.211033768E12":130,"1.211032017E12":107,"1.211069493E12":285,"1.21103689E12":161,"1.211384841E12":303,"1.211029309E12":70,"1.211071293E12":289,"1.211057339E12":264,"1.211031284E12":100,"1.211029578E12":78,"1.211023655E12":43,"1.211053759E12":252,"1.211044129E12":209,"1.211032563E12":117,"1.211023766E12":45,"1.211178708E12":296,"1.211019372E12":31,"1.211032029E12":108,"1.21103238E12":113,"1.211018998E12":24,"1.211021837E12":38,"1.211029525E12":76,"1.211055371E12":254,"1.211052488E12":246,"1.211030511E12":96,"1.211032747E12":122,"1.211029723E12":81,"1.211018799E12":17,"1.211018502E12":10,"1.211018688E12":12,"1.21107199E12":293,"1.211026152E12":59,"1.211038554E12":176,"1.211035802E12":150,"1.21102396E12":47,"1.211052785E12":248,"1.211018423E12":7,"1.211051102E12":244,"1.211038584E12":177,"1.211071195E12":287,"1.211032396E12":115,"1.211051082E12":242,"1.21106723E12":277,"1.211038324E12":171,"1.211042786E12":198,"1.211067914E12":280,"1.211034482E12":140,"1.211050681E12":239,"1.211029572E12":77,"1.211039812E12":182,"1.211044082E12":208,"1.211036358E12":155,"1.211065951E12":273,"1.211018653E12":11,"1.211026508E12":61,"1.211032363E12":111,"1.211041556E12":193,"1.211046392E12":223,"1.211032583E12":118,"1.211180858E12":299,"1.21103213E12":109,"1.2110239E12":46,"1.211018895E12":21,"1.211035245E12":146,"1.211032628E12":120,"1.211019588E12":34,"1.211040226E12":185,"1.211023635E12":42,"1.211031881E12":104,"1.2110511E12":243,"1.211031043E12":98,"1.211047427E12":229,"1.211029385E12":73,"1.211069188E12":284,"1.211042839E12":199,"1.211043627E12":202,"1.211178661E12":295,"1.211053716E12":251,"1.211025114E12":50,"1.211040198E12":183,"1.211038504E12":173,"1.211181909E12":301,"1.211047615E12":235,"1.211059857E12":267,"1.211055907E12":259,"1.21104479E12":213,"1.211029744E12":83,"1.211025707E12":53,"1.211030487E12":95,"1.211035862E12":151,"1.21103953E12":179,"1.211054502E12":253,"1.211019007E12":25,"1.211035153E12":144,"1.211035321E12":147,"1.211071971E12":292,"1.211032379E12":112,"1.211067918E12":281,"1.211030317E12":91,"1.211035629E12":149,"1.211031229E12":99,"1.211029918E12":86,"1.211019365E12":30,"1.211025315E12":52,"1.211018404E12":4,"1.211046155E12":220,"1.211181924E12":302,"1.211039537E12":180,"1.211040219E12":184,"1.21103284E12":124,"1.211029605E12":79,"1.211071257E12":288,"1.211018967E12":23,"1.211071742E12":290,"1.211036168E12":152,"1.211028576E12":64,"1.211042694E12":197,"1.211026542E12":62,"1.211032985E12":125,"1.211034699E12":142,"1.21102943E12":74,"1.211178725E12":298,"1.211026379E12":60,"1.211018481E12":9,"1.211036463E12":156,"1.211044428E12":212,"1.211018739E12":15,"1.211019554E12":33,"1.211036909E12":162,"1.211055401E12":255,"1.211037267E12":164,"1.211038156E12":168,"1.211042431E12":196,"1.211019551E12":32,"1.211019037E12":26,"1.211025846E12":56,"1.211059937E12":268,"1.21104441E12":211,"1.211027574E12":63,"1.211047054E12":227,"1.211025836E12":55,"1.211018887E12":19,"1.211040248E12":187,"1.211068979E12":283,"1.211067096E12":276,"1.211036675E12":159,"1.211045291E12":215,"1.211045382E12":217,"1.211038543E12":174,"1.211031726E12":102,"1.21138545E12":305,"1.211047682E12":236,"1.211041578E12":194,"1.211067845E12":279,"1.211039615E12":181,"1.21105996E12":269,"1.211030101E12":88,"1.211035075E12":143,"1.211040281E12":189,"1.211041411E12":191,"1.211057295E12":263,"1.211042857E12":200,"1.211026002E12":57,"1.211038313E12":170,"1.211033799E12":132,"1.211029254E12":67,"1.211026033E12":58,"1.211019184E12":27,"1.211055929E12":261,"1.211021422E12":37,"1.211029851E12":85,"1.211030365E12":93,"1.211047467E12":231,"1.211048125E12":237,"1.211046464E12":224,"1.211046931E12":225,"1.211025758E12":54,"1.21102909E12":66,"1.211045514E12":219,"1.211018451E12":8,"1.211044806E12":214,"1.21103679E12":160,"1.211018945E12":22,"1.211181375E12":300,"1.21105271E12":247,"1.211034605E12":141,"1.211040253E12":188,"1.211033772E12":131,"1.211385203E12":304,"1.211038141E12":167,"1.211036178E12":153,"1.211019786E12":36,"1.211032992E12":126,"1.211019738E12":35,"1.211032547E12":116,"1.211024657E12":48,"1.211019186E12":28,"1.211043814E12":205,"1.211037274E12":165,"1.211032219E12":110,"1.21105111E12":245,"1.211029308E12":69,"1.211059743E12":266,"1.211032384E12":114,"1.211035624E12":148,"1.211043546E12":201,"1.211018838E12":18,"1.211066939E12":275,"1.211052905E12":249,"1.211044071E12":207,"1.211031901E12":105,"1.211035195E12":145,"1.211031333E12":101,"1.211055402E12":256,"1.21103406E12":137,"1.211033022E12":127,"1.21106585E12":271,"1.211022373E12":40,"1.211022926E12":41,"1.211029731E12":82,"1.211047458E12":230,"1.211034053E12":136,"1.211043805E12":204,"1.211048503E12":238,"1.211030577E12":97,"1.211055734E12":258,"1.211055926E12":260,"1.211025177E12":51,"1.211036595E12":157,"1.211057372E12":265,"1.211045332E12":216,"1.211042426E12":195,"1.211178713E12":297,"1.211023704E12":44,"1.211047596E12":233,"1.211038165E12":169,"1.211055433E12":257,"1.211078536E12":294,"1.211029361E12":72,"1.211040238E12":186,"1.211068276E12":282,"1.211046353E12":221,"1.211044404E12":210,"1.211045511E12":218,"1.211032627E12":119,"1.211038546E12":175,"1.21101842E12":6,"1.211033813E12":133,"1.211047201E12":228,"1.211030089E12":87,"1.211065956E12":274,"1.211047523E12":232,"1.211062131E12":270,"1.211047605E12":234,"1.21104636E12":222,"1.211031812E12":103,"1.211030381E12":94,"1.211038402E12":172,"1.211041405E12":190,"1.211043728E12":203,"1.211018717E12":13,"1.211018892E12":20,"1.211046935E12":226,"1.211033067E12":128,"1.21105685E12":262,"1.211029434E12":75,"1.211051056E12":241,"1.211053607E12":250,"1.21103376E12":129,"1.211065856E12":272,"1.211025036E12":49,"1.211029271E12":68,"1.211034044E12":134,"1.211028815E12":65,"1.211034047E12":135,"1.211018407E12":5,"1.211067233E12":278,"1.211041539E12":192,"1.211029793E12":84,"1.211037944E12":166,"1.21103274E12":121,"1.211034078E12":138,"1.21107115E12":286,"1.211032E12":106,"1.211029636E12":80,"1.211029353E12":71,"1.211021998E12":39,"1.211019325E12":29,"1.211044044E12":206},"NUMBER_OF_PEOPLE":400,"minTimeSeen":1.211018404E12,"maxTimeSeen":1.211558405E12,"NEIGHBORHOOD_RADIUS":20.0,"ENCOUNTER_CHANCE":0.05,"priority":1.0,"duration":540001.0,"minutesDuration":9000.016666666666,"hoursDuration":150.00027777777777,"daysDuration":6.250011574074073}
