{"propagationData":{"1.211034803E12":116,"1.211074776E12":354,"1.211038793E12":180,"1.211056406E12":315,"1.211100129E12":369,"1.211028391E12":69,"1.211034216E12":112,"1.211040237E12":192,"1.211047498E12":274,"1.211038596E12":175,"1.211071773E12":347,"1.211051673E12":295,"1.21104691E12":272,"1.211045342E12":260,"1.211032705E12":84,"1.211035997E12":135,"1.211071468E12":345,"1.21104638E12":267,"1.211018787E12":14,"1.211067862E12":338,"1.21105661E12":316,"1.211047447E12":273,"1.211018881E12":23,"1.211024862E12":47,"1.211026023E12":59,"1.211039889E12":186,"1.211033113E12":99,"1.21104407E12":248,"1.211041893E12":221,"1.211055671E12":311,"1.211034977E12":121,"1.211056619E12":317,"1.211033721E12":106,"1.211044687E12":254,"1.211045606E12":263,"1.21117665E12":384,"1.211049432E12":282,"1.211042631E12":238,"1.21102116E12":37,"1.211038875E12":182,"1.21103471E12":114,"1.211035543E12":127,"1.2110403E12":194,"1.21104949E12":283,"1.211032835E12":89,"1.211054254E12":306,"1.211035465E12":124,"1.211061756E12":328,"1.211041816E12":218,"1.211031027E12":77,"1.211058023E12":324,"1.211041498E12":213,"1.211040703E12":200,"1.211018819E12":18,"1.211040313E12":195,"1.211040409E12":196,"1.21108197E12":360,"1.211095114E12":365,"1.21103374E12":107,"1.211175477E12":383,"1.21102502E12":49,"1.211033619E12":104,"1.211035661E12":129,"1.211043909E12":245,"1.211106706E12":373,"1.211040774E12":203,"1.21109996E12":368,"1.211042393E12":234,"1.211031353E12":80,"1.211038164E12":171,"1.211044082E12":249,"1.211316358E12":387,"1.211030296E12":76,"1.211045798E12":265,"1.211021694E12":39,"1.211040706E12":201,"1.211038861E12":181,"1.211019018E12":30,"1.211037792E12":167,"1.211058552E12":325,"1.211018663E12":10,"1.211043717E12":242,"1.211034129E12":109,"1.211020995E12":35,"1.211036782E12":145,"1.21105601E12":314,"1.211023622E12":43,"1.211152549E12":382,"1.211036862E12":146,"1.211020759E12":32,"1.21103411E12":108,"1.211080668E12":358,"1.211038633E12":176,"1.211032964E12":90,"1.211035155E12":122,"1.211038561E12":173,"1.211071221E12":343,"1.211051072E12":294,"1.211018783E12":13,"1.2111118E12":375,"1.211040606E12":199,"1.211018406E12":5,"1.211035968E12":134,"1.211063707E12":333,"1.211032779E12":87,"1.2110557E12":312,"1.211038915E12":183,"1.211054341E12":308,"1.211046391E12":268,"1.211033112E12":97,"1.211036512E12":143,"1.211078273E12":356,"1.21104412E12":251,"1.211032808E12":88,"1.211033166E12":101,"1.21102615E12":61,"1.211040855E12":206,"1.211033558E12":103,"1.21103548E12":126,"1.211037565E12":160,"1.211141777E12":378,"1.211018898E12":26,"1.211018874E12":21,"1.21102514E12":51,"1.211068482E12":340,"1.211067657E12":335,"1.211018875E12":22,"1.21103318E12":102,"1.211022101E12":42,"1.21103854E12":172,"1.211038634E12":177,"1.211044926E12":255,"1.211035711E12":130,"1.211018793E12":15,"1.211035862E12":131,"1.211073644E12":352,"1.211042185E12":227,"1.211038569E12":174,"1.211071319E12":344,"1.211040969E12":208,"1.211035321E12":123,"1.211039912E12":187,"1.211053812E12":304,"1.211210481E12":385,"1.211041828E12":219,"1.211037775E12":166,"1.211028359E12":68,"1.21104154E12":214,"1.211033059E12":94,"1.211061056E12":326,"1.211050261E12":290,"1.211032722E12":85,"1.211042201E12":228,"1.211036161E12":137,"1.211031402E12":81,"1.211037354E12":154,"1.211144457E12":379,"1.211049719E12":284,"1.211046908E12":271,"1.211033163E12":100,"1.21104129E12":211,"1.211026356E12":62,"1.211044049E12":247,"1.211032729E12":86,"1.211051058E12":293,"1.211028196E12":67,"1.211063975E12":334,"1.211052733E12":300,"1.211098138E12":367,"1.211018404E12":4,"1.211045077E12":257,"1.211056747E12":319,"1.21103707E12":150,"1.211037763E12":165,"1.211037916E12":169,"1.211110301E12":374,"1.211075339E12":355,"1.211037759E12":164,"1.211050191E12":289,"1.211026139E12":60,"1.211035948E12":132,"1.21104533E12":259,"1.211040724E12":202,"1.211018896E12":25,"1.21103414E12":110,"1.21103765E12":162,"1.211044685E12":253,"1.211023651E12":44,"1.211057634E12":321,"1.211043336E12":241,"1.211025521E12":55,"1.211063351E12":330,"1.211031423E12":82,"1.211046872E12":270,"1.211061464E12":327,"1.211037574E12":161,"1.211056928E12":320,"1.211031084E12":78,"1.211071623E12":346,"1.211149882E12":380,"1.211038945E12":184,"1.211045311E12":258,"1.211040797E12":205,"1.211035961E12":133,"1.211074168E12":353,"1.211053783E12":303,"1.211052261E12":298,"1.211051892E12":296,"1.211021728E12":40,"1.211063556E12":332,"1.21102581E12":58,"1.211024995E12":48,"1.211018408E12":9,"1.211036479E12":142,"1.211040051E12":189,"1.21110325E12":372,"1.211071066E12":342,"1.211063157E12":329,"1.211036458E12":140,"1.211057993E12":323,"1.211050063E12":287,"1.211029343E12":73,"1.211037887E12":168,"1.211018746E12":11,"1.211045679E12":264,"1.211039748E12":185,"1.211023899E12":45,"1.211085233E12":362,"1.211028813E12":71,"1.211052426E12":299,"1.211045567E12":262,"1.211050085E12":288,"1.211038651E12":178,"1.211048036E12":278,"1.211042355E12":233,"1.211021027E12":36,"1.211054803E12":310,"1.211049915E12":286,"1.211026512E12":64,"1.211036981E12":148,"1.211040262E12":193,"1.211025074E12":50,"1.211020742E12":31,"1.211042343E12":232,"1.211027053E12":65,"1.211018871E12":19,"1.211129222E12":377,"1.211151654E12":381,"1.211044112E12":250,"1.21104196E12":224,"1.211025637E12":56,"1.211053457E12":301,"1.211085003E12":361,"1.211037003E12":149,"1.211073388E12":351,"1.211071908E12":349,"1.21105054E12":292,"1.21105783E12":322,"1.211018934E12":28,"1.211036379E12":139,"1.211089603E12":364,"1.211037498E12":156,"1.211048131E12":280,"1.211046415E12":269,"1.211039917E12":188,"1.211047516E12":275,"1.21106819E12":339,"1.211042336E12":231,"1.211095196E12":366,"1.211040976E12":209,"1.211024827E12":46,"1.211040109E12":190,"1.211081017E12":359,"1.211034944E12":118,"1.211042084E12":225,"1.21104188E12":220,"1.211070993E12":341,"1.211063369E12":331,"1.211029606E12":74,"1.211047606E12":277,"1.211045902E12":266,"1.211034965E12":120,"1.211041895E12":222,"1.21102907E12":72,"1.211025319E12":52,"1.211037931E12":170,"1.211021383E12":38,"1.211037546E12":159,"1.211054444E12":309,"1.211043791E12":243,"1.2110189E12":27,"1.211100165E12":370,"1.211041269E12":210,"1.21103307E12":95,"1.211051975E12":297,"1.211042397E12":235,"1.211042098E12":226,"1.21103618E12":138,"1.21103496E12":119,"1.211042244E12":229,"1.211527038E12":388,"1.211042539E12":237,"1.211037541E12":158,"1.211072354E12":350,"1.211018767E12":12,"1.21103372E12":105,"1.211067787E12":337,"1.211050413E12":291,"1.211041485E12":212,"1.211041904E12":223,"1.211025485E12":54,"1.211018803E12":16,"1.211036465E12":141,"1.211055895E12":313,"1.211054241E12":305,"1.211040142E12":191,"1.211043971E12":246,"1.211037223E12":153,"1.211040775E12":204,"1.211053696E12":302,"1.211049824E12":285,"1.211071862E12":348,"1.21105672E12":318,"1.211028575E12":70,"1.211027147E12":66,"1.2110425E12":236,"1.211047565E12":276,"1.211041762E12":217,"1.211037089E12":151,"1.211037194E12":152,"1.211043802E12":244,"1.211043335E12":240,"1.211031119E12":79,"1.211037513E12":157,"1.21103474E12":115,"1.211036067E12":136,"1.211041724E12":216,"1.211040463E12":198,"1.211085698E12":363,"1.211301016E12":386,"1.211032978E12":91,"1.211021991E12":41,"1.211020904E12":34,"1.211034174E12":111,"1.211040889E12":207,"1.211018873E12":20,"1.211041656E12":215,"1.211018811E12":17,"1.211038666E12":179,"1.211045361E12":261,"1.211032483E12":83,"1.211101299E12":371,"1.211034471E12":113,"1.211020763E12":33,"1.211025479E12":53,"1.211048985E12":281,"1.211033015E12":93,"1.211036586E12":144,"1.211033093E12":96,"1.21103696E12":147,"1.211054258E12":307,"1.211018957E12":29,"1.211018407E12":8,"1.2110356E12":128,"1.211128865E12":376,"1.211030191E12":75,"1.211042968E12":239,"1.211025767E12":57,"1.211037386E12":155,"1.211042297E12":230,"1.21103547E12":125,"1.21106776E12":336,"1.211079475E12":357,"1.211026445E12":63,"1.211044413E12":252,"1.211048074E12":279,"1.211018882E12":24,"1.211037656E12":163},"NUMBER_OF_PEOPLE":400,"minTimeSeen":1.211018404E12,"maxTimeSeen":1.211558405E12,"NEIGHBORHOOD_RADIUS":20.0,"ENCOUNTER_CHANCE":0.05,"priority":1.0,"duration":540001.0,