{"propagationData":{"1.211379529E12":44,"1.21138109E12":47,"1.211393619E12":57,"1.211314759E12":37,"1.211214294E12":30,"1.211095156E12":15,"1.211018411E12":3,"1.211390459E12":54,"1.211203677E12":16,"1.211094391E12":13,"1.211212673E12":25,"1.2110929E12":8,"1.211324105E12":38,"1.211260404E12":35,"1.21103005E12":7,"1.211211259E12":21,"1.211018884E12":4,"1.211094813E12":14,"1.211366481E12":40,"1.211211241E12":20,"1.211390146E12":52,"1.211028713E12":5,"1.211259872E12":34,"1.211379237E12":43,"1.211213585E12":28,"1.211312411E12":36,"1.211259543E12":32,"1.211259815E12":33,"1.211210946E12":19,"1.211324116E12":39,"1.211213615E12":29,"1.211028981E12":6,"1.21137779E12":41,"1.211211332E12":22,"1.211379954E12":46,"1.211093901E12":11,"1.21139353E12":56,"1.211018404E12":2,"1.211210869E12":18,"1.211384593E12":48,"1.211379771E12":45,"1.211205354E12":17,"1.211093049E12":10,"1.211213569E12":27,"1.211389596E12":49,"1.211393499E12":55,"1.211094237E12":12,"1.211212978E12":26,"1.211390029E12":51,"1.211389901E12":50,"1.211212471E12":24,"1.211390199E12":53,"1.211211362E12":23,"1.21121442E12":31,"1.211378361E12":42,"1.211093048E12":9},"NUMBER_OF_PEOPLE":400,"minTimeSeen":1.211018404E12,"maxTimeSeen":1.211558405E12,"NEIGHBORHOOD_RADIUS":20.0,"ENCOUNTER_CHANCE":0.05,"priority":1.0,"duration":540001.0,"minutesDuration":9000.016666666666,"hoursDuration":150.00027777777777,"daysDuration":6.250011574074073}
