{"propagationData":{"1.211071139E12":166,"1.211082548E12":247,"1.211074364E12":197,"1.211074114E12":192,"1.21105832E12":71,"1.211069272E12":153,"1.211086423E12":287,"1.211073443E12":186,"1.211085218E12":278,"1.211078627E12":224,"1.211066281E12":137,"1.211094757E12":324,"1.211061691E12":94,"1.211077921E12":219,"1.211073332E12":185,"1.211079865E12":228,"1.211095865E12":328,"1.211075629E12":209,"1.211168404E12":386,"1.211069107E12":152,"1.211055043E12":53,"1.211128042E12":366,"1.211068131E12":148,"1.211084824E12":272,"1.211103352E12":347,"1.211074788E12":203,"1.211127724E12":364,"1.211050111E12":25,"1.21107242E12":178,"1.21105332E12":40,"1.211053533E12":42,"1.21109706E12":330,"1.211061192E12":82,"1.211060861E12":79,"1.211048064E12":8,"1.211062891E12":110,"1.211071021E12":161,"1.211142667E12":376,"1.211082613E12":248,"1.211071818E12":172,"1.211073482E12":187,"1.211128212E12":367,"1.211095475E12":327,"1.211061734E12":96,"1.211078128E12":222,"1.211086301E12":286,"1.211061726E12":95,"1.211081911E12":244,"1.211089059E12":299,"1.211061557E12":90,"1.211048732E12":14,"1.211079222E12":226,"1.211060023E12":73,"1.211080359E12":232,"1.211065015E12":131,"1.211067655E12":143,"1.211067832E12":146,"1.211104317E12":348,"1.211064886E12":129,"1.211102E12":341,"1.211082474E12":246,"1.211076108E12":214,"1.211168318E12":385,"1.211091316E12":306,"1.211083696E12":257,"1.211075255E12":208,"1.211077118E12":216,"1.21108457E12":268,"1.211063265E12":115,"1.211084027E12":260,"1.211074472E12":200,"1.21105454E12":49,"1.211090685E12":302,"1.211063016E12":113,"1.211092419E12":313,"1.211094267E12":318,"1.211036082E12":3,"1.211091016E12":304,"1.211064306E12":123,"1.211068809E12":150,"1.21109499E12":326,"1.211081683E12":243,"1.211145683E12":381,"1.211084534E12":266,"1.211044851E12":5,"1.211067772E12":145,"1.211071798E12":171,"1.211106128E12":350,"1.211051731E12":32,"1.211109629E12":353,"1.211051651E12":31,"1.211062637E12":108,"1.211080987E12":239,"1.211080254E12":231,"1.211053634E12":43,"1.2110882E12":291,"1.211120078E12":357,"1.211098407E12":334,"1.211075186E12":206,"1.211061882E12":103,"1.211084716E12":270,"1.211049062E12":15,"1.211064124E12":120,"1.211099006E12":336,"1.211101963E12":340,"1.211071128E12":165,"1.211092136E12":312,"1.211073671E12":190,"1.211047739E12":6,"1.211085211E12":276,"1.211072082E12":175,"1.211145135E12":378,"1.211053066E12":37,"1.211084281E12":262,"1.211085028E12":273,"1.211127047E12":363,"1.211072388E12":177,"1.211083509E12":253,"1.211102507E12":346,"1.211071098E12":164,"1.211098849E12":335,"1.21109155E12":307,"1.211122833E12":360,"1.211071665E12":169,"1.211065367E12":136,"1.211061626E12":91,"1.211049736E12":21,"1.211061803E12":100,"1.211072192E12":176,"1.211085087E12":275,"1.211167959E12":384,"1.211085269E12":280,"1.211067481E12":142,"1.211080653E12":237,"1.211052001E12":34,"1.211070462E12":158,"1.211136093E12":368,"1.211088219E12":292,"1.211080392E12":234,"1.211075749E12":211,"1.211089674E12":300,"1.211080673E12":238,"1.211049939E12":23,"1.211067451E12":141,"1.21105456E12":50,"1.211071355E12":168,"1.211092035E12":309,"1.211057503E12":68,"1.211126692E12":361,"1.211086169E12":285,"1.211083585E12":254,"1.21105637E12":59,"1.211063857E12":118,"1.211061529E12":89,"1.211052839E12":36,"1.211086613E12":288,"1.211054817E12":52,"1.211050866E12":30,"1.211054211E12":44,"1.21116871E12":387,"1.211065212E12":135,"1.211088683E12":295,"1.211018404E12":1,"1.211072497E12":179,"1.211127916E12":365,"1.211083019E12":250,"1.211083074E12":251,"1.211043575E12":4,"1.211055101E12":54,"1.211074741E12":201,"1.211060948E12":80,"1.211050084E12":24,"1.21107992E12":230,"1.211078367E12":223,"1.211062287E12":106,"1.21106457E12":126,"1.211066829E12":139,"1.211102436E12":344,"1.211093921E12":317,"1.211079371E12":227,"1.211060834E12":77,"1.211063193E12":114,"1.211094347E12":319,"1.21107441E12":199,"1.21107707E12":215,"1.211073591E12":188,"1.211073043E12":183,"1.211053497E12":41,"1.211065088E12":132,"1.211083436E12":252,"1.21107411E12":191,"1.21106373E12":117,"1.211062036E12":105,"1.211061297E12":84,"1.211141774E12":375,"1.21104872E12":13,"1.211088426E12":294,"1.211085294E12":281,"1.21109463E12":321,"1.211061362E12":85,"1.211104321E12":349,"1.211066502E12":138,"1.2111675E12":383,"1.21107427E12":196,"1.211073086E12":184,"1.21105426E12":45,"1.211052225E12":35,"1.211138834E12":371,"1.21109131E12":305,"1.211102267E12":343,"1.211118681E12":355,"1.211071834E12":174,"1.211083695E12":256,"1.211069815E12":155,"1.21107124E12":167,"1.211083821E12":258,"1.211079919E12":229,"1.211057962E12":70,"1.211055478E12":56,"1.211053208E12":39,"1.211071014E12":160,"1.211084507E12":265,"1.211060628E12":74,"1.211049822E12":22,"1.21105061E12":28,"1.211094631E12":322,"1.211083623E12":255,"1.211070322E12":156,"1.211070373E12":157,"1.211075123E12":205,"1.211054692E12":51,"1.211141471E12":374,"1.211084049E12":261,"1.21109208E12":310,"1.21106085E12":78,"1.211060807E12":75,"1.21104852E12":11,"1.21105708E12":65,"1.211049102E12":16,"1.211055677E12":58,"1.211064391E12":125,"1.211062869E12":109,"1.211067434E12":140,"1.21106103E12":81,"1.211078787E12":225,"1.211051845E12":33,"1.211091003E12":303,"1.21107584E12":212,"1.211072687E12":181,"1.211085228E12":279,"1.211085212E12":277,"1.211136656E12":370,"1.211087516E12":290,"1.211049306E12":18,"1.211026627E12":2,"1.21107418E12":195,"1.21105539E12":55,"1.211102073E12":342,"1.211048304E12":9,"1.211049282E12":17,"1.21108508E12":274,"1.211056392E12":60,"1.211098046E12":332,"1.211070909E12":159,"1.211061735E12":97,"1.211122401E12":359,"1.211098068E12":333,"1.211071827E12":173,"1.211073605E12":189,"1.211057555E12":69,"1.211080398E12":235,"1.21107477E12":202,"1.211053177E12":38,"1.211071747E12":170,"1.21105669E12":64,"1.211062906E12":111,"1.211093831E12":316,"1.211081602E12":241,"1.211061878E12":102,"1.211061407E12":87,"1.211106667E12":351,"1.211049528E12":19,"1.211063384E12":116,"1.211084474E12":264,"1.211061923E12":104,"1.211084012E12":259,"1.211069614E12":154,"1.211057157E12":66,"1.211075209E12":207,"1.211048698E12":12,"1.211145161E12":379,"1.211054273E12":46,"1.211072922E12":182,"1.211061391E12":86,"1.211098019E12":331,"1.211050851E12":29,"1.211061859E12":101,"1.211059722E12":72,"1.211056652E12":63,"1.211061442E12":88,"1.211064943E12":130,"1.211094676E12":323,"1.211150899E12":382,"1.211077955E12":220,"1.2110618E12":99,"1.211072649E12":180,"1.211091665E12":308,"1.211077256E12":217,"1.211096327E12":329,"1.211081052E12":240,"1.211048479E12":10,"1.211061632E12":92,"1.2110677E12":144,"1.211121093E12":358,"1.211085732E12":283,"1.211101855E12":339,"1.211050141E12":27,"1.211092942E12":315,"1.211064202E12":122,"1.211068897E12":151,"1.211086758E12":289,"1.211145281E12":380,"1.211111004E12":354,"1.211092089E12":311,"1.211126928E12":362,"1.211062335E12":107,"1.211054366E12":47,"1.211067979E12":147,"1.211085862E12":284,"1.211144058E12":377,"1.211094463E12":320,"1.211078002E12":221,"1.211057261E12":67,"1.211088932E12":298,"1.21105654E12":62,"1.211100084E12":337,"1.211064867E12":128,"1.211064367E12":124,"1.211084797E12":271,"1.211075102E12":204,"1.21105643E12":61,"1.211054482E12":48,"1.211068142E12":149,"1.211074369E12":198,"1.211077262E12":218,"1.211047765E12":7,"1.211102444E12":345,"1.211088298E12":293,"1.211062976E12":112,"1.21106393E12":119,"1.21108435E12":263,"1.211082629E12":249,"1.211071026E12":162,"1.211090246E12":301,"1.211088762E12":297,"1.211076086E12":213,"1.211106709E12":352,"1.211080518E12":236,"1.211082299E12":245,"1.211065209E12":134,"1.211061687E12":93,"1.211085395E12":282,"1.211101768E12":338,"1.211075643E12":210,"1.211064837E12":127,"1.211061195E12":83,"1.211092594E12":314,"1.211071052E12":163,"1.211074142E12":194,"1.211064184E12":121,"1.211074135E12":193,"1.211061739E12":98,"1.211119273E12":356,"1.211140786E12":372,"1.211136219E12":369,"1.211084684E12":269,"1.211049628E12":20,"1.211141054E12":373,"1.211084537E12":267,"1.211081635E12":242,"1.211065206E12":133},"NUMBER_OF_PEOPLE":400,"minTimeSeen":1.211018404E12,"maxTimeSeen":1.211558405E12,"NEIGHBORHOOD_RADIUS":20.0,"ENCOUNTER_CHANCE":0.05,