{"propagationData":{"1.211031415E12":77,"1.211020945E12":9,"1.211021106E12":10,"1.211059737E12":319,"1.211032041E12":95,"1.211030564E12":63,"1.211043394E12":243,"1.21102881E12":48,"1.21104629E12":263,"1.211033092E12":115,"1.211044882E12":255,"1.211030579E12":64,"1.21103019E12":53,"1.211030493E12":61,"1.211033628E12":123,"1.21105661E12":304,"1.211105914E12":372,"1.211038499E12":202,"1.211034834E12":141,"1.211063184E12":320,"1.21103388E12":127,"1.211227725E12":387,"1.211023215E12":27,"1.211041944E12":236,"1.211045091E12":258,"1.211031787E12":88,"1.211023116E12":25,"1.211036334E12":168,"1.211046606E12":264,"1.211043092E12":237,"1.21104924E12":275,"1.211047164E12":268,"1.211048473E12":272,"1.211028947E12":50,"1.21103506E12":147,"1.211046852E12":267,"1.211035669E12":156,"1.211069646E12":332,"1.211035474E12":152,"1.211036945E12":174,"1.21103824E12":199,"1.211032554E12":104,"1.211022531E12":23,"1.211046195E12":262,"1.211052925E12":297,"1.211034881E12":144,"1.211057596E12":311,"1.211043309E12":242,"1.211032614E12":105,"1.211051294E12":290,"1.211037671E12":185,"1.211049215E12":273,"1.211021287E12":14,"1.211039616E12":211,"1.211037858E12":188,"1.21103075E12":67,"1.211038177E12":198,"1.211025013E12":36,"1.211027856E12":45,"1.211034098E12":131,"1.211089475E12":364,"1.211020866E12":7,"1.211031586E12":80,"1.211161214E12":382,"1.211082586E12":348,"1.21103179E12":90,"1.211106476E12":373,"1.211039911E12":216,"1.211049673E12":277,"1.211030273E12":54,"1.21103975E12":213,"1.211034154E12":133,"1.211058622E12":318,"1.211040229E12":221,"1.211085131E12":355,"1.211053259E12":299,"1.211044565E12":250,"1.211030385E12":56,"1.211021901E12":20,"1.211032672E12":106,"1.211045333E12":261,"1.211035511E12":153,"1.21103676E12":170,"1.211031822E12":91,"1.211058583E12":316,"1.211040072E12":218,"1.21104011E12":220,"1.21108612E12":359,"1.211081856E12":347,"1.211038093E12":195,"1.211031388E12":76,"1.211039389E12":208,"1.211023715E12":29,"1.211075502E12":343,"1.211073873E12":335,"1.211031957E12":93,"1.211036883E12":171,"1.21104476E12":251,"1.211073832E12":334,"1.211028187E12":47,"1.211037451E12":181,"1.21104483E12":252,"1.211030546E12":62,"1.21102682E12":41,"1.211063534E12":322,"1.211050539E12":284,"1.211084716E12":353,"1.211032023E12":94,"1.211032398E12":102,"1.211039642E12":212,"1.211034716E12":137,"1.211030465E12":59,"1.211022825E12":24,"1.211033844E12":125,"1.211035622E12":155,"1.211021146E12":11,"1.211083699E12":351,"1.21109132E12":368,"1.211032345E12":100,"1.211055777E12":302,"1.211030715E12":66,"1.211045139E12":259,"1.211040739E12":224,"1.211148884E12":380,"1.211037923E12":190,"1.211031684E12":83,"1.211030187E12":52,"1.211063728E12":323,"1.211039898E12":215,"1.211019415E12":4,"1.211035286E12":149,"1.211038569E12":204,"1.211052075E12":291,"1.211030416E12":57,"1.211037592E12":184,"1.211121847E12":375,"1.211054952E12":301,"1.211050565E12":288,"1.211031789E12":89,"1.211018509E12":2,"1.211043467E12":246,"1.211039552E12":210,"1.21106605E12":331,"1.211038055E12":191,"1.211022277E12":22,"1.211033155E12":116,"1.211033446E12":120,"1.211035828E12":158,"1.211090299E12":366,"1.211287147E12":388,"1.211049228E12":274,"1.211036161E12":165,"1.211103289E12":371,"1.211144307E12":379,"1.211039428E12":209,"1.21106345E12":321,"1.211034086E12":129,"1.211135479E12":377,"1.211034218E12":134,"1.211030904E12":72,"1.211091932E12":369,"1.211165191E12":384,"1.211050507E12":282,"1.211036114E12":163,"1.211028849E12":49,"1.211018404E12":1,"1.211135976E12":378,"1.211031677E12":82,"1.211050485E12":281,"1.211063733E12":324,"1.211050984E12":289,"1.211033913E12":128,"1.211043434E12":245,"1.211030828E12":70,"1.211033427E12":118,"1.211035522E12":154,"1.211031751E12":87,"1.21103724E12":178,"1.211057469E12":310,"1.211020602E12":6,"1.211033599E12":122,"1.211076164E12":344,"1.211043226E12":239,"1.211021923E12":21,"1.211084978E12":354,"1.211030428E12":58,"1.211024872E12":35,"1.211031133E12":74,"1.211037864E12":189,"1.211036168E12":166,"1.211089137E12":363,"1.211038094E12":196,"1.211041426E12":231,"1.211040384E12":222,"1.211034999E12":146,"1.211183415E12":386,"1.211064387E12":327,"1.211030488E12":60,"1.211033674E12":124,"1.211046701E12":266,"1.211044134E12":249,"1.211035333E12":151,"1.21103272E12":107,"1.211041421E12":230,"1.211085733E12":358,"1.211038176E12":197,"1.211024456E12":31,"1.211041717E12":233,"1.211035181E12":148,"1.211035961E12":160,"1.211057717E12":312,"1.211037767E12":187,"1.211032047E12":96,"1.211035689E12":157,"1.211090126E12":365,"1.211058618E12":317,"1.211056648E12":305,"1.211038555E12":203,"1.211064691E12":328,"1.211031726E12":85,"1.211043097E12":238,"1.211074202E12":337,"1.211033401E12":117,"1.211036893E12":172,"1.211048462E12":271,"1.211036944E12":173,"1.211033577E12":121,"1.211057837E12":314,"1.211023538E12":28,"1.211040098E12":219,"1.211039852E12":214,"1.211037011E12":175,"1.211018983E12":3,"1.211034879E12":143,"1.21104051E12":223,"1.211057787E12":313,"1.211032461E12":103,"1.211057331E12":309,"1.211038292E12":200,"1.211021685E12":17,"1.211056907E12":308,"1.211038079E12":194,"1.21105582E12":303,"1.211043298E12":241,"1.211043283E12":240,"1.211035981E12":161,"1.21107414E12":336,"1.211026052E12":39,"1.211032994E12":112,"1.211052655E12":295,"1.211044092E12":248,"1.211086288E12":360,"1.211031572E12":79,"1.211077258E12":345,"1.21106385E12":325,"1.211052782E12":296,"1.211033088E12":114,"1.211037244E12":179,"1.21104187E12":234,"1.211074767E12":339,"1.211026024E12":38,"1.21105675E12":306,"1.211032972E12":110,"1.211034767E12":139,"1.211027037E12":43,"1.211033858E12":126,"1.211028033E12":46,"1.211032313E12":98,"1.211034729E12":138,"1.211038074E12":193,"1.211074739E12":338,"1.211021312E12":15,"1.211036132E12":164,"1.211024833E12":32,"1.211034918E12":145,"1.211058204E12":315,"1.211090404E12":367,"1.211082786E12":350,"1.211065008E12":329,"1.21104491E12":256,"1.211054243E12":300,"1.211052314E12":293,"1.211031599E12":81,"1.211030661E12":65,"1.211036016E12":162,"1.211037177E12":176,"1.211037677E12":186,"1.211041004E12":228,"1.211034809E12":140,"1.211032384E12":101,"1.211049894E12":278,"1.211039247E12":207,"1.211080932E12":346,"1.211040024E12":217,"1.211036368E12":169,"1.211085682E12":357,"1.211040962E12":227,"1.211024863E12":34,"1.211034245E12":135,"1.211038366E12":201,"1.211056804E12":307,"1.211043418E12":244,"1.21103132E12":75,"1.211032316E12":99,"1.211092848E12":370,"1.211050369E12":280,"1.211034552E12":136,"1.211044847E12":254,"1.211119014E12":374,"1.21103409E12":130,"1.211049568E12":276,"1.211085295E12":356,"1.211045329E12":260,"1.211074869E12":341,"1.211037217E12":177,"1.211072605E12":333,"1.211049917E12":279,"1.211043786E12":247,"1.21104165E12":232,"1.211021235E12":12,"1.211050508E12":283,"1.211046649E12":265,"1.21103289E12":109,"1.211035329E12":150,"1.211082784E12":349,"1.2110264E12":40,"1.211030811E12":69,"1.211031923E12":92,"1.211020896E12":8,"1.211035896E12":159,"1.211087893E12":361,"1.211084509E12":352,"1.21103627E12":167,"1.211026828E12":42,"1.211041874E12":235,"1.211031738E12":86,"1.211030283E12":55,"1.211021871E12":19,"1.211087927E12":362,"1.211034853E12":142,"1.211074993E12":342,"1.211172002E12":385,"1.21105237E12":294,"1.211053055E12":298,"1.211044833E12":253,"1.211064233E12":326,"1.211074852E12":340,"1.211037277E12":180,"1.211039212E12":206,"1.211065093E12":330,"1.211050558E12":285,"1.211030791E12":68,"1.211050564E12":286,"1.211038936E12":205,"1.211030853E12":71,"1.211024855E12":33,"1.211021637E12":16,"1.211052175E12":292,"1.211032309E12":97,"1.211037538E12":182,"1.21102503E12":37,"1.211032993E12":111,"1.211037543E12":183,"1.211020597E12":5,"1.211040785E12":225,"1.211023129E12":26,"1.21103343E12":119,"1.211032735E12":108,"1.211033015E12":113,"1.21102738E12":44,"1.21102128E12":13,"1.211162813E12":383,"1.211047174E12":270,"1.211040812E12":226,"1.211041196E12":229,"1.211045086E12":257,"1.211031539E12":78,"1.211023971E12":30,"1.211156165E12":381,"1.211021847E12":18,"1.2110317E12":84,"1.211034106E12":132,"1.211122232E12":376,"1.211028979E12":51},"NUMBER_OF_PEOPLE":400,"minTimeSeen":1.211018404E12,