{"propagationData":{"1.211050813E12":312,"1.211040125E12":249,"1.211046052E12":288,"1.211022829E12":37,"1.211038025E12":220,"1.211079347E12":354,"1.21102442E12":51,"1.211032304E12":156,"1.211043701E12":274,"1.211040104E12":248,"1.211027256E12":88,"1.211026537E12":74,"1.211069099E12":344,"1.211020027E12":15,"1.211078473E12":352,"1.21104239E12":266,"1.211101063E12":379,"1.211023422E12":42,"1.21106673E12":337,"1.211020966E12":26,"1.211038286E12":226,"1.211020665E12":21,"1.211037302E12":212,"1.21106681E12":338,"1.211047687E12":298,"1.211036475E12":205,"1.211028589E12":106,"1.211031894E12":153,"1.211026862E12":84,"1.211024896E12":54,"1.211039467E12":241,"1.211040619E12":253,"1.211019392E12":12,"1.211032554E12":162,"1.211069541E12":347,"1.211025107E12":57,"1.21103485E12":186,"1.211066619E12":335,"1.211024899E12":55,"1.211022954E12":39,"1.211041397E12":261,"1.211035882E12":197,"1.211143165E12":384,"1.211026487E12":72,"1.211022208E12":33,"1.211030928E12":143,"1.211031041E12":148,"1.211025061E12":56,"1.211027856E12":96,"1.211019053E12":2,"1.211030248E12":131,"1.211040625E12":254,"1.211026655E12":77,"1.211086918E12":366,"1.211041105E12":257,"1.211069337E12":346,"1.211038233E12":222,"1.21107975E12":355,"1.211060102E12":328,"1.211110031E12":380,"1.211028632E12":107,"1.211066823E12":339,"1.211211402E12":386,"1.211035594E12":191,"1.21105094E12":313,"1.211088633E12":370,"1.211029021E12":113,"1.211033842E12":175,"1.211026465E12":71,"1.21103944E12":240,"1.211029426E12":121,"1.211047575E12":295,"1.211095247E12":375,"1.211084004E12":361,"1.211022293E12":34,"1.211035805E12":195,"1.211052189E12":318,"1.21104103E12":256,"1.211030946E12":144,"1.211030319E12":134,"1.211032312E12":157,"1.211041235E12":259,"1.211033097E12":169,"1.21103827E12":225,"1.211027624E12":92,"1.211139485E12":383,"1.211051057E12":315,"1.211020759E12":24,"1.211028385E12":103,"1.211038748E12":233,"1.211040501E12":251,"1.211041324E12":260,"1.211029679E12":123,"1.211066656E12":336,"1.211061478E12":330,"1.211032731E12":164,"1.211028634E12":108,"1.211024069E12":46,"1.211041819E12":264,"1.211132802E12":382,"1.211041722E12":263,"1.211087071E12":367,"1.211048682E12":306,"1.211037092E12":211,"1.211021273E12":28,"1.21102514E12":59,"1.211088398E12":369,"1.211091369E12":373,"1.21103422E12":183,"1.211047684E12":297,"1.211042984E12":270,"1.211026492E12":73,"1.211026641E12":76,"1.211053072E12":320,"1.211043251E12":271,"1.211026195E12":65,"1.211030803E12":136,"1.211046234E12":289,"1.211038964E12":235,"1.211030317E12":133,"1.211046248E12":290,"1.211038966E12":236,"1.21105197E12":317,"1.211067731E12":340,"1.211026714E12":78,"1.211031031E12":147,"1.21102908E12":114,"1.211019317E12":10,"1.211042832E12":269,"1.211032729E12":163,"1.211048271E12":303,"1.211025315E12":61,"1.211033901E12":177,"1.211039239E12":238,"1.211018404E12":1,"1.211020722E12":23,"1.211043413E12":272,"1.211053854E12":322,"1.211037453E12":214,"1.211050081E12":308,"1.211030828E12":138,"1.211020986E12":27,"1.211037851E12":217,"1.211032138E12":154,"1.211044618E12":279,"1.211050353E12":310,"1.211038362E12":227,"1.211053967E12":323,"1.211020641E12":20,"1.211038427E12":228,"1.211026072E12":64,"1.21103488E12":187,"1.211027718E12":94,"1.211030246E12":130,"1.211027913E12":98,"1.211028636E12":109,"1.211260646E12":388,"1.211031727E12":151,"1.211047631E12":296,"1.211026379E12":68,"1.211037564E12":216,"1.211076935E12":351,"1.211044678E12":280,"1.211036198E12":202,"1.211024195E12":48,"1.211053651E12":321,"1.211035323E12":189,"1.211070846E12":348,"1.211030874E12":139,"1.211038229E12":221,"1.211240569E12":387,"1.211029359E12":119,"1.211084054E12":362,"1.211025998E12":62,"1.211026929E12":86,"1.211087619E12":368,"1.211039492E12":243,"1.211035921E12":198,"1.211096952E12":376,"1.211026907E12":85,"1.211048455E12":304,"1.211027656E12":93,"1.211035804E12":194,"1.211036926E12":209,"1.211058254E12":325,"1.211021611E12":31,"1.211068158E12":341,"1.211045363E12":284,"1.21102607E12":63,"1.211019206E12":7,"1.211022338E12":35,"1.211030924E12":142,"1.211064716E12":334,"1.21104682E12":293,"1.211046038E12":287,"1.211038605E12":231,"1.21108585E12":365,"1.211020099E12":17,"1.211064234E12":333,"1.21103459E12":184,"1.211029388E12":120,"1.2110209E12":25,"1.211024837E12":52,"1.211030799E12":135,"1.211035792E12":193,"1.211024846E12":53,"1.211033147E12":170,"1.211020146E12":18,"1.211032733E12":165,"1.211084569E12":364,"1.2110639E12":332,"1.211036119E12":200,"1.211030259E12":132,"1.211039478E12":242,"1.211023806E12":44,"1.211034208E12":182,"1.211046693E12":292,"1.211027439E12":90,"1.211041428E12":262,"1.211026741E12":81,"1.211031243E12":149,"1.211084377E12":363,"1.211031585E12":150,"1.211029736E12":124,"1.211034082E12":181,"1.211028658E12":110,"1.211023202E12":40,"1.211033088E12":168,"1.211073886E12":350,"1.21105858E12":326,"1.211034074E12":180,"1.211172113E12":385,"1.211081034E12":358,"1.211043722E12":275,"1.211027384E12":89,"1.21103302E12":167,"1.211098263E12":377,"1.211019189E12":4,"1.211021315E12":29,"1.211029278E12":117,"1.211037381E12":213,"1.21102662E12":75,"1.211058919E12":327,"1.211047777E12":299,"1.211041213E12":258,"1.211034953E12":188,"1.211061311E12":329,"1.211050957E12":314,"1.211026352E12":67,"1.211058235E12":324,"1.211047065E12":294,"1.211027787E12":95,"1.211079243E12":353,"1.211019204E12":6,"1.211020666E12":22,"1.211099444E12":378,"1.211028531E12":105,"1.211083795E12":360,"1.211035816E12":196,"1.211028838E12":111,"1.211033622E12":173,"1.211044491E12":278,"1.211080286E12":356,"1.211036525E12":207,"1.211027965E12":99,"1.211034058E12":179,"1.211031778E12":152,"1.211035467E12":190,"1.211044797E12":282,"1.211030808E12":137,"1.211037859E12":218,"1.211026748E12":83,"1.21112434E12":381,"1.211039562E12":244,"1.211046381E12":291,"1.211044416E12":277,"1.211037924E12":219,"1.211025139E12":58,"1.211030887E12":141,"1.211024386E12":50,"1.211069113E12":345,"1.21105046E12":311,"1.211050065E12":307,"1.211033967E12":178,"1.211036705E12":208,"1.211020078E12":16,"1.211023423E12":43,"1.211028931E12":112,"1.21103353E12":172,"1.211027174E12":87,"1.211026734E12":80,"1.211028387E12":104,"1.211082916E12":359,"1.211032352E12":159,"1.211050332E12":309,"1.21104433E12":276,"1.211033898E12":176,"1.211038724E12":232,"1.211019177E12":3,"1.211042676E12":268,"1.211036158E12":201,"1.211042367E12":265,"1.211020636E12":19,"1.211044774E12":281,"1.211040094E12":247,"1.211019487E12":13,"1.211051538E12":316,"1.211029816E12":125,"1.211033002E12":166,"1.211024182E12":47,"1.211080355E12":357,"1.211047935E12":301,"1.21102141E12":30,"1.211040128E12":250,"1.211023946E12":45,"1.21103704E12":210,"1.211035674E12":192,"1.211028237E12":101,"1.211019361E12":11,"1.211028161E12":100,"1.211023355E12":41,"1.211036202E12":203,"1.211029645E12":122,"1.211061854E12":331,"1.211022476E12":36,"1.211039415E12":239,"1.211038953E12":234,"1.211038246E12":224,"1.211026732E12":79,"1.211033185E12":171,"1.211045921E12":286,"1.211045147E12":283,"1.211027891E12":97,"1.211038481E12":229,"1.211035945E12":199,"1.211030156E12":128,"1.211029156E12":115,"1.211034727E12":185,"1.211036471E12":204,"1.211019207E12":8,"1.211037558E12":215,"1.211029848E12":126,"1.211047847E12":300,"1.211039004E12":237,"1.211039607E12":245,"1.211027465E12":91,"1.211033809E12":174,"1.211026394E12":69,"1.21103234E12":158,"1.211068358E12":342,"1.211029319E12":118,"1.211030875E12":140,"1.21102295E12":38,"1.211021862E12":32,"1.21104558E12":285,"1.211038523E12":230,"1.211048031E12":302,"1.211024336E12":49,"1.211026745E12":82,"1.211028358E12":102,"1.211040761E12":255,"1.211039701E12":246,"1.211043465E12":273,"1.211030161E12":129,"1.211090665E12":371,"1.211052286E12":319,"1.211032457E12":161,"1.211032406E12":160,"1.211029271E12":116,"1.21103095E12":146,"1.21103648E12":206,"1.211040587E12":252,"1.211048579E12":305,"1.211032281E12":155,"1.211042624E12":267,"1.211019606E12":14,"1.211019221E12":9,"1.211026445E12":70,"1.211068782E12":343,"1.211026232E12":66,"1.211093601E12":374,"1.21102529E12":60,"1.211073643E12":349},"NUMBER_OF_PEOPLE":400,"minTimeSeen":1.211018404E12,