{"propagationData":{"1.211032239E12":116,"1.21115693E12":237,"1.211038734E12":160,"1.211032137E12":113,"1.211040515E12":170,"1.21102881E12":83,"1.211038392E12":150,"1.21101922E12":14,"1.211035703E12":142,"1.211029581E12":94,"1.211038197E12":149,"1.211019338E12":17,"1.211029742E12":95,"1.211170033E12":248,"1.211032484E12":120,"1.211019502E12":18,"1.211032389E12":117,"1.211022244E12":43,"1.211019879E12":24,"1.211035115E12":137,"1.211043789E12":187,"1.21105282E12":208,"1.211023783E12":56,"1.211030653E12":104,"1.211049317E12":195,"1.211031397E12":107,"1.211058966E12":223,"1.21102461E12":60,"1.211048631E12":191,"1.211029556E12":93,"1.211021863E12":38,"1.211019058E12":5,"1.211057584E12":218,"1.211023201E12":51,"1.211052711E12":206,"1.211025102E12":66,"1.21102951E12":91,"1.211043753E12":184,"1.211031421E12":108,"1.2110234E12":53,"1.211019073E12":9,"1.211039005E12":165,"1.211019053E12":4,"1.211024414E12":59,"1.211040834E12":174,"1.211157523E12":239,"1.2110224E12":45,"1.211040774E12":172,"1.211038506E12":157,"1.21102387E12":57,"1.211531777E12":257,"1.211038728E12":159,"1.211057577E12":217,"1.211034893E12":132,"1.211021703E12":37,"1.211028386E12":82,"1.211030518E12":99,"1.211030296E12":97,"1.211021527E12":35,"1.211053502E12":210,"1.211087258E12":233,"1.211023375E12":52,"1.211170323E12":251,"1.211032454E12":118,"1.211530193E12":256,"1.21102356E12":55,"1.211035254E12":139,"1.211035251E12":138,"1.211019264E12":16,"1.21103621E12":144,"1.211020599E12":28,"1.211049697E12":197,"1.211053565E12":212,"1.211052811E12":207,"1.211024724E12":61,"1.211108229E12":236,"1.211038418E12":154,"1.21103466E12":129,"1.211039033E12":166,"1.211040795E12":173,"1.21103469E12":130,"1.211168826E12":244,"1.211019603E12":21,"1.211034861E12":131,"1.211026928E12":75,"1.211033285E12":121,"1.211035675E12":141,"1.211040846E12":175,"1.211030605E12":100,"1.211027819E12":80,"1.211030622E12":102,"1.21102199E12":42,"1.211048646E12":192,"1.211028826E12":84,"1.211019162E12":13,"1.211029472E12":89,"1.211054743E12":215,"1.211021882E12":39,"1.211020209E12":25,"1.211035654E12":140,"1.211037784E12":146,"1.211051507E12":202,"1.211038486E12":156,"1.211049338E12":196,"1.211080167E12":224,"1.211048578E12":190,"1.211029475E12":90,"1.211018404E12":1,"1.211038424E12":155,"1.211051522E12":203,"1.211019847E12":22,"1.211157459E12":238,"1.211080297E12":228,"1.211529541E12":254,"1.21103889E12":163,"1.211029342E12":87,"1.211022838E12":50,"1.211054573E12":214,"1.21115894E12":240,"1.211031792E12":112,"1.211057558E12":216,"1.211019061E12":8,"1.211036124E12":143,"1.211023438E12":54,"1.211042789E12":182,"1.211038393E12":151,"1.211053132E12":209,"1.211043767E12":185,"1.211034616E12":128,"1.211038408E12":152,"1.211021169E12":31,"1.211048794E12":193,"1.211106275E12":234,"1.21102485E12":63,"1.211031601E12":110,"1.211027796E12":79,"1.211024026E12":58,"1.21104972E12":198,"1.2110211E12":30,"1.211019874E12":23,"1.211029394E12":88,"1.211019052E12":3,"1.211030022E12":96,"1.211019154E12":12,"1.211042668E12":179,"1.21102226E12":44,"1.211038818E12":162,"1.211031347E12":106,"1.211029553E12":92,"1.211025251E12":70,"1.211039478E12":168,"1.211029332E12":86,"1.211021027E12":29,"1.211022473E12":47,"1.21102823E12":81,"1.211030624E12":103,"1.211026722E12":72,"1.211022754E12":49,"1.21101957E12":20,"1.211058848E12":219,"1.211529233E12":253,"1.211031711E12":111,"1.211031428E12":109,"1.211027763E12":78,"1.211033509E12":123,"1.211048916E12":194,"1.211052456E12":205,"1.211038411E12":153,"1.211084884E12":229,"1.211026905E12":74,"1.211033567E12":125,"1.211042781E12":181,"1.21116943E12":246,"1.21104979E12":200,"1.211022481E12":48,"1.211080182E12":226,"1.211021406E12":33,"1.211040513E12":169,"1.211038895E12":164,"1.211169477E12":247,"1.211033551E12":124,"1.211087085E12":230,"1.211051523E12":204,"1.211021887E12":40,"1.211168703E12":243,"1.211026412E12":71,"1.211038181E12":148,"1.211058885E12":220,"1.21103218E12":115,"1.211087224E12":232,"1.211053517E12":211,"1.211168671E12":242,"1.211168508E12":241,"1.21102474E12":62,"1.211042676E12":180,"1.211054568E12":213,"1.21101906E12":7,"1.211168836E12":245,"1.211034186E12":127,"1.21103061E12":101,"1.211040711E12":171,"1.211021695E12":36,"1.211080173E12":225,"1.211038171E12":147,"1.211038521E12":158,"1.211058923E12":222,"1.211034909E12":133,"1.211025154E12":68,"1.211043768E12":186,"1.211025247E12":69,"1.211021939E12":41,"1.211030707E12":105,"1.211080284E12":227,"1.211025122E12":67,"1.211032476E12":119,"1.211040849E12":176,"1.211020471E12":26,"1.211035E12":134,"1.211026766E12":73,"1.211019098E12":10,"1.21102132E12":32,"1.211043132E12":183,"1.211019242E12":15,"1.211036631E12":145,"1.21102505E12":65,"1.21103922E12":167,"1.211027601E12":76,"1.21108711E12":231,"1.21103418E12":126,"1.211058891E12":221,"1.211032177E12":114,"1.21104097E12":178,"1.211033303E12":122,"1.211028871E12":85,"1.21117558E12":252,"1.211030463E12":98,"1.211035098E12":135,"1.211170082E12":249,"1.211529602E12":255,"1.211038803E12":161,"1.21101951E12":19,"1.211019133E12":11,"1.211024891E12":64,"1.211020598E12":27,"1.211027622E12":77,"1.211048576E12":189,"1.211170265E12":250,"1.211044277E12":188,"1.21110812E12":235,"1.211022406E12":46,"1.211035107E12":136,"1.211050603E12":201,"1.21102142E12":34,"1.211040852E12":177},"NUMBER_OF_PEOPLE":400,"minTimeSeen":1.211018404E12,"maxTimeSeen":1.211558405E12,"NEIGHBORHOOD_RADIUS":20.0,"ENCOUNTER_CHANCE":0.05,"priority":1.0,"duration":540001.0,"minutesDuration":9000.016666666666,"hoursDuration":150.00027777777777,"daysDuration":6.250011574074073}
