{"propagationData":{"1.211018465E12":22,"1.211026418E12":65,"1.211031981E12":94,"1.211037494E12":168,"1.211052077E12":284,"1.211032123E12":99,"1.211037262E12":165,"1.211044928E12":221,"1.211051978E12":282,"1.211033768E12":125,"1.211074769E12":338,"1.211045933E12":231,"1.21105268E12":289,"1.211036176E12":151,"1.211043444E12":204,"1.211025318E12":57,"1.211048648E12":255,"1.211038866E12":176,"1.211041766E12":193,"1.211018417E12":19,"1.211023641E12":50,"1.211260815E12":348,"1.211019372E12":40,"1.211046219E12":238,"1.211044844E12":219,"1.211030762E12":87,"1.211025805E12":62,"1.21104493E12":222,"1.211050302E12":267,"1.211044002E12":212,"1.211032151E12":101,"1.211032614E12":107,"1.211020683E12":44,"1.211092917E12":344,"1.211049798E12":263,"1.211066082E12":315,"1.211018615E12":29,"1.211050878E12":273,"1.211050057E12":264,"1.211039023E12":179,"1.211037878E12":170,"1.211049631E12":261,"1.211029568E12":76,"1.211073838E12":328,"1.211030657E12":84,"1.211044153E12":217,"1.211028999E12":71,"1.211038221E12":171,"1.211030688E12":86,"1.211052544E12":287,"1.211033666E12":123,"1.211043763E12":210,"1.21101853E12":28,"1.211033395E12":120,"1.211031767E12":93,"1.211030685E12":85,"1.211036569E12":158,"1.211036172E12":150,"1.211072395E12":327,"1.21101844E12":21,"1.211034346E12":139,"1.211045664E12":229,"1.211052297E12":285,"1.211047993E12":250,"1.211041829E12":195,"1.211030212E12":78,"1.211036995E12":161,"1.2110336E12":122,"1.211052792E12":291,"1.211037335E12":166,"1.211260542E12":347,"1.211075447E12":340,"1.211034155E12":135,"1.211032794E12":110,"1.211051103E12":279,"1.211044042E12":215,"1.211018406E12":16,"1.211029501E12":74,"1.21106203E12":310,"1.211023209E12":48,"1.211039135E12":180,"1.211036965E12":160,"1.211018874E12":30,"1.211023469E12":49,"1.21107446E12":334,"1.211032392E12":105,"1.211030192E12":77,"1.211061419E12":305,"1.211047846E12":246,"1.211024823E12":53,"1.211025632E12":60,"1.211025622E12":59,"1.211034102E12":133,"1.211035261E12":143,"1.211019337E12":38,"1.211047591E12":245,"1.211068824E12":320,"1.21104616E12":236,"1.211036106E12":148,"1.21102199E12":47,"1.211040805E12":188,"1.211074712E12":337,"1.211030852E12":90,"1.211032113E12":98,"1.211074141E12":332,"1.211021985E12":46,"1.211032096E12":96,"1.211052839E12":292,"1.211049772E12":262,"1.211061434E12":306,"1.211043692E12":209,"1.211047229E12":240,"1.211018404E12":11,"1.211048163E12":252,"1.211024071E12":51,"1.21104871E12":257,"1.211019362E12":39,"1.211033245E12":116,"1.211025351E12":58,"1.211041974E12":196,"1.211034488E12":140,"1.211036425E12":154,"1.21107549E12":342,"1.211042598E12":201,"1.211018521E12":26,"1.211075453E12":341,"1.211055463E12":297,"1.211041794E12":194,"1.211033375E12":118,"1.211062838E12":312,"1.21101897E12":33,"1.21104176E12":192,"1.211260181E12":346,"1.211046007E12":234,"1.211032796E12":111,"1.211047934E12":248,"1.211045971E12":232,"1.211046258E12":239,"1.211033396E12":121,"1.211047959E12":249,"1.211039014E12":177,"1.211045614E12":228,"1.211030617E12":83,"1.211019276E12":36,"1.211067232E12":319,"1.211030812E12":88,"1.211026535E12":67,"1.211043994E12":211,"1.211039492E12":181,"1.211045311E12":225,"1.211033997E12":129,"1.211052559E12":288,"1.211052511E12":286,"1.21106692E12":318,"1.211032455E12":106,"1.211040416E12":182,"1.211059843E12":301,"1.21104845E12":254,"1.211040487E12":184,"1.211049593E12":260,"1.211028963E12":69,"1.211034283E12":138,"1.211033382E12":119,"1.211060827E12":304,"1.211052988E12":293,"1.211019712E12":43,"1.211033373E12":117,"1.211066023E12":313,"1.211026432E12":66,"1.211039019E12":178,"1.21103656E12":156,"1.211043404E12":203,"1.211030237E12":80,"1.211026089E12":63,"1.211043589E12":207,"1.211040882E12":190,"1.211072383E12":326,"1.211057772E12":299,"1.211048057E12":251,"1.211050085E12":265,"1.211050675E12":271,"1.21107222E12":324,"1.211044032E12":214,"1.211031438E12":92,"1.211018997E12":35,"1.211041617E12":191,"1.211044022E12":213,"1.211047373E12":242,"1.211050198E12":266,"1.211018528E12":27,"1.211029033E12":72,"1.211035981E12":147,"1.211034231E12":136,"1.211046185E12":237,"1.211074612E12":335,"1.21103643E12":155,"1.2110601E12":302,"1.211061826E12":308,"1.211075026E12":339,"1.211037003E12":162,"1.21107464E12":336,"1.211028957E12":68,"1.211026323E12":64,"1.211036563E12":157,"1.211051819E12":280,"1.211018945E12":32,"1.211037376E12":167,"1.211038805E12":175,"1.211091736E12":343,"1.211054901E12":294,"1.211047408E12":243,"1.211049282E12":258,"1.211032282E12":103,"1.211045523E12":227,"1.211036153E12":149,"1.211051012E12":276,"1.211042399E12":199,"1.211074123E12":331,"1.21101852E12":24,"1.211034011E12":130,"1.211049398E12":259,"1.211032982E12":114,"1.211032637E12":108,"1.211036178E12":152,"1.211031385E12":91,"1.211050971E12":274,"1.211045497E12":226,"1.211073957E12":329,"1.211050812E12":272,"1.211019549E12":41,"1.211074285E12":333,"1.211044954E12":223,"1.211061438E12":307,"1.211033797E12":126,"1.211033993E12":128,"1.211066287E12":316,"1.211018909E12":31,"1.211035847E12":145,"1.211093093E12":345,"1.21140397E12":350,"1.211062524E12":311,"1.211043493E12":205,"1.211040428E12":183,"1.211032677E12":109,"1.211018415E12":18,"1.211068879E12":321,"1.211047578E12":244,"1.211066352E12":317,"1.211032105E12":97,"1.211019697E12":42,"1.211034037E12":131,"1.211030339E12":82,"1.211032075E12":95,"1.211043264E12":202,"1.211045988E12":233,"1.211019292E12":37,"1.211018989E12":34,"1.21103082E12":89,"1.211402949E12":349,"1.211052713E12":290,"1.211033884E12":127,"1.211074117E12":330,"1.211059412E12":300,"1.21102576E12":61,"1.211055004E12":295,"1.211044066E12":216,"1.21103372E12":124,"1.211042179E12":197,"1.211025171E12":55,"1.211032368E12":104,"1.211043525E12":206,"1.211032195E12":102,"1.211050337E12":268,"1.211034892E12":141,"1.211018405E12":13,"1.211044841E12":218,"1.211034056E12":132,"1.211043629E12":208,"1.211050997E12":275,"1.211040643E12":185,"1.211068902E12":323,"1.211051964E12":281,"1.211036659E12":159,"1.211025012E12":54,"1.211050655E12":270,"1.211060651E12":303,"1.211034895E12":142,"1.211055147E12":296,"1.211018422E12":20,"1.211037194E12":163,"1.211044927E12":220,"1.211051989E12":283,"1.211038541E12":173,"1.211032853E12":113,"1.211036227E12":153,"1.211030226E12":79,"1.211032816E12":112,"1.211050375E12":269,"1.211045058E12":224,"1.21103299E12":115,"1.211048354E12":253,"1.211040664E12":186,"1.211042403E12":200,"1.211025182E12":56,"1.211034233E12":137,"1.211051068E12":277,"1.21102935E12":73,"1.21103721E12":164,"1.211035755E12":144,"1.21104067E12":187,"1.211047281E12":241,"1.211018516E12":23,"1.211038523E12":172,"1.211021037E12":45,"1.211051099E12":278,"1.21103857E12":174,"1.211029561E12":75,"1.211034112E12":134,"1.211046159E12":235,"1.211042194E12":198,"1.211048706E12":256,"1.211035875E12":146,"1.211066071E12":314,"1.211037587E12":169,"1.211030253E12":81,"1.211018407E12":17,"1.211040877E12":189,"1.2110689E12":322,"1.211061874E12":309,"1.211032133E12":100,"1.211055843E12":298,"1.211024112E12":52,"1.211072352E12":325,"1.211045809E12":230},"NUMBER_OF_PEOPLE":400,"minTimeSeen":1.211018404E12,"maxTimeSeen":1.211558405E12,"NEIGHBORHOOD_RADIUS":20.0,"ENCOUNTER_CHANCE":0.05,"priority":1.0,"duration":540001.0,"minutesDuration":9000.016666666666,"hoursDuration":150.00027777777777,"daysDuration":6.250011574074073}
