{"propagationData":{"1.211033379E12":193,"1.211050501E12":299,"1.211038793E12":252,"1.211039923E12":263,"1.211057489E12":319,"1.211019595E12":38,"1.21103481E12":205,"1.211030414E12":140,"1.211071225E12":339,"1.211021024E12":58,"1.211172188E12":382,"1.211035351E12":211,"1.211030955E12":158,"1.21110262E12":363,"1.211030493E12":142,"1.211077497E12":353,"1.211030765E12":157,"1.211018961E12":30,"1.211030706E12":153,"1.211175484E12":384,"1.211043803E12":281,"1.21107715E12":350,"1.211054499E12":313,"1.21106976E12":336,"1.211032407E12":183,"1.211039609E12":261,"1.211023119E12":88,"1.211021458E12":64,"1.211018417E12":18,"1.211020292E12":44,"1.211058581E12":325,"1.21103238E12":180,"1.211022894E12":85,"1.211039467E12":260,"1.211022903E12":87,"1.211034408E12":200,"1.211088735E12":361,"1.21103595E12":222,"1.211030742E12":156,"1.211034604E12":204,"1.211038624E12":249,"1.211018409E12":11,"1.211032988E12":187,"1.211051033E12":304,"1.211022531E12":81,"1.211036531E12":227,"1.211036504E12":226,"1.211018641E12":28,"1.21105769E12":321,"1.211021836E12":71,"1.211038531E12":247,"1.211018982E12":31,"1.211045913E12":290,"1.211018423E12":22,"1.211031175E12":162,"1.211032945E12":186,"1.211037993E12":238,"1.211030675E12":152,"1.211069609E12":335,"1.211047902E12":296,"1.21102047E12":49,"1.21103246E12":184,"1.211047644E12":293,"1.211021116E12":59,"1.211035205E12":208,"1.211030586E12":145,"1.211021856E12":72,"1.211039405E12":257,"1.211018646E12":29,"1.211034837E12":207,"1.211020144E12":40,"1.211047946E12":297,"1.211021703E12":68,"1.211030385E12":139,"1.211026387E12":110,"1.211040706E12":271,"1.211034515E12":203,"1.211025317E12":101,"1.211032394E12":182,"1.211021004E12":57,"1.211020652E12":52,"1.211029161E12":120,"1.211020322E12":46,"1.211022901E12":86,"1.211044749E12":285,"1.211110091E12":368,"1.211030169E12":133,"1.211242611E12":388,"1.211035615E12":216,"1.211018515E12":25,"1.211021954E12":74,"1.211031516E12":167,"1.21102076E12":54,"1.211044877E12":286,"1.211020411E12":47,"1.211037202E12":235,"1.211018406E12":8,"1.211033226E12":192,"1.211034249E12":199,"1.211070018E12":337,"1.211022311E12":76,"1.211036677E12":229,"1.211052563E12":311,"1.211050674E12":303,"1.211042774E12":274,"1.211031113E12":161,"1.211039354E12":256,"1.211028238E12":115,"1.211031081E12":160,"1.211073827E12":345,"1.211021801E12":70,"1.211102623E12":364,"1.211068266E12":332,"1.211038353E12":243,"1.211037157E12":234,"1.211018503E12":24,"1.211030724E12":155,"1.211042027E12":272,"1.211025463E12":106,"1.211031312E12":164,"1.211070256E12":338,"1.211044055E12":283,"1.211022362E12":77,"1.211075189E12":346,"1.211023469E12":89,"1.211044421E12":284,"1.211039277E12":255,"1.21114695E12":380,"1.211133887E12":373,"1.21103854E12":248,"1.211022445E12":79,"1.211038038E12":239,"1.211038436E12":245,"1.211035516E12":214,"1.211030591E12":147,"1.211025772E12":107,"1.211029256E12":121,"1.211146276E12":379,"1.211054941E12":314,"1.211036754E12":231,"1.211035335E12":210,"1.211057474E12":318,"1.211033124E12":191,"1.211033021E12":188,"1.211047359E12":291,"1.211040102E12":264,"1.211125863E12":370,"1.211040506E12":267,"1.211044932E12":287,"1.211230692E12":387,"1.211037617E12":237,"1.211018636E12":27,"1.211031775E12":175,"1.211042832E12":275,"1.21103015E12":132,"1.211035874E12":219,"1.211050507E12":300,"1.211025424E12":105,"1.211018404E12":6,"1.21103262E12":185,"1.211029931E12":127,"1.211057087E12":316,"1.211033482E12":196,"1.211019195E12":32,"1.211068556E12":333,"1.211035253E12":209,"1.211019458E12":36,"1.211029941E12":128,"1.211031949E12":178,"1.21104209E12":273,"1.211025351E12":103,"1.211021709E12":69,"1.211058553E12":324,"1.211102927E12":365,"1.211080661E12":358,"1.21102405E12":92,"1.21105802E12":322,"1.21103135E12":166,"1.211038291E12":242,"1.211020449E12":48,"1.211031899E12":176,"1.21103967E12":262,"1.211085081E12":360,"1.211026136E12":108,"1.211051093E12":306,"1.211144159E12":378,"1.211035787E12":218,"1.211059183E12":328,"1.211043767E12":279,"1.211029747E12":124,"1.211034423E12":202,"1.211134567E12":374,"1.211035424E12":213,"1.211029819E12":125,"1.211034829E12":206,"1.211067392E12":330,"1.211038229E12":241,"1.211025218E12":100,"1.211031601E12":171,"1.211027415E12":111,"1.211020823E12":55,"1.211038227E12":240,"1.211036129E12":224,"1.211128512E12":371,"1.211022812E12":82,"1.211031722E12":174,"1.211108071E12":367,"1.211038999E12":254,"1.211018411E12":15,"1.211025331E12":102,"1.211028779E12":117,"1.211029842E12":126,"1.21106893E12":334,"1.21105288E12":312,"1.211036252E12":225,"1.21103129E12":163,"1.211051514E12":309,"1.211077325E12":352,"1.21103134E12":165,"1.211020906E12":56,"1.21105055E12":301,"1.211076337E12":348,"1.211032387E12":181,"1.211143113E12":377,"1.21102883E12":118,"1.211051036E12":305,"1.211037473E12":236,"1.211028522E12":116,"1.211141468E12":376,"1.211040542E12":268,"1.211021386E12":63,"1.211033121E12":190,"1.211077535E12":354,"1.211036877E12":232,"1.211047849E12":294,"1.21105139E12":308,"1.211045488E12":288,"1.211039433E12":259,"1.211028854E12":119,"1.211022877E12":84,"1.211077105E12":349,"1.211035362E12":212,"1.211030341E12":135,"1.21108477E12":359,"1.211024215E12":94,"1.211029957E12":129,"1.211031537E12":168,"1.21103591E12":221,"1.211030542E12":143,"1.211193526E12":385,"1.211071982E12":340,"1.211030346E12":137,"1.211075995E12":347,"1.211020606E12":50,"1.21102149E12":65,"1.211080537E12":357,"1.211026308E12":109,"1.211031577E12":170,"1.21103555E12":215,"1.211038363E12":244,"1.211020161E12":41,"1.211030094E12":131,"1.211030337E12":134,"1.211030631E12":151,"1.211072658E12":342,"1.211022835E12":83,"1.211033037E12":189,"1.211022481E12":80,"1.211018418E12":19,"1.211103875E12":366,"1.211022378E12":78,"1.211038493E12":246,"1.211031608E12":172,"1.211031907E12":177,"1.211038765E12":251,"1.211024832E12":96,"1.211021956E12":75,"1.211057682E12":320,"1.211043181E12":278,"1.211031546E12":169,"1.211018564E12":26,"1.211021366E12":60,"1.211079859E12":355,"1.211021569E12":66,"1.211040682E12":270,"1.21102941E12":122,"1.211030343E12":136,"1.211024892E12":98,"1.211021383E12":62,"1.211018415E12":16,"1.21104404E12":282,"1.211043791E12":280,"1.211047871E12":295,"1.211036657E12":228,"1.211040614E12":269,"1.211136627E12":375,"1.211057089E12":317,"1.211033454E12":195,"1.211038724E12":250,"1.211133189E12":372,"1.211051305E12":307,"1.211043177E12":277,"1.211036125E12":223,"1.211077256E12":351,"1.211089733E12":362,"1.211059148E12":327,"1.211031692E12":173,"1.21103061E12":150,"1.211072808E12":343,"1.211030958E12":159,"1.211024144E12":93,"1.211073546E12":344,"1.211025117E12":99,"1.211020268E12":43,"1.211164816E12":381,"1.211056909E12":315,"1.211025423E12":104,"1.211040241E12":266,"1.211035674E12":217,"1.21102454E12":95,"1.211029506E12":123,"1.211027915E12":114,"1.211033944E12":197,"1.211260613E12":389,"1.211047632E12":292,"1.211034421E12":201,"1.211020721E12":53,"1.21101928E12":34,"1.211080284E12":356,"1.21101942E12":35,"1.211052382E12":310,"1.211036726E12":230,"1.211018443E12":23,"1.211040204E12":265,"1.21103943E12":258,"1.211050601E12":302,"1.211024861E12":97,"1.211018422E12":21,"1.211038933E12":253,"1.21103046E12":141,"1.211030723E12":154,"1.211030381E12":138,"1.211021374E12":61,"1.21103588E12":220,"1.211045868E12":289,"1.211058769E12":326,"1.211024047E12":91,"1.211037094E12":233,"1.211019686E12":39,"1.21112563E12":369,"1.21101841E12":13,"1.211027907E12":113,"1.211032328E12":179,"1.211033383E12":194,"1.211072625E12":341,"1.211020184E12":42,"1.211173889E12":383,"1.211020619E12":51,"1.211029981E12":130,"1.211066687E12":329,"1.211021612E12":67,"1.211215913E12":386,"1.211058547E12":323,"1.211042841E12":276,"1.211034236E12":198,"1.211019221E12":33,"1.211023518E12":90,"1.211030545E12":144,"1.211048193E12":298,"1.211068247E12":331,"1.211030587E12":146,"1.211027437E12":112,"1.211030593E12":149},"NUMBER_OF_PEOPLE":400,"minTimeSeen":1.211018404E12,"maxTimeSeen":1.211558405E12,"NEIGHBORHOOD_RADIUS":20.0,"ENCOUNTER_CHANCE":0.05,"priority":1.0,"duration":540001.0,"minutesDuration":9000.016666666666,"hoursDuration":150.00027777777777,"daysDuration":6.250011574074073}
