{"propagationData":{"1.211222433E12":385,"1.211040697E12":266,"1.211028601E12":121,"1.211046529E12":283,"1.211019624E12":11,"1.211028858E12":129,"1.211071378E12":348,"1.211030366E12":148,"1.211036603E12":228,"1.21102858E12":120,"1.21109541E12":373,"1.211020392E12":24,"1.211036875E12":236,"1.211026628E12":105,"1.211031973E12":171,"1.211093933E12":371,"1.211197036E12":383,"1.211034522E12":207,"1.211030224E12":143,"1.211024689E12":74,"1.211030905E12":164,"1.211022203E12":37,"1.211036639E12":230,"1.211030827E12":161,"1.211019584E12":7,"1.211070857E12":347,"1.211029615E12":137,"1.211033789E12":193,"1.211037146E12":239,"1.211035342E12":211,"1.211025102E12":81,"1.211043374E12":274,"1.21104733E12":291,"1.211026911E12":107,"1.211030171E12":140,"1.211032366E12":178,"1.211052179E12":322,"1.211043777E12":275,"1.211028812E12":125,"1.211051197E12":314,"1.211044842E12":280,"1.21102369E12":56,"1.211249424E12":386,"1.211070351E12":345,"1.211030248E12":144,"1.21103293E12":182,"1.211037993E12":244,"1.211039551E12":261,"1.211053008E12":329,"1.211052062E12":320,"1.211034692E12":209,"1.211061496E12":336,"1.211052788E12":326,"1.211029463E12":135,"1.21105162E12":317,"1.211043801E12":276,"1.21102861E12":122,"1.211035867E12":217,"1.211034246E12":202,"1.211032986E12":183,"1.21107252E12":350,"1.211025332E12":85,"1.21101955E12":5,"1.211020497E12":26,"1.211033582E12":189,"1.211035888E12":218,"1.21108343E12":356,"1.211030385E12":149,"1.211023576E12":55,"1.211093763E12":370,"1.211051107E12":311,"1.211039088E12":257,"1.211030902E12":163,"1.211052723E12":325,"1.211027031E12":109,"1.211033727E12":192,"1.211036741E12":232,"1.211018926E12":4,"1.211084335E12":359,"1.211023944E12":61,"1.211028548E12":119,"1.211019714E12":12,"1.211044587E12":278,"1.211090638E12":369,"1.211051935E12":318,"1.211037948E12":243,"1.211054899E12":332,"1.211033579E12":188,"1.211020061E12":19,"1.211047908E12":297,"1.211038693E12":250,"1.211020638E12":28,"1.211049372E12":305,"1.211032343E12":177,"1.211026375E12":98,"1.21114177E12":380,"1.211049756E12":307,"1.211030212E12":142,"1.211037451E12":241,"1.211073901E12":351,"1.211041107E12":268,"1.211061715E12":337,"1.21105487E12":330,"1.211022184E12":35,"1.211036797E12":234,"1.211069563E12":344,"1.211030639E12":156,"1.211031155E12":166,"1.211036773E12":233,"1.211020253E12":23,"1.211065874E12":339,"1.211024069E12":63,"1.211029791E12":139,"1.211038143E12":245,"1.211027583E12":116,"1.211026523E12":102,"1.21104851E12":302,"1.211048145E12":299,"1.211030957E12":165,"1.211083641E12":357,"1.211026005E12":91,"1.211019758E12":13,"1.211026928E12":108,"1.211020156E12":22,"1.211031989E12":172,"1.211026573E12":104,"1.211028757E12":123,"1.211019585E12":8,"1.21102664E12":106,"1.211315558E12":387,"1.211022353E12":44,"1.211023803E12":60,"1.211074384E12":353,"1.211022616E12":47,"1.211029313E12":132,"1.211034049E12":197,"1.211021103E12":31,"1.211038628E12":249,"1.211024322E12":68,"1.211023534E12":54,"1.211028834E12":128,"1.211037789E12":242,"1.211018438E12":2,"1.211029165E12":131,"1.211037039E12":237,"1.211052829E12":327,"1.211023694E12":57,"1.211018404E12":1,"1.211022735E12":49,"1.2110252E12":82,"1.211030819E12":160,"1.211047855E12":296,"1.211033652E12":190,"1.211034488E12":205,"1.211026337E12":97,"1.211086277E12":364,"1.211026192E12":94,"1.211023776E12":59,"1.211083835E12":358,"1.211070377E12":346,"1.211026542E12":103,"1.211040749E12":267,"1.211039523E12":259,"1.211028393E12":117,"1.211047524E12":293,"1.211024198E12":65,"1.211030861E12":162,"1.2110222E12":36,"1.211041313E12":269,"1.211020546E12":27,"1.211047595E12":295,"1.211032228E12":175,"1.211024634E12":73,"1.211029741E12":138,"1.211052205E12":323,"1.211027505E12":115,"1.211019596E12":10,"1.211052103E12":321,"1.211027434E12":112,"1.211029378E12":134,"1.211090455E12":368,"1.211020124E12":21,"1.211038901E12":254,"1.211069365E12":343,"1.21105074E12":310,"1.211033329E12":185,"1.21104635E12":282,"1.211036017E12":221,"1.211026327E12":96,"1.21102733E12":110,"1.211030356E12":147,"1.211047301E12":290,"1.211038163E12":247,"1.211027469E12":113,"1.211033942E12":194,"1.211084481E12":360,"1.211035221E12":210,"1.211036571E12":227,"1.211022325E12":43,"1.211051211E12":315,"1.2110318E12":170,"1.21103314E12":184,"1.21102632E12":95,"1.211026401E12":100,"1.211034312E12":203,"1.211055904E12":333,"1.211023947E12":62,"1.21102883E12":127,"1.211024856E12":77,"1.211024255E12":67,"1.211032161E12":174,"1.211025823E12":88,"1.211044445E12":277,"1.21103951E12":258,"1.211025251E12":83,"1.211048527E12":303,"1.21103536E12":212,"1.211031265E12":168,"1.211022754E12":50,"1.211095646E12":375,"1.21103042E12":153,"1.211020699E12":30,"1.211020055E12":18,"1.211034023E12":196,"1.211031324E12":169,"1.211038867E12":251,"1.211024826E12":76,"1.211032916E12":181,"1.211018752E12":3,"1.211027474E12":114,"1.211036873E12":235,"1.211034492E12":206,"1.211086281E12":365,"1.211024533E12":70,"1.211188356E12":382,"1.211030337E12":146,"1.211084699E12":361,"1.211054898E12":331,"1.211051113E12":312,"1.211026391E12":99,"1.211085444E12":362,"1.211024221E12":66,"1.211035503E12":213,"1.211022246E12":40,"1.211033332E12":186,"1.211022546E12":46,"1.211209629E12":384,"1.211047933E12":298,"1.211032102E12":173,"1.211031227E12":167,"1.211067093E12":342,"1.211037131E12":238,"1.211034058E12":198,"1.211034099E12":200,"1.211052367E12":324,"1.211029611E12":136,"1.211046891E12":285,"1.21102526E12":84,"1.211019843E12":15,"1.211030719E12":158,"1.211046911E12":286,"1.211021376E12":32,"1.21103607E12":222,"1.211022217E12":38,"1.2110475E12":292,"1.211024892E12":80,"1.211024082E12":64,"1.21106621E12":340,"1.211056962E12":334,"1.211038954E12":255,"1.211088706E12":367,"1.211042049E12":273,"1.211034071E12":199,"1.211035908E12":219,"1.211047166E12":289,"1.21102536E12":86,"1.21109502E12":372,"1.211024468E12":69,"1.211032291E12":176,"1.211096655E12":376,"1.211086729E12":366,"1.211023489E12":53,"1.211049757E12":308,"1.211038874E12":252,"1.211026143E12":93,"1.211024864E12":79,"1.211048591E12":304,"1.211029317E12":133,"1.211035822E12":216,"1.211038151E12":246,"1.211022266E12":41,"1.211036397E12":225,"1.211020066E12":20,"1.211020455E12":25,"1.211072369E12":349,"1.211085672E12":363,"1.211019834E12":14,"1.211153232E12":381,"1.211024607E12":71,"1.211034443E12":204,"1.211041353E12":270,"1.211036628E12":229,"1.211029054E12":130,"1.211036486E12":226,"1.211026057E12":92,"1.211038165E12":248,"1.211035681E12":214,"1.211033944E12":195,"1.21106215E12":338,"1.211035815E12":215,"1.211024628E12":72,"1.211034239E12":201,"1.211040451E12":264,"1.211022653E12":48,"1.211033713E12":191,"1.2110448E12":279,"1.21104757E12":294,"1.211030389E12":150,"1.211138245E12":379,"1.211051189E12":313,"1.211028396E12":118,"1.211037254E12":240,"1.21103635E12":224,"1.211057236E12":335,"1.211051603E12":316,"1.211049648E12":306,"1.211047112E12":287,"1.211066388E12":341,"1.211040696E12":265,"1.211039571E12":262,"1.211030406E12":152,"1.211032771E12":179,"1.211019995E12":16,"1.211074579E12":355,"1.211052961E12":328,"1.211032898E12":180,"1.211030723E12":159,"1.211030628E12":154,"1.211040422E12":263,"1.211051969E12":319,"1.211038884E12":253,"1.211035918E12":220,"1.211023714E12":58,"1.211022183E12":34,"1.211030401E12":151,"1.211021991E12":33,"1.211030276E12":145,"1.211030645E12":157,"1.211074489E12":354,"1.211030635E12":155,"1.2110742E12":352,"1.211023389E12":52,"1.211097207E12":377,"1.211025832E12":89,"1.211050632E12":309,"1.211025963E12":90,"1.211039548E12":260,"1.211025425E12":87,"1.211095605E12":374,"1.211048302E12":301,"1.211022845E12":51,"1.211019589E12":9,"1.211041948E12":272,"1.211047148E12":288,"1.211034653E12":208,"1.211022391E12":45,"1.211033348E12":187,"1.211041529E12":271,"1.211039011E12":256,"1.211048168E12":300,"1.211046124E12":281,"1.211019559E12":6,"1.211030188E12":141,"1.211020054E12":17,"1.211024725E12":75,"1.21102231E12":42,"1.211026445E12":101,"1.211028818E12":126,"1.211102288E12":378,"1.211036301E12":223,"1.211046539E12":284,"1.211027406E12":111,"1.211036733E12":231,"1.211020669E12":29},"NUMBER_OF_PEOPLE":400,"minTimeSeen":1.211018404E12,