{"propagationData":{"1.211063725E12":295,"1.211080236E12":341,"1.211067781E12":311,"1.211036735E12":27,"1.211037494E12":39,"1.211040411E12":76,"1.211042257E12":110,"1.211055957E12":268,"1.211051697E12":225,"1.21105492E12":256,"1.211042851E12":120,"1.21113793E12":376,"1.211055627E12":263,"1.211021892E12":9,"1.211052866E12":239,"1.211049295E12":202,"1.211074785E12":327,"1.211047176E12":180,"1.211042221E12":108,"1.211042301E12":112,"1.211050946E12":219,"1.211041339E12":91,"1.211036516E12":24,"1.2110329E12":10,"1.211056233E12":270,"1.21104006E12":73,"1.211045739E12":163,"1.211044039E12":135,"1.211043503E12":130,"1.211082715E12":346,"1.211048173E12":193,"1.211075857E12":329,"1.211054267E12":246,"1.211038515E12":51,"1.211051953E12":227,"1.211049317E12":203,"1.211048746E12":198,"1.211047296E12":182,"1.211047436E12":184,"1.211019799E12":6,"1.21103716E12":33,"1.211041033E12":87,"1.211045306E12":150,"1.211046302E12":166,"1.21107928E12":337,"1.211038593E12":54,"1.211043374E12":127,"1.211054945E12":257,"1.211045605E12":159,"1.211067906E12":312,"1.211039793E12":66,"1.211138462E12":377,"1.21105769E12":284,"1.211045908E12":165,"1.211079698E12":338,"1.211042906E12":122,"1.211049972E12":209,"1.211055903E12":266,"1.211045723E12":162,"1.211037793E12":42,"1.211051082E12":224,"1.211041886E12":99,"1.211054969E12":258,"1.211049845E12":207,"1.211056855E12":276,"1.211038776E12":57,"1.211040953E12":85,"1.211037384E12":38,"1.211046322E12":167,"1.211037197E12":36,"1.211088046E12":355,"1.211042047E12":103,"1.211074773E12":326,"1.211059615E12":290,"1.211036608E12":26,"1.211057652E12":282,"1.211020638E12":7,"1.211097373E12":364,"1.21113855E12":378,"1.211052663E12":235,"1.211039856E12":68,"1.211042396E12":113,"1.211039593E12":63,"1.211035932E12":17,"1.211036778E12":28,"1.211045387E12":155,"1.211039262E12":60,"1.21104095E12":84,"1.211068695E12":315,"1.211038538E12":52,"1.211049928E12":208,"1.211045142E12":149,"1.211078891E12":336,"1.211018459E12":4,"1.211036931E12":31,"1.211037178E12":34,"1.211038475E12":49,"1.211075048E12":328,"1.211055045E12":259,"1.21111986E12":370,"1.211055082E12":260,"1.211066108E12":300,"1.211060772E12":292,"1.211051985E12":229,"1.211036502E12":23,"1.21113989E12":381,"1.211038319E12":47,"1.211054616E12":253,"1.21108143E12":345,"1.211041025E12":86,"1.211044566E12":142,"1.211041887E12":100,"1.211045328E12":152,"1.211039213E12":58,"1.21103983E12":67,"1.211072545E12":320,"1.211054634E12":254,"1.211050662E12":218,"1.21104424E12":136,"1.211052075E12":230,"1.211020787E12":8,"1.21108912E12":356,"1.211052265E12":232,"1.211040441E12":77,"1.211080481E12":344,"1.211107058E12":369,"1.211037818E12":43,"1.211039997E12":71,"1.211034049E12":13,"1.211104423E12":367,"1.21104184E12":98,"1.211085229E12":351,"1.211042079E12":104,"1.211052334E12":234,"1.211040727E12":80,"1.21105944E12":287,"1.211043104E12":123,"1.211078387E12":334,"1.211037196E12":35,"1.211046378E12":169,"1.211086234E12":353,"1.211050507E12":215,"1.21104564E12":161,"1.21104137E12":93,"1.21105042E12":214,"1.211018404E12":2,"1.21107413E12":323,"1.211036492E12":21,"1.211055954E12":267,"1.211050064E12":211,"1.211044486E12":141,"1.211042675E12":117,"1.211042471E12":114,"1.211050353E12":212,"1.211065893E12":298,"1.211040155E12":74,"1.211080142E12":340,"1.211043983E12":133,"1.211093228E12":360,"1.211041745E12":96,"1.211043384E12":128,"1.211044966E12":146,"1.211045637E12":160,"1.21104176E12":97,"1.211093924E12":362,"1.211038318E12":46,"1.211046337E12":168,"1.211038707E12":56,"1.2110419E12":101,"1.211127539E12":372,"1.211041421E12":95,"1.211040754E12":82,"1.211066755E12":306,"1.211041037E12":88,"1.211066951E12":308,"1.211057286E12":281,"1.211044241E12":137,"1.211059694E12":291,"1.211056012E12":269,"1.211054555E12":252,"1.21104257E12":116,"1.211073219E12":321,"1.211044306E12":138,"1.21106893E12":318,"1.211039388E12":61,"1.211042114E12":105,"1.211040403E12":75,"1.211038092E12":45,"1.211066197E12":302,"1.211047156E12":178,"1.211045373E12":154,"1.211049822E12":206,"1.211043973E12":132,"1.211078318E12":333,"1.211040756E12":83,"1.211043144E12":125,"1.211055668E12":265,"1.21104545E12":156,"1.211078876E12":335,"1.211036867E12":30,"1.211139671E12":380,"1.211084548E12":349,"1.211052099E12":231,"1.211047153E12":177,"1.211074746E12":325,"1.211052789E12":237,"1.211047945E12":191,"1.211052329E12":233,"1.211042202E12":107,"1.211046693E12":172,"1.211436499E12":386,"1.211105541E12":368,"1.211045463E12":158,"1.211078064E12":331,"1.211423794E12":385,"1.211071774E12":319,"1.211053464E12":242,"1.211086429E12":354,"1.211041366E12":92,"1.211045317E12":151,"1.211035655E12":16,"1.211044634E12":143,"1.211041161E12":90,"1.211036574E12":25,"1.211044012E12":134,"1.211066728E12":305,"1.211048319E12":194,"1.211033442E12":11,"1.211039857E12":70,"1.211047667E12":186,"1.211043459E12":129,"1.211085248E12":352,"1.211048544E12":196,"1.21104507E12":148,"1.211052791E12":238,"1.211039261E12":59,"1.21105271E12":236,"1.211018712E12":5,"1.211047911E12":190,"1.211037031E12":32,"1.211080314E12":342,"1.211054188E12":243,"1.211033977E12":12,"1.211074495E12":324,"1.211057234E12":280,"1.211044887E12":144,"1.21103942E12":62,"1.211066058E12":299,"1.211054361E12":248,"1.211051954E12":228,"1.21104224E12":109,"1.211049271E12":201,"1.211083273E12":347,"1.211035467E12":15,"1.211046678E12":171,"1.211068264E12":314,"1.211042697E12":118,"1.211078303E12":332,"1.211054405E12":249,"1.211042258E12":111,"1.211093315E12":361,"1.211037547E12":40,"1.211139382E12":379,"1.211038579E12":53,"1.211084802E12":350,"1.21104438E12":139,"1.211084132E12":348,"1.211054246E12":245,"1.211043129E12":124,"1.211133709E12":373,"1.211079711E12":339,"1.211046749E12":173,"1.211047877E12":189,"1.211018437E12":3,"1.21104251E12":115,"1.211049383E12":204,"1.211057662E12":283,"1.211049994E12":210,"1.211049587E12":205,"1.211094985E12":363,"1.211063757E12":296,"1.211054497E12":251,"1.211051755E12":226,"1.211047671E12":187,"1.211050402E12":213,"1.211038644E12":55,"1.211036185E12":18,"1.211089514E12":357,"1.211047132E12":176,"1.211056931E12":278,"1.211073461E12":322,"1.211049267E12":200,"1.211045329E12":153,"1.211047197E12":181,"1.211050635E12":217,"1.21105486E12":255,"1.211046785E12":174,"1.211077402E12":330,"1.211121433E12":371,"1.211062582E12":294,"1.211466952E12":387,"1.21105922E12":286,"1.211104309E12":366,"1.211068897E12":317,"1.211068164E12":313,"1.211042819E12":119,"1.211044473E12":140,"1.211040693E12":78,"1.211035027E12":14,"1.211047172E12":179,"1.211043971E12":131,"1.211089775E12":358,"1.211056714E12":274,"1.211045843E12":164,"1.21104757E12":185,"1.211047714E12":188,"1.21109785E12":365,"1.211055607E12":262,"1.21105672E12":275,"1.211050997E12":221,"1.211037212E12":37,"1.211092145E12":359,"1.211054445E12":250,"1.211038454E12":48,"1.211040708E12":79,"1.211040027E12":72,"1.211056607E12":273,"1.211053404E12":241,"1.211059088E12":285,"1.21105654E12":272,"1.211036858E12":29,"1.211066879E12":307,"1.211045014E12":147,"1.211037558E12":41,"1.211036498E12":22,"1.211061671E12":293,"1.21103619E12":19,"1.211066159E12":301,"1.211067353E12":310,"1.211045454E12":157,"1.211046477E12":170,"1.211054347E12":247,"1.211056955E12":279,"1.211053378E12":240,"1.211042135E12":106,"1.211134404E12":374,"1.211043239E12":126,"1.211041381E12":94,"1.211047317E12":183,"1.211151731E12":382,"1.211039613E12":64,"1.211051056E12":223,"1.211054198E12":244,"1.211039701E12":65,"1.211260601E12":383,"1.211056371E12":271,"1.211056915E12":277,"1.211040732E12":81,"1.211036388E12":20,"1.211042868E12":121,"1.211041906E12":102,"1.21105946E12":288,"1.21113732E12":375,"1.211080411E12":343,"1.211059587E12":289,"1.211055551E12":261,"1.211048538E12":195,"1.211067296E12":309,"1.211051046E12":222,"1.211048168E12":192,"1.211048579E12":197,"1.21103793E12":44,"1.211050509E12":216,"1.211038496E12":50,"1.21104922E12":199,"1.21104685E12":175,"1.21106639E12":303,"1.211065649E12":297,"1.211050978E12":220,"1.211313868E12":384,"1.211044915E12":145,"1.2110664E12":304},"NUMBER_OF_PEOPLE":400,"minTimeSeen":1.211018404E12,"maxTimeSeen":1.211558405E12,"NEIGHBORHOOD_RADIUS":20.0,