{"propagationData":{"1.211032236E12":115,"1.211038739E12":196,"1.211053495E12":278,"1.211045915E12":257,"1.211038031E12":189,"1.211040975E12":221,"1.211030579E12":96,"1.211037626E12":182,"1.211038891E12":200,"1.211032052E12":109,"1.211298295E12":297,"1.211030159E12":86,"1.211031973E12":108,"1.211032484E12":118,"1.211050977E12":268,"1.211042301E12":230,"1.211035935E12":162,"1.211018507E12":28,"1.211030857E12":100,"1.211039463E12":205,"1.211302354E12":300,"1.211025866E12":64,"1.211020101E12":41,"1.211032784E12":124,"1.211018461E12":24,"1.211037919E12":187,"1.211032747E12":122,"1.211018409E12":12,"1.211104971E12":287,"1.211029783E12":80,"1.211032128E12":113,"1.2110359E12":158,"1.21103725E12":176,"1.211043427E12":240,"1.211041488E12":224,"1.211018683E12":31,"1.211057596E12":282,"1.211039606E12":209,"1.211032055E12":110,"1.211045908E12":255,"1.211018471E12":25,"1.21103398E12":130,"1.21104885E12":266,"1.211030771E12":98,"1.211031329E12":102,"1.211105236E12":290,"1.211029568E12":78,"1.211037471E12":181,"1.211033145E12":129,"1.211034562E12":143,"1.211034698E12":144,"1.21103034E12":92,"1.211039405E12":204,"1.211027573E12":68,"1.211034837E12":146,"1.211030688E12":97,"1.211041489E12":225,"1.211042316E12":231,"1.211106839E12":291,"1.2110415E12":226,"1.211033122E12":128,"1.211096891E12":284,"1.211053442E12":277,"1.211040013E12":213,"1.211018488E12":26,"1.21101844E12":19,"1.2110214E12":50,"1.211034052E12":132,"1.21103417E12":138,"1.211046644E12":259,"1.211051122E12":273,"1.211018991E12":34,"1.211020006E12":39,"1.211291678E12":293,"1.211023726E12":57,"1.211032734E12":121,"1.211019013E12":35,"1.211018435E12":16,"1.211018406E12":8,"1.211020172E12":43,"1.21104877E12":262,"1.211025945E12":65,"1.211039605E12":208,"1.211057429E12":279,"1.211053421E12":276,"1.211032061E12":111,"1.211036523E12":167,"1.21104259E12":235,"1.211020387E12":46,"1.21103497E12":149,"1.211037648E12":183,"1.211045847E12":252,"1.211298159E12":296,"1.211018518E12":29,"1.211032691E12":119,"1.211037305E12":177,"1.211037662E12":185,"1.211057556E12":281,"1.211020369E12":45,"1.211034412E12":141,"1.21102007E12":40,"1.211031411E12":103,"1.211044308E12":247,"1.211034108E12":134,"1.211020163E12":42,"1.21102199E12":52,"1.211040201E12":216,"1.211042328E12":232,"1.211037363E12":180,"1.21103054E12":94,"1.211035814E12":157,"1.211038585E12":194,"1.21105252E12":275,"1.211031696E12":105,"1.211025815E12":62,"1.211035079E12":155,"1.211098064E12":286,"1.211034086E12":133,"1.21103015E12":85,"1.211041569E12":228,"1.211018923E12":33,"1.211052196E12":274,"1.211038677E12":195,"1.21105097E12":267,"1.211018404E12":7,"1.211031955E12":107,"1.211035058E12":153,"1.211029941E12":83,"1.211018497E12":27,"1.211039537E12":206,"1.211037692E12":186,"1.211029342E12":75,"1.211298358E12":298,"1.211040724E12":218,"1.211039667E12":210,"1.211032959E12":127,"1.211036469E12":166,"1.211051112E12":272,"1.211036852E12":174,"1.211045728E12":250,"1.211034709E12":145,"1.211038924E12":201,"1.211029819E12":81,"1.211037326E12":178,"1.211036683E12":171,"1.211038149E12":190,"1.211291418E12":292,"1.211028968E12":73,"1.21104635E12":258,"1.211042699E12":237,"1.211032455E12":116,"1.211042623E12":236,"1.211037949E12":188,"1.21104246E12":233,"1.211018411E12":14,"1.2110409E12":219,"1.211031726E12":106,"1.211046645E12":260,"1.211036651E12":170,"1.211020189E12":44,"1.211029895E12":82,"1.211032186E12":114,"1.211057508E12":280,"1.211024846E12":60,"1.211039572E12":207,"1.211030321E12":91,"1.211021439E12":51,"1.21104343E12":241,"1.211021324E12":49,"1.211045895E12":254,"1.211048825E12":265,"1.211028295E12":71,"1.211022095E12":53,"1.21103883E12":198,"1.211045914E12":256,"1.211029056E12":74,"1.211029533E12":77,"1.211034127E12":136,"1.211030547E12":95,"1.211031585E12":104,"1.211018439E12":18,"1.211034147E12":137,"1.211291974E12":294,"1.211051061E12":269,"1.211045672E12":249,"1.211048805E12":264,"1.211024877E12":61,"1.211023217E12":54,"1.211035936E12":163,"1.211044309E12":248,"1.211051071E12":270,"1.211044244E12":245,"1.211030206E12":89,"1.211035901E12":159,"1.211035065E12":154,"1.211023643E12":55,"1.211028579E12":72,"1.211019608E12":38,"1.211040976E12":222,"1.21101852E12":30,"1.211036382E12":164,"1.211018705E12":32,"1.211030878E12":101,"1.211105063E12":288,"1.21104413E12":244,"1.211030374E12":93,"1.211045893E12":253,"1.211045796E12":251,"1.211039185E12":203,"1.211030194E12":88,"1.211018415E12":15,"1.211032769E12":123,"1.211051101E12":271,"1.211035908E12":160,"1.21102074E12":48,"1.211040419E12":217,"1.211035103E12":156,"1.211030774E12":99,"1.21110521E12":289,"1.211036885E12":175,"1.211040068E12":215,"1.211040056E12":214,"1.21103665E12":169,"1.211035912E12":161,"1.211047354E12":261,"1.211018449E12":22,"1.21102953E12":76,"1.211018442E12":21,"1.211039835E12":211,"1.211036749E12":173,"1.211038775E12":197,"1.21103423E12":139,"1.211098044E12":285,"1.211040988E12":223,"1.211028086E12":70,"1.211032723E12":120,"1.211027925E12":69,"1.211032074E12":112,"1.211035057E12":152,"1.211291995E12":295,"1.211024181E12":58,"1.211034892E12":148,"1.211036465E12":165,"1.211034971E12":151,"1.211302535E12":301,"1.211043183E12":239,"1.211023695E12":56,"1.211032476E12":117,"1.211032955E12":126,"1.211024233E12":59,"1.211032809E12":125,"1.211302285E12":299,"1.211044296E12":246,"1.211025863E12":63,"1.211043088E12":238,"1.211042515E12":234,"1.211038437E12":192,"1.211034842E12":147,"1.211034264E12":140,"1.211048795E12":263,"1.211043531E12":243,"1.211030164E12":87,"1.211038438E12":193,"1.211034434E12":142,"1.21102611E12":67,"1.211030297E12":90,"1.21102968E12":79,"1.211019024E12":36,"1.211043527E12":242,"1.211020542E12":47,"1.211039975E12":212,"1.211036555E12":168,"1.211025946E12":66,"1.211038405E12":191,"1.211030149E12":84,"1.211034044E12":131,"1.211039027E12":202,"1.211041628E12":229,"1.211018407E12":10,"1.211057623E12":283,"1.211019043E12":37,"1.21103669E12":172,"1.211041532E12":227,"1.211040974E12":220,"1.211037337E12":179,"1.211037656E12":184},"NUMBER_OF_PEOPLE":400,"minTimeSeen":1.211018404E12,"maxTimeSeen":1.211558405E12,"NEIGHBORHOOD_RADIUS":20.0,"ENCOUNTER_CHANCE":0.05,"priority":1.0,"duration":540001.0,"minutesDuration":9000.016666666666,"hoursDuration":150.00027777777777,"daysDuration":6.250011574074073}
