{"propagationData":{"1.211073191E12":184,"1.211070032E12":121,"1.211070573E12":133,"1.211116961E12":349,"1.211088863E12":306,"1.211119709E12":351,"1.211077698E12":231,"1.21109794E12":336,"1.211061187E12":10,"1.211075814E12":209,"1.21106673E12":68,"1.211072742E12":172,"1.211070947E12":138,"1.211061876E12":19,"1.21106989E12":117,"1.211066663E12":67,"1.211076859E12":224,"1.211089697E12":316,"1.211070799E12":136,"1.2111385E12":364,"1.211067501E12":82,"1.211075984E12":212,"1.211092939E12":326,"1.211072161E12":156,"1.211066267E12":62,"1.211085687E12":293,"1.211084467E12":286,"1.211085049E12":292,"1.211076403E12":219,"1.211075483E12":205,"1.211084721E12":288,"1.211076278E12":216,"1.211089593E12":314,"1.211070064E12":122,"1.211177991E12":378,"1.211081219E12":267,"1.211077947E12":236,"1.211061818E12":17,"1.211071667E12":148,"1.211084874E12":289,"1.211082116E12":273,"1.211088717E12":305,"1.211121438E12":355,"1.211072358E12":161,"1.211064917E12":45,"1.211067605E12":83,"1.211064404E12":41,"1.211070188E12":125,"1.211084225E12":285,"1.211061844E12":18,"1.211089938E12":317,"1.211124781E12":358,"1.211090581E12":320,"1.211027019E12":4,"1.211076068E12":213,"1.211161586E12":372,"1.211072446E12":162,"1.211076488E12":221,"1.211503166E12":389,"1.21106973E12":115,"1.211067366E12":80,"1.211086772E12":299,"1.211063843E12":35,"1.211085714E12":294,"1.211081615E12":270,"1.211071552E12":146,"1.211222389E12":384,"1.211067044E12":73,"1.211068759E12":104,"1.211068335E12":94,"1.21109311E12":327,"1.211072545E12":164,"1.211162554E12":374,"1.211079852E12":251,"1.211069409E12":110,"1.211078489E12":240,"1.211290751E12":386,"1.211074567E12":201,"1.211066873E12":70,"1.211145377E12":367,"1.211075488E12":206,"1.211085841E12":295,"1.211087733E12":302,"1.211072821E12":175,"1.211074107E12":197,"1.211089947E12":318,"1.211083744E12":282,"1.211067008E12":72,"1.211020791E12":2,"1.211079351E12":246,"1.211211178E12":383,"1.211018404E12":1,"1.211080066E12":253,"1.211072323E12":159,"1.211189981E12":380,"1.211074691E12":202,"1.211072899E12":177,"1.211064392E12":40,"1.211074237E12":199,"1.211174732E12":376,"1.211088931E12":307,"1.211088114E12":304,"1.211072199E12":158,"1.211130774E12":361,"1.211080383E12":261,"1.211065411E12":53,"1.211079772E12":249,"1.211077638E12":228,"1.211067209E12":76,"1.211073807E12":191,"1.21106918E12":107,"1.211070083E12":123,"1.211062852E12":24,"1.211078596E12":242,"1.211080739E12":263,"1.211101591E12":341,"1.21107386E12":193,"1.211071527E12":144,"1.211074096E12":196,"1.211077782E12":233,"1.21108663E12":297,"1.211070015E12":119,"1.211082002E12":272,"1.211085048E12":291,"1.211075123E12":203,"1.211073036E12":179,"1.211068407E12":95,"1.211065179E12":49,"1.211063307E12":29,"1.21109792E12":335,"1.211070955E12":139,"1.211067164E12":75,"1.211071028E12":141,"1.211081949E12":271,"1.211093326E12":330,"1.211067375E12":81,"1.211080373E12":260,"1.211079251E12":245,"1.211068015E12":90,"1.211065174E12":48,"1.211128903E12":360,"1.211073712E12":189,"1.211072743E12":173,"1.211075428E12":204,"1.211092781E12":325,"1.211094663E12":332,"1.211075914E12":211,"1.211072661E12":168,"1.211070819E12":137,"1.211062233E12":21,"1.211085969E12":296,"1.211068444E12":96,"1.211074282E12":200,"1.211091641E12":323,"1.211077482E12":226,"1.211082511E12":276,"1.211069189E12":108,"1.211093149E12":328,"1.211066389E12":66,"1.211070449E12":131,"1.211086643E12":298,"1.211065622E12":55,"1.211075808E12":208,"1.211073125E12":181,"1.211082296E12":274,"1.211067765E12":87,"1.211072339E12":160,"1.211069527E12":113,"1.2110677E12":84,"1.211094587E12":331,"1.211076529E12":222,"1.211062462E12":22,"1.211073777E12":190,"1.211061766E12":16,"1.211073046E12":180,"1.211338837E12":387,"1.211071456E12":143,"1.211091303E12":322,"1.211065223E12":50,"1.211097976E12":337,"1.211074082E12":195,"1.211089685E12":315,"1.211124254E12":357,"1.211067246E12":77,"1.211065847E12":57,"1.211081186E12":266,"1.211080125E12":256,"1.211072761E12":174,"1.211082611E12":278,"1.21107704E12":225,"1.211071536E12":145,"1.211067084E12":74,"1.211099994E12":340,"1.211061308E12":12,"1.211072588E12":165,"1.211082398E12":275,"1.211078584E12":241,"1.211065253E12":51,"1.211030551E12":7,"1.211089308E12":313,"1.211077912E12":235,"1.211071915E12":154,"1.211153132E12":368,"1.211181568E12":379,"1.211068166E12":92,"1.211080781E12":264,"1.211061294E12":11,"1.211064858E12":43,"1.211173372E12":375,"1.211074052E12":194,"1.211086839E12":300,"1.211065129E12":47,"1.211063609E12":32,"1.211079699E12":247,"1.211083948E12":283,"1.211076324E12":217,"1.211071631E12":147,"1.211062105E12":20,"1.211065532E12":54,"1.211077718E12":232,"1.211070339E12":127,"1.211073241E12":185,"1.211076209E12":214,"1.211072615E12":167,"1.211063026E12":27,"1.211061582E12":14,"1.211072943E12":178,"1.211074157E12":198,"1.211070508E12":132,"1.211096336E12":333,"1.211073611E12":188,"1.211068577E12":101,"1.211061163E12":9,"1.211076356E12":218,"1.211064869E12":44,"1.211062528E12":23,"1.21145239E12":388,"1.211139816E12":365,"1.211072166E12":157,"1.211161785E12":373,"1.211087968E12":303,"1.211068453E12":99,"1.211070029E12":120,"1.211064343E12":38,"1.211066823E12":69,"1.211089047E12":309,"1.211088936E12":308,"1.211071209E12":142,"1.211027031E12":5,"1.211063669E12":33,"1.211080098E12":255,"1.211066154E12":61,"1.211071798E12":152,"1.211069858E12":116,"1.211066959E12":71,"1.211065987E12":59,"1.211077647E12":229,"1.211065361E12":52,"1.211068319E12":93,"1.211080803E12":265,"1.211072822E12":176,"1.211093325E12":329,"1.211077654E12":230,"1.21107317E12":182,"1.211064693E12":42,"1.211086985E12":301,"1.21106886E12":106,"1.21106299E12":25,"1.211080093E12":254,"1.211090841E12":321,"1.211070444E12":130,"1.211069472E12":112,"1.211070631E12":134,"1.21106729E12":78,"1.21120859E12":382,"1.211030225E12":6,"1.211089153E12":311,"1.211072664E12":169,"1.211076226E12":215,"1.211118827E12":350,"1.211098583E12":339,"1.211067702E12":85,"1.211075903E12":210,"1.211070442E12":129,"1.211072599E12":166,"1.21107796E12":237,"1.211067364E12":79,"1.211072503E12":163,"1.211090467E12":319,"1.211083989E12":284,"1.211061712E12":15,"1.21108504E12":290,"1.211063298E12":28,"1.211106813E12":346,"1.211080283E12":259,"1.211076435E12":220,"1.211065996E12":60,"1.211084667E12":287,"1.21112742E12":359,"1.211068449E12":98,"1.211063327E12":30,"1.211063008E12":26,"1.211135205E12":362,"1.211064095E12":36,"1.211073243E12":186,"1.211066384E12":65,"1.211065718E12":56,"1.211076665E12":223,"1.211205407E12":381,"1.211079794E12":250,"1.211079762E12":248,"1.211071014E12":140,"1.211068658E12":102,"1.211070302E12":126,"1.211160433E12":371,"1.211073821E12":192,"1.21109273E12":324,"1.211070367E12":128,"1.211136469E12":363,"1.211082703E12":280,"1.211070158E12":124,"1.211030601E12":8,"1.211061311E12":13,"1.211120108E12":353,"1.211108201E12":347,"1.211120043E12":352,"1.211078788E12":243,"1.211069901E12":118,"1.211077879E12":234,"1.211077613E12":227,"1.211081353E12":268,"1.21107176E12":151,"1.211068512E12":100,"1.211071743E12":150,"1.211285271E12":385,"1.211082673E12":279,"1.211078109E12":239,"1.211120491E12":354,"1.211063705E12":34,"1.211063364E12":31,"1.211026355E12":3,"1.21106967E12":114,"1.211158893E12":369,"1.211072715E12":171,"1.21117549E12":377,"1.211064246E12":37,"1.211071713E12":149,"1.211082532E12":277,"1.211065884E12":58,"1.211122596E12":356,"1.211073171E12":183,"1.211067839E12":89,"1.211075556E12":207,"1.211081357E12":269,"1.211089287E12":312,"1.21110202E12":343,"1.211070704E12":135,"1.211101871E12":342,"1.211080216E12":258,"1.211106008E12":345,"1.211067709E12":86,"1.211089111E12":310,"1.211097765E12":334,"1.211080671E12":262,"1.211102878E12":344,"1.21107186E12":153,"1.211066308E12":63,"1.211068696E12":103,"1.211083339E12":281,"1.211066339E12":64,"1.211072145E12":155,"1.211115947E12":348,"1.211073438E12":187,"1.211140916E12":366,"1.211067799E12":88,"1.211098102E12":338,"1.211068132E12":91,"1.21107988E12":252,"1.2110792E12":244,"1.211072685E12":170,"1.211077997E12":238,"1.211160401E12":370,"1.211064382E12":39,"1.211069468E12":111,"1.211068782E12":105,"1.211069286E12":109,