{"propagationData":{"1.211045121E12":253,"1.211044736E12":248,"1.211039186E12":188,"1.211047823E12":266,"1.211041908E12":216,"1.211074114E12":342,"1.211101322E12":365,"1.211098067E12":361,"1.211071989E12":337,"1.211047312E12":264,"1.211030174E12":59,"1.211042673E12":224,"1.211034583E12":112,"1.21104135E12":209,"1.211021115E12":30,"1.211036632E12":143,"1.211042217E12":219,"1.211033025E12":83,"1.211061395E12":317,"1.211043077E12":227,"1.211044028E12":241,"1.211034083E12":102,"1.211023007E12":39,"1.211037228E12":157,"1.211063828E12":327,"1.211019826E12":22,"1.211100691E12":363,"1.211037341E12":159,"1.211260599E12":388,"1.211039664E12":193,"1.211042631E12":223,"1.211018542E12":13,"1.21102548E12":48,"1.211036556E12":142,"1.211033963E12":98,"1.211062992E12":322,"1.211036874E12":150,"1.211018409E12":4,"1.21106146E12":318,"1.21103651E12":141,"1.211045605E12":260,"1.211039357E12":190,"1.211102009E12":367,"1.211043989E12":237,"1.211222631E12":387,"1.211045908E12":262,"1.211040409E12":197,"1.211087854E12":356,"1.211041565E12":213,"1.211082646E12":353,"1.211055863E12":294,"1.211034021E12":99,"1.211040275E12":195,"1.211044539E12":245,"1.211033783E12":96,"1.211032357E12":64,"1.211060102E12":311,"1.211096806E12":359,"1.211066323E12":329,"1.21101855E12":17,"1.211044941E12":251,"1.211040349E12":196,"1.211074363E12":344,"1.211042726E12":225,"1.211060909E12":315,"1.211024653E12":44,"1.211071887E12":336,"1.211106233E12":371,"1.211034812E12":116,"1.211060341E12":312,"1.211020071E12":27,"1.21101853E12":12,"1.211041373E12":210,"1.211026465E12":49,"1.211043098E12":230,"1.21102501E12":46,"1.211032933E12":76,"1.211018549E12":16,"1.211033777E12":95,"1.211030144E12":57,"1.211034184E12":105,"1.211071637E12":335,"1.211057637E12":302,"1.211038463E12":175,"1.211036018E12":131,"1.211051437E12":284,"1.21105104E12":282,"1.211030147E12":58,"1.21102689E12":50,"1.211037319E12":158,"1.211041265E12":208,"1.211056597E12":299,"1.211055389E12":292,"1.211032109E12":60,"1.211023437E12":41,"1.211183418E12":385,"1.211183369E12":384,"1.211021648E12":35,"1.211033141E12":85,"1.211082727E12":354,"1.211018515E12":9,"1.211021118E12":31,"1.211175711E12":382,"1.211055623E12":293,"1.211040932E12":205,"1.211099006E12":362,"1.211045318E12":257,"1.211043089E12":229,"1.211018406E12":3,"1.211072311E12":339,"1.21106296E12":320,"1.211018553E12":18,"1.211032779E12":72,"1.211064209E12":328,"1.211035793E12":126,"1.211036455E12":138,"1.21105787E12":304,"1.211040642E12":199,"1.211328416E12":389,"1.211055969E12":295,"1.211104305E12":369,"1.211034079E12":101,"1.211038547E12":180,"1.211038772E12":184,"1.211043745E12":235,"1.211018503E12":8,"1.211024069E12":43,"1.211050789E12":279,"1.211035138E12":122,"1.211033449E12":90,"1.211038253E12":170,"1.211048145E12":271,"1.211019844E12":23,"1.211032302E12":62,"1.211033473E12":91,"1.211039724E12":194,"1.211078034E12":349,"1.211038189E12":168,"1.211038492E12":177,"1.211049323E12":278,"1.211145991E12":379,"1.211041553E12":212,"1.211100913E12":364,"1.211175481E12":381,"1.211039221E12":189,"1.21102007E12":26,"1.211048128E12":270,"1.211019817E12":21,"1.211040671E12":200,"1.211038359E12":173,"1.211035153E12":124,"1.211035955E12":129,"1.211052301E12":288,"1.211033434E12":89,"1.211082061E12":352,"1.211036036E12":132,"1.211069223E12":332,"1.211097748E12":360,"1.211047931E12":269,"1.211141771E12":377,"1.211045316E12":256,"1.211034815E12":117,"1.21104401E12":240,"1.211033774E12":94,"1.211035079E12":120,"1.211034126E12":103,"1.211033056E12":84,"1.211032477E12":65,"1.211025172E12":47,"1.211055223E12":291,"1.211063301E12":323,"1.211018404E12":2,"1.211048951E12":272,"1.211040904E12":204,"1.211034069E12":100,"1.211032561E12":67,"1.211042176E12":217,"1.211018497E12":7,"1.211043434E12":233,"1.211043393E12":232,"1.211034852E12":118,"1.211044747E12":249,"1.211042268E12":222,"1.211047883E12":267,"1.211035948E12":128,"1.211036708E12":147,"1.211032956E12":81,"1.21121993E12":386,"1.211176311E12":383,"1.211032959E12":82,"1.211061563E12":319,"1.211038468E12":176,"1.211077768E12":348,"1.211040702E12":202,"1.211024915E12":45,"1.211058148E12":306,"1.2110386E12":181,"1.211044949E12":252,"1.211044511E12":244,"1.211042215E12":218,"1.211020713E12":29,"1.211049029E12":273,"1.21102926E12":55,"1.211035484E12":125,"1.211038227E12":169,"1.211037362E12":161,"1.211032653E12":70,"1.211042866E12":226,"1.211104301E12":368,"1.211061169E12":316,"1.211105712E12":370,"1.211036356E12":136,"1.21104917E12":275,"1.211038462E12":174,"1.211039615E12":192,"1.211072013E12":338,"1.21103265E12":69,"1.21117369E12":380,"1.211035089E12":121,"1.211055994E12":296,"1.211077244E12":346,"1.211059908E12":309,"1.211018476E12":6,"1.211038505E12":179,"1.211051004E12":280,"1.211049214E12":276,"1.211043846E12":236,"1.211033147E12":86,"1.211063732E12":326,"1.211023068E12":40,"1.211038697E12":182,"1.211018566E12":20,"1.211043085E12":228,"1.211032929E12":73,"1.211038718E12":183,"1.211054565E12":290,"1.211110216E12":372,"1.211021512E12":33,"1.211018525E12":11,"1.211034269E12":109,"1.211032656E12":71,"1.211034943E12":119,"1.211047266E12":263,"1.211022021E12":37,"1.211038329E12":171,"1.21104187E12":215,"1.211037356E12":160,"1.211018543E12":14,"1.211034204E12":106,"1.211040902E12":203,"1.211023656E12":42,"1.211037912E12":166,"1.211038842E12":186,"1.211122554E12":373,"1.211021533E12":34,"1.211071497E12":334,"1.211035859E12":127,"1.21103692E12":151,"1.211069924E12":333,"1.211032131E12":61,"1.211101943E12":366,"1.211034305E12":110,"1.211039559E12":191,"1.211073754E12":340,"1.211045604E12":259,"1.21103425E12":107,"1.211045289E12":255,"1.211044E12":238,"1.211019935E12":24,"1.211043645E12":234,"1.21107735E12":347,"1.211063322E12":324,"1.211060406E12":314,"1.211051025E12":281,"1.211081785E12":351,"1.211021673E12":36,"1.211047747E12":265,"1.211139392E12":376,"1.211134055E12":375,"1.211036819E12":149,"1.211042258E12":221,"1.211034809E12":115,"1.211037931E12":167,"1.211067965E12":331,"1.211058329E12":308,"1.211074223E12":343,"1.21103645E12":137,"1.211063511E12":325,"1.211018437E12":5,"1.21104124E12":207,"1.211045396E12":258,"1.211051975E12":287,"1.211042232E12":220,"1.211036329E12":134,"1.21106796E12":330,"1.211032633E12":68,"1.211036956E12":152,"1.211036701E12":145,"1.211020063E12":25,"1.211131096E12":374,"1.211036462E12":139,"1.211021235E12":32,"1.211049241E12":277,"1.211029048E12":53,"1.211034799E12":114,"1.211142684E12":378,"1.211033154E12":87,"1.211073846E12":341,"1.211022963E12":38,"1.211060397E12":313,"1.211056232E12":297,"1.211040693E12":201,"1.211035142E12":123,"1.211036045E12":133,"1.21104457E12":246,"1.211043183E12":231,"1.211032545E12":66,"1.211058191E12":307,"1.211038809E12":185,"1.211036687E12":144,"1.211074669E12":345,"1.211062964E12":321,"1.211059958E12":310,"1.211045146E12":254,"1.211037212E12":156,"1.211044934E12":250,"1.21103635E12":135,"1.211036707E12":146,"1.211034418E12":111,"1.211032943E12":79,"1.211044154E12":242,"1.21103294E12":77,"1.211056893E12":301,"1.211029156E12":54,"1.211051111E12":283,"1.211033653E12":93,"1.211045899E12":261,"1.211038357E12":172,"1.211040435E12":198,"1.211034779E12":113,"1.211038916E12":187,"1.211037549E12":162,"1.211057694E12":303,"1.211037117E12":155,"1.211057907E12":305,"1.211029833E12":56,"1.211038503E12":178,"1.211044572E12":247,"1.211041679E12":214,"1.21103418E12":104,"1.211088001E12":357,"1.211033816E12":97,"1.211047898E12":268,"1.211044004E12":239,"1.21108102E12":350,"1.211037028E12":153,"1.211082741E12":355,"1.211041418E12":211,"1.211041168E12":206,"1.211020244E12":28,"1.211037572E12":163,"1.2110924E12":358,"1.211056365E12":298,"1.21104449E12":243,"1.211037769E12":164,"1.21103791E12":165,"1.211051506E12":286,"1.211028809E12":52,"1.211036784E12":148,"1.21103648E12":140,"1.211054537E12":289,"1.211028581E12":51,"1.211032953E12":80,"1.211037043E12":154,"1.211056752E12":300,"1.211049126E12":274,"1.211032931E12":74,"1.211018547E12":15,"1.211035992E12":130,"1.211033391E12":88},"NUMBER_OF_PEOPLE":400,"minTimeSeen":1.211018404E12,"maxTimeSeen":1.211558405E12,"NEIGHBORHOOD_RADIUS":20.0,"ENCOUNTER_CHANCE":0.05,