{"propagationData":{"1.211114235E12":136,"1.211102292E12":40,"1.211125495E12":204,"1.211121076E12":184,"1.211104092E12":73,"1.211130395E12":229,"1.211129206E12":221,"1.211105109E12":87,"1.211169425E12":335,"1.21112364E12":193,"1.211155363E12":311,"1.211134326E12":248,"1.211132529E12":238,"1.211116376E12":149,"1.211106921E12":102,"1.211103357E12":63,"1.211122417E12":189,"1.211219557E12":369,"1.211126598E12":206,"1.211103766E12":68,"1.211125204E12":202,"1.21115887E12":319,"1.211216783E12":365,"1.211113016E12":134,"1.21112469E12":198,"1.211099761E12":14,"1.211150975E12":302,"1.211204848E12":354,"1.21110583E12":93,"1.21112547E12":203,"1.211104382E12":78,"1.211146538E12":290,"1.211102537E12":45,"1.211244294E12":377,"1.211152625E12":304,"1.211114522E12":140,"1.211138305E12":263,"1.211102911E12":51,"1.211339363E12":385,"1.211139999E12":269,"1.211138255E12":262,"1.211142742E12":278,"1.211156998E12":316,"1.211115777E12":144,"1.211122134E12":188,"1.211108845E12":110,"1.211137265E12":258,"1.211119283E12":169,"1.211143861E12":281,"1.211105776E12":91,"1.211181008E12":349,"1.211144303E12":282,"1.211166791E12":330,"1.211095973E12":5,"1.211100952E12":21,"1.211103896E12":71,"1.211120513E12":176,"1.211174538E12":342,"1.211110984E12":123,"1.211130439E12":230,"1.211207879E12":357,"1.211205717E12":355,"1.211128723E12":219,"1.211164967E12":327,"1.211216984E12":366,"1.21121791E12":367,"1.211141696E12":275,"1.21118252E12":351,"1.211104243E12":75,"1.211127584E12":213,"1.211102026E12":32,"1.211126886E12":207,"1.211103175E12":60,"1.211130442E12":231,"1.211148625E12":297,"1.211110165E12":119,"1.211129001E12":220,"1.211106804E12":100,"1.211208645E12":359,"1.211145048E12":283,"1.211176027E12":346,"1.211110394E12":121,"1.211018404E12":1,"1.211139188E12":267,"1.211145486E12":285,"1.21112821E12":216,"1.211157459E12":317,"1.211139941E12":268,"1.211103882E12":69,"1.211108728E12":108,"1.211101625E12":23,"1.211116009E12":146,"1.21110326E12":62,"1.211141155E12":272,"1.211121823E12":187,"1.211166967E12":332,"1.211146187E12":287,"1.211124248E12":197,"1.211103036E12":57,"1.211116874E12":154,"1.211104201E12":74,"1.211108946E12":111,"1.211104515E12":80,"1.211108556E12":107,"1.211116706E12":153,"1.211122513E12":191,"1.211146454E12":288,"1.211120827E12":181,"1.211167614E12":334,"1.211121276E12":185,"1.211109938E12":117,"1.211101663E12":25,"1.211126021E12":205,"1.211102332E12":41,"1.211221992E12":371,"1.211101899E12":28,"1.211153188E12":307,"1.211120768E12":178,"1.211119132E12":168,"1.211117608E12":159,"1.211137282E12":259,"1.211118137E12":162,"1.211102598E12":46,"1.211136838E12":257,"1.211102636E12":50,"1.211133201E12":241,"1.211259324E12":379,"1.211141521E12":274,"1.21110661E12":99,"1.211100457E12":18,"1.211126918E12":208,"1.211131814E12":233,"1.211140855E12":270,"1.211166776E12":329,"1.211134618E12":249,"1.211117169E12":158,"1.211103699E12":66,"1.211103003E12":54,"1.211160698E12":325,"1.211173412E12":341,"1.211103025E12":55,"1.211116289E12":148,"1.211134093E12":246,"1.211102248E12":38,"1.211099765E12":15,"1.211179208E12":348,"1.211100799E12":20,"1.211213984E12":362,"1.211139186E12":266,"1.211102963E12":52,"1.211103729E12":67,"1.211105834E12":94,"1.211253025E12":378,"1.211135517E12":251,"1.211106586E12":98,"1.211113318E12":135,"1.211152217E12":303,"1.211214094E12":363,"1.211120813E12":179,"1.211111736E12":127,"1.211118754E12":166,"1.211102502E12":44,"1.211114465E12":139,"1.211120191E12":173,"1.211102382E12":42,"1.211132317E12":237,"1.211125107E12":201,"1.211109492E12":114,"1.211171207E12":339,"1.211142243E12":276,"1.211114736E12":141,"1.211124982E12":200,"1.211206541E12":356,"1.211104027E12":72,"1.211098576E12":9,"1.21109975E12":13,"1.211160805E12":326,"1.211106462E12":97,"1.211175505E12":344,"1.211106018E12":95,"1.211105588E12":88,"1.211149506E12":300,"1.211156367E12":312,"1.211099265E12":11,"1.211218071E12":368,"1.211111343E12":125,"1.211156976E12":315,"1.211389718E12":386,"1.211102257E12":39,"1.211127538E12":212,"1.211260589E12":381,"1.211124703E12":199,"1.211129231E12":222,"1.211141457E12":273,"1.211112776E12":132,"1.211109832E12":116,"1.211100107E12":17,"1.21103187E12":2,"1.211148646E12":298,"1.211097304E12":6,"1.211231251E12":374,"1.211211554E12":361,"1.211107435E12":105,"1.211102602E12":48,"1.211208039E12":358,"1.211166848E12":331,"1.211124123E12":196,"1.211135552E12":252,"1.211103891E12":70,"1.211104536E12":81,"1.211216024E12":364,"1.211139006E12":265,"1.211129683E12":225,"1.211116594E12":151,"1.211133327E12":242,"1.211101891E12":27,"1.211145484E12":284,"1.211112385E12":131,"1.211110751E12":122,"1.211109553E12":115,"1.211145527E12":286,"1.211120857E12":182,"1.211102098E12":35,"1.211117813E12":161,"1.211114407E12":138,"1.211129353E12":224,"1.211142813E12":280,"1.211135283E12":250,"1.211219918E12":370,"1.211227113E12":372,"1.211110274E12":120,"1.211121759E12":186,"1.211137321E12":260,"1.211102242E12":36,"1.211104735E12":82,"1.211134085E12":245,"1.211130242E12":228,"1.211136671E12":256,"1.211127109E12":209,"1.211127977E12":214,"1.211118495E12":164,"1.211170055E12":336,"1.211103029E12":56,"1.211146856E12":293,"1.211098014E12":7,"1.211130108E12":227,"1.211188397E12":353,"1.211136129E12":254,"1.2111203E12":175,"1.211115493E12":142,"1.211101968E12":30,"1.211138376E12":264,"1.21113619E12":255,"1.211134257E12":247,"1.21118315E12":352,"1.211104361E12":77,"1.211101914E12":29,"1.211157719E12":318,"1.211106238E12":96,"1.211127502E12":211,"1.211159676E12":323,"1.211104934E12":84,"1.211174869E12":343,"1.211167449E12":333,"1.211146487E12":289,"1.211107007E12":103,"1.211104332E12":76,"1.211116911E12":155,"1.211124076E12":195,"1.21110492E12":83,"1.21114661E12":292,"1.211116018E12":147,"1.211176311E12":347,"1.211242863E12":376,"1.211100013E12":16,"1.211171011E12":338,"1.211131904E12":235,"1.211152997E12":305,"1.211147441E12":295,"1.211118356E12":163,"1.211111902E12":128,"1.211142489E12":277,"1.211118634E12":165,"1.211103459E12":64,"1.211236404E12":375,"1.211123474E12":192,"1.211105095E12":86,"1.211116625E12":152,"1.211117695E12":160,"1.21114901E12":299,"1.21110168E12":26,"1.211123953E12":194,"1.211146586E12":291,"1.211105597E12":89,"1.21117007E12":337,"1.211154039E12":308,"1.211119078E12":167,"1.211149869E12":301,"1.21110447E12":79,"1.211128005E12":215,"1.211155121E12":309,"1.211132971E12":240,"1.211111917E12":129,"1.211147276E12":294,"1.21115965E12":322,"1.211116947E12":156,"1.211100625E12":19,"1.211230617E12":373,"1.211142806E12":279,"1.21110307E12":59,"1.211289498E12":382,"1.211101646E12":24,"1.211103053E12":58,"1.211132239E12":236,"1.211171382E12":340,"1.211175993E12":345,"1.211320638E12":383,"1.211034605E12":4,"1.211111381E12":126,"1.211105798E12":92,"1.211112793E12":133,"1.211102621E12":49,"1.211109365E12":113,"1.211109269E12":112,"1.211181657E12":350,"1.211099744E12":12,"1.211108142E12":106,"1.211128378E12":217,"1.211332403E12":384,"1.211134049E12":243,"1.211105083E12":85,"1.211127379E12":210,"1.211131527E12":232,"1.211108797E12":109,"1.211119587E12":171,"1.211099029E12":10,"1.211156555E12":313,"1.211138138E12":261,"1.211106876E12":101,"1.211032164E12":3,"1.211156807E12":314,"1.211111203E12":124,"1.211210107E12":360,"1.211120818E12":180,"1.211120926E12":183,"1.2111026E12":47,"1.211098569E12":8,"1.211120558E12":177,"1.211119572E12":170,"1.211132691E12":239,"1.211155142E12":310,"1.21111645E12":150,"1.211114325E12":137,"1.211103259E12":61,"1.211259777E12":380,"1.211120271E12":174,"1.211128442E12":218,"1.211122427E12":190,"1.211105618E12":90,"1.211140906E12":271,"1.211159529E12":321,"1.211112347E12":130,"1.21115991E12":324,"1.211115605E12":143,"1.211102996E12":53,"1.211109979E12":118,"1.211153084E12":306,"1.211115947E12":145,"1.211147521E12":296,"1.211131816E12":234,"1.211129778E12":226,"1.211135776E12":253,"1.211134052E12":244,"1.211166445E12":328,"1.211102243E12":37,"1.211129313E12":223,"1.211159382E12":320,"1.211101982E12":31,"1.211102094E12":34,"1.211100979E12":22,"1.211102447E12":43,"1.21111715E12":157,"1.211102063E12":33,"1.211107082E12":104,"1.211103483E12":65,"1.211120122E12":172},