{"propagationData":{"1.211067162E12":174,"1.211095179E12":338,"1.211072499E12":217,"1.211079676E12":270,"1.211065766E12":158,"1.211084267E12":297,"1.211055449E12":35,"1.211168305E12":375,"1.211149531E12":371,"1.211139751E12":369,"1.211060782E12":94,"1.211089595E12":321,"1.211052694E12":7,"1.211075752E12":241,"1.21107902E12":264,"1.211074933E12":232,"1.211089847E12":322,"1.211200204E12":380,"1.211085058E12":302,"1.211087826E12":316,"1.211057866E12":60,"1.211073332E12":219,"1.211075629E12":239,"1.211186709E12":378,"1.211057791E12":58,"1.211100399E12":349,"1.211079649E12":269,"1.211066117E12":161,"1.211060986E12":97,"1.211062603E12":128,"1.211064164E12":141,"1.211099121E12":347,"1.211054575E12":26,"1.211101705E12":350,"1.211052536E12":6,"1.211069589E12":194,"1.211060268E12":82,"1.211061935E12":120,"1.211083735E12":295,"1.211086951E12":312,"1.211052925E12":10,"1.211086769E12":311,"1.211075984E12":242,"1.21107183E12":213,"1.211067278E12":175,"1.211077484E12":256,"1.211070808E12":200,"1.211064894E12":150,"1.211077344E12":255,"1.211173356E12":377,"1.211055766E12":41,"1.211059662E12":75,"1.211102253E12":352,"1.211061894E12":119,"1.21105433E12":25,"1.211067837E12":180,"1.211211654E12":383,"1.211055676E12":38,"1.211055123E12":31,"1.211055324E12":32,"1.2110687E12":189,"1.211058972E12":68,"1.211081898E12":282,"1.211052524E12":5,"1.211054912E12":29,"1.211078715E12":263,"1.211070783E12":199,"1.211077097E12":252,"1.211145555E12":370,"1.211095185E12":340,"1.211075656E12":240,"1.211059015E12":69,"1.211063765E12":137,"1.211073731E12":223,"1.211060678E12":91,"1.211067055E12":171,"1.211065063E12":152,"1.211083891E12":296,"1.211054265E12":22,"1.211064457E12":142,"1.211081411E12":280,"1.211253308E12":386,"1.211087425E12":314,"1.211153154E12":373,"1.21109809E12":344,"1.211078324E12":261,"1.211052776E12":8,"1.211077162E12":253,"1.211062309E12":125,"1.211054604E12":28,"1.21108556E12":306,"1.21107703E12":251,"1.211128579E12":362,"1.211073392E12":221,"1.211060722E12":93,"1.211057229E12":53,"1.211111542E12":357,"1.211206702E12":381,"1.211106098E12":356,"1.211089988E12":323,"1.211069761E12":196,"1.21105784E12":59,"1.211062975E12":130,"1.211068133E12":184,"1.211075996E12":243,"1.211083322E12":292,"1.211053243E12":14,"1.211061053E12":98,"1.211052975E12":12,"1.211055969E12":42,"1.211082569E12":289,"1.21107535E12":235,"1.211071084E12":202,"1.211080162E12":275,"1.211053974E12":19,"1.21109518E12":339,"1.211085893E12":308,"1.2110611E12":100,"1.211075138E12":233,"1.211060326E12":85,"1.211092167E12":330,"1.211060331E12":86,"1.211063668E12":135,"1.211060289E12":83,"1.211067708E12":179,"1.211090433E12":326,"1.211064469E12":143,"1.211061508E12":110,"1.211089239E12":320,"1.211061755E12":116,"1.21108254E12":287,"1.211102439E12":353,"1.211059925E12":77,"1.21106232E12":126,"1.211066285E12":164,"1.211079409E12":267,"1.211060382E12":87,"1.211061249E12":104,"1.211137769E12":368,"1.211082628E12":290,"1.21107775E12":259,"1.211091314E12":328,"1.211061977E12":121,"1.211076837E12":249,"1.211069121E12":191,"1.211066273E12":163,"1.211075505E12":237,"1.211064656E12":146,"1.211136511E12":367,"1.211061236E12":103,"1.211053315E12":16,"1.21105917E12":70,"1.211098064E12":343,"1.211088745E12":319,"1.211068685E12":188,"1.211084825E12":300,"1.211058793E12":67,"1.211061616E12":112,"1.211104758E12":355,"1.211018404E12":1,"1.211071569E12":207,"1.211071538E12":206,"1.211069835E12":197,"1.211085952E12":309,"1.211067426E12":177,"1.211060141E12":80,"1.211079129E12":265,"1.21111596E12":358,"1.211080835E12":279,"1.211074453E12":227,"1.211065085E12":154,"1.211084536E12":299,"1.211073716E12":222,"1.211064833E12":148,"1.211067115E12":173,"1.211065845E12":159,"1.211079296E12":266,"1.211056626E12":48,"1.21105618E12":45,"1.211076717E12":247,"1.211076031E12":244,"1.211068048E12":183,"1.211069586E12":193,"1.211088468E12":318,"1.211073792E12":224,"1.21106665E12":167,"1.21106676E12":170,"1.21126059E12":387,"1.211059993E12":78,"1.211064831E12":147,"1.21105407E12":20,"1.21107869E12":262,"1.211091335E12":329,"1.211092572E12":332,"1.2111325E12":364,"1.211076109E12":245,"1.211064888E12":149,"1.211067113E12":172,"1.211149785E12":372,"1.211073205E12":218,"1.211079976E12":273,"1.2110752E12":234,"1.211060683E12":92,"1.211056442E12":46,"1.211062143E12":123,"1.21106375E12":136,"1.211082463E12":286,"1.211052225E12":3,"1.211071756E12":212,"1.211077642E12":257,"1.211076415E12":246,"1.211101915E12":351,"1.211066384E12":165,"1.21106129E12":105,"1.21105288E12":9,"1.211053399E12":17,"1.211067349E12":176,"1.21109893E12":346,"1.211054266E12":23,"1.211068531E12":187,"1.211093016E12":335,"1.211053304E12":15,"1.211080261E12":276,"1.211084312E12":298,"1.211065237E12":156,"1.211086306E12":310,"1.211058515E12":65,"1.211057673E12":57,"1.211068017E12":182,"1.21109033E12":325,"1.211082162E12":284,"1.211059274E12":71,"1.211129221E12":363,"1.211062248E12":124,"1.211080429E12":277,"1.211064503E12":144,"1.211082773E12":291,"1.2110639E12":139,"1.211061491E12":108,"1.211054603E12":27,"1.211100253E12":348,"1.211068726E12":190,"1.211087441E12":315,"1.211060665E12":90,"1.211058331E12":64,"1.211079799E12":272,"1.211074589E12":229,"1.211057496E12":55,"1.211053566E12":18,"1.211056117E12":43,"1.211063352E12":134,"1.211064925E12":151,"1.211071731E12":210,"1.211059522E12":74,"1.211062016E12":122,"1.21107454E12":228,"1.211082026E12":283,"1.211065075E12":153,"1.211065152E12":155,"1.211068365E12":186,"1.211061197E12":102,"1.211077022E12":250,"1.211165057E12":374,"1.211057648E12":56,"1.211074099E12":226,"1.211055764E12":40,"1.211061695E12":113,"1.211191416E12":379,"1.211058235E12":63,"1.211055596E12":36,"1.211060804E12":96,"1.211072227E12":215,"1.211085638E12":307,"1.211059895E12":76,"1.211055728E12":39,"1.211062511E12":127,"1.211055406E12":34,"1.211098192E12":345,"1.211061095E12":99,"1.211060801E12":95,"1.211090131E12":324,"1.211069307E12":192,"1.211063833E12":138,"1.211056631E12":49,"1.211134882E12":366,"1.211057277E12":54,"1.211072415E12":216,"1.211071534E12":205,"1.211069741E12":195,"1.211071424E12":203,"1.211209375E12":382,"1.211067965E12":181,"1.211066654E12":168,"1.211077812E12":260,"1.211068195E12":185,"1.21108003E12":274,"1.211054273E12":24,"1.211062965E12":129,"1.211097682E12":342,"1.211061495E12":109,"1.21105613E12":44,"1.211066261E12":162,"1.21109265E12":333,"1.211081681E12":281,"1.211084919E12":301,"1.211056865E12":50,"1.211061377E12":106,"1.211060157E12":81,"1.211055388E12":33,"1.211062984E12":131,"1.211083469E12":293,"1.211061408E12":107,"1.211104501E12":354,"1.211059326E12":72,"1.211066002E12":160,"1.211058205E12":62,"1.211061807E12":117,"1.211082271E12":285,"1.211079715E12":271,"1.211055004E12":30,"1.211235739E12":385,"1.211134587E12":365,"1.211063297E12":133,"1.211096692E12":341,"1.21107722E12":254,"1.211074885E12":231,"1.211061706E12":114,"1.211085083E12":304,"1.211071906E12":214,"1.211061837E12":118,"1.211059451E12":73,"1.211076762E12":248,"1.211094354E12":337,"1.211052197E12":2,"1.211093978E12":336,"1.211055601E12":37,"1.211117383E12":360,"1.211074878E12":230,"1.211060637E12":88,"1.211058578E12":66,"1.211058191E12":61,"1.211067567E12":178,"1.211085095E12":305,"1.211128527E12":361,"1.211063012E12":132,"1.211064582E12":145,"1.211073339E12":220,"1.211066666E12":169,"1.211079619E12":268,"1.211061547E12":111,"1.211074008E12":225,"1.211070863E12":201,"1.21107151E12":204,"1.211060083E12":79,"1.211060292E12":84,"1.211168558E12":376,"1.211057118E12":52,"1.211071726E12":209,"1.211070249E12":198,"1.211064161E12":140,"1.211075354E12":236,"1.211342562E12":388,"1.21108506E12":303,"1.211077683E12":258,"1.211052227E12":4,"1.211092908E12":334,"1.211056512E12":47,"1.211071702E12":208,"1.211065263E12":157,"1.211083647E12":294,"1.211061713E12":115,"1.211060663E12":89,"1.211088443E12":317,"1.211116982E12":359,"1.211054258E12":21,"1.211075509E12":238,"1.211220649E12":384,"1.211087421E12":313,"1.211092286E12":331,"1.211056989E12":51,"1.211052964E12":11,"1.211080595E12":278,"1.21106114E12":101,"1.211053142E12":13,"1.211066395E12":166,"1.211090679E12":327},"NUMBER_OF_PEOPLE":400,