{"propagationData":{"1.211056913E12":301,"1.211030199E12":88,"1.21103036E12":89,"1.211019114E12":42,"1.211042423E12":226,"1.211047402E12":275,"1.211032815E12":130,"1.211080757E12":331,"1.211080593E12":330,"1.211023462E12":68,"1.211018514E12":24,"1.211018519E12":25,"1.211043019E12":231,"1.211084086E12":337,"1.211043815E12":241,"1.211044069E12":242,"1.211030159E12":86,"1.21102129E12":56,"1.21103616E12":161,"1.21104407E12":243,"1.211302243E12":366,"1.21104521E12":255,"1.211037863E12":175,"1.211026121E12":79,"1.21103238E12":120,"1.211047594E12":278,"1.211042712E12":228,"1.211030835E12":95,"1.211034822E12":148,"1.211038515E12":180,"1.211050893E12":288,"1.211022903E12":64,"1.211025763E12":77,"1.211106566E12":348,"1.21103817E12":179,"1.211068836E12":315,"1.211061144E12":306,"1.211018409E12":20,"1.211038897E12":186,"1.211040638E12":207,"1.211036986E12":163,"1.211018946E12":37,"1.211050131E12":286,"1.211018641E12":29,"1.211033201E12":137,"1.21103484E12":149,"1.211068577E12":312,"1.211040709E12":210,"1.211098246E12":347,"1.211035072E12":153,"1.211259748E12":361,"1.21104504E12":252,"1.211049063E12":280,"1.211041342E12":219,"1.211023193E12":65,"1.211035752E12":154,"1.211024064E12":72,"1.211045856E12":263,"1.211051431E12":289,"1.211050072E12":283,"1.211087422E12":342,"1.211074189E12":324,"1.211033194E12":136,"1.211045644E12":259,"1.211031718E12":109,"1.21102264E12":63,"1.211032865E12":131,"1.211018653E12":30,"1.21105355E12":298,"1.211040251E12":200,"1.211081998E12":333,"1.211034207E12":144,"1.211131821E12":351,"1.211043003E12":230,"1.211042097E12":222,"1.211050105E12":285,"1.211040737E12":211,"1.211042708E12":227,"1.211031399E12":107,"1.211030144E12":85,"1.21113252E12":352,"1.211028105E12":80,"1.211037106E12":165,"1.211044851E12":248,"1.211037997E12":176,"1.211050062E12":282,"1.21108026E12":328,"1.211063836E12":309,"1.211041135E12":215,"1.211263347E12":363,"1.211019183E12":43,"1.21104483E12":246,"1.211018778E12":35,"1.211037206E12":169,"1.211057299E12":302,"1.211039373E12":189,"1.211031128E12":104,"1.211020903E12":54,"1.211071866E12":319,"1.211018406E12":10,"1.211031724E12":110,"1.211020528E12":51,"1.211032602E12":126,"1.211018493E12":21,"1.21104645E12":272,"1.211043168E12":236,"1.211047424E12":277,"1.211030867E12":96,"1.21101868E12":32,"1.211043745E12":239,"1.211039505E12":192,"1.211071838E12":318,"1.211073112E12":320,"1.21106862E12":313,"1.211080241E12":327,"1.211051442E12":290,"1.211046394E12":270,"1.211043447E12":237,"1.211039042E12":187,"1.211051837E12":294,"1.211046294E12":266,"1.211051555E12":292,"1.211035862E12":157,"1.211045912E12":264,"1.211042099E12":223,"1.211019926E12":48,"1.211197628E12":357,"1.211038714E12":183,"1.21101858E12":27,"1.211030944E12":101,"1.211040575E12":206,"1.211060382E12":305,"1.211045693E12":260,"1.211030934E12":100,"1.211030039E12":83,"1.211039091E12":188,"1.211080306E12":329,"1.211039639E12":194,"1.2110981E12":346,"1.211037363E12":173,"1.211063917E12":310,"1.211030679E12":91,"1.211042411E12":225,"1.211025871E12":78,"1.211032456E12":124,"1.211043121E12":234,"1.211083937E12":335,"1.211032868E12":132,"1.211021904E12":59,"1.21104203E12":221,"1.211039808E12":195,"1.211018768E12":33,"1.211039518E12":193,"1.211018404E12":8,"1.211038578E12":181,"1.211040025E12":197,"1.211050338E12":287,"1.211125717E12":350,"1.211047372E12":273,"1.211089711E12":345,"1.211031288E12":105,"1.211025598E12":74,"1.211037379E12":174,"1.211033139E12":135,"1.211086135E12":340,"1.211040219E12":199,"1.211050084E12":284,"1.211164807E12":356,"1.211125696E12":349,"1.211213106E12":358,"1.211019693E12":47,"1.211064056E12":311,"1.211028576E12":81,"1.211053497E12":297,"1.21104378E12":240,"1.211023527E12":69,"1.211040384E12":205,"1.211077401E12":326,"1.211032191E12":119,"1.211032944E12":133,"1.211034999E12":152,"1.211087424E12":343,"1.211032417E12":121,"1.21102194E12":60,"1.211021988E12":61,"1.211030932E12":99,"1.211021795E12":58,"1.211019085E12":41,"1.211032533E12":125,"1.211040302E12":202,"1.211044805E12":245,"1.211020269E12":50,"1.211032421E12":122,"1.2110449E12":249,"1.211056845E12":299,"1.211019042E12":40,"1.211037139E12":167,"1.211032966E12":134,"1.211023436E12":67,"1.211018408E12":18,"1.211019394E12":45,"1.211260591E12":362,"1.211031806E12":111,"1.211047396E12":274,"1.211032078E12":117,"1.211040645E12":208,"1.211045373E12":256,"1.211038605E12":182,"1.211073987E12":322,"1.211045039E12":251,"1.211032187E12":118,"1.211043107E12":233,"1.21102361E12":70,"1.211034111E12":141,"1.211044709E12":244,"1.211034164E12":143,"1.21103888E12":185,"1.211018956E12":38,"1.211041148E12":216,"1.211082877E12":334,"1.211056907E12":300,"1.211045104E12":253,"1.21104002E12":196,"1.211023194E12":66,"1.211034814E12":147,"1.211043131E12":235,"1.211039418E12":190,"1.211264382E12":364,"1.211030784E12":93,"1.21116478E12":355,"1.211037356E12":172,"1.211133177E12":354,"1.211037126E12":166,"1.211071277E12":316,"1.21103578E12":155,"1.211022372E12":62,"1.211037003E12":164,"1.211018508E12":23,"1.211041228E12":218,"1.211034545E12":146,"1.211037186E12":168,"1.211031953E12":112,"1.211038027E12":177,"1.211032776E12":129,"1.211071698E12":317,"1.211031416E12":108,"1.211018535E12":26,"1.211030197E12":87,"1.211019228E12":44,"1.211086424E12":341,"1.211046384E12":269,"1.211030053E12":84,"1.211044924E12":250,"1.211031002E12":103,"1.211030795E12":94,"1.211039423E12":191,"1.211042235E12":224,"1.211031958E12":113,"1.211036206E12":162,"1.211025631E12":76,"1.211032018E12":114,"1.211226686E12":360,"1.211030704E12":92,"1.211043534E12":238,"1.211038166E12":178,"1.211047606E12":279,"1.211045703E12":261,"1.211025002E12":73,"1.211045641E12":258,"1.211085459E12":338,"1.211040061E12":198,"1.211045184E12":254,"1.211018776E12":34,"1.21102074E12":53,"1.211036141E12":160,"1.211031298E12":106,"1.211035843E12":156,"1.211032075E12":116,"1.21102108E12":55,"1.211062751E12":308,"1.211046338E12":268,"1.211040738E12":212,"1.211041644E12":220,"1.211032624E12":128,"1.211032433E12":123,"1.211044847E12":247,"1.211024014E12":71,"1.2110464E12":271,"1.211037327E12":171,"1.211045825E12":262,"1.211057883E12":303,"1.211035989E12":158,"1.211073543E12":321,"1.211132711E12":353,"1.211034087E12":140,"1.211029823E12":82,"1.211018584E12":28,"1.211057886E12":304,"1.211049205E12":281,"1.211041224E12":217,"1.211034286E12":145,"1.211033713E12":139,"1.211046245E12":265,"1.211040794E12":214,"1.211042956E12":229,"1.211021503E12":57,"1.211040696E12":209,"1.211053452E12":296,"1.21107423E12":325,"1.211037253E12":170,"1.211018679E12":31,"1.211032615E12":127,"1.21104742E12":276,"1.211018504E12":22,"1.211036093E12":159,"1.211030381E12":90,"1.21108552E12":339,"1.211040791E12":213,"1.211051488E12":291,"1.211083978E12":336,"1.21106876E12":314,"1.211302273E12":367,"1.211302133E12":365,"1.211020167E12":49,"1.211040373E12":204,"1.211034962E12":151,"1.211046324E12":267,"1.211045633E12":257,"1.211052175E12":295,"1.211038879E12":184,"1.211074085E12":323,"1.211033488E12":138,"1.211019396E12":46,"1.211040299E12":201,"1.211030929E12":98,"1.211018957E12":39,"1.211018407E12":16,"1.211080798E12":332,"1.211030976E12":102,"1.211030915E12":97,"1.211217823E12":359,"1.211051693E12":293,"1.2110188E12":36,"1.211034132E12":142,"1.211089629E12":344,"1.211020557E12":52,"1.21106243E12":307,"1.211040305E12":203,"1.211043102E12":232,"1.211034945E12":150},"NUMBER_OF_PEOPLE":400,"minTimeSeen":1.211018404E12,"maxTimeSeen":1.211558405E12,"NEIGHBORHOOD_RADIUS":20.0,"ENCOUNTER_CHANCE":0.05,"priority":1.0,"duration":540001.0,"minutesDuration":9000.016666666666,"hoursDuration":150.00027777777777,"daysDuration":6.250011574074073}
