{"propagationData":{"1.211042208E12":181,"1.211027647E12":23,"1.211050424E12":252,"1.211047515E12":217,"1.211035864E12":122,"1.211037143E12":130,"1.211040411E12":163,"1.211041534E12":172,"1.211050367E12":250,"1.211065818E12":308,"1.211054818E12":261,"1.211051097E12":258,"1.211027411E12":19,"1.211072982E12":322,"1.21102991E12":35,"1.21105035E12":249,"1.211048543E12":229,"1.211037966E12":141,"1.211042864E12":190,"1.21102739E12":18,"1.211040579E12":166,"1.211031509E12":49,"1.211037937E12":137,"1.211040078E12":161,"1.21108837E12":346,"1.211048617E12":230,"1.211018416E12":4,"1.211027697E12":25,"1.211047778E12":221,"1.211034008E12":92,"1.211037208E12":134,"1.211273062E12":354,"1.211063143E12":300,"1.211050108E12":245,"1.211034574E12":103,"1.211031928E12":61,"1.211050093E12":243,"1.211034649E12":105,"1.211042115E12":179,"1.211032158E12":67,"1.211038764E12":157,"1.211066475E12":311,"1.211061235E12":289,"1.21104141E12":171,"1.211047629E12":220,"1.211031813E12":58,"1.211027565E12":22,"1.211041075E12":169,"1.211032534E12":69,"1.211042279E12":184,"1.211028812E12":31,"1.211085932E12":340,"1.211034165E12":94,"1.211033548E12":84,"1.21104236E12":186,"1.211040576E12":165,"1.211031518E12":50,"1.211033673E12":87,"1.211057096E12":275,"1.211041704E12":175,"1.211056963E12":274,"1.211346405E12":356,"1.211071475E12":318,"1.211038406E12":151,"1.211034633E12":104,"1.211034754E12":107,"1.211086457E12":342,"1.211079793E12":328,"1.211040594E12":167,"1.211069294E12":313,"1.211085634E12":338,"1.211077357E12":325,"1.211026597E12":11,"1.211035805E12":120,"1.211040019E12":160,"1.211037598E12":136,"1.211037955E12":140,"1.21106201E12":293,"1.211047572E12":219,"1.211045504E12":207,"1.211048535E12":228,"1.211034559E12":102,"1.211038876E12":158,"1.211061684E12":291,"1.211033301E12":80,"1.211085026E12":335,"1.211030236E12":36,"1.211026774E12":12,"1.211037163E12":132,"1.211047843E12":223,"1.211034877E12":109,"1.211032558E12":70,"1.211027886E12":28,"1.211048621E12":231,"1.211030308E12":37,"1.211049641E12":238,"1.211044144E12":199,"1.211272672E12":353,"1.211026477E12":9,"1.211041701E12":174,"1.211062207E12":296,"1.211229337E12":350,"1.211034255E12":96,"1.211055658E12":266,"1.21103427E12":97,"1.211061227E12":288,"1.21102729E12":16,"1.211085E12":334,"1.211270484E12":351,"1.211030724E12":44,"1.211043535E12":195,"1.211049023E12":237,"1.211064758E12":304,"1.211045927E12":212,"1.211065113E12":306,"1.211064755E12":303,"1.211045505E12":208,"1.211041059E12":168,"1.211070475E12":315,"1.211037991E12":142,"1.211044162E12":200,"1.211037151E12":131,"1.211036762E12":127,"1.211044072E12":198,"1.211038288E12":147,"1.211271804E12":352,"1.211229141E12":349,"1.211042178E12":180,"1.211033587E12":85,"1.211040544E12":164,"1.211056423E12":270,"1.211035821E12":121,"1.211027246E12":15,"1.211042601E12":189,"1.211049925E12":239,"1.211042342E12":185,"1.211031535E12":52,"1.211050507E12":253,"1.21106595E12":310,"1.211018404E12":2,"1.211034517E12":101,"1.211036656E12":125,"1.211050064E12":240,"1.211037945E12":139,"1.211038723E12":155,"1.211045894E12":210,"1.211026252E12":8,"1.21103758E12":135,"1.211033739E12":89,"1.211059684E12":280,"1.211048522E12":227,"1.211035601E12":118,"1.21103805E12":143,"1.211085752E12":339,"1.211050101E12":244,"1.211031906E12":59,"1.211229047E12":348,"1.211028837E12":32,"1.211079914E12":329,"1.21104533E12":204,"1.211045925E12":211,"1.211028941E12":34,"1.21104171E12":176,"1.211018623E12":5,"1.211032031E12":65,"1.211034896E12":110,"1.211042212E12":182,"1.211034993E12":113,"1.211048787E12":233,"1.211035787E12":119,"1.211076096E12":323,"1.211080383E12":331,"1.211050341E12":248,"1.211043822E12":196,"1.211058639E12":276,"1.211026869E12":13,"1.211028069E12":29,"1.211076141E12":324,"1.211033402E12":81,"1.211032645E12":73,"1.2110503E12":246,"1.211032664E12":74,"1.211034095E12":93,"1.211030617E12":41,"1.211034975E12":112,"1.211070412E12":314,"1.211031601E12":54,"1.211031478E12":48,"1.211046365E12":213,"1.211032515E12":68,"1.211041592E12":173,"1.211018411E12":3,"1.211033942E12":90,"1.211038543E12":153,"1.211059401E12":277,"1.211033951E12":91,"1.211070702E12":316,"1.211061584E12":290,"1.211064716E12":302,"1.211063293E12":301,"1.211033188E12":79,"1.211038605E12":154,"1.211049013E12":235,"1.21102777E12":27,"1.21108549E12":337,"1.211030321E12":38,"1.211042278E12":183,"1.211048941E12":234,"1.21103807E12":144,"1.21108793E12":343,"1.211035986E12":123,"1.21105695E12":273,"1.211036236E12":124,"1.211026926E12":14,"1.211056912E12":271,"1.2110273E12":17,"1.211068672E12":312,"1.211026577E12":10,"1.211035362E12":115,"1.211033728E12":88,"1.211045438E12":205,"1.211072903E12":321,"1.21107939E12":327,"1.211033088E12":78,"1.211036876E12":129,"1.211047448E12":216,"1.211031428E12":47,"1.211061197E12":287,"1.211082431E12":332,"1.21105586E12":268,"1.211044299E12":201,"1.211030601E12":40,"1.211033403E12":82,"1.211034325E12":100,"1.211043243E12":193,"1.211032594E12":71,"1.211032989E12":76,"1.211037198E12":133,"1.211042417E12":187,"1.211071233E12":317,"1.211064901E12":305,"1.211031629E12":55,"1.211045675E12":209,"1.211028889E12":33,"1.211044366E12":202,"1.211047933E12":224,"1.211050368E12":251,"1.211040408E12":162,"1.211049021E12":236,"1.211034298E12":99,"1.211062862E12":298,"1.211035482E12":117,"1.211072877E12":320,"1.211038219E12":146,"1.211025791E12":7,"1.211055055E12":264,"1.211042521E12":188,"1.211032152E12":66,"1.211228943E12":347,"1.2110349E12":111,"1.211042955E12":192,"1.211027691E12":24,"1.211037941E12":138,"1.211051054E12":255,"1.211034245E12":95,"1.211050065E12":241,"1.211085459E12":336,"1.211031784E12":57,"1.211088156E12":345,"1.211072826E12":319,"1.211032631E12":72,"1.21106551E12":307,"1.211030825E12":45,"1.211059707E12":281,"1.211041122E12":170,"1.211062156E12":295,"1.211031553E12":53,"1.211038322E12":149,"1.211027767E12":26,"1.211048633E12":232,"1.21104186E12":178,"1.211044753E12":203,"1.211038886E12":159,"1.21105108E12":257,"1.211047528E12":218,"1.21105949E12":278,"1.211086019E12":341,"1.211031635E12":56,"1.211077402E12":326,"1.211031531E12":51,"1.211031992E12":63,"1.211050082E12":242,"1.211054948E12":263,"1.21103542E12":116,"1.211038165E12":145,"1.211050337E12":247,"1.211030707E12":42,"1.211061001E12":285,"1.211031923E12":60,"1.211047966E12":225,"1.211055277E12":265,"1.211053699E12":259,"1.211036684E12":126,"1.211088146E12":344,"1.211023231E12":6,"1.211054875E12":262,"1.211036798E12":128,"1.211059493E12":279,"1.211046499E12":214,"1.211034712E12":106,"1.211034864E12":108,"1.211042865E12":191,"1.211061045E12":286,"1.211030369E12":39,"1.211056918E12":272,"1.211027468E12":21,"1.21104183E12":177,"1.211277857E12":355,"1.21104659E12":215,"1.211038541E12":152,"1.211060189E12":283,"1.211048093E12":226,"1.211033593E12":86,"1.211030716E12":43,"1.211034277E12":98,"1.211065887E12":309,"1.21102743E12":20,"1.211056322E12":269,"1.211051068E12":256,"1.211044004E12":197,"1.21106212E12":294,"1.211062959E12":299,"1.211062208E12":297,"1.211084891E12":333,"1.211035098E12":114,"1.211043527E12":194,"1.21104781E12":222,"1.211032735E12":75,"1.211038405E12":150,"1.21105421E12":260,"1.211051046E12":254,"1.211055691E12":267,"1.211060555E12":284,"1.211032E12":64,"1.211031139E12":46,"1.211028442E12":30,"1.211045468E12":206,"1.211033426E12":83,"1.211033033E12":77,"1.21106018E12":282,"1.211038735E12":156,"1.211031983E12":62},"NUMBER_OF_PEOPLE":400,"minTimeSeen":1.211018404E12,"maxTimeSeen":1.211558405E12,"NEIGHBORHOOD_RADIUS":20.0,"ENCOUNTER_CHANCE":0.05,"priority":1.0,"duration":540001.0,"minutesDuration":9000.016666666666,"hoursDuration":150.00027777777777,"daysDuration":6.250011574074073}
