{"propagationData":{"1.211093499E12":360,"1.211092805E12":357,"1.211055449E12":177,"1.211058543E12":211,"1.21105414E12":157,"1.211071124E12":295,"1.21106037E12":227,"1.211057471E12":199,"1.211065639E12":272,"1.211045656E12":23,"1.211098466E12":368,"1.211060607E12":231,"1.211071341E12":299,"1.211059181E12":216,"1.21104715E12":39,"1.211064555E12":265,"1.211175571E12":384,"1.211048341E12":57,"1.211071676E12":300,"1.211051971E12":128,"1.211048661E12":67,"1.211045889E12":25,"1.211057872E12":207,"1.211050131E12":93,"1.211057859E12":206,"1.211075728E12":314,"1.211056603E12":193,"1.211051675E12":124,"1.211054581E12":166,"1.211054001E12":155,"1.21105198E12":129,"1.211059816E12":222,"1.211079258E12":324,"1.211049231E12":79,"1.211053502E12":148,"1.211043452E12":9,"1.211047442E12":42,"1.211048478E12":61,"1.211061304E12":237,"1.211046534E12":34,"1.211064729E12":268,"1.211075341E12":313,"1.211072471E12":303,"1.211084928E12":343,"1.211071969E12":302,"1.211084534E12":340,"1.211047721E12":45,"1.211064788E12":269,"1.211051383E12":116,"1.211071907E12":301,"1.211060914E12":233,"1.211066656E12":274,"1.211063339E12":253,"1.21112432E12":374,"1.211092819E12":358,"1.211049736E12":89,"1.21108881E12":349,"1.211052749E12":136,"1.21104837E12":58,"1.211062137E12":243,"1.211067351E12":279,"1.211070894E12":291,"1.211050241E12":97,"1.211053287E12":144,"1.211067918E12":281,"1.211095811E12":365,"1.211063594E12":256,"1.211053315E12":145,"1.21104702E12":37,"1.211047093E12":38,"1.211103568E12":369,"1.211071149E12":296,"1.211056305E12":189,"1.211018404E12":1,"1.211055254E12":174,"1.21104977E12":90,"1.21104871E12":70,"1.211051578E12":120,"1.211062648E12":247,"1.211044757E12":19,"1.211076104E12":315,"1.211055842E12":183,"1.21105179E12":126,"1.211127519E12":375,"1.211053014E12":140,"1.211053225E12":143,"1.211059423E12":219,"1.21106676E12":275,"1.211045473E12":22,"1.211260604E12":388,"1.211079172E12":322,"1.211055643E12":181,"1.211061005E12":234,"1.211049482E12":84,"1.211078723E12":320,"1.211047753E12":47,"1.211059032E12":213,"1.211057676E12":202,"1.211081838E12":334,"1.211051667E12":123,"1.211097858E12":367,"1.211091992E12":352,"1.21105458E12":165,"1.211079221E12":323,"1.211063422E12":254,"1.211048527E12":65,"1.211050853E12":110,"1.211052104E12":131,"1.21108613E12":344,"1.21115094E12":381,"1.211046105E12":26,"1.211060195E12":226,"1.2110548E12":168,"1.211059097E12":215,"1.21105163E12":122,"1.211056191E12":186,"1.21107343E12":307,"1.211050605E12":105,"1.211065947E12":273,"1.211082056E12":335,"1.211053031E12":141,"1.211064441E12":264,"1.211046138E12":27,"1.21105154E12":119,"1.211064701E12":267,"1.211178362E12":385,"1.211075008E12":311,"1.211057696E12":203,"1.211072782E12":304,"1.211046339E12":29,"1.211060885E12":232,"1.211055476E12":178,"1.211061565E12":239,"1.211049234E12":80,"1.21105475E12":167,"1.211059388E12":218,"1.211049447E12":82,"1.211068492E12":285,"1.211055117E12":172,"1.21105975E12":221,"1.211070386E12":288,"1.211068259E12":283,"1.211053875E12":152,"1.211061493E12":238,"1.211050529E12":102,"1.211047724E12":46,"1.21115483E12":382,"1.211047853E12":51,"1.211059935E12":223,"1.21108997E12":350,"1.211055913E12":184,"1.211084788E12":342,"1.211047817E12":49,"1.211057802E12":205,"1.21104814E12":54,"1.211049359E12":81,"1.211091835E12":351,"1.211047469E12":44,"1.211060522E12":229,"1.211042993E12":4,"1.211080154E12":329,"1.211084083E12":339,"1.211056794E12":195,"1.211058191E12":209,"1.2110928E12":356,"1.211063071E12":252,"1.211049663E12":86,"1.211052116E12":132,"1.211042911E12":3,"1.211132354E12":377,"1.211049643E12":85,"1.211049701E12":88,"1.211080843E12":332,"1.211054454E12":163,"1.211175512E12":383,"1.211057425E12":198,"1.211056739E12":194,"1.211049087E12":76,"1.211070405E12":289,"1.211055624E12":180,"1.211078247E12":319,"1.211052781E12":137,"1.211043507E12":10,"1.211058223E12":210,"1.211063685E12":258,"1.211057202E12":197,"1.211073494E12":308,"1.211050197E12":95,"1.211121763E12":372,"1.211070825E12":290,"1.211048284E12":56,"1.211118403E12":370,"1.211071326E12":298,"1.211058121E12":208,"1.211050204E12":96,"1.211077249E12":317,"1.211049122E12":77,"1.211053495E12":147,"1.211051997E12":130,"1.211044639E12":17,"1.211055275E12":175,"1.211073079E12":305,"1.211055578E12":179,"1.211052907E12":139,"1.21104311E12":8,"1.211080549E12":331,"1.211055803E12":182,"1.211069785E12":287,"1.211046659E12":35,"1.211050355E12":99,"1.211231025E12":387,"1.211048543E12":66,"1.211095021E12":363,"1.211053536E12":149,"1.211043718E12":12,"1.21108207E12":336,"1.211050766E12":108,"1.211062967E12":251,"1.211051174E12":113,"1.211061935E12":240,"1.21107335E12":306,"1.211062269E12":244,"1.211071021E12":294,"1.211067971E12":282,"1.211074204E12":309,"1.211050551E12":104,"1.21105757E12":200,"1.211082666E12":337,"1.211064692E12":266,"1.211064953E12":270,"1.211084691E12":341,"1.211048504E12":62,"1.21104637E12":31,"1.211054138E12":156,"1.211049036E12":74,"1.211063586E12":255,"1.211056539E12":191,"1.211080889E12":333,"1.211048893E12":71,"1.211054976E12":170,"1.211047843E12":50,"1.211063734E12":259,"1.211079955E12":327,"1.211087278E12":347,"1.211055373E12":176,"1.211050834E12":109,"1.211050001E12":92,"1.211046313E12":28,"1.211047787E12":48,"1.211060475E12":228,"1.211094385E12":361,"1.211077116E12":316,"1.211062304E12":245,"1.211054466E12":164,"1.211043529E12":11,"1.211056247E12":187,"1.211053843E12":150,"1.211062052E12":241,"1.211044566E12":16,"1.211046347E12":30,"1.211053849E12":151,"1.21104851E12":64,"1.211045847E12":24,"1.211051837E12":127,"1.211049449E12":83,"1.211048685E12":68,"1.211052847E12":138,"1.2112257E12":386,"1.21105039E12":100,"1.211092049E12":353,"1.211056319E12":190,"1.211044373E12":14,"1.211067064E12":276,"1.211043036E12":6,"1.211096403E12":366,"1.211044088E12":13,"1.211077983E12":318,"1.211148589E12":380,"1.211049686E12":87,"1.211062903E12":249,"1.21104737E12":40,"1.211056285E12":188,"1.211068299E12":284,"1.211088294E12":348,"1.211047409E12":41,"1.211056553E12":192,"1.211070989E12":293,"1.211051323E12":115,"1.211054251E12":160,"1.211080264E12":330,"1.211056936E12":196,"1.211086789E12":346,"1.211053436E12":146,"1.211044519E12":15,"1.211051024E12":112,"1.211051293E12":114,"1.211045447E12":21,"1.211061169E12":235,"1.211048393E12":59,"1.211094646E12":362,"1.211054411E12":162,"1.211049013E12":73,"1.211092182E12":354,"1.211121056E12":371,"1.211057747E12":204,"1.21105055E12":103,"1.211060154E12":225,"1.211054812E12":169,"1.211128227E12":376,"1.211074746E12":310,"1.211053879E12":153,"1.211052717E12":135,"1.211055164E12":173,"1.211051394E12":117,"1.211086225E12":345,"1.211064391E12":262,"1.211069097E12":286,"1.211048689E12":69,"1.21106055E12":230,"1.211048072E12":53,"1.211067167E12":278,"1.211050706E12":107,"1.211062943E12":250,"1.211079838E12":326,"1.211059247E12":217,"1.211049049E12":75,"1.211139853E12":378,"1.211044754E12":18,"1.211054188E12":158,"1.211051689E12":125,"1.211047933E12":52,"1.211092384E12":355,"1.211083179E12":338,"1.211046904E12":36,"1.211050183E12":94,"1.211054243E12":159,"1.211052487E12":134,"1.211049841E12":91,"1.211050636E12":106,"1.211048203E12":55,"1.211079963E12":328,"1.211070974E12":292,"1.211075321E12":312,"1.211048467E12":60,"1.211046445E12":32,"1.21106256E12":246,"1.211061275E12":236,"1.211067632E12":280,"1.211050335E12":98,"1.211062744E12":248,"1.211050402E12":101,"1.211045176E12":20,"1.211043007E12":5,"1.211059569E12":220,"1.211078747E12":321,"1.211067104E12":277,"1.211053924E12":154,"1.211064246E12":261,"1.211064415E12":263,"1.211052197E12":133,"1.211058968E12":212,"1.21104896E12":72,"1.211053036E12":142,"1.211051594E12":121,"1.211142715E12":379,"1.211055025E12":171,"1.211049188E12":78,"1.211057617E12":201,"1.211122226E12":373,"1.211054334E12":161,"1.211063618E12":257,"1.211071264E12":297,"1.211047449E12":43,"1.211056092E12":185,"1.211092922E12":359,"1.211095054E12":364,"1.211046474E12":33,"1.211043093E12":7,"1.211065035E12":271,"1.211059951E12":224,"1.21106415E12":260,"1.211051006E12":111,"1.211059091E12":214,"1.211051411E12":118,"1.211062061E12":242,"1.211018492E12":2},