{"propagationData":{"1.211059986E12":157,"1.211049945E12":18,"1.211071615E12":257,"1.211079062E12":301,"1.21106255E12":189,"1.211075802E12":281,"1.211055319E12":76,"1.211118986E12":360,"1.211128349E12":366,"1.211057602E12":125,"1.211068737E12":238,"1.211057285E12":117,"1.211085622E12":322,"1.211136515E12":374,"1.21105098E12":33,"1.21105636E12":96,"1.211065118E12":216,"1.211100209E12":349,"1.211093221E12":335,"1.211050093E12":20,"1.211071753E12":258,"1.211094384E12":338,"1.211077842E12":294,"1.211056479E12":99,"1.21109282E12":334,"1.211051477E12":42,"1.211019454E12":4,"1.211099263E12":347,"1.211060085E12":158,"1.211054177E12":67,"1.211075567E12":279,"1.211056545E12":101,"1.211066506E12":225,"1.211057986E12":128,"1.211063212E12":197,"1.211021456E12":6,"1.21105094E12":29,"1.211090497E12":331,"1.211057439E12":121,"1.211051107E12":39,"1.211061827E12":181,"1.211080369E12":308,"1.211049585E12":15,"1.211078783E12":298,"1.211062309E12":186,"1.211063041E12":195,"1.211052284E12":49,"1.211053516E12":57,"1.211062145E12":185,"1.211052792E12":52,"1.211056508E12":100,"1.211060823E12":171,"1.211177176E12":381,"1.21105961E12":149,"1.211060419E12":164,"1.211060803E12":169,"1.211074251E12":273,"1.211082032E12":315,"1.211067504E12":232,"1.211098069E12":344,"1.21105691E12":109,"1.211073408E12":268,"1.211054542E12":69,"1.211056981E12":112,"1.211053138E12":55,"1.211071393E12":254,"1.211060494E12":167,"1.211064882E12":214,"1.211060933E12":173,"1.21106367E12":203,"1.211064177E12":209,"1.21106271E12":191,"1.211051507E12":44,"1.21105821E12":134,"1.211051572E12":45,"1.211058788E12":141,"1.211018404E12":1,"1.211063478E12":201,"1.211063316E12":199,"1.211075164E12":275,"1.21105639E12":97,"1.211053541E12":58,"1.211060868E12":172,"1.211058368E12":136,"1.21105802E12":129,"1.211058569E12":139,"1.211070713E12":247,"1.211052145E12":47,"1.211096107E12":340,"1.211060967E12":174,"1.211118127E12":359,"1.211200992E12":382,"1.21106288E12":193,"1.211058187E12":133,"1.211055643E12":86,"1.211019436E12":2,"1.21107689E12":288,"1.211130355E12":368,"1.211067219E12":227,"1.211059014E12":143,"1.211046473E12":7,"1.211098343E12":346,"1.211131835E12":369,"1.21105753E12":124,"1.211072788E12":265,"1.211092142E12":333,"1.211057168E12":115,"1.211066589E12":226,"1.21105061E12":23,"1.211236474E12":386,"1.21105697E12":111,"1.211121406E12":361,"1.211135397E12":372,"1.211058146E12":131,"1.211056744E12":106,"1.211075566E12":278,"1.211055134E12":74,"1.211070955E12":251,"1.21107968E12":304,"1.211066005E12":220,"1.211059883E12":155,"1.211060328E12":163,"1.211058297E12":135,"1.211058184E12":132,"1.2110548E12":73,"1.211057455E12":123,"1.211063677E12":204,"1.211067653E12":234,"1.211084979E12":318,"1.211117771E12":358,"1.211065656E12":219,"1.211082529E12":316,"1.211051119E12":41,"1.21108715E12":326,"1.211059504E12":147,"1.211064163E12":208,"1.211078973E12":299,"1.211072746E12":263,"1.211051101E12":38,"1.211068569E12":237,"1.211057301E12":119,"1.211060455E12":165,"1.211064222E12":211,"1.211061859E12":182,"1.211125713E12":364,"1.211062058E12":184,"1.211055388E12":79,"1.211103988E12":351,"1.211057348E12":120,"1.211055184E12":75,"1.211215691E12":384,"1.211555776E12":388,"1.211049479E12":11,"1.211054726E12":71,"1.211077376E12":292,"1.211085715E12":323,"1.21106099E12":175,"1.211070775E12":248,"1.211060479E12":166,"1.211060107E12":160,"1.211073148E12":266,"1.211071975E12":259,"1.211059648E12":150,"1.211055642E12":85,"1.211056599E12":103,"1.211067251E12":228,"1.211087881E12":328,"1.211064446E12":213,"1.211094339E12":336,"1.211077778E12":293,"1.211209775E12":383,"1.211085215E12":321,"1.211056396E12":98,"1.211056224E12":93,"1.211072778E12":264,"1.211051046E12":34,"1.211132817E12":370,"1.211060555E12":168,"1.211057446E12":122,"1.21105283E12":53,"1.211067628E12":233,"1.211068247E12":236,"1.211071326E12":253,"1.211058522E12":138,"1.211104728E12":353,"1.211071521E12":256,"1.211050012E12":19,"1.211055627E12":84,"1.211067383E12":229,"1.211226612E12":385,"1.211061261E12":178,"1.211089265E12":329,"1.21105063E12":24,"1.211059223E12":146,"1.211060178E12":162,"1.211054443E12":68,"1.211061071E12":176,"1.211050272E12":21,"1.211087217E12":327,"1.21105989E12":156,"1.211066057E12":223,"1.211063808E12":206,"1.211073623E12":271,"1.211097812E12":343,"1.211059099E12":145,"1.211053921E12":65,"1.211059746E12":153,"1.211175479E12":379,"1.211073915E12":272,"1.211176316E12":380,"1.211097793E12":342,"1.211072019E12":260,"1.211067412E12":230,"1.211064318E12":212,"1.21105729E12":118,"1.211050967E12":31,"1.211050681E12":26,"1.211053567E12":61,"1.211056908E12":108,"1.211081278E12":311,"1.211066176E12":224,"1.21107989E12":306,"1.211062364E12":187,"1.211055609E12":82,"1.211076396E12":286,"1.211055327E12":77,"1.211056177E12":91,"1.211069424E12":241,"1.211094356E12":337,"1.211051057E12":35,"1.211076082E12":282,"1.211076995E12":290,"1.211090448E12":330,"1.211073484E12":269,"1.211310048E12":387,"1.211063817E12":207,"1.211057047E12":113,"1.211069244E12":240,"1.211050674E12":25,"1.211085E12":319,"1.211059778E12":154,"1.211056279E12":94,"1.211062052E12":183,"1.211077092E12":291,"1.211084858E12":317,"1.211055806E12":88,"1.211056321E12":95,"1.211069474E12":243,"1.211051645E12":46,"1.211090906E12":332,"1.211102388E12":350,"1.211124017E12":363,"1.211062636E12":190,"1.21105689E12":107,"1.211049527E12":14,"1.211081698E12":313,"1.211075207E12":276,"1.211053556E12":60,"1.211059511E12":148,"1.211078769E12":297,"1.211075533E12":277,"1.21105042E12":22,"1.21106601E12":221,"1.211106502E12":354,"1.211053854E12":63,"1.211056062E12":90,"1.211057929E12":127,"1.211136471E12":373,"1.211079052E12":300,"1.211144267E12":377,"1.211060821E12":170,"1.211071213E12":252,"1.211073306E12":267,"1.211051112E12":40,"1.21107439E12":274,"1.21105229E12":50,"1.211076161E12":284,"1.211056635E12":104,"1.211056923E12":110,"1.21104948E12":12,"1.211054792E12":72,"1.211064192E12":210,"1.211057922E12":126,"1.211070844E12":249,"1.211063221E12":198,"1.211125792E12":365,"1.211099435E12":348,"1.211059661E12":151,"1.211050842E12":28,"1.211049433E12":9,"1.21105974E12":152,"1.211078218E12":295,"1.211075592E12":280,"1.211051497E12":43,"1.21117155E12":378,"1.211061798E12":180,"1.211065381E12":217,"1.211076106E12":283,"1.211062519E12":188,"1.211059065E12":144,"1.2110764E12":287,"1.211051077E12":36,"1.211058868E12":142,"1.211054651E12":70,"1.211055617E12":83,"1.211129682E12":367,"1.211081852E12":314,"1.211070549E12":246,"1.211072212E12":261,"1.211081262E12":310,"1.211132951E12":371,"1.211052587E12":51,"1.211055418E12":80,"1.211055538E12":81,"1.211060148E12":161,"1.211063135E12":196,"1.211058748E12":140,"1.211087E12":325,"1.211055378E12":78,"1.211070278E12":245,"1.211061692E12":179,"1.211072699E12":262,"1.211137001E12":375,"1.211055807E12":89,"1.21107623E12":285,"1.211065643E12":218,"1.211076951E12":289,"1.21105408E12":66,"1.211062862E12":192,"1.21105109E12":37,"1.211079677E12":303,"1.211049841E12":17,"1.211063762E12":205,"1.211050944E12":30,"1.211104697E12":352,"1.211049469E12":10,"1.211058508E12":137,"1.211079921E12":307,"1.211080416E12":309,"1.211098093E12":345,"1.211052238E12":48,"1.211057157E12":114,"1.21105318E12":56,"1.211066011E12":222,"1.211142689E12":376,"1.211049661E12":16,"1.211056652E12":105,"1.211111908E12":357,"1.211078279E12":296,"1.211049491E12":13,"1.211052921E12":54,"1.211063426E12":200,"1.211058037E12":130,"1.211095843E12":339,"1.211062969E12":194,"1.211070234E12":244,"1.211107659E12":355,"1.211122055E12":362,"1.211070951E12":250,"1.211081604E12":312,"1.211068816E12":239,"1.211073534E12":270,"1.211064997E12":215,"1.211050839E12":27,"1.211060098E12":159,"1.211053554E12":59,"1.21106816E12":235,"1.211056567E12":102,"1.21107957E12":302,"1.211057208E12":116,"1.21101945E12":3,"1.211055792E12":87,"1.211097381E12":341,"1.211049321E12":8,"1.211053832E12":62,"1.211056209E12":92,"1.211085089E12":320,"1.211071416E12":255,"1.211086731E12":324,"1.211069437E12":242,"1.211110136E12":356,"1.211019589E12":5,"1.211053891E12":64,"1.211063505E12":202,"1.211079694E12":305,"1.211050978E12":32},"NUMBER_OF_PEOPLE":400,