{"propagationData":{"1.211035505E12":148,"1.211058239E12":326,"1.211040388E12":212,"1.211039285E12":198,"1.211052183E12":296,"1.211045591E12":252,"1.211037694E12":183,"1.211037749E12":184,"1.211042687E12":237,"1.211038062E12":189,"1.211032029E12":93,"1.211122399E12":386,"1.211085128E12":360,"1.211030409E12":55,"1.211029262E12":41,"1.211042094E12":225,"1.211035941E12":154,"1.211031779E12":89,"1.211030638E12":56,"1.211039386E12":199,"1.211031748E12":85,"1.211035493E12":147,"1.2110321E12":95,"1.211032805E12":113,"1.211031742E12":84,"1.211031583E12":78,"1.211031755E12":87,"1.211038142E12":190,"1.211087953E12":365,"1.21104649E12":261,"1.211037234E12":174,"1.211034754E12":136,"1.211074576E12":347,"1.211043818E12":242,"1.211019147E12":3,"1.211031039E12":64,"1.211034129E12":126,"1.211034704E12":135,"1.211051608E12":293,"1.211056326E12":314,"1.211032628E12":109,"1.211035663E12":150,"1.211030332E12":50,"1.211036136E12":156,"1.211037555E12":181,"1.211089175E12":368,"1.211153786E12":392,"1.211034884E12":137,"1.211039637E12":202,"1.211038032E12":188,"1.211032212E12":101,"1.211040423E12":214,"1.211036894E12":168,"1.211041174E12":219,"1.211025642E12":11,"1.211022737E12":7,"1.211070607E12":338,"1.211028258E12":34,"1.211101524E12":378,"1.211087815E12":363,"1.211025528E12":8,"1.211034181E12":128,"1.211032617E12":108,"1.211038226E12":192,"1.211031455E12":73,"1.21102736E12":28,"1.211032056E12":94,"1.211045922E12":260,"1.211056583E12":316,"1.211036889E12":165,"1.211027645E12":31,"1.21104137E12":220,"1.211018404E12":1,"1.211050338E12":282,"1.211125717E12":387,"1.21105325E12":306,"1.211028819E12":37,"1.21103202E12":92,"1.211025725E12":15,"1.211036667E12":164,"1.211037128E12":171,"1.211041545E12":222,"1.211047728E12":271,"1.211072302E12":341,"1.211051962E12":295,"1.211032564E12":107,"1.211037231E12":173,"1.211040749E12":216,"1.211040047E12":208,"1.211092177E12":369,"1.211033375E12":117,"1.211056203E12":313,"1.211056374E12":315,"1.211028174E12":33,"1.211053463E12":308,"1.211080239E12":351,"1.211034397E12":131,"1.211034606E12":133,"1.211031473E12":75,"1.211040806E12":217,"1.2110304E12":52,"1.211028878E12":39,"1.211073107E12":343,"1.211037328E12":176,"1.211095753E12":372,"1.211059212E12":330,"1.211033744E12":125,"1.211044848E12":246,"1.21104858E12":273,"1.211042114E12":226,"1.211036324E12":159,"1.211070702E12":339,"1.211142673E12":391,"1.211036893E12":166,"1.211110018E12":382,"1.21103314E12":116,"1.21108787E12":364,"1.211059227E12":331,"1.211080844E12":353,"1.211045666E12":255,"1.211031849E12":90,"1.211050085E12":281,"1.211035834E12":152,"1.211042355E12":232,"1.211034693E12":134,"1.211080999E12":354,"1.211097003E12":374,"1.211037622E12":182,"1.211104304E12":380,"1.211034555E12":132,"1.211097563E12":375,"1.211134522E12":389,"1.211030217E12":49,"1.211083834E12":357,"1.211038027E12":187,"1.211084171E12":358,"1.21103338E12":118,"1.211043975E12":244,"1.21103149E12":76,"1.211033091E12":115,"1.211027581E12":30,"1.211046572E12":262,"1.211038618E12":193,"1.211034944E12":138,"1.211031666E12":80,"1.211029363E12":43,"1.211033551E12":120,"1.211030734E12":60,"1.211042433E12":234,"1.211037546E12":180,"1.211036666E12":163,"1.211032322E12":104,"1.211053393E12":307,"1.211030699E12":59,"1.211027829E12":32,"1.211047841E12":272,"1.211032411E12":105,"1.211042175E12":229,"1.21105168E12":294,"1.211043826E12":243,"1.21103495E12":139,"1.211057629E12":323,"1.211049216E12":274,"1.211042244E12":230,"1.211056677E12":317,"1.211121922E12":385,"1.2110328E12":112,"1.211060397E12":332,"1.211045101E12":247,"1.211036508E12":162,"1.211041675E12":224,"1.211031218E12":66,"1.211056794E12":319,"1.211052772E12":303,"1.211047714E12":270,"1.211032977E12":114,"1.211035006E12":141,"1.21102582E12":18,"1.21108515E12":361,"1.211019685E12":5,"1.211033706E12":122,"1.211077769E12":350,"1.21103174E12":82,"1.211027049E12":26,"1.211025887E12":20,"1.211030645E12":57,"1.211106864E12":381,"1.211032735E12":110,"1.211088029E12":366,"1.211030149E12":47,"1.211039681E12":205,"1.211046966E12":264,"1.211042656E12":236,"1.211039718E12":206,"1.211028818E12":36,"1.2110192E12":4,"1.211220759E12":396,"1.211030154E12":48,"1.211032137E12":97,"1.211045915E12":259,"1.211119175E12":384,"1.211055627E12":310,"1.211025583E12":9,"1.211035238E12":143,"1.211026638E12":23,"1.211047261E12":266,"1.21103706E12":169,"1.211055974E12":312,"1.211029312E12":42,"1.211062074E12":335,"1.211026495E12":22,"1.211042401E12":233,"1.21103504E12":142,"1.211031309E12":69,"1.211313733E12":400,"1.211034958E12":140,"1.211031315E12":70,"1.211045714E12":257,"1.211032151E12":98,"1.211053246E12":305,"1.211025822E12":19,"1.21116561E12":394,"1.211032315E12":103,"1.21107142E12":340,"1.211049865E12":277,"1.211021814E12":6,"1.211049798E12":276,"1.211051583E12":291,"1.211031281E12":68,"1.211062198E12":337,"1.211055789E12":311,"1.211073474E12":345,"1.211037468E12":178,"1.211082533E12":355,"1.211083649E12":356,"1.211035833E12":151,"1.211058227E12":325,"1.211026839E12":25,"1.211100181E12":377,"1.211031179E12":65,"1.21109281E12":370,"1.21102976E12":46,"1.21106047E12":334,"1.21105267E12":300,"1.211050896E12":286,"1.211042747E12":238,"1.211045832E12":258,"1.211112832E12":383,"1.211040733E12":215,"1.211046831E12":263,"1.211039676E12":204,"1.211037178E12":172,"1.211025657E12":12,"1.211051007E12":288,"1.211050674E12":285,"1.211037515E12":179,"1.211032203E12":100,"1.211041636E12":223,"1.211050074E12":280,"1.21104971E12":275,"1.211040198E12":211,"1.211041448E12":221,"1.211057392E12":321,"1.211039583E12":201,"1.211045323E12":248,"1.211039283E12":197,"1.211126069E12":388,"1.211052727E12":301,"1.211039098E12":196,"1.211058463E12":328,"1.211088137E12":367,"1.211039722E12":207,"1.211031633E12":79,"1.211030798E12":61,"1.211039428E12":200,"1.211031235E12":67,"1.211025713E12":14,"1.211058793E12":329,"1.211269237E12":399,"1.211073418E12":344,"1.211025898E12":21,"1.211035253E12":144,"1.211040174E12":210,"1.211029455E12":45,"1.211030407E12":54,"1.211076363E12":348,"1.211052402E12":297,"1.211037067E12":170,"1.211042847E12":240,"1.211102261E12":379,"1.211050058E12":278,"1.211042133E12":228,"1.211045443E12":250,"1.211058378E12":327,"1.211032118E12":96,"1.211232186E12":397,"1.211092898E12":371,"1.211036186E12":158,"1.211035648E12":149,"1.211030812E12":62,"1.211076649E12":349,"1.211031766E12":88,"1.211033392E12":119,"1.211045612E12":254,"1.211031915E12":91,"1.211033704E12":121,"1.211031753E12":86,"1.211214218E12":395,"1.211062152E12":336,"1.211040817E12":218,"1.211084829E12":359,"1.211100054E12":376,"1.211036489E12":161,"1.211034312E12":130,"1.211050063E12":279,"1.211035865E12":153,"1.211037757E12":185,"1.211051607E12":292,"1.211025625E12":10,"1.211051084E12":289,"1.211032761E12":111,"1.211018938E12":2,"1.211045595E12":253,"1.211042338E12":231,"1.211027374E12":29,"1.211060402E12":333,"1.211053508E12":309,"1.211052568E12":298,"1.211072526E12":342,"1.211141778E12":390,"1.211045483E12":251,"1.211034133E12":127,"1.211026793E12":24,"1.211032167E12":99,"1.211030661E12":58,"1.211025791E12":17,"1.211028767E12":35,"1.211047688E12":269,"1.211031456E12":74,"1.211050418E12":283,"1.211051204E12":290,"1.211085428E12":362,"1.211031741E12":83,"1.211038023E12":186,"1.211030938E12":63,"1.211042803E12":239,"1.211052758E12":302,"1.211044157E12":245,"1.211043805E12":241,"1.211047012E12":265,"1.211031389E12":71,"1.211042132E12":227,"1.211045344E12":249,"1.211052823E12":304,"1.21102728E12":27,"1.211030364E12":51,"1.211035329E12":146,"1.211047585E12":268,"1.211038165E12":191,"1.211036394E12":160,"1.211074128E12":346,"1.211033713E12":124,"1.211025662E12":13,"1.21104041E12":213,"1.2110389E12":195,"1.211032476E12":106,"1.21104757E12":267,"1.211036162E12":157,"1.211031729E12":81,"1.211037295E12":175,"1.211035945E12":155,"1.211030406E12":53,"1.211080571E12":352,"1.211035318E12":145,"1.211236716E12":398,"1.211057719E12":324,"1.211045689E12":256,"1.211038685E12":194,"1.21109585E12":373,"1.211034251E12":129,"1.211031433E12":72,"1.211032309E12":102,"1.211056705E12":318,"1.211028871E12":38,"1.211057462E12":322,"1.211042574E12":235,