{"propagationData":{"1.211149625E12":375,"1.211092805E12":282,"1.211095135E12":297,"1.211080082E12":195,"1.211345297E12":385,"1.21107902E12":183,"1.211079463E12":188,"1.211108232E12":325,"1.21125973E12":383,"1.211079961E12":193,"1.211065722E12":26,"1.211175487E12":379,"1.21106573E12":27,"1.211095469E12":298,"1.211100348E12":312,"1.211081265E12":212,"1.211112062E12":330,"1.211083661E12":232,"1.211083748E12":233,"1.211078653E12":178,"1.211075855E12":144,"1.21107514E12":131,"1.211068889E12":55,"1.211076108E12":154,"1.211088365E12":260,"1.211069666E12":61,"1.211075541E12":139,"1.211082184E12":220,"1.211067289E12":42,"1.211074509E12":119,"1.211081612E12":216,"1.211069137E12":58,"1.211114864E12":332,"1.211075341E12":135,"1.211070291E12":63,"1.211071969E12":81,"1.211080795E12":207,"1.211138692E12":365,"1.211117444E12":336,"1.211084328E12":238,"1.211078842E12":180,"1.21109679E12":303,"1.211078572E12":177,"1.211132718E12":352,"1.211080253E12":198,"1.211067851E12":46,"1.211127567E12":350,"1.21107886E12":181,"1.211091788E12":279,"1.211087406E12":255,"1.211077561E12":168,"1.21112198E12":343,"1.211065823E12":28,"1.211063236E12":12,"1.211068143E12":49,"1.21106281E12":9,"1.211072867E12":98,"1.211083921E12":236,"1.211064075E12":20,"1.211075637E12":141,"1.211021103E12":7,"1.211143435E12":372,"1.211085965E12":241,"1.211070318E12":64,"1.21106367E12":18,"1.211099425E12":309,"1.211086711E12":248,"1.211081818E12":218,"1.211135834E12":363,"1.211080614E12":203,"1.211018404E12":1,"1.211076864E12":161,"1.211083768E12":234,"1.211093804E12":291,"1.211166939E12":378,"1.21106917E12":59,"1.211094993E12":294,"1.211077094E12":164,"1.211080026E12":194,"1.211072552E12":93,"1.211067348E12":43,"1.211072679E12":95,"1.211072264E12":88,"1.21109722E12":304,"1.211076056E12":150,"1.211074781E12":126,"1.211080421E12":200,"1.211077687E12":171,"1.211077102E12":165,"1.21107726E12":166,"1.211076645E12":157,"1.211022229E12":8,"1.211084476E12":239,"1.211088244E12":259,"1.211093374E12":289,"1.211086063E12":243,"1.211079888E12":192,"1.211070851E12":67,"1.211072806E12":97,"1.211233557E12":381,"1.211069075E12":56,"1.21111746E12":337,"1.211092842E12":283,"1.21107133E12":72,"1.211080839E12":208,"1.211079308E12":187,"1.211077699E12":172,"1.211071767E12":78,"1.211118658E12":340,"1.211082117E12":219,"1.21107454E12":120,"1.211111989E12":329,"1.211070496E12":66,"1.211086241E12":244,"1.211087755E12":257,"1.211075068E12":130,"1.211074907E12":129,"1.211068808E12":53,"1.211088537E12":261,"1.211144005E12":373,"1.211071011E12":69,"1.211092513E12":281,"1.211098546E12":308,"1.211075767E12":143,"1.21106913E12":57,"1.211070045E12":62,"1.211063833E12":19,"1.211077046E12":163,"1.211104954E12":322,"1.211516808E12":388,"1.211074291E12":116,"1.211108331E12":326,"1.21109218E12":280,"1.211076843E12":160,"1.211078032E12":173,"1.211067816E12":45,"1.211075525E12":137,"1.211087014E12":250,"1.211139815E12":366,"1.211134314E12":355,"1.211375682E12":387,"1.211063367E12":15,"1.211157392E12":376,"1.211073248E12":103,"1.211112928E12":331,"1.211098535E12":307,"1.211093001E12":284,"1.211098089E12":305,"1.211066997E12":41,"1.211133501E12":354,"1.211098467E12":306,"1.211062989E12":10,"1.211081585E12":215,"1.211020477E12":5,"1.211102579E12":316,"1.211068578E12":52,"1.211019706E12":4,"1.21108055E12":201,"1.211078997E12":182,"1.211090474E12":275,"1.211066393E12":35,"1.211081186E12":210,"1.211074221E12":114,"1.21107038E12":65,"1.211126446E12":349,"1.211134531E12":356,"1.211086875E12":249,"1.211075241E12":133,"1.211081038E12":209,"1.211076644E12":156,"1.211065882E12":29,"1.211068859E12":54,"1.211080719E12":205,"1.211090936E12":278,"1.211126171E12":348,"1.211078253E12":175,"1.211068025E12":47,"1.211078115E12":174,"1.211072274E12":89,"1.211080612E12":202,"1.211123912E12":345,"1.211066299E12":33,"1.211085976E12":242,"1.211134711E12":357,"1.211134915E12":358,"1.211063331E12":13,"1.211119969E12":341,"1.211090298E12":271,"1.211079128E12":186,"1.211071508E12":75,"1.211118403E12":339,"1.211103112E12":318,"1.211076967E12":162,"1.21112255E12":344,"1.211082691E12":225,"1.211072587E12":94,"1.211088704E12":263,"1.211063344E12":14,"1.211080706E12":204,"1.211075187E12":132,"1.211104888E12":321,"1.211087744E12":256,"1.21109372E12":290,"1.211076773E12":159,"1.211086298E12":246,"1.211081704E12":217,"1.211089226E12":268,"1.21108377E12":235,"1.211075968E12":148,"1.21111544E12":333,"1.211074219E12":113,"1.211095717E12":300,"1.21113521E12":359,"1.211081462E12":213,"1.211087103E12":251,"1.211103812E12":319,"1.21106836E12":51,"1.21106648E12":37,"1.211074853E12":128,"1.211082403E12":222,"1.211090419E12":273,"1.211072072E12":83,"1.211087806E12":258,"1.211079617E12":190,"1.211072768E12":96,"1.21116329E12":377,"1.211078831E12":179,"1.211073194E12":102,"1.211099632E12":311,"1.211075351E12":136,"1.211064612E12":24,"1.211072423E12":91,"1.211081263E12":211,"1.211075656E12":142,"1.211141041E12":368,"1.211073779E12":110,"1.211079029E12":184,"1.211089163E12":267,"1.211079095E12":185,"1.211137139E12":364,"1.211065677E12":25,"1.211248873E12":382,"1.211078429E12":176,"1.21106642E12":36,"1.211074446E12":117,"1.211125904E12":346,"1.211064277E12":23,"1.211120234E12":342,"1.211071785E12":79,"1.211073507E12":106,"1.211071473E12":74,"1.211082323E12":221,"1.211096212E12":301,"1.211082509E12":224,"1.21107215E12":86,"1.21108907E12":265,"1.211068026E12":48,"1.211073729E12":108,"1.211093041E12":285,"1.21109555E12":299,"1.211020679E12":6,"1.211083481E12":230,"1.21107116E12":70,"1.211094755E12":293,"1.211083164E12":228,"1.211071621E12":76,"1.211090726E12":277,"1.211095065E12":296,"1.211074712E12":123,"1.211100727E12":313,"1.211075907E12":147,"1.211069387E12":60,"1.211075903E12":146,"1.211086305E12":247,"1.211361797E12":386,"1.211075533E12":138,"1.211099461E12":310,"1.211081569E12":214,"1.211083074E12":226,"1.211090467E12":274,"1.211107875E12":324,"1.211206629E12":380,"1.211066857E12":39,"1.211064147E12":21,"1.211083151E12":227,"1.211072202E12":87,"1.211142788E12":370,"1.211074719E12":124,"1.211073158E12":101,"1.211065927E12":31,"1.211089015E12":264,"1.211118319E12":338,"1.211071435E12":73,"1.21108038E12":199,"1.211068313E12":50,"1.211089159E12":266,"1.211080172E12":196,"1.211117223E12":335,"1.211090363E12":272,"1.211062996E12":11,"1.21107349E12":105,"1.211089828E12":270,"1.2110659E12":30,"1.211072315E12":90,"1.211074482E12":118,"1.21107179E12":80,"1.21109317E12":287,"1.211093067E12":286,"1.211018891E12":2,"1.211071997E12":82,"1.211074722E12":125,"1.211073257E12":104,"1.21107464E12":122,"1.211072998E12":99,"1.211090545E12":276,"1.211115736E12":334,"1.211135697E12":362,"1.211063429E12":16,"1.211073654E12":107,"1.211072078E12":85,"1.21108247E12":223,"1.211083543E12":231,"1.211087266E12":254,"1.211076071E12":151,"1.211076089E12":153,"1.211104269E12":320,"1.211079869E12":191,"1.211075336E12":134,"1.211072535E12":92,"1.211089565E12":269,"1.211067811E12":44,"1.211132343E12":351,"1.211107717E12":323,"1.211076074E12":152,"1.21107673E12":158,"1.211074835E12":127,"1.21113312E12":353,"1.211071695E12":77,"1.211073914E12":112,"1.211066064E12":32,"1.211083394E12":229,"1.211066352E12":34,"1.211096544E12":302,"1.211075976E12":149,"1.211084185E12":237,"1.211066819E12":38,"1.211110777E12":327,"1.211075553E12":140,"1.211135395E12":360,"1.211074616E12":121,"1.211066976E12":40,"1.211075868E12":145,"1.211079591E12":189,"1.211144011E12":374,"1.211085672E12":240,"1.211140384E12":367,"1.211080173E12":197,"1.211077657E12":170,"1.21111144E12":328,"1.211102648E12":317,"1.211094E12":292,"1.211072077E12":84,"1.211077287E12":167,"1.211019305E12":3,"1.211135478E12":361,"1.211102274E12":315,"1.211087126E12":252,"1.211076122E12":155,"1.211100767E12":314,"1.211073735E12":109,"1.211074228E12":115,"1.211126092E12":347,"1.211070986E12":68,"1.211063439E12":17,"1.2110933E12":288,"1.211088672E12":262,"1.211071194E12":71,"1.211284644E12":384,"1.211087244E12":253,"1.211064181E12":22,"1.211073054E12":100,"1.211086257E12":245,"1.211077563E12":169,"1.211080778E12":206,"1.211142682E12":369,"1.21114313E12":371},"NUMBER_OF_PEOPLE":400,