{"propagationData":{"1.211172396E12":44,"1.211173554E12":47,"1.211087797E12":24,"1.211346376E12":68,"1.211135648E12":37,"1.211135174E12":36,"1.211093174E12":33,"1.211346185E12":67,"1.211065563E12":6,"1.211200326E12":62,"1.211087033E12":16,"1.211087305E12":18,"1.211086465E12":14,"1.211345957E12":66,"1.211181563E12":57,"1.21117373E12":49,"1.211346425E12":70,"1.211077486E12":9,"1.211087794E12":23,"1.211197055E12":61,"1.211067393E12":8,"1.211085678E12":12,"1.211092883E12":31,"1.211088305E12":28,"1.211138002E12":39,"1.211163452E12":42,"1.211087975E12":25,"1.21117256E12":46,"1.211087613E12":22,"1.211181124E12":54,"1.211343162E12":63,"1.211172115E12":43,"1.211059393E12":4,"1.211196976E12":60,"1.21115906E12":40,"1.211179302E12":51,"1.211135117E12":35,"1.211063385E12":5,"1.211093008E12":32,"1.211343227E12":64,"1.211087573E12":21,"1.211018404E12":1,"1.211181125E12":55,"1.211087182E12":17,"1.211172544E12":45,"1.211173709E12":48,"1.211196698E12":59,"1.211054438E12":3,"1.211027741E12":2,"1.211087512E12":20,"1.211176385E12":50,"1.211179485E12":52,"1.211087317E12":19,"1.211088254E12":27,"1.211086642E12":15,"1.211090232E12":29,"1.21134591E12":65,"1.211556708E12":71,"1.211179783E12":53,"1.21118114E12":56,"1.21108511E12":10,"1.211556763E12":72,"1.211189624E12":58,"1.211085901E12":13,"1.211085448E12":11,"1.211090293E12":30,"1.211135716E12":38,"1.211557384E12":73,"1.211066647E12":7,"1.211088053E12":26,"1.211163435E12":41,"1.211557632E12":74,"1.211346406E12":69},"NUMBER_OF_PEOPLE":400,"minTimeSeen":1.211018404E12,"maxTimeSeen":1.211558405E12,"NEIGHBORHOOD_RADIUS":20.0,"ENCOUNTER_CHANCE":0.05,"priority":1.0,"duration":540001.0,"minutesDuration":9000.016666666666,"hoursDuration":150.00027777777777,"daysDuration":6.250011574074073}
