{"propagationData":{"1.21106985E12":25,"1.211091244E12":64,"1.211303479E12":95,"1.211425623E12":105,"1.211425616E12":103,"1.211034399E12":2,"1.211182745E12":75,"1.211241111E12":81,"1.211089422E12":63,"1.211122321E12":67,"1.211069278E12":24,"1.211085129E12":49,"1.211070768E12":29,"1.211123084E12":69,"1.211443326E12":113,"1.211443811E12":118,"1.211073338E12":30,"1.211061994E12":10,"1.211085975E12":55,"1.21108039E12":46,"1.21125556E12":84,"1.211255929E12":90,"1.211302257E12":94,"1.211085549E12":52,"1.211406361E12":101,"1.211443472E12":116,"1.211068509E12":22,"1.21108931E12":60,"1.211061686E12":6,"1.211080301E12":43,"1.211123045E12":68,"1.211303791E12":96,"1.211255803E12":87,"1.211089409E12":62,"1.211427503E12":107,"1.211182896E12":76,"1.211241151E12":82,"1.21130225E12":93,"1.211080257E12":41,"1.211443817E12":119,"1.211067151E12":18,"1.211075987E12":32,"1.211067384E12":20,"1.211255797E12":86,"1.211182722E12":74,"1.211061914E12":9,"1.211076193E12":33,"1.211061431E12":4,"1.211080296E12":42,"1.211061333E12":3,"1.211089407E12":61,"1.211239311E12":79,"1.211064073E12":11,"1.211075986E12":31,"1.211123085E12":70,"1.211068501E12":21,"1.211069939E12":28,"1.211067127E12":17,"1.211427514E12":109,"1.211080059E12":40,"1.21108556E12":53,"1.211080007E12":39,"1.211239293E12":78,"1.211443881E12":121,"1.211443822E12":120,"1.211069914E12":27,"1.211061439E12":5,"1.211443464E12":115,"1.211086097E12":58,"1.211078417E12":36,"1.211086255E12":59,"1.211304088E12":97,"1.21125991E12":91,"1.211086027E12":57,"1.211443452E12":114,"1.211427862E12":111,"1.211156651E12":72,"1.211239182E12":77,"1.211304789E12":99,"1.211080325E12":45,"1.211156624E12":71,"1.211255089E12":83,"1.211304695E12":98,"1.211085726E12":54,"1.211079942E12":37,"1.211079973E12":38,"1.211064639E12":12,"1.211255767E12":85,"1.211428113E12":112,"1.211290822E12":92,"1.211078199E12":34,"1.211068756E12":23,"1.211427506E12":108,"1.211122317E12":66,"1.211067184E12":19,"1.211255848E12":89,"1.211018404E12":1,"1.211427517E12":110,"1.211065114E12":13,"1.211080402E12":47,"1.211405949E12":100,"1.21108503E12":48,"1.211255845E12":88,"1.211444375E12":122,"1.211061793E12":8,"1.211065119E12":14,"1.211078264E12":35,"1.211443577E12":117,"1.211157652E12":73,"1.211425633E12":106,"1.211066689E12":15,"1.211085529E12":50,"1.211091419E12":65,"1.211069905E12":26,"1.211425622E12":104,"1.211085994E12":56,"1.211406805E12":102,"1.211067113E12":16},"NUMBER_OF_PEOPLE":400,"minTimeSeen":1.211018404E12,"maxTimeSeen":1.211558405E12,"NEIGHBORHOOD_RADIUS":20.0,"ENCOUNTER_CHANCE":0.05,"priority":1.0,"duration":540001.0,"minutesDuration":9000.016666666666,"hoursDuration":150.00027777777777,"daysDuration":6.250011574074073}
