{"propagationData":{"1.211174877E12":87,"1.211330175E12":176,"1.211220326E12":156,"1.211202189E12":132,"1.211124123E12":24,"1.211133099E12":35,"1.211084235E12":7,"1.211142387E12":53,"1.21117524E12":94,"1.211084248E12":10,"1.211190522E12":115,"1.211136913E12":45,"1.211201834E12":128,"1.21121877E12":150,"1.211125013E12":25,"1.211102917E12":17,"1.211169104E12":66,"1.211169987E12":72,"1.211170288E12":73,"1.211076773E12":4,"1.211137006E12":46,"1.211181202E12":108,"1.211133279E12":39,"1.211253483E12":160,"1.211175145E12":92,"1.21113314E12":37,"1.211181232E12":110,"1.21120005E12":124,"1.21119382E12":117,"1.211133428E12":42,"1.211215582E12":137,"1.211180751E12":105,"1.21111667E12":21,"1.211331199E12":183,"1.211331155E12":181,"1.211129482E12":31,"1.211084223E12":5,"1.211190123E12":113,"1.211172228E12":83,"1.211180212E12":103,"1.211175204E12":93,"1.21132977E12":171,"1.21118129E12":111,"1.211136801E12":43,"1.211171728E12":76,"1.211215539E12":136,"1.211319128E12":169,"1.211171902E12":79,"1.211176425E12":100,"1.211175132E12":91,"1.211253608E12":163,"1.211194207E12":121,"1.211125183E12":26,"1.211253554E12":162,"1.211329996E12":173,"1.211191289E12":116,"1.211169129E12":67,"1.211194435E12":123,"1.211084242E12":8,"1.211142432E12":56,"1.211114533E12":19,"1.211175073E12":90,"1.211142612E12":59,"1.211143447E12":64,"1.211171995E12":81,"1.211175297E12":96,"1.211253412E12":158,"1.211193933E12":118,"1.211095284E12":12,"1.211142391E12":54,"1.211094787E12":11,"1.211142912E12":62,"1.211127712E12":29,"1.211190115E12":112,"1.211329045E12":170,"1.211084228E12":6,"1.211099259E12":13,"1.211142614E12":60,"1.211330642E12":180,"1.211218721E12":149,"1.211254453E12":167,"1.21118078E12":106,"1.211169204E12":69,"1.211122266E12":23,"1.211216368E12":142,"1.211129465E12":30,"1.211202197E12":133,"1.211169915E12":70,"1.211216356E12":141,"1.211194228E12":122,"1.211176023E12":99,"1.211137139E12":48,"1.211172234E12":84,"1.21121628E12":139,"1.211133298E12":41,"1.211213446E12":134,"1.211200191E12":126,"1.211075565E12":3,"1.21133016E12":175,"1.211102382E12":16,"1.211105159E12":18,"1.211099449E12":14,"1.211142408E12":55,"1.211216302E12":140,"1.211218876E12":153,"1.211121541E12":22,"1.211218828E12":152,"1.211084246E12":9,"1.211116115E12":20,"1.211218556E12":146,"1.211318978E12":168,"1.211181206E12":109,"1.211330091E12":174,"1.211141715E12":51,"1.211254053E12":164,"1.211220309E12":155,"1.211133191E12":38,"1.211171244E12":74,"1.211217277E12":145,"1.211180721E12":104,"1.211171893E12":77,"1.211253477E12":159,"1.211180841E12":107,"1.211171269E12":75,"1.211133071E12":33,"1.211127299E12":28,"1.211175715E12":97,"1.211202163E12":131,"1.211172249E12":85,"1.211142942E12":63,"1.211218887E12":154,"1.211253349E12":157,"1.211133086E12":34,"1.211100805E12":15,"1.211216103E12":138,"1.211254163E12":166,"1.211133293E12":40,"1.21133116E12":182,"1.211176434E12":101,"1.21116914E12":68,"1.211172011E12":82,"1.211218571E12":147,"1.211194086E12":120,"1.211130269E12":32,"1.211330445E12":179,"1.211218817E12":151,"1.211175753E12":98,"1.211174939E12":89,"1.211171906E12":80,"1.211201477E12":127,"1.211142899E12":61,"1.211329851E12":172,"1.211330296E12":178,"1.211216527E12":143,"1.211018404E12":1,"1.211137089E12":47,"1.211169975E12":71,"1.211141643E12":49,"1.21121861E12":148,"1.211201972E12":130,"1.211194043E12":119,"1.211125267E12":27,"1.211200108E12":125,"1.2111749E12":88,"1.21119021E12":114,"1.211141702E12":50,"1.211215519E12":135,"1.211254093E12":165,"1.211201931E12":129,"1.211176494E12":102,"1.211142511E12":57,"1.211174717E12":86,"1.21114261E12":58,"1.211020107E12":2,"1.211133129E12":36,"1.211330246E12":177,"1.211141723E12":52,"1.21117525E12":95,"1.211216541E12":144,"1.211136821E12":44,"1.211253491E12":161,"1.211164013E12":65},"NUMBER_OF_PEOPLE":400,"minTimeSeen":1.211018404E12,"maxTimeSeen":1.211558405E12,"NEIGHBORHOOD_RADIUS":20.0,"ENCOUNTER_CHANCE":0.05,"priority":1.0,"duration":540001.0,"minutesDuration":9000.016666666666,"hoursDuration":150.00027777777777,"daysDuration":6.250011574074073}
