{"propagationData":{"1.211042974E12":62,"1.21104205E12":54,"1.211053119E12":174,"1.211056391E12":198,"1.211138218E12":330,"1.211042277E12":58,"1.211046299E12":105,"1.211051673E12":165,"1.211133255E12":328,"1.211077897E12":280,"1.2110584E12":209,"1.211021248E12":23,"1.211510868E12":340,"1.211086366E12":299,"1.211055813E12":193,"1.211077981E12":281,"1.211050556E12":145,"1.2110645E12":244,"1.211044312E12":78,"1.211099028E12":309,"1.211051032E12":155,"1.211048303E12":130,"1.211085651E12":295,"1.211089189E12":308,"1.211052299E12":167,"1.211055346E12":190,"1.211021189E12":21,"1.211040608E12":39,"1.211118882E12":318,"1.211146003E12":335,"1.211046133E12":101,"1.211021837E12":31,"1.211059603E12":217,"1.211051094E12":156,"1.211020727E12":18,"1.211047007E12":116,"1.211047004E12":115,"1.211050881E12":151,"1.211049858E12":142,"1.211048653E12":132,"1.211081559E12":293,"1.211049856E12":141,"1.21105112E12":157,"1.211053632E12":184,"1.2110649E12":246,"1.211087207E12":304,"1.211061511E12":225,"1.211059989E12":220,"1.211055456E12":191,"1.211075366E12":276,"1.211043605E12":67,"1.211513435E12":348,"1.21107505E12":275,"1.21104167E12":45,"1.211045029E12":85,"1.211513373E12":347,"1.211141378E12":331,"1.211018704E12":15,"1.211046987E12":114,"1.211056202E12":194,"1.21106723E12":255,"1.211119255E12":320,"1.211052621E12":170,"1.211516853E12":352,"1.211135266E12":329,"1.211081255E12":289,"1.211048456E12":131,"1.211240332E12":338,"1.211046188E12":102,"1.211053093E12":173,"1.211081491E12":292,"1.21108137E12":290,"1.211046496E12":109,"1.211052406E12":168,"1.211056323E12":197,"1.211074685E12":273,"1.211150765E12":337,"1.21104427E12":77,"1.211073885E12":269,"1.211120291E12":324,"1.211054966E12":188,"1.211085843E12":297,"1.211043549E12":66,"1.211046763E12":111,"1.211052853E12":171,"1.211046972E12":112,"1.211063898E12":239,"1.2111201E12":322,"1.211145995E12":334,"1.211056226E12":195,"1.211041837E12":51,"1.211048171E12":128,"1.211078269E12":283,"1.211046323E12":107,"1.21111808E12":315,"1.211021331E12":24,"1.211048032E12":125,"1.211061162E12":222,"1.211056745E12":204,"1.211018493E12":9,"1.211053624E12":183,"1.211049199E12":137,"1.211053157E12":175,"1.21105674E12":202,"1.211086691E12":300,"1.211044576E12":80,"1.211133032E12":327,"1.211074953E12":274,"1.211071664E12":264,"1.211043488E12":65,"1.211042434E12":60,"1.211022138E12":32,"1.211046218E12":103,"1.211063656E12":236,"1.211086358E12":298,"1.211053633E12":185,"1.211042056E12":55,"1.211119287E12":321,"1.211119239E12":319,"1.211064469E12":242,"1.211077799E12":279,"1.211042099E12":56,"1.211045887E12":98,"1.211064154E12":240,"1.211045492E12":95,"1.211021683E12":27,"1.211018509E12":12,"1.211067805E12":258,"1.211061355E12":223,"1.211066273E12":251,"1.211053376E12":179,"1.211045795E12":97,"1.211062662E12":228,"1.211055345E12":189,"1.211043715E12":71,"1.211018486E12":8,"1.211050801E12":148,"1.211051507E12":160,"1.211043121E12":64,"1.211043686E12":68,"1.211078724E12":284,"1.211040874E12":40,"1.211043101E12":63,"1.211048169E12":127,"1.211018404E12":3,"1.211063316E12":229,"1.211045486E12":94,"1.21105144E12":158,"1.211063608E12":235,"1.211046239E12":104,"1.211018546E12":13,"1.211046975E12":113,"1.211042345E12":59,"1.21104378E12":73,"1.211050863E12":150,"1.211099049E12":311,"1.211047934E12":123,"1.211074175E12":270,"1.211077271E12":278,"1.2110572E12":207,"1.211050798E12":146,"1.21104866E12":133,"1.211066279E12":252,"1.211050535E12":144,"1.211051513E12":161,"1.211051569E12":164,"1.2111319E12":326,"1.211040101E12":37,"1.211041765E12":48,"1.211064192E12":241,"1.211117883E12":312,"1.211050806E12":149,"1.21104669E12":110,"1.211061403E12":224,"1.211078085E12":282,"1.211018587E12":14,"1.211066379E12":253,"1.211045296E12":91,"1.211141433E12":332,"1.21112024E12":323,"1.211018421E12":4,"1.211021835E12":30,"1.211051514E12":162,"1.211065953E12":248,"1.21104578E12":96,"1.21106698E12":254,"1.211072762E12":267,"1.211063346E12":231,"1.211046055E12":99,"1.211056734E12":201,"1.211059065E12":215,"1.211516699E12":349,"1.211058359E12":208,"1.211056744E12":203,"1.211018499E12":10,"1.211118063E12":314,"1.211058686E12":210,"1.211042101E12":57,"1.211063768E12":237,"1.211064481E12":243,"1.211044166E12":76,"1.211060103E12":221,"1.211058789E12":211,"1.211047522E12":118,"1.211043687E12":70,"1.211059117E12":216,"1.211080545E12":285,"1.211051443E12":159,"1.21108682E12":301,"1.21104509E12":86,"1.211041804E12":49,"1.211145349E12":333,"1.211049734E12":139,"1.211047175E12":117,"1.21108706E12":302,"1.211089167E12":307,"1.21105361E12":181,"1.211118644E12":317,"1.211063547E12":234,"1.211021123E12":19,"1.211022254E12":34,"1.211045199E12":88,"1.211040552E12":38,"1.211512779E12":346,"1.211052882E12":172,"1.211054853E12":187,"1.211071698E12":266,"1.211045125E12":87,"1.211047936E12":124,"1.211074495E12":272,"1.211055807E12":192,"1.211081457E12":291,"1.211063487E12":233,"1.211053277E12":176,"1.211058933E12":214,"1.211081211E12":287,"1.211044491E12":79,"1.211053623E12":182,"1.211071675E12":265,"1.211063322E12":230,"1.211041496E12":43,"1.211240386E12":339,"1.211041124E12":41,"1.211054831E12":186,"1.2110508E12":147,"1.211045276E12":90,"1.211050945E12":154,"1.211022217E12":33,"1.21106453E12":245,"1.211021144E12":20,"1.211511993E12":344,"1.211063384E12":232,"1.211087199E12":303,"1.211069032E12":262,"1.211046316E12":106,"1.211516838E12":350,"1.211085665E12":296,"1.211043791E12":74,"1.211043719E12":72,"1.21106592E12":247,"1.211063812E12":238,"1.211067934E12":260,"1.211048742E12":134,"1.211018432E12":6,"1.211047877E12":122,"1.211051727E12":166,"1.21104403E12":75,"1.211048858E12":135,"1.21108182E12":294,"1.211062156E12":227,"1.211051519E12":163,"1.211041931E12":52,"1.211067966E12":261,"1.211020604E12":16,"1.211018472E12":7,"1.211073722E12":268,"1.211080601E12":286,"1.211053369E12":178,"1.211131073E12":325,"1.211056757E12":205,"1.211042539E12":61,"1.211021235E12":22,"1.211118049E12":313,"1.211020663E12":17,"1.211056537E12":199,"1.211050941E12":153,"1.211048906E12":136,"1.211516852E12":351,"1.211021822E12":29,"1.211056232E12":196,"1.211075426E12":277,"1.211067677E12":257,"1.211059761E12":219,"1.211052534E12":169,"1.211045267E12":89,"1.211053395E12":180,"1.211099033E12":310,"1.211058804E12":212,"1.211048252E12":129,"1.211021744E12":28,"1.211044878E12":82,"1.211044838E12":81,"1.211040026E12":36,"1.211066189E12":250,"1.211050502E12":143,"1.211045014E12":84,"1.211053362E12":177,"1.211018504E12":11,"1.211048093E12":126,"1.21102164E12":26,"1.211045007E12":83,"1.211074255E12":271,"1.211059759E12":218,"1.211041673E12":46,"1.211041694E12":47,"1.211049838E12":140,"1.211087235E12":305,"1.211045322E12":92,"1.211046103E12":100,"1.211050918E12":152,"1.211056572E12":200,"1.211047706E12":119,"1.211021637E12":25,"1.211046474E12":108,"1.211047773E12":120,"1.211041653E12":44,"1.21151165E12":343,"1.211089151E12":306,"1.211041168E12":42,"1.21102261E12":35,"1.211057192E12":206,"1.211081251E12":288,"1.211047863E12":121,"1.211511071E12":342,"1.211066151E12":249,"1.211070317E12":263,"1.21115076E12":336,"1.211511E12":341,"1.211067929E12":259,"1.211058854E12":213,"1.211512548E12":345,"1.211041957E12":53,"1.211062113E12":226,"1.211049361E12":138,"1.211118098E12":316,"1.211045449E12":93},"NUMBER_OF_PEOPLE":400,"minTimeSeen":1.211018404E12,"maxTimeSeen":1.211558405E12,"NEIGHBORHOOD_RADIUS":20.0,"ENCOUNTER_CHANCE":0.05,"priority":1.0,"duration":540001.0,"minutesDuration":9000.016666666666,"hoursDuration":150.00027777777777,"daysDuration":6.250011574074073}
