{"propagationData":{"1.21101961E12":2,"1.21107082E12":100,"1.211049907E12":6,"1.211081701E12":159,"1.211079037E12":137,"1.2110978E12":218,"1.211076588E12":122,"1.211088599E12":198,"1.21108748E12":184,"1.211063874E12":74,"1.21106851E12":93,"1.211081704E12":160,"1.211477593E12":266,"1.211063834E12":73,"1.211050659E12":14,"1.211063743E12":69,"1.211055692E12":40,"1.211064433E12":81,"1.211194977E12":258,"1.211185322E12":251,"1.211077071E12":123,"1.211061245E12":62,"1.211050473E12":12,"1.211088176E12":190,"1.211064819E12":87,"1.21147761E12":267,"1.211178848E12":246,"1.211077334E12":128,"1.211054827E12":36,"1.21147703E12":265,"1.211164525E12":242,"1.211098565E12":226,"1.211077379E12":129,"1.211477684E12":271,"1.211063568E12":68,"1.211059989E12":52,"1.211476777E12":263,"1.211088952E12":199,"1.21108846E12":195,"1.211179511E12":248,"1.211060828E12":58,"1.211084942E12":172,"1.21122003E12":262,"1.21105029E12":8,"1.211068721E12":94,"1.211054475E12":29,"1.211063927E12":77,"1.211089338E12":200,"1.211060435E12":55,"1.211054485E12":30,"1.211084055E12":164,"1.211079132E12":140,"1.211069241E12":98,"1.21118092E12":249,"1.211060639E12":56,"1.211077729E12":135,"1.211056647E12":43,"1.211183963E12":250,"1.211097733E12":216,"1.211054282E12":28,"1.211084122E12":165,"1.21106553E12":92,"1.211079113E12":138,"1.211087493E12":186,"1.211073779E12":112,"1.211080195E12":148,"1.211081025E12":158,"1.211477639E12":268,"1.211101798E12":234,"1.211194856E12":257,"1.211098076E12":221,"1.211079377E12":141,"1.211053669E12":24,"1.21109913E12":232,"1.211053864E12":25,"1.211084746E12":169,"1.21111556E12":240,"1.211090608E12":207,"1.211051678E12":19,"1.211080105E12":145,"1.211093138E12":213,"1.21105473E12":34,"1.211080493E12":155,"1.211086171E12":176,"1.211077228E12":126,"1.211063979E12":78,"1.211074227E12":116,"1.211079527E12":143,"1.211050329E12":9,"1.211089991E12":204,"1.211053416E12":22,"1.21106012E12":54,"1.211080162E12":147,"1.21147767E12":270,"1.21107398E12":115,"1.211080393E12":152,"1.211087232E12":179,"1.211056848E12":45,"1.211056074E12":41,"1.211070888E12":101,"1.211087294E12":181,"1.211185812E12":252,"1.211071315E12":103,"1.211097652E12":215,"1.211090019E12":205,"1.211054844E12":38,"1.211102151E12":239,"1.211088527E12":196,"1.211065465E12":89,"1.211063911E12":76,"1.211054501E12":31,"1.211098607E12":227,"1.211084803E12":170,"1.211087482E12":185,"1.211098771E12":229,"1.21106345E12":67,"1.211054772E12":35,"1.211054922E12":39,"1.211090578E12":206,"1.211077115E12":124,"1.211098042E12":219,"1.211018404E12":1,"1.211119718E12":241,"1.21107397E12":114,"1.211079129E12":139,"1.211092946E12":210,"1.211092723E12":208,"1.211076519E12":121,"1.211050822E12":16,"1.211068829E12":95,"1.211098836E12":231,"1.211097325E12":214,"1.211191053E12":255,"1.211088175E12":189,"1.211098816E12":230,"1.211056827E12":44,"1.211102141E12":236,"1.211064888E12":88,"1.211077333E12":127,"1.211060761E12":57,"1.211065485E12":90,"1.211072046E12":108,"1.211054687E12":33,"1.211050806E12":15,"1.211074569E12":119,"1.211076465E12":120,"1.211088286E12":192,"1.211477647E12":269,"1.211059997E12":53,"1.211054602E12":32,"1.211064245E12":79,"1.211088244E12":191,"1.211059927E12":51,"1.211034192E12":3,"1.211086161E12":175,"1.211064636E12":86,"1.211064444E12":82,"1.211061267E12":63,"1.211080429E12":153,"1.211084206E12":166,"1.211098692E12":228,"1.211065504E12":91,"1.211061216E12":61,"1.211056998E12":46,"1.211080361E12":151,"1.211087297E12":182,"1.211073747E12":111,"1.211074233E12":117,"1.211072056E12":110,"1.211080159E12":146,"1.211064499E12":83,"1.211087144E12":177,"1.211071565E12":106,"1.211081779E12":163,"1.211098399E12":224,"1.211087283E12":180,"1.211089987E12":203,"1.211080099E12":144,"1.211084817E12":171,"1.211098294E12":223,"1.2110774E12":130,"1.21105165E12":18,"1.211052902E12":20,"1.21107451E12":118,"1.211203385E12":259,"1.211059895E12":49,"1.21108176E12":161,"1.211098068E12":220,"1.211088399E12":194,"1.211050517E12":13,"1.211050404E12":11,"1.211063762E12":70,"1.211063357E12":66,"1.211077761E12":136,"1.211218007E12":260,"1.211068858E12":96,"1.211164531E12":243,"1.211085685E12":173,"1.211077553E12":132,"1.211098111E12":222,"1.211084217E12":167,"1.211054834E12":37,"1.21108817E12":188,"1.21147678E12":264,"1.211099138E12":233,"1.211050384E12":10,"1.211081776E12":162,"1.211085852E12":174,"1.211101816E12":235,"1.211179359E12":247,"1.211089983E12":202,"1.211071583E12":107,"1.211054204E12":26,"1.211087185E12":178,"1.211088384E12":193,"1.211088546E12":197,"1.21107716E12":125,"1.211098511E12":225,"1.211062456E12":64,"1.211053489E12":23,"1.211077414E12":131,"1.211063877E12":75,"1.211071555E12":104,"1.211064536E12":84,"1.211064305E12":80,"1.211191125E12":256,"1.211186055E12":253,"1.211097749E12":217,"1.211051291E12":17,"1.211478099E12":273,"1.211087784E12":187,"1.21106463E12":85,"1.211054275E12":27,"1.21105714E12":47,"1.21117304E12":244,"1.211079502E12":142,"1.211087302E12":183,"1.211069236E12":97,"1.211063825E12":72,"1.211050157E12":7,"1.211038464E12":4,"1.211063824E12":71,"1.211053351E12":21,"1.211070964E12":102,"1.2110803E12":149,"1.211080479E12":154,"1.211218303E12":261,"1.211102147E12":238,"1.211061202E12":60,"1.211186126E12":254,"1.211070146E12":99,"1.211178822E12":245,"1.211062617E12":65,"1.211092908E12":209,"1.211084715E12":168,"1.211060894E12":59,"1.21108944E12":201,"1.211080664E12":156,"1.211071563E12":105,"1.211092961E12":212,"1.211056614E12":42,"1.211059882E12":48,"1.211478006E12":272,"1.211080341E12":150,"1.211077577E12":134,"1.211077563E12":133,"1.211080778E12":157,"1.211049628E12":5,"1.211072049E12":109},"NUMBER_OF_PEOPLE":400,"minTimeSeen":1.211018404E12,"maxTimeSeen":1.211558405E12,"NEIGHBORHOOD_RADIUS":20.0,"ENCOUNTER_CHANCE":0.05,"priority":1.0,"duration":540001.0,"minutesDuration":9000.016666666666,"hoursDuration":150.00027777777777,"daysDuration":6.250011574074073}
