{"propagationData":{"1.211038793E12":20,"1.211079647E12":285,"1.211047536E12":99,"1.211043701E12":52,"1.211061741E12":224,"1.211047559E12":100,"1.211050532E12":132,"1.211079463E12":283,"1.211045498E12":80,"1.211045337E12":77,"1.211062905E12":231,"1.211070454E12":259,"1.21104521E12":74,"1.211044303E12":61,"1.211043916E12":55,"1.211044865E12":71,"1.211085123E12":292,"1.211060178E12":211,"1.211052966E12":155,"1.21106426E12":238,"1.211062603E12":230,"1.211051114E12":140,"1.211056215E12":174,"1.211044976E12":73,"1.211052646E12":152,"1.211061071E12":218,"1.211032581E12":10,"1.21104493E12":72,"1.211060805E12":214,"1.21103817E12":13,"1.211076058E12":267,"1.211050302E12":125,"1.211056837E12":181,"1.211063002E12":232,"1.211047897E12":104,"1.211043577E12":51,"1.211045297E12":75,"1.211076088E12":268,"1.211057958E12":187,"1.211045865E12":83,"1.211049652E12":115,"1.211056382E12":177,"1.211057881E12":186,"1.21104885E12":110,"1.211047799E12":103,"1.211056603E12":180,"1.211040007E12":33,"1.211076371E12":270,"1.211060849E12":215,"1.211053193E12":159,"1.211059763E12":199,"1.21105692E12":183,"1.211078961E12":282,"1.211059816E12":201,"1.211019462E12":4,"1.211038621E12":17,"1.211082094E12":291,"1.21106226E12":227,"1.211044746E12":68,"1.211044037E12":58,"1.211050616E12":134,"1.211076349E12":269,"1.211061136E12":220,"1.211050776E12":136,"1.211064334E12":240,"1.211052226E12":148,"1.211078244E12":280,"1.211067775E12":249,"1.211020108E12":7,"1.211070023E12":257,"1.211049969E12":118,"1.21101986E12":6,"1.211061684E12":223,"1.211040857E12":38,"1.211041052E12":40,"1.211078842E12":281,"1.211055853E12":170,"1.21104693E12":94,"1.211059798E12":200,"1.2110461E12":85,"1.211063303E12":234,"1.211055432E12":162,"1.211063707E12":235,"1.211046119E12":86,"1.211061162E12":221,"1.211053066E12":156,"1.21104575E12":81,"1.211039354E12":28,"1.211043082E12":47,"1.211052295E12":149,"1.211056946E12":184,"1.211058027E12":189,"1.211046664E12":93,"1.211049851E12":117,"1.211055422E12":161,"1.211055949E12":171,"1.211059119E12":195,"1.211044336E12":62,"1.211055688E12":166,"1.21108775E12":295,"1.211038684E12":19,"1.211078167E12":278,"1.21103491E12":11,"1.211050403E12":128,"1.211044725E12":67,"1.211040517E12":34,"1.2110648E12":241,"1.211038654E12":18,"1.211044651E12":65,"1.211042351E12":46,"1.211066637E12":245,"1.211039259E12":27,"1.211039391E12":29,"1.211050251E12":123,"1.211047126E12":95,"1.211073374E12":261,"1.211076387E12":271,"1.211042147E12":44,"1.211058145E12":190,"1.211051368E12":142,"1.211018404E12":1,"1.211041011E12":39,"1.211059334E12":197,"1.211041643E12":43,"1.211069993E12":256,"1.211053154E12":158,"1.211038974E12":22,"1.211039602E12":31,"1.211078241E12":279,"1.211064272E12":239,"1.211061551E12":222,"1.211047582E12":102,"1.211067747E12":248,"1.211056568E12":179,"1.211044391E12":64,"1.21104378E12":54,"1.211038185E12":14,"1.21104E12":32,"1.211039077E12":24,"1.211050699E12":135,"1.211051518E12":145,"1.211050129E12":120,"1.211058593E12":194,"1.211045431E12":79,"1.211043541E12":50,"1.211081682E12":289,"1.211045403E12":78,"1.211048229E12":105,"1.211068449E12":251,"1.211062274E12":228,"1.211080478E12":288,"1.211060006E12":204,"1.211076739E12":273,"1.211062129E12":226,"1.211067947E12":250,"1.211047422E12":98,"1.211058217E12":192,"1.211095487E12":297,"1.211060087E12":207,"1.211064203E12":237,"1.211041462E12":42,"1.211047283E12":97,"1.211060959E12":217,"1.211050514E12":131,"1.211076792E12":274,"1.211063132E12":233,"1.211050398E12":127,"1.211044776E12":69,"1.211043988E12":57,"1.211040822E12":37,"1.211049609E12":114,"1.211018997E12":2,"1.211056179E12":173,"1.211060915E12":216,"1.211051471E12":144,"1.211060175E12":210,"1.211059697E12":198,"1.211064887E12":242,"1.211039146E12":25,"1.211068486E12":252,"1.211041288E12":41,"1.211051193E12":141,"1.21107642E12":272,"1.211064925E12":244,"1.21105143E12":143,"1.21105277E12":153,"1.211043437E12":49,"1.211069543E12":255,"1.211019854E12":5,"1.211040535E12":35,"1.211032435E12":9,"1.211061092E12":219,"1.211073682E12":262,"1.21104398E12":56,"1.211059992E12":203,"1.211046511E12":89,"1.211046415E12":88,"1.211056301E12":176,"1.211075909E12":266,"1.211048745E12":109,"1.21104609E12":84,"1.211049265E12":112,"1.211053635E12":160,"1.211050927E12":138,"1.211060752E12":213,"1.211055437E12":163,"1.211048402E12":108,"1.211043726E12":53,"1.211055639E12":165,"1.211049503E12":113,"1.211071988E12":260,"1.211050585E12":133,"1.211048388E12":107,"1.211079605E12":284,"1.211068731E12":253,"1.211053096E12":157,"1.211079653E12":286,"1.211076806E12":276,"1.211060117E12":208,"1.211057987E12":188,"1.21106005E12":205,"1.211049015E12":111,"1.211087704E12":293,"1.211039575E12":30,"1.21105561E12":164,"1.211073686E12":263,"1.211044655E12":66,"1.211038305E12":15,"1.21107589E12":265,"1.211042184E12":45,"1.21106766E12":246,"1.211039069E12":23,"1.211055805E12":169,"1.211045315E12":76,"1.211050301E12":124,"1.211051001E12":139,"1.211050326E12":126,"1.211060053E12":206,"1.211056126E12":172,"1.21109548E12":296,"1.211038165E12":12,"1.21101905E12":3,"1.211056257E12":175,"1.211046612E12":91,"1.211055716E12":167,"1.211062566E12":229,"1.211044248E12":59,"1.211052341E12":150,"1.21104059E12":36,"1.21107712E12":277,"1.211046154E12":87,"1.211052374E12":151,"1.211038916E12":21,"1.211051586E12":147,"1.211050456E12":130,"1.211062073E12":225,"1.211056841E12":182,"1.211068738E12":254,"1.211070445E12":258,"1.211050926E12":137,"1.211051559E12":146,"1.211060431E12":212,"1.211046635E12":92,"1.211048376E12":106,"1.211044824E12":70,"1.211050053E12":119,"1.211038571E12":16,"1.211039173E12":26,"1.211049816E12":116,"1.211067695E12":247,"1.211095491E12":298,"1.211046607E12":90,"1.211052846E12":154,"1.211074044E12":264,"1.211044301E12":60,"1.211059951E12":202,"1.211050217E12":121,"1.211087726E12":294,"1.211079903E12":287,"1.211055737E12":168,"1.211060145E12":209,"1.211043115E12":48,"1.211058283E12":193,"1.21105641E12":178,"1.211064899E12":243,"1.211059333E12":196,"1.211044369E12":63,"1.211063792E12":236,"1.211045837E12":82,"1.211021847E12":8,"1.211050222E12":122,"1.211057403E12":185,"1.211082035E12":290,"1.21104725E12":96},"NUMBER_OF_PEOPLE":400,"minTimeSeen":1.211018404E12,"maxTimeSeen":1.211558405E12,"NEIGHBORHOOD_RADIUS":20.0,"ENCOUNTER_CHANCE":0.05,"priority":1.0,"duration":540001.0,"minutesDuration":9000.016666666666,"hoursDuration":150.00027777777777,"daysDuration":6.250011574074073}
