{"propagationData":{"1.211063725E12":193,"1.211085174E12":252,"1.211087301E12":258,"1.21105914E12":173,"1.211085086E12":248,"1.211044051E12":58,"1.211047108E12":79,"1.211037641E12":13,"1.211056659E12":156,"1.211040411E12":36,"1.211041796E12":44,"1.211051841E12":112,"1.211020262E12":5,"1.211037626E12":11,"1.211056604E12":153,"1.211050556E12":106,"1.21106154E12":179,"1.211063712E12":190,"1.211052272E12":117,"1.211054404E12":139,"1.211047138E12":80,"1.211125662E12":284,"1.211090615E12":264,"1.21104794E12":90,"1.211043868E12":56,"1.211018507E12":3,"1.21105947E12":176,"1.211048387E12":92,"1.211067295E12":211,"1.211039248E12":26,"1.211076636E12":234,"1.211047436E12":81,"1.211050445E12":104,"1.211085312E12":253,"1.211047052E12":78,"1.211045306E12":72,"1.211037682E12":16,"1.211044568E12":68,"1.211075739E12":230,"1.211044397E12":67,"1.211057306E12":160,"1.211053336E12":128,"1.211037638E12":12,"1.211053406E12":130,"1.211055669E12":150,"1.211067496E12":213,"1.211038124E12":20,"1.211052244E12":116,"1.211401733E12":287,"1.211067132E12":208,"1.21105938E12":175,"1.211052788E12":124,"1.211053193E12":125,"1.211044354E12":63,"1.211084959E12":246,"1.211057524E12":164,"1.21103796E12":18,"1.211047531E12":83,"1.211096035E12":268,"1.211052649E12":122,"1.211067199E12":209,"1.211053629E12":131,"1.211018474E12":2,"1.211079029E12":237,"1.211052226E12":114,"1.211054787E12":141,"1.211056587E12":152,"1.211072022E12":223,"1.211084911E12":244,"1.211071638E12":221,"1.211049131E12":100,"1.211084906E12":243,"1.211090448E12":263,"1.211064708E12":198,"1.211124769E12":276,"1.211090372E12":262,"1.211020463E12":8,"1.211085111E12":249,"1.211078943E12":236,"1.211057316E12":161,"1.21108517E12":251,"1.211047739E12":87,"1.211061873E12":182,"1.211041473E12":42,"1.211044815E12":70,"1.211043168E12":49,"1.211039505E12":29,"1.211091073E12":267,"1.211059545E12":177,"1.211054616E12":140,"1.211065576E12":200,"1.211053633E12":132,"1.211054873E12":144,"1.211125644E12":283,"1.211065895E12":205,"1.211057498E12":163,"1.211075891E12":231,"1.211041212E12":41,"1.211057699E12":169,"1.211120397E12":274,"1.211047489E12":82,"1.21106239E12":188,"1.211047001E12":77,"1.211043528E12":53,"1.211041828E12":45,"1.211054226E12":135,"1.211124963E12":278,"1.211038055E12":19,"1.211057463E12":162,"1.211073634E12":224,"1.21104534E12":73,"1.211059157E12":174,"1.211044321E12":61,"1.211124968E12":279,"1.211080532E12":239,"1.211085167E12":250,"1.211048565E12":96,"1.211018404E12":1,"1.211069866E12":219,"1.21105764E12":168,"1.211047728E12":86,"1.211049125E12":99,"1.211054882E12":145,"1.211061551E12":180,"1.211039555E12":30,"1.211039614E12":32,"1.211053398E12":129,"1.211043491E12":51,"1.211057558E12":165,"1.211055271E12":148,"1.21106467E12":197,"1.211046986E12":76,"1.211087112E12":256,"1.211054307E12":136,"1.211124981E12":280,"1.21106414E12":194,"1.211050917E12":108,"1.21109099E12":266,"1.211067118E12":207,"1.211044386E12":66,"1.211043521E12":52,"1.211053645E12":133,"1.211049106E12":97,"1.211061956E12":185,"1.211053199E12":126,"1.211044905E12":71,"1.211040532E12":38,"1.211056333E12":151,"1.211054792E12":142,"1.211040302E12":35,"1.211089728E12":260,"1.211037568E12":10,"1.211042923E12":48,"1.211038148E12":21,"1.211065591E12":201,"1.211067284E12":210,"1.211040685E12":40,"1.211054387E12":138,"1.211050458E12":105,"1.211054326E12":137,"1.211043576E12":55,"1.211061879E12":184,"1.211125592E12":282,"1.211085048E12":247,"1.211052627E12":120,"1.2110478E12":88,"1.211044709E12":69,"1.211080802E12":240,"1.211048395E12":93,"1.211050398E12":101,"1.211086127E12":255,"1.211057721E12":170,"1.211051624E12":110,"1.211075518E12":229,"1.211052463E12":119,"1.21104408E12":60,"1.211037665E12":15,"1.211050442E12":103,"1.211064781E12":199,"1.211018987E12":4,"1.211040669E12":39,"1.21108717E12":257,"1.211401758E12":288,"1.211065594E12":202,"1.211039178E12":25,"1.211039448E12":28,"1.211044371E12":65,"1.211084958E12":245,"1.211040073E12":34,"1.211064143E12":195,"1.211048239E12":91,"1.211096418E12":271,"1.2110523E12":118,"1.211063718E12":191,"1.211051816E12":111,"1.211044062E12":59,"1.211059571E12":178,"1.211096569E12":272,"1.211065619E12":204,"1.211056628E12":155,"1.211056988E12":157,"1.211077155E12":235,"1.211068958E12":216,"1.211042674E12":47,"1.21104793E12":89,"1.211052086E12":113,"1.211043428E12":50,"1.211075233E12":226,"1.211050407E12":102,"1.211061875E12":183,"1.211063703E12":189,"1.211062124E12":187,"1.211125663E12":285,"1.211047679E12":84,"1.211039677E12":33,"1.211055567E12":149,"1.211042359E12":46,"1.211096416E12":270,"1.211067402E12":212,"1.211052756E12":123,"1.2110467E12":74,"1.211401963E12":289,"1.211038532E12":22,"1.211037783E12":17,"1.211052234E12":115,"1.211069767E12":218,"1.211037664E12":14,"1.211080806E12":241,"1.211085768E12":254,"1.21106655E12":206,"1.21112476E12":275,"1.211087305E12":259,"1.211040525E12":37,"1.211054863E12":143,"1.211051367E12":109,"1.211053331E12":127,"1.211075235E12":227,"1.211020458E12":7,"1.211044358E12":64,"1.211048524E12":94,"1.211075027E12":225,"1.211068276E12":215,"1.211076027E12":232,"1.21103958E12":31,"1.211069415E12":217,"1.211059122E12":172,"1.211069981E12":220,"1.211062111E12":186,"1.211107428E12":273,"1.211049124E12":98,"1.211080474E12":238,"1.21104769E12":85,"1.211033653E12":9,"1.211061609E12":181,"1.211125017E12":281,"1.211038541E12":23,"1.211056627E12":154,"1.211058757E12":171,"1.211048548E12":95,"1.21102028E12":6,"1.211057635E12":167,"1.211038595E12":24,"1.211043536E12":54,"1.211044339E12":62,"1.211046737E12":75,"1.211050558E12":107,"1.211124881E12":277,"1.211041758E12":43,"1.211043979E12":57,"1.211089735E12":261,"1.21105365E12":134,"1.211064659E12":196,"1.211052638E12":121,"1.211057562E12":166,"1.21103939E12":27,"1.211068265E12":214,"1.211057082E12":159,"1.211075257E12":228,"1.211090843E12":265,"1.211084322E12":242,"1.211057046E12":158,"1.211071735E12":222,"1.211076416E12":233,"1.211065601E12":203,"1.211127219E12":286,"1.211055215E12":146,"1.211063724E12":192},"NUMBER_OF_PEOPLE":400,"minTimeSeen":1.211018404E12,"maxTimeSeen":1.211558405E12,"NEIGHBORHOOD_RADIUS":20.0,"ENCOUNTER_CHANCE":0.05,"priority":1.0,"duration":540001.0,"minutesDuration":9000.016666666666,"hoursDuration":150.00027777777777,"daysDuration":6.250011574074073}
